run.deck overflow: 104 cards exceeds cap 96
  seed=None act_index=2 total_floor=33
  [  0] strike +0 cost=1 affliction=None enchantment=None in_vocab=True
  [  1] strike +0 cost=1 affliction=None enchantment=None in_vocab=True
  [  2] strike +0 cost=1 affliction=None enchantment=None in_vocab=True
  [  3] defend +1 cost=1 affliction=None enchantment=None in_vocab=True
  [  4] defend +1 cost=1 affliction=None enchantment=None in_vocab=True
  [  5] defend +0 cost=1 affliction=None enchantment=None in_vocab=True
  [  6] defend +0 cost=1 affliction=None enchantment=None in_vocab=True
  [  7] bash +0 cost=2 affliction=None enchantment=None in_vocab=True
  [  8] ascenders_bane +0 cost=-1 affliction=None enchantment=None in_vocab=True
  [  9] anger +0 cost=0 affliction=None enchantment=None in_vocab=True
  [ 10] fight_me +0 cost=2 affliction=None enchantment=None in_vocab=True
  [ 11] anger +0 cost=0 affliction=None enchantment=None in_vocab=True
  [ 12] pommel_strike +0 cost=1 affliction=None enchantment=None in_vocab=True
  [ 13] bully +0 cost=0 affliction=None enchantment=None in_vocab=True
  [ 14] setup_strike +0 cost=1 affliction=None enchantment=None in_vocab=True
  [ 15] pommel_strike +0 cost=1 affliction=None enchantment=None in_vocab=True
  [ 16] mangle +0 cost=3 affliction=None enchantment=None in_vocab=True
  [ 17] inferno +0 cost=1 affliction=None enchantment=None in_vocab=True
  [ 18] uppercut +0 cost=2 affliction=None enchantment=None in_vocab=True
  [ 19] ultimate_strike +0 cost=1 affliction=None enchantment=None in_vocab=True
  [ 20] rage +0 cost=0 affliction=None enchantment=None in_vocab=True
  [ 21] fight_me +0 cost=2 affliction=None enchantment=None in_vocab=True
  [ 22] bully +0 cost=0 affliction=None enchantment=None in_vocab=True
  [ 23] bully +0 cost=0 affliction=None enchantment=None in_vocab=True
  [ 24] spite +0 cost=0 affliction=None enchantment=None in_vocab=True
  [ 25] spite +0 cost=0 affliction=None enchantment=None in_vocab=True
  [ 26] taunt +0 cost=1 affliction=None enchantment=None in_vocab=True
  [ 27] taunt +0 cost=1 affliction=None enchantment=None in_vocab=True
  [ 28] whirlwind +1 cost=0 affliction=None enchantment=None in_vocab=True
  [ 29] whirlwind +1 cost=0 affliction=None enchantment=None in_vocab=True
  [ 30] primal_force +0 cost=0 affliction=None enchantment=None in_vocab=True
  [ 31] primal_force +0 cost=0 affliction=None enchantment=None in_vocab=True
  [ 32] bully +1 cost=0 affliction=None enchantment=None in_vocab=True
  [ 33] bully +1 cost=0 affliction=None enchantment=None in_vocab=True
  [ 34] strike +0 cost=1 affliction=None enchantment=None in_vocab=True
  [ 35] strike +0 cost=1 affliction=None enchantment=None in_vocab=True
  [ 36] strike +0 cost=1 affliction=None enchantment=None in_vocab=True
  [ 37] strike +0 cost=1 affliction=None enchantment=None in_vocab=True
  [ 38] strike +0 cost=1 affliction=None enchantment=None in_vocab=True
  [ 39] strike +0 cost=1 affliction=None enchantment=None in_vocab=True
  [ 40] defend +1 cost=1 affliction=None enchantment=None in_vocab=True
  [ 41] defend +1 cost=1 affliction=None enchantment=None in_vocab=True
  [ 42] defend +1 cost=1 affliction=None enchantment=None in_vocab=True
  [ 43] defend +1 cost=1 affliction=None enchantment=None in_vocab=True
  [ 44] defend +0 cost=1 affliction=None enchantment=None in_vocab=True
  [ 45] defend +0 cost=1 affliction=None enchantment=None in_vocab=True
  [ 46] defend +0 cost=1 affliction=None enchantment=None in_vocab=True
  [ 47] defend +0 cost=1 affliction=None enchantment=None in_vocab=True
  [ 48] bash +0 cost=2 affliction=None enchantment=None in_vocab=True
  [ 49] bash +0 cost=2 affliction=None enchantment=None in_vocab=True
  [ 50] ascenders_bane +0 cost=-1 affliction=None enchantment=None in_vocab=True
  [ 51] ascenders_bane +0 cost=-1 affliction=None enchantment=None in_vocab=True
  [ 52] anger +0 cost=0 affliction=None enchantment=None in_vocab=True
  [ 53] anger +0 cost=0 affliction=None enchantment=None in_vocab=True
  [ 54] fight_me +0 cost=2 affliction=None enchantment=None in_vocab=True
  [ 55] fight_me +0 cost=2 affliction=None enchantment=None in_vocab=True
  [ 56] anger +0 cost=0 affliction=None enchantment=None in_vocab=True
  [ 57] anger +0 cost=0 affliction=None enchantment=None in_vocab=True
  [ 58] pommel_strike +0 cost=1 affliction=None enchantment=None in_vocab=True
  [ 59] pommel_strike +0 cost=1 affliction=None enchantment=None in_vocab=True
  [ 60] bully +0 cost=0 affliction=None enchantment=None in_vocab=True
  [ 61] bully +0 cost=0 affliction=None enchantment=None in_vocab=True
  [ 62] setup_strike +0 cost=1 affliction=None enchantment=None in_vocab=True
  [ 63] setup_strike +0 cost=1 affliction=None enchantment=None in_vocab=True
  [ 64] pommel_strike +0 cost=1 affliction=None enchantment=None in_vocab=True
  [ 65] pommel_strike +0 cost=1 affliction=None enchantment=None in_vocab=True
  [ 66] mangle +0 cost=3 affliction=None enchantment=None in_vocab=True
  [ 67] mangle +0 cost=3 affliction=None enchantment=None in_vocab=True
  [ 68] inferno +0 cost=1 affliction=None enchantment=None in_vocab=True
  [ 69] inferno +0 cost=1 affliction=None enchantment=None in_vocab=True
  [ 70] uppercut +0 cost=2 affliction=None enchantment=None in_vocab=True
  [ 71] uppercut +0 cost=2 affliction=None enchantment=None in_vocab=True
  [ 72] ultimate_strike +0 cost=1 affliction=None enchantment=None in_vocab=True
  [ 73] ultimate_strike +0 cost=1 affliction=None enchantment=None in_vocab=True
  [ 74] rage +0 cost=0 affliction=None enchantment=None in_vocab=True
  [ 75] rage +0 cost=0 affliction=None enchantment=None in_vocab=True
  [ 76] fight_me +0 cost=2 affliction=None enchantment=None in_vocab=True
  [ 77] fight_me +0 cost=2 affliction=None enchantment=None in_vocab=True
  [ 78] bully +0 cost=0 affliction=None enchantment=None in_vocab=True
  [ 79] bully +0 cost=0 affliction=None enchantment=None in_vocab=True
  [ 80] bully +0 cost=0 affliction=None enchantment=None in_vocab=True
  [ 81] bully +0 cost=0 affliction=None enchantment=None in_vocab=True
  [ 82] spite +0 cost=0 affliction=None enchantment=None in_vocab=True
  [ 83] spite +0 cost=0 affliction=None enchantment=None in_vocab=True
  [ 84] spite +0 cost=0 affliction=None enchantment=None in_vocab=True
  [ 85] spite +0 cost=0 affliction=None enchantment=None in_vocab=True
  [ 86] taunt +0 cost=1 affliction=None enchantment=None in_vocab=True
  [ 87] taunt +0 cost=1 affliction=None enchantment=None in_vocab=True
  [ 88] taunt +0 cost=1 affliction=None enchantment=None in_vocab=True
  [ 89] taunt +0 cost=1 affliction=None enchantment=None in_vocab=True
  [ 90] whirlwind +1 cost=0 affliction=None enchantment=None in_vocab=True
  [ 91] whirlwind +1 cost=0 affliction=None enchantment=None in_vocab=True
  [ 92] whirlwind +1 cost=0 affliction=None enchantment=None in_vocab=True
  [ 93] whirlwind +1 cost=0 affliction=None enchantment=None in_vocab=True
  [ 94] primal_force +0 cost=0 affliction=None enchantment=None in_vocab=True
  [ 95] primal_force +0 cost=0 affliction=None enchantment=None in_vocab=True
  [ 96] primal_force +0 cost=0 affliction=None enchantment=None in_vocab=True
  [ 97] primal_force +0 cost=0 affliction=None enchantment=None in_vocab=True
  [ 98] bully +1 cost=0 affliction=None enchantment=None in_vocab=True
  [ 99] bully +1 cost=0 affliction=None enchantment=None in_vocab=True
  [100] bully +1 cost=0 affliction=None enchantment=None in_vocab=True
  [101] bully +1 cost=0 affliction=None enchantment=None in_vocab=True
  [102] bad_luck +0 cost=-1 affliction=None enchantment=None in_vocab=True
  [103] bad_luck +0 cost=-1 affliction=None enchantment=None in_vocab=True
  counts: angerx6, ascenders_banex3, bad_luckx2, bashx3, bullyx15, defendx12, fight_mex6, infernox3, manglex3, pommel_strikex6, primal_forcex6, ragex3, setup_strikex3, spitex6, strikex9, tauntx6, ultimate_strikex3, uppercutx3, whirlwindx6
run.deck overflow: 122 cards exceeds cap 96
  seed=None act_index=2 total_floor=34
  [  0] strike +0 cost=1 affliction=None enchantment=None in_vocab=True
  [  1] strike +0 cost=1 affliction=None enchantment=None in_vocab=True
  [  2] strike +0 cost=1 affliction=None enchantment=None in_vocab=True
  [  3] strike +0 cost=1 affliction=None enchantment=None in_vocab=True
  [  4] strike +0 cost=1 affliction=None enchantment=None in_vocab=True
  [  5] defend +0 cost=1 affliction=None enchantment=None in_vocab=True
  [  6] defend +0 cost=1 affliction=None enchantment=None in_vocab=True
  [  7] defend +0 cost=1 affliction=None enchantment=None in_vocab=True
  [  8] defend +0 cost=1 affliction=None enchantment=None in_vocab=True
  [  9] bash +0 cost=2 affliction=None enchantment=None in_vocab=True
  [ 10] ascenders_bane +0 cost=-1 affliction=None enchantment=None in_vocab=True
  [ 11] body_slam +0 cost=1 affliction=None enchantment=None in_vocab=True
  [ 12] pommel_strike +0 cost=1 affliction=None enchantment=None in_vocab=True
  [ 13] stomp +0 cost=3 affliction=None enchantment=None in_vocab=True
  [ 14] thunderclap +0 cost=1 affliction=None enchantment=None in_vocab=True
  [ 15] perfected_strike +0 cost=2 affliction=None enchantment=None in_vocab=True
  [ 16] twin_strike +0 cost=1 affliction=None enchantment='swift' in_vocab=True
  [ 17] anger +0 cost=0 affliction=None enchantment='swift' in_vocab=True
  [ 18] shrug_it_off +0 cost=1 affliction=None enchantment=None in_vocab=True
  [ 19] twin_strike +0 cost=1 affliction=None enchantment=None in_vocab=True
  [ 20] taunt +1 cost=1 affliction=None enchantment=None in_vocab=True
  [ 21] dominate +1 cost=1 affliction=None enchantment=None in_vocab=True
  [ 22] crimson_mantle +0 cost=1 affliction=None enchantment=None in_vocab=True
  [ 23] twin_strike +0 cost=1 affliction=None enchantment=None in_vocab=True
  [ 24] twin_strike +0 cost=1 affliction=None enchantment=None in_vocab=True
  [ 25] iron_wave +1 cost=1 affliction=None enchantment=None in_vocab=True
  [ 26] molten_fist +0 cost=1 affliction=None enchantment=None in_vocab=True
  [ 27] thunderclap +0 cost=1 affliction=None enchantment=None in_vocab=True
  [ 28] clumsy +0 cost=-1 affliction=None enchantment=None in_vocab=True
  [ 29] clumsy +0 cost=-1 affliction=None enchantment=None in_vocab=True
  [ 30] spite +0 cost=0 affliction=None enchantment=None in_vocab=True
  [ 31] spite +0 cost=0 affliction=None enchantment=None in_vocab=True
  [ 32] anger +1 cost=0 affliction=None enchantment=None in_vocab=True
  [ 33] anger +1 cost=0 affliction=None enchantment=None in_vocab=True
  [ 34] perfected_strike +0 cost=2 affliction=None enchantment=None in_vocab=True
  [ 35] perfected_strike +0 cost=2 affliction=None enchantment=None in_vocab=True
  [ 36] exterminate +0 cost=1 affliction=None enchantment=None in_vocab=True
  [ 37] exterminate +0 cost=1 affliction=None enchantment='swift' in_vocab=True
  [ 38] bludgeon +1 cost=3 affliction=None enchantment=None in_vocab=True
  [ 39] bludgeon +1 cost=3 affliction=None enchantment=None in_vocab=True
  [ 40] strike +0 cost=1 affliction=None enchantment=None in_vocab=True
  [ 41] strike +0 cost=1 affliction=None enchantment=None in_vocab=True
  [ 42] strike +0 cost=1 affliction=None enchantment=None in_vocab=True
  [ 43] strike +0 cost=1 affliction=None enchantment=None in_vocab=True
  [ 44] strike +0 cost=1 affliction=None enchantment=None in_vocab=True
  [ 45] strike +0 cost=1 affliction=None enchantment=None in_vocab=True
  [ 46] strike +0 cost=1 affliction=None enchantment=None in_vocab=True
  [ 47] strike +0 cost=1 affliction=None enchantment=None in_vocab=True
  [ 48] strike +0 cost=1 affliction=None enchantment=None in_vocab=True
  [ 49] strike +0 cost=1 affliction=None enchantment=None in_vocab=True
  [ 50] defend +1 cost=1 affliction=None enchantment=None in_vocab=True
  [ 51] defend +1 cost=1 affliction=None enchantment=None in_vocab=True
  [ 52] defend +1 cost=1 affliction=None enchantment=None in_vocab=True
  [ 53] defend +1 cost=1 affliction=None enchantment=None in_vocab=True
  [ 54] defend +1 cost=1 affliction=None enchantment=None in_vocab=True
  [ 55] defend +1 cost=1 affliction=None enchantment=None in_vocab=True
  [ 56] defend +1 cost=1 affliction=None enchantment=None in_vocab=True
  [ 57] defend +1 cost=1 affliction=None enchantment=None in_vocab=True
  [ 58] bash +0 cost=2 affliction=None enchantment=None in_vocab=True
  [ 59] bash +0 cost=2 affliction=None enchantment=None in_vocab=True
  [ 60] ascenders_bane +0 cost=-1 affliction=None enchantment=None in_vocab=True
  [ 61] ascenders_bane +0 cost=-1 affliction=None enchantment=None in_vocab=True
  [ 62] body_slam +0 cost=1 affliction=None enchantment=None in_vocab=True
  [ 63] body_slam +0 cost=1 affliction=None enchantment=None in_vocab=True
  [ 64] pommel_strike +0 cost=1 affliction=None enchantment=None in_vocab=True
  [ 65] pommel_strike +0 cost=1 affliction=None enchantment=None in_vocab=True
  [ 66] stomp +0 cost=3 affliction=None enchantment=None in_vocab=True
  [ 67] stomp +0 cost=3 affliction=None enchantment=None in_vocab=True
  [ 68] thunderclap +0 cost=1 affliction=None enchantment=None in_vocab=True
  [ 69] thunderclap +0 cost=1 affliction=None enchantment=None in_vocab=True
  [ 70] perfected_strike +0 cost=2 affliction=None enchantment=None in_vocab=True
  [ 71] perfected_strike +0 cost=2 affliction=None enchantment=None in_vocab=True
  [ 72] twin_strike +0 cost=1 affliction=None enchantment='swift' in_vocab=True
  [ 73] twin_strike +0 cost=1 affliction=None enchantment='swift' in_vocab=True
  [ 74] anger +0 cost=0 affliction=None enchantment='swift' in_vocab=True
  [ 75] anger +0 cost=0 affliction=None enchantment='swift' in_vocab=True
  [ 76] shrug_it_off +1 cost=1 affliction=None enchantment=None in_vocab=True
  [ 77] shrug_it_off +1 cost=1 affliction=None enchantment=None in_vocab=True
  [ 78] twin_strike +0 cost=1 affliction=None enchantment=None in_vocab=True
  [ 79] twin_strike +0 cost=1 affliction=None enchantment=None in_vocab=True
  [ 80] taunt +1 cost=1 affliction=None enchantment=None in_vocab=True
  [ 81] taunt +1 cost=1 affliction=None enchantment=None in_vocab=True
  [ 82] dominate +1 cost=1 affliction=None enchantment=None in_vocab=True
  [ 83] dominate +1 cost=1 affliction=None enchantment=None in_vocab=True
  [ 84] crimson_mantle +0 cost=1 affliction=None enchantment=None in_vocab=True
  [ 85] crimson_mantle +0 cost=1 affliction=None enchantment=None in_vocab=True
  [ 86] twin_strike +0 cost=1 affliction=None enchantment=None in_vocab=True
  [ 87] twin_strike +0 cost=1 affliction=None enchantment=None in_vocab=True
  [ 88] twin_strike +0 cost=1 affliction=None enchantment=None in_vocab=True
  [ 89] twin_strike +0 cost=1 affliction=None enchantment=None in_vocab=True
  [ 90] iron_wave +1 cost=1 affliction=None enchantment=None in_vocab=True
  [ 91] iron_wave +1 cost=1 affliction=None enchantment=None in_vocab=True
  [ 92] molten_fist +0 cost=1 affliction=None enchantment=None in_vocab=True
  [ 93] molten_fist +0 cost=1 affliction=None enchantment=None in_vocab=True
  [ 94] thunderclap +0 cost=1 affliction=None enchantment=None in_vocab=True
  [ 95] thunderclap +0 cost=1 affliction=None enchantment=None in_vocab=True
  [ 96] clumsy +0 cost=-1 affliction=None enchantment=None in_vocab=True
  [ 97] clumsy +0 cost=-1 affliction=None enchantment=None in_vocab=True
  [ 98] clumsy +0 cost=-1 affliction=None enchantment=None in_vocab=True
  [ 99] clumsy +0 cost=-1 affliction=None enchantment=None in_vocab=True
  [100] spite +0 cost=0 affliction=None enchantment=None in_vocab=True
  [101] spite +0 cost=0 affliction=None enchantment=None in_vocab=True
  [102] spite +0 cost=0 affliction=None enchantment=None in_vocab=True
  [103] spite +0 cost=0 affliction=None enchantment=None in_vocab=True
  [104] anger +1 cost=0 affliction=None enchantment=None in_vocab=True
  [105] anger +1 cost=0 affliction=None enchantment=None in_vocab=True
  [106] anger +1 cost=0 affliction=None enchantment=None in_vocab=True
  [107] anger +1 cost=0 affliction=None enchantment=None in_vocab=True
  [108] perfected_strike +0 cost=2 affliction=None enchantment=None in_vocab=True
  [109] perfected_strike +0 cost=2 affliction=None enchantment=None in_vocab=True
  [110] perfected_strike +0 cost=2 affliction=None enchantment=None in_vocab=True
  [111] perfected_strike +0 cost=2 affliction=None enchantment=None in_vocab=True
  [112] exterminate +0 cost=1 affliction=None enchantment=None in_vocab=True
  [113] exterminate +0 cost=1 affliction=None enchantment=None in_vocab=True
  [114] exterminate +0 cost=1 affliction=None enchantment='swift' in_vocab=True
  [115] exterminate +0 cost=1 affliction=None enchantment='swift' in_vocab=True
  [116] bludgeon +1 cost=3 affliction=None enchantment=None in_vocab=True
  [117] bludgeon +1 cost=3 affliction=None enchantment=None in_vocab=True
  [118] bludgeon +1 cost=3 affliction=None enchantment=None in_vocab=True
  [119] bludgeon +1 cost=3 affliction=None enchantment=None in_vocab=True
  [120] bad_luck +0 cost=-1 affliction=None enchantment=None in_vocab=True
  [121] bad_luck +0 cost=-1 affliction=None enchantment=None in_vocab=True
  counts: angerx9, ascenders_banex3, bad_luckx2, bashx3, bludgeonx6, body_slamx3, clumsyx6, crimson_mantlex3, defendx12, dominatex3, exterminatex6, iron_wavex3, molten_fistx3, perfected_strikex9, pommel_strikex3, shrug_it_offx3, spitex6, stompx3, strikex15, tauntx3, thunderclapx6, twin_strikex12
run.deck overflow: 107 cards exceeds cap 96
  seed=None act_index=2 total_floor=34
  [  0] strike +0 cost=1 affliction=None enchantment=None in_vocab=True
  [  1] strike +0 cost=1 affliction=None enchantment=None in_vocab=True
  [  2] strike +0 cost=1 affliction=None enchantment=None in_vocab=True
  [  3] strike +0 cost=1 affliction=None enchantment=None in_vocab=True
  [  4] strike +0 cost=1 affliction=None enchantment=None in_vocab=True
  [  5] defend +0 cost=1 affliction=None enchantment=None in_vocab=True
  [  6] defend +0 cost=1 affliction=None enchantment=None in_vocab=True
  [  7] defend +0 cost=1 affliction=None enchantment=None in_vocab=True
  [  8] defend +0 cost=1 affliction=None enchantment=None in_vocab=True
  [  9] bash +0 cost=2 affliction=None enchantment=None in_vocab=True
  [ 10] ascenders_bane +0 cost=-1 affliction=None enchantment=None in_vocab=True
  [ 11] battle_trance +0 cost=0 affliction=None enchantment=None in_vocab=True
  [ 12] clumsy +0 cost=-1 affliction=None enchantment=None in_vocab=True
  [ 13] perfected_strike +0 cost=2 affliction=None enchantment=None in_vocab=True
  [ 14] armaments +0 cost=1 affliction=None enchantment=None in_vocab=True
  [ 15] pommel_strike +1 cost=1 affliction=None enchantment=None in_vocab=True
  [ 16] rage +0 cost=0 affliction=None enchantment=None in_vocab=True
  [ 17] unrelenting +0 cost=2 affliction=None enchantment=None in_vocab=True
  [ 18] cascade +0 cost=0 affliction=None enchantment=None in_vocab=True
  [ 19] stomp +0 cost=3 affliction=None enchantment='vigorous' in_vocab=True
  [ 20] uppercut +0 cost=2 affliction=None enchantment=None in_vocab=True
  [ 21] perfected_strike +0 cost=2 affliction=None enchantment=None in_vocab=True
  [ 22] perfected_strike +0 cost=2 affliction=None enchantment=None in_vocab=True
  [ 23] perfected_strike +0 cost=2 affliction=None enchantment=None in_vocab=True
  [ 24] perfected_strike +0 cost=2 affliction=None enchantment=None in_vocab=True
  [ 25] uppercut +0 cost=2 affliction=None enchantment=None in_vocab=True
  [ 26] uppercut +0 cost=2 affliction=None enchantment=None in_vocab=True
  [ 27] unrelenting +0 cost=2 affliction=None enchantment=None in_vocab=True
  [ 28] unrelenting +0 cost=2 affliction=None enchantment=None in_vocab=True
  [ 29] mangle +0 cost=3 affliction=None enchantment=None in_vocab=True
  [ 30] mangle +0 cost=3 affliction=None enchantment=None in_vocab=True
  [ 31] twin_strike +0 cost=1 affliction=None enchantment=None in_vocab=True
  [ 32] twin_strike +0 cost=1 affliction=None enchantment=None in_vocab=True
  [ 33] mad_science +0 cost=1 affliction=None enchantment=None in_vocab=True
  [ 34] mad_science +0 cost=1 affliction=None enchantment=None in_vocab=True
  [ 35] strike +0 cost=1 affliction=None enchantment=None in_vocab=True
  [ 36] strike +0 cost=1 affliction=None enchantment=None in_vocab=True
  [ 37] strike +0 cost=1 affliction=None enchantment=None in_vocab=True
  [ 38] strike +0 cost=1 affliction=None enchantment=None in_vocab=True
  [ 39] strike +0 cost=1 affliction=None enchantment=None in_vocab=True
  [ 40] strike +0 cost=1 affliction=None enchantment=None in_vocab=True
  [ 41] strike +0 cost=1 affliction=None enchantment=None in_vocab=True
  [ 42] strike +0 cost=1 affliction=None enchantment=None in_vocab=True
  [ 43] strike +0 cost=1 affliction=None enchantment=None in_vocab=True
  [ 44] strike +0 cost=1 affliction=None enchantment=None in_vocab=True
  [ 45] defend +0 cost=1 affliction=None enchantment=None in_vocab=True
  [ 46] defend +0 cost=1 affliction=None enchantment=None in_vocab=True
  [ 47] defend +0 cost=1 affliction=None enchantment=None in_vocab=True
  [ 48] defend +0 cost=1 affliction=None enchantment=None in_vocab=True
  [ 49] defend +0 cost=1 affliction=None enchantment=None in_vocab=True
  [ 50] defend +0 cost=1 affliction=None enchantment=None in_vocab=True
  [ 51] defend +0 cost=1 affliction=None enchantment=None in_vocab=True
  [ 52] defend +0 cost=1 affliction=None enchantment=None in_vocab=True
  [ 53] bash +0 cost=2 affliction=None enchantment=None in_vocab=True
  [ 54] bash +0 cost=2 affliction=None enchantment=None in_vocab=True
  [ 55] ascenders_bane +0 cost=-1 affliction=None enchantment=None in_vocab=True
  [ 56] ascenders_bane +0 cost=-1 affliction=None enchantment=None in_vocab=True
  [ 57] battle_trance +0 cost=0 affliction=None enchantment=None in_vocab=True
  [ 58] battle_trance +0 cost=0 affliction=None enchantment=None in_vocab=True
  [ 59] clumsy +0 cost=-1 affliction=None enchantment=None in_vocab=True
  [ 60] clumsy +0 cost=-1 affliction=None enchantment=None in_vocab=True
  [ 61] perfected_strike +0 cost=2 affliction=None enchantment=None in_vocab=True
  [ 62] perfected_strike +0 cost=2 affliction=None enchantment=None in_vocab=True
  [ 63] armaments +0 cost=1 affliction=None enchantment=None in_vocab=True
  [ 64] armaments +0 cost=1 affliction=None enchantment=None in_vocab=True
  [ 65] pommel_strike +1 cost=1 affliction=None enchantment=None in_vocab=True
  [ 66] pommel_strike +1 cost=1 affliction=None enchantment=None in_vocab=True
  [ 67] rage +0 cost=0 affliction=None enchantment=None in_vocab=True
  [ 68] rage +0 cost=0 affliction=None enchantment=None in_vocab=True
  [ 69] unrelenting +0 cost=2 affliction=None enchantment=None in_vocab=True
  [ 70] unrelenting +0 cost=2 affliction=None enchantment=None in_vocab=True
  [ 71] cascade +0 cost=0 affliction=None enchantment=None in_vocab=True
  [ 72] cascade +0 cost=0 affliction=None enchantment=None in_vocab=True
  [ 73] stomp +0 cost=3 affliction=None enchantment='vigorous' in_vocab=True
  [ 74] stomp +0 cost=3 affliction=None enchantment='vigorous' in_vocab=True
  [ 75] uppercut +0 cost=2 affliction=None enchantment=None in_vocab=True
  [ 76] uppercut +0 cost=2 affliction=None enchantment=None in_vocab=True
  [ 77] perfected_strike +0 cost=2 affliction=None enchantment=None in_vocab=True
  [ 78] perfected_strike +0 cost=2 affliction=None enchantment=None in_vocab=True
  [ 79] perfected_strike +0 cost=2 affliction=None enchantment=None in_vocab=True
  [ 80] perfected_strike +0 cost=2 affliction=None enchantment=None in_vocab=True
  [ 81] perfected_strike +0 cost=2 affliction=None enchantment=None in_vocab=True
  [ 82] perfected_strike +0 cost=2 affliction=None enchantment=None in_vocab=True
  [ 83] perfected_strike +0 cost=2 affliction=None enchantment=None in_vocab=True
  [ 84] perfected_strike +0 cost=2 affliction=None enchantment=None in_vocab=True
  [ 85] uppercut +0 cost=2 affliction=None enchantment=None in_vocab=True
  [ 86] uppercut +0 cost=2 affliction=None enchantment=None in_vocab=True
  [ 87] uppercut +0 cost=2 affliction=None enchantment=None in_vocab=True
  [ 88] uppercut +0 cost=2 affliction=None enchantment=None in_vocab=True
  [ 89] unrelenting +0 cost=2 affliction=None enchantment=None in_vocab=True
  [ 90] unrelenting +0 cost=2 affliction=None enchantment=None in_vocab=True
  [ 91] unrelenting +0 cost=2 affliction=None enchantment=None in_vocab=True
  [ 92] unrelenting +0 cost=2 affliction=None enchantment=None in_vocab=True
  [ 93] mangle +0 cost=3 affliction=None enchantment=None in_vocab=True
  [ 94] mangle +0 cost=3 affliction=None enchantment=None in_vocab=True
  [ 95] mangle +0 cost=3 affliction=None enchantment=None in_vocab=True
  [ 96] mangle +0 cost=3 affliction=None enchantment=None in_vocab=True
  [ 97] twin_strike +0 cost=1 affliction=None enchantment=None in_vocab=True
  [ 98] twin_strike +0 cost=1 affliction=None enchantment=None in_vocab=True
  [ 99] twin_strike +0 cost=1 affliction=None enchantment=None in_vocab=True
  [100] twin_strike +0 cost=1 affliction=None enchantment=None in_vocab=True
  [101] mad_science +0 cost=1 affliction=None enchantment=None in_vocab=True
  [102] mad_science +0 cost=1 affliction=None enchantment=None in_vocab=True
  [103] mad_science +0 cost=1 affliction=None enchantment=None in_vocab=True
  [104] mad_science +0 cost=1 affliction=None enchantment=None in_vocab=True
  [105] bad_luck +0 cost=-1 affliction=None enchantment=None in_vocab=True
  [106] bad_luck +0 cost=-1 affliction=None enchantment=None in_vocab=True
  counts: armamentsx3, ascenders_banex3, bad_luckx2, bashx3, battle_trancex3, cascadex3, clumsyx3, defendx12, mad_sciencex6, manglex6, perfected_strikex15, pommel_strikex3, ragex3, stompx3, strikex15, twin_strikex6, unrelentingx9, uppercutx9
run.deck overflow: 122 cards exceeds cap 96
  seed=None act_index=2 total_floor=41
  [  0] strike +0 cost=1 affliction=None enchantment=None in_vocab=True
  [  1] strike +0 cost=1 affliction=None enchantment=None in_vocab=True
  [  2] strike +0 cost=1 affliction=None enchantment=None in_vocab=True
  [  3] strike +0 cost=1 affliction=None enchantment=None in_vocab=True
  [  4] strike +0 cost=1 affliction=None enchantment=None in_vocab=True
  [  5] defend +0 cost=1 affliction=None enchantment=None in_vocab=True
  [  6] defend +0 cost=1 affliction=None enchantment=None in_vocab=True
  [  7] defend +0 cost=1 affliction=None enchantment=None in_vocab=True
  [  8] defend +0 cost=1 affliction=None enchantment=None in_vocab=True
  [  9] bash +0 cost=2 affliction=None enchantment=None in_vocab=True
  [ 10] perfected_strike +0 cost=2 affliction=None enchantment=None in_vocab=True
  [ 11] omnislice +0 cost=0 affliction=None enchantment=None in_vocab=True
  [ 12] uppercut +0 cost=2 affliction=None enchantment=None in_vocab=True
  [ 13] anger +0 cost=0 affliction=None enchantment=None in_vocab=True
  [ 14] tremble +0 cost=1 affliction=None enchantment=None in_vocab=True
  [ 15] molten_fist +0 cost=1 affliction=None enchantment='souls' in_vocab=True
  [ 16] anger +0 cost=0 affliction=None enchantment=None in_vocab=True
  [ 17] twin_strike +0 cost=1 affliction=None enchantment=None in_vocab=True
  [ 18] uppercut +1 cost=2 affliction=None enchantment=None in_vocab=True
  [ 19] exterminate +0 cost=1 affliction=None enchantment=None in_vocab=True
  [ 20] taunt +1 cost=1 affliction=None enchantment=None in_vocab=True
  [ 21] iron_wave +0 cost=1 affliction=None enchantment=None in_vocab=True
  [ 22] molten_fist +0 cost=1 affliction=None enchantment=None in_vocab=True
  [ 23] molten_fist +0 cost=1 affliction=None enchantment=None in_vocab=True
  [ 24] headbutt +1 cost=1 affliction=None enchantment=None in_vocab=True
  [ 25] headbutt +1 cost=1 affliction=None enchantment=None in_vocab=True
  [ 26] stomp +1 cost=3 affliction=None enchantment=None in_vocab=True
  [ 27] stomp +1 cost=3 affliction=None enchantment=None in_vocab=True
  [ 28] rage +1 cost=0 affliction=None enchantment=None in_vocab=True
  [ 29] rage +1 cost=0 affliction=None enchantment=None in_vocab=True
  [ 30] breakthrough +1 cost=1 affliction=None enchantment=None in_vocab=True
  [ 31] breakthrough +1 cost=1 affliction=None enchantment=None in_vocab=True
  [ 32] anger +1 cost=0 affliction=None enchantment=None in_vocab=True
  [ 33] anger +1 cost=0 affliction=None enchantment=None in_vocab=True
  [ 34] bully +1 cost=0 affliction=None enchantment=None in_vocab=True
  [ 35] bully +1 cost=0 affliction=None enchantment=None in_vocab=True
  [ 36] decay +0 cost=-1 affliction=None enchantment=None in_vocab=True
  [ 37] decay +0 cost=-1 affliction=None enchantment=None in_vocab=True
  [ 38] perfected_strike +1 cost=2 affliction=None enchantment=None in_vocab=True
  [ 39] perfected_strike +1 cost=2 affliction=None enchantment=None in_vocab=True
  [ 40] strike +1 cost=1 affliction=None enchantment=None in_vocab=True
  [ 41] strike +1 cost=1 affliction=None enchantment=None in_vocab=True
  [ 42] strike +1 cost=1 affliction=None enchantment=None in_vocab=True
  [ 43] strike +1 cost=1 affliction=None enchantment=None in_vocab=True
  [ 44] strike +1 cost=1 affliction=None enchantment=None in_vocab=True
  [ 45] strike +1 cost=1 affliction=None enchantment=None in_vocab=True
  [ 46] strike +1 cost=1 affliction=None enchantment=None in_vocab=True
  [ 47] strike +1 cost=1 affliction=None enchantment=None in_vocab=True
  [ 48] strike +1 cost=1 affliction=None enchantment=None in_vocab=True
  [ 49] strike +1 cost=1 affliction=None enchantment=None in_vocab=True
  [ 50] defend +0 cost=1 affliction=None enchantment=None in_vocab=True
  [ 51] defend +0 cost=1 affliction=None enchantment=None in_vocab=True
  [ 52] defend +0 cost=1 affliction=None enchantment=None in_vocab=True
  [ 53] defend +0 cost=1 affliction=None enchantment=None in_vocab=True
  [ 54] defend +0 cost=1 affliction=None enchantment=None in_vocab=True
  [ 55] defend +0 cost=1 affliction=None enchantment=None in_vocab=True
  [ 56] defend +0 cost=1 affliction=None enchantment=None in_vocab=True
  [ 57] defend +0 cost=1 affliction=None enchantment=None in_vocab=True
  [ 58] bash +1 cost=2 affliction=None enchantment=None in_vocab=True
  [ 59] bash +1 cost=2 affliction=None enchantment=None in_vocab=True
  [ 60] perfected_strike +1 cost=2 affliction=None enchantment=None in_vocab=True
  [ 61] perfected_strike +1 cost=2 affliction=None enchantment=None in_vocab=True
  [ 62] omnislice +1 cost=0 affliction=None enchantment=None in_vocab=True
  [ 63] omnislice +1 cost=0 affliction=None enchantment=None in_vocab=True
  [ 64] uppercut +1 cost=2 affliction=None enchantment=None in_vocab=True
  [ 65] uppercut +1 cost=2 affliction=None enchantment=None in_vocab=True
  [ 66] anger +1 cost=0 affliction=None enchantment=None in_vocab=True
  [ 67] anger +1 cost=0 affliction=None enchantment=None in_vocab=True
  [ 68] tremble +0 cost=1 affliction=None enchantment=None in_vocab=True
  [ 69] tremble +0 cost=1 affliction=None enchantment=None in_vocab=True
  [ 70] molten_fist +1 cost=1 affliction=None enchantment='souls' in_vocab=True
  [ 71] molten_fist +1 cost=1 affliction=None enchantment='souls' in_vocab=True
  [ 72] anger +1 cost=0 affliction=None enchantment=None in_vocab=True
  [ 73] anger +1 cost=0 affliction=None enchantment=None in_vocab=True
  [ 74] twin_strike +1 cost=1 affliction=None enchantment=None in_vocab=True
  [ 75] twin_strike +1 cost=1 affliction=None enchantment=None in_vocab=True
  [ 76] uppercut +1 cost=2 affliction=None enchantment=None in_vocab=True
  [ 77] uppercut +1 cost=2 affliction=None enchantment=None in_vocab=True
  [ 78] exterminate +1 cost=1 affliction=None enchantment=None in_vocab=True
  [ 79] exterminate +1 cost=1 affliction=None enchantment=None in_vocab=True
  [ 80] taunt +1 cost=1 affliction=None enchantment=None in_vocab=True
  [ 81] taunt +1 cost=1 affliction=None enchantment=None in_vocab=True
  [ 82] iron_wave +1 cost=1 affliction=None enchantment=None in_vocab=True
  [ 83] iron_wave +1 cost=1 affliction=None enchantment=None in_vocab=True
  [ 84] molten_fist +1 cost=1 affliction=None enchantment=None in_vocab=True
  [ 85] molten_fist +1 cost=1 affliction=None enchantment=None in_vocab=True
  [ 86] molten_fist +1 cost=1 affliction=None enchantment=None in_vocab=True
  [ 87] molten_fist +1 cost=1 affliction=None enchantment=None in_vocab=True
  [ 88] headbutt +1 cost=1 affliction=None enchantment=None in_vocab=True
  [ 89] headbutt +1 cost=1 affliction=None enchantment=None in_vocab=True
  [ 90] headbutt +1 cost=1 affliction=None enchantment=None in_vocab=True
  [ 91] headbutt +1 cost=1 affliction=None enchantment=None in_vocab=True
  [ 92] stomp +1 cost=3 affliction=None enchantment=None in_vocab=True
  [ 93] stomp +1 cost=3 affliction=None enchantment=None in_vocab=True
  [ 94] stomp +1 cost=3 affliction=None enchantment=None in_vocab=True
  [ 95] stomp +1 cost=3 affliction=None enchantment=None in_vocab=True
  [ 96] rage +1 cost=0 affliction=None enchantment=None in_vocab=True
  [ 97] rage +1 cost=0 affliction=None enchantment=None in_vocab=True
  [ 98] rage +1 cost=0 affliction=None enchantment=None in_vocab=True
  [ 99] rage +1 cost=0 affliction=None enchantment=None in_vocab=True
  [100] breakthrough +1 cost=1 affliction=None enchantment=None in_vocab=True
  [101] breakthrough +1 cost=1 affliction=None enchantment=None in_vocab=True
  [102] breakthrough +1 cost=1 affliction=None enchantment=None in_vocab=True
  [103] breakthrough +1 cost=1 affliction=None enchantment=None in_vocab=True
  [104] anger +1 cost=0 affliction=None enchantment=None in_vocab=True
  [105] anger +1 cost=0 affliction=None enchantment=None in_vocab=True
  [106] anger +1 cost=0 affliction=None enchantment=None in_vocab=True
  [107] anger +1 cost=0 affliction=None enchantment=None in_vocab=True
  [108] bully +1 cost=0 affliction=None enchantment=None in_vocab=True
  [109] bully +1 cost=0 affliction=None enchantment=None in_vocab=True
  [110] bully +1 cost=0 affliction=None enchantment=None in_vocab=True
  [111] bully +1 cost=0 affliction=None enchantment=None in_vocab=True
  [112] decay +0 cost=-1 affliction=None enchantment=None in_vocab=True
  [113] decay +0 cost=-1 affliction=None enchantment=None in_vocab=True
  [114] decay +0 cost=-1 affliction=None enchantment=None in_vocab=True
  [115] decay +0 cost=-1 affliction=None enchantment=None in_vocab=True
  [116] perfected_strike +1 cost=2 affliction=None enchantment=None in_vocab=True
  [117] perfected_strike +1 cost=2 affliction=None enchantment=None in_vocab=True
  [118] perfected_strike +1 cost=2 affliction=None enchantment=None in_vocab=True
  [119] perfected_strike +1 cost=2 affliction=None enchantment=None in_vocab=True
  [120] bad_luck +0 cost=-1 affliction=None enchantment=None in_vocab=True
  [121] bad_luck +0 cost=-1 affliction=None enchantment=None in_vocab=True
  counts: angerx12, bad_luckx2, bashx3, breakthroughx6, bullyx6, decayx6, defendx12, exterminatex3, headbuttx6, iron_wavex3, molten_fistx9, omnislicex3, perfected_strikex9, ragex6, stompx6, strikex15, tauntx3, tremblex3, twin_strikex3, uppercutx6
run.deck overflow: 101 cards exceeds cap 96
  seed=None act_index=2 total_floor=36
  [  0] strike +0 cost=1 affliction=None enchantment=None in_vocab=True
  [  1] strike +0 cost=1 affliction=None enchantment=None in_vocab=True
  [  2] strike +0 cost=1 affliction=None enchantment='sharp' in_vocab=True
  [  3] strike +0 cost=1 affliction=None enchantment=None in_vocab=True
  [  4] defend +0 cost=1 affliction=None enchantment=None in_vocab=True
  [  5] defend +0 cost=1 affliction=None enchantment=None in_vocab=True
  [  6] defend +0 cost=1 affliction=None enchantment=None in_vocab=True
  [  7] bash +0 cost=2 affliction=None enchantment=None in_vocab=True
  [  8] ascenders_bane +0 cost=-1 affliction=None enchantment=None in_vocab=True
  [  9] ultimate_strike +0 cost=1 affliction=None enchantment=None in_vocab=True
  [ 10] iron_wave +0 cost=1 affliction=None enchantment=None in_vocab=True
  [ 11] perfected_strike +0 cost=2 affliction=None enchantment=None in_vocab=True
  [ 12] bully +0 cost=0 affliction=None enchantment=None in_vocab=True
  [ 13] inflame +0 cost=1 affliction=None enchantment=None in_vocab=True
  [ 14] headbutt +0 cost=1 affliction=None enchantment=None in_vocab=True
  [ 15] breakthrough +0 cost=1 affliction=None enchantment=None in_vocab=True
  [ 16] molten_fist +0 cost=1 affliction=None enchantment=None in_vocab=True
  [ 17] fight_me +0 cost=2 affliction=None enchantment='corrupted' in_vocab=True
  [ 18] spite +0 cost=0 affliction=None enchantment=None in_vocab=True
  [ 19] offering +0 cost=0 affliction=None enchantment=None in_vocab=True
  [ 20] inflame +0 cost=1 affliction=None enchantment=None in_vocab=True
  [ 21] clumsy +0 cost=-1 affliction=None enchantment=None in_vocab=True
  [ 22] unrelenting +1 cost=2 affliction=None enchantment=None in_vocab=True
  [ 23] pommel_strike +1 cost=1 affliction=None enchantment=None in_vocab=True
  [ 24] pommel_strike +1 cost=1 affliction=None enchantment=None in_vocab=True
  [ 25] bludgeon +0 cost=3 affliction=None enchantment=None in_vocab=True
  [ 26] bludgeon +0 cost=3 affliction=None enchantment=None in_vocab=True
  [ 27] shrug_it_off +1 cost=1 affliction=None enchantment=None in_vocab=True
  [ 28] shrug_it_off +1 cost=1 affliction=None enchantment=None in_vocab=True
  [ 29] shockwave +0 cost=2 affliction=None enchantment=None in_vocab=True
  [ 30] shockwave +0 cost=2 affliction=None enchantment=None in_vocab=True
  [ 31] headbutt +1 cost=1 affliction=None enchantment=None in_vocab=True
  [ 32] headbutt +1 cost=1 affliction=None enchantment=None in_vocab=True
  [ 33] strike +0 cost=1 affliction=None enchantment=None in_vocab=True
  [ 34] strike +0 cost=1 affliction=None enchantment=None in_vocab=True
  [ 35] strike +0 cost=1 affliction=None enchantment=None in_vocab=True
  [ 36] strike +0 cost=1 affliction=None enchantment=None in_vocab=True
  [ 37] strike +0 cost=1 affliction=None enchantment='sharp' in_vocab=True
  [ 38] strike +0 cost=1 affliction=None enchantment='sharp' in_vocab=True
  [ 39] strike +0 cost=1 affliction=None enchantment=None in_vocab=True
  [ 40] strike +0 cost=1 affliction=None enchantment=None in_vocab=True
  [ 41] defend +0 cost=1 affliction=None enchantment=None in_vocab=True
  [ 42] defend +0 cost=1 affliction=None enchantment=None in_vocab=True
  [ 43] defend +0 cost=1 affliction=None enchantment=None in_vocab=True
  [ 44] defend +0 cost=1 affliction=None enchantment=None in_vocab=True
  [ 45] defend +0 cost=1 affliction=None enchantment=None in_vocab=True
  [ 46] defend +0 cost=1 affliction=None enchantment=None in_vocab=True
  [ 47] bash +0 cost=2 affliction=None enchantment=None in_vocab=True
  [ 48] bash +0 cost=2 affliction=None enchantment=None in_vocab=True
  [ 49] ascenders_bane +0 cost=-1 affliction=None enchantment=None in_vocab=True
  [ 50] ascenders_bane +0 cost=-1 affliction=None enchantment=None in_vocab=True
  [ 51] ultimate_strike +0 cost=1 affliction=None enchantment=None in_vocab=True
  [ 52] ultimate_strike +0 cost=1 affliction=None enchantment=None in_vocab=True
  [ 53] iron_wave +0 cost=1 affliction=None enchantment=None in_vocab=True
  [ 54] iron_wave +0 cost=1 affliction=None enchantment=None in_vocab=True
  [ 55] perfected_strike +0 cost=2 affliction=None enchantment=None in_vocab=True
  [ 56] perfected_strike +0 cost=2 affliction=None enchantment=None in_vocab=True
  [ 57] bully +0 cost=0 affliction=None enchantment=None in_vocab=True
  [ 58] bully +0 cost=0 affliction=None enchantment=None in_vocab=True
  [ 59] inflame +0 cost=1 affliction=None enchantment=None in_vocab=True
  [ 60] inflame +0 cost=1 affliction=None enchantment=None in_vocab=True
  [ 61] headbutt +0 cost=1 affliction=None enchantment=None in_vocab=True
  [ 62] headbutt +0 cost=1 affliction=None enchantment=None in_vocab=True
  [ 63] breakthrough +0 cost=1 affliction=None enchantment=None in_vocab=True
  [ 64] breakthrough +0 cost=1 affliction=None enchantment=None in_vocab=True
  [ 65] molten_fist +0 cost=1 affliction=None enchantment=None in_vocab=True
  [ 66] molten_fist +0 cost=1 affliction=None enchantment=None in_vocab=True
  [ 67] fight_me +0 cost=2 affliction=None enchantment='corrupted' in_vocab=True
  [ 68] fight_me +0 cost=2 affliction=None enchantment='corrupted' in_vocab=True
  [ 69] spite +0 cost=0 affliction=None enchantment=None in_vocab=True
  [ 70] spite +0 cost=0 affliction=None enchantment=None in_vocab=True
  [ 71] offering +0 cost=0 affliction=None enchantment=None in_vocab=True
  [ 72] offering +0 cost=0 affliction=None enchantment=None in_vocab=True
  [ 73] inflame +0 cost=1 affliction=None enchantment=None in_vocab=True
  [ 74] inflame +0 cost=1 affliction=None enchantment=None in_vocab=True
  [ 75] clumsy +0 cost=-1 affliction=None enchantment=None in_vocab=True
  [ 76] clumsy +0 cost=-1 affliction=None enchantment=None in_vocab=True
  [ 77] unrelenting +1 cost=2 affliction=None enchantment=None in_vocab=True
  [ 78] unrelenting +1 cost=2 affliction=None enchantment=None in_vocab=True
  [ 79] pommel_strike +1 cost=1 affliction=None enchantment=None in_vocab=True
  [ 80] pommel_strike +1 cost=1 affliction=None enchantment=None in_vocab=True
  [ 81] pommel_strike +1 cost=1 affliction=None enchantment=None in_vocab=True
  [ 82] pommel_strike +1 cost=1 affliction=None enchantment=None in_vocab=True
  [ 83] bludgeon +0 cost=3 affliction=None enchantment=None in_vocab=True
  [ 84] bludgeon +0 cost=3 affliction=None enchantment=None in_vocab=True
  [ 85] bludgeon +0 cost=3 affliction=None enchantment=None in_vocab=True
  [ 86] bludgeon +0 cost=3 affliction=None enchantment=None in_vocab=True
  [ 87] shrug_it_off +1 cost=1 affliction=None enchantment=None in_vocab=True
  [ 88] shrug_it_off +1 cost=1 affliction=None enchantment=None in_vocab=True
  [ 89] shrug_it_off +1 cost=1 affliction=None enchantment=None in_vocab=True
  [ 90] shrug_it_off +1 cost=1 affliction=None enchantment=None in_vocab=True
  [ 91] shockwave +0 cost=2 affliction=None enchantment=None in_vocab=True
  [ 92] shockwave +0 cost=2 affliction=None enchantment=None in_vocab=True
  [ 93] shockwave +0 cost=2 affliction=None enchantment=None in_vocab=True
  [ 94] shockwave +0 cost=2 affliction=None enchantment=None in_vocab=True
  [ 95] headbutt +1 cost=1 affliction=None enchantment=None in_vocab=True
  [ 96] headbutt +1 cost=1 affliction=None enchantment=None in_vocab=True
  [ 97] headbutt +1 cost=1 affliction=None enchantment=None in_vocab=True
  [ 98] headbutt +1 cost=1 affliction=None enchantment=None in_vocab=True
  [ 99] bad_luck +0 cost=-1 affliction=None enchantment=None in_vocab=True
  [100] bad_luck +0 cost=-1 affliction=None enchantment=None in_vocab=True
  counts: ascenders_banex3, bad_luckx2, bashx3, bludgeonx6, breakthroughx3, bullyx3, clumsyx3, defendx9, fight_mex3, headbuttx9, inflamex6, iron_wavex3, molten_fistx3, offeringx3, perfected_strikex3, pommel_strikex6, shockwavex6, shrug_it_offx6, spitex3, strikex12, ultimate_strikex3, unrelentingx3
run.deck overflow: 128 cards exceeds cap 96
  seed=None act_index=2 total_floor=39
  [  0] strike +0 cost=1 affliction=None enchantment=None in_vocab=True
  [  1] strike +0 cost=1 affliction=None enchantment=None in_vocab=True
  [  2] strike +0 cost=1 affliction=None enchantment=None in_vocab=True
  [  3] strike +0 cost=1 affliction=None enchantment=None in_vocab=True
  [  4] strike +0 cost=1 affliction=None enchantment=None in_vocab=True
  [  5] defend +0 cost=1 affliction=None enchantment=None in_vocab=True
  [  6] defend +0 cost=1 affliction=None enchantment=None in_vocab=True
  [  7] defend +0 cost=1 affliction=None enchantment=None in_vocab=True
  [  8] defend +0 cost=1 affliction=None enchantment=None in_vocab=True
  [  9] bash +0 cost=2 affliction=None enchantment=None in_vocab=True
  [ 10] ascenders_bane +0 cost=-1 affliction=None enchantment=None in_vocab=True
  [ 11] neows_fury +1 cost=1 affliction=None enchantment=None in_vocab=True
  [ 12] molten_fist +0 cost=1 affliction=None enchantment=None in_vocab=True
  [ 13] twin_strike +0 cost=1 affliction=None enchantment=None in_vocab=True
  [ 14] pommel_strike +0 cost=1 affliction=None enchantment=None in_vocab=True
  [ 15] perfected_strike +0 cost=2 affliction=None enchantment=None in_vocab=True
  [ 16] molten_fist +0 cost=1 affliction=None enchantment=None in_vocab=True
  [ 17] anger +0 cost=0 affliction=None enchantment='instinct' in_vocab=True
  [ 18] tremble +0 cost=1 affliction=None enchantment=None in_vocab=True
  [ 19] headbutt +0 cost=1 affliction=None enchantment=None in_vocab=True
  [ 20] spite +1 cost=0 affliction=None enchantment=None in_vocab=True
  [ 21] spite +1 cost=0 affliction=None enchantment=None in_vocab=True
  [ 22] setup_strike +1 cost=1 affliction=None enchantment=None in_vocab=True
  [ 23] setup_strike +1 cost=1 affliction=None enchantment=None in_vocab=True
  [ 24] metamorphosis +0 cost=2 affliction=None enchantment=None in_vocab=True
  [ 25] metamorphosis +0 cost=2 affliction=None enchantment=None in_vocab=True
  [ 26] unrelenting +0 cost=2 affliction=None enchantment='instinct' in_vocab=True
  [ 27] unrelenting +0 cost=2 affliction=None enchantment='instinct' in_vocab=True
  [ 28] stomp +0 cost=3 affliction=None enchantment=None in_vocab=True
  [ 29] stomp +0 cost=3 affliction=None enchantment=None in_vocab=True
  [ 30] perfected_strike +1 cost=2 affliction=None enchantment=None in_vocab=True
  [ 31] perfected_strike +1 cost=2 affliction=None enchantment=None in_vocab=True
  [ 32] impervious +0 cost=2 affliction=None enchantment='souls' in_vocab=True
  [ 33] impervious +0 cost=2 affliction=None enchantment=None in_vocab=True
  [ 34] breakthrough +1 cost=1 affliction=None enchantment=None in_vocab=True
  [ 35] breakthrough +1 cost=1 affliction=None enchantment=None in_vocab=True
  [ 36] decay +0 cost=-1 affliction=None enchantment=None in_vocab=True
  [ 37] decay +0 cost=-1 affliction=None enchantment=None in_vocab=True
  [ 38] iron_wave +1 cost=1 affliction=None enchantment=None in_vocab=True
  [ 39] iron_wave +1 cost=1 affliction=None enchantment=None in_vocab=True
  [ 40] pommel_strike +0 cost=1 affliction=None enchantment=None in_vocab=True
  [ 41] pommel_strike +0 cost=1 affliction=None enchantment=None in_vocab=True
  [ 42] strike +0 cost=1 affliction=None enchantment=None in_vocab=True
  [ 43] strike +0 cost=1 affliction=None enchantment=None in_vocab=True
  [ 44] strike +0 cost=1 affliction=None enchantment=None in_vocab=True
  [ 45] strike +0 cost=1 affliction=None enchantment=None in_vocab=True
  [ 46] strike +0 cost=1 affliction=None enchantment=None in_vocab=True
  [ 47] strike +0 cost=1 affliction=None enchantment=None in_vocab=True
  [ 48] strike +0 cost=1 affliction=None enchantment=None in_vocab=True
  [ 49] strike +0 cost=1 affliction=None enchantment=None in_vocab=True
  [ 50] strike +0 cost=1 affliction=None enchantment=None in_vocab=True
  [ 51] strike +0 cost=1 affliction=None enchantment=None in_vocab=True
  [ 52] defend +0 cost=1 affliction=None enchantment=None in_vocab=True
  [ 53] defend +0 cost=1 affliction=None enchantment=None in_vocab=True
  [ 54] defend +0 cost=1 affliction=None enchantment=None in_vocab=True
  [ 55] defend +0 cost=1 affliction=None enchantment=None in_vocab=True
  [ 56] defend +0 cost=1 affliction=None enchantment=None in_vocab=True
  [ 57] defend +0 cost=1 affliction=None enchantment=None in_vocab=True
  [ 58] defend +0 cost=1 affliction=None enchantment=None in_vocab=True
  [ 59] defend +0 cost=1 affliction=None enchantment=None in_vocab=True
  [ 60] bash +0 cost=2 affliction=None enchantment=None in_vocab=True
  [ 61] bash +0 cost=2 affliction=None enchantment=None in_vocab=True
  [ 62] ascenders_bane +0 cost=-1 affliction=None enchantment=None in_vocab=True
  [ 63] ascenders_bane +0 cost=-1 affliction=None enchantment=None in_vocab=True
  [ 64] neows_fury +1 cost=1 affliction=None enchantment=None in_vocab=True
  [ 65] neows_fury +1 cost=1 affliction=None enchantment=None in_vocab=True
  [ 66] molten_fist +0 cost=1 affliction=None enchantment=None in_vocab=True
  [ 67] molten_fist +0 cost=1 affliction=None enchantment=None in_vocab=True
  [ 68] twin_strike +0 cost=1 affliction=None enchantment=None in_vocab=True
  [ 69] twin_strike +0 cost=1 affliction=None enchantment=None in_vocab=True
  [ 70] pommel_strike +0 cost=1 affliction=None enchantment=None in_vocab=True
  [ 71] pommel_strike +0 cost=1 affliction=None enchantment=None in_vocab=True
  [ 72] perfected_strike +0 cost=2 affliction=None enchantment=None in_vocab=True
  [ 73] perfected_strike +0 cost=2 affliction=None enchantment=None in_vocab=True
  [ 74] molten_fist +0 cost=1 affliction=None enchantment=None in_vocab=True
  [ 75] molten_fist +0 cost=1 affliction=None enchantment=None in_vocab=True
  [ 76] anger +0 cost=0 affliction=None enchantment='instinct' in_vocab=True
  [ 77] anger +0 cost=0 affliction=None enchantment='instinct' in_vocab=True
  [ 78] tremble +0 cost=1 affliction=None enchantment=None in_vocab=True
  [ 79] tremble +0 cost=1 affliction=None enchantment=None in_vocab=True
  [ 80] headbutt +0 cost=1 affliction=None enchantment=None in_vocab=True
  [ 81] headbutt +0 cost=1 affliction=None enchantment=None in_vocab=True
  [ 82] spite +1 cost=0 affliction=None enchantment=None in_vocab=True
  [ 83] spite +1 cost=0 affliction=None enchantment=None in_vocab=True
  [ 84] spite +1 cost=0 affliction=None enchantment=None in_vocab=True
  [ 85] spite +1 cost=0 affliction=None enchantment=None in_vocab=True
  [ 86] setup_strike +1 cost=1 affliction=None enchantment=None in_vocab=True
  [ 87] setup_strike +1 cost=1 affliction=None enchantment=None in_vocab=True
  [ 88] setup_strike +1 cost=1 affliction=None enchantment=None in_vocab=True
  [ 89] setup_strike +1 cost=1 affliction=None enchantment=None in_vocab=True
  [ 90] metamorphosis +0 cost=2 affliction=None enchantment=None in_vocab=True
  [ 91] metamorphosis +0 cost=2 affliction=None enchantment=None in_vocab=True
  [ 92] metamorphosis +0 cost=2 affliction=None enchantment=None in_vocab=True
  [ 93] metamorphosis +0 cost=2 affliction=None enchantment=None in_vocab=True
  [ 94] unrelenting +0 cost=2 affliction=None enchantment='instinct' in_vocab=True
  [ 95] unrelenting +0 cost=2 affliction=None enchantment='instinct' in_vocab=True
  [ 96] unrelenting +0 cost=2 affliction=None enchantment='instinct' in_vocab=True
  [ 97] unrelenting +0 cost=2 affliction=None enchantment='instinct' in_vocab=True
  [ 98] stomp +0 cost=3 affliction=None enchantment=None in_vocab=True
  [ 99] stomp +0 cost=3 affliction=None enchantment=None in_vocab=True
  [100] stomp +0 cost=3 affliction=None enchantment=None in_vocab=True
  [101] stomp +0 cost=3 affliction=None enchantment=None in_vocab=True
  [102] perfected_strike +1 cost=2 affliction=None enchantment=None in_vocab=True
  [103] perfected_strike +1 cost=2 affliction=None enchantment=None in_vocab=True
  [104] perfected_strike +1 cost=2 affliction=None enchantment=None in_vocab=True
  [105] perfected_strike +1 cost=2 affliction=None enchantment=None in_vocab=True
  [106] impervious +0 cost=2 affliction=None enchantment='souls' in_vocab=True
  [107] impervious +0 cost=2 affliction=None enchantment='souls' in_vocab=True
  [108] impervious +0 cost=2 affliction=None enchantment=None in_vocab=True
  [109] impervious +0 cost=2 affliction=None enchantment=None in_vocab=True
  [110] breakthrough +1 cost=1 affliction=None enchantment=None in_vocab=True
  [111] breakthrough +1 cost=1 affliction=None enchantment=None in_vocab=True
  [112] breakthrough +1 cost=1 affliction=None enchantment=None in_vocab=True
  [113] breakthrough +1 cost=1 affliction=None enchantment=None in_vocab=True
  [114] decay +0 cost=-1 affliction=None enchantment=None in_vocab=True
  [115] decay +0 cost=-1 affliction=None enchantment=None in_vocab=True
  [116] decay +0 cost=-1 affliction=None enchantment=None in_vocab=True
  [117] decay +0 cost=-1 affliction=None enchantment=None in_vocab=True
  [118] iron_wave +1 cost=1 affliction=None enchantment=None in_vocab=True
  [119] iron_wave +1 cost=1 affliction=None enchantment=None in_vocab=True
  [120] iron_wave +1 cost=1 affliction=None enchantment=None in_vocab=True
  [121] iron_wave +1 cost=1 affliction=None enchantment=None in_vocab=True
  [122] pommel_strike +0 cost=1 affliction=None enchantment=None in_vocab=True
  [123] pommel_strike +0 cost=1 affliction=None enchantment=None in_vocab=True
  [124] pommel_strike +0 cost=1 affliction=None enchantment=None in_vocab=True
  [125] pommel_strike +0 cost=1 affliction=None enchantment=None in_vocab=True
  [126] bad_luck +0 cost=-1 affliction=None enchantment=None in_vocab=True
  [127] bad_luck +0 cost=-1 affliction=None enchantment=None in_vocab=True
  counts: angerx3, ascenders_banex3, bad_luckx2, bashx3, breakthroughx6, decayx6, defendx12, headbuttx3, imperviousx6, iron_wavex6, metamorphosisx6, molten_fistx6, neows_furyx3, perfected_strikex9, pommel_strikex9, setup_strikex6, spitex6, stompx6, strikex15, tremblex3, twin_strikex3, unrelentingx6
run.deck overflow: 128 cards exceeds cap 96
  seed=None act_index=2 total_floor=36
  [  0] strike +0 cost=1 affliction=None enchantment=None in_vocab=True
  [  1] strike +0 cost=1 affliction=None enchantment=None in_vocab=True
  [  2] strike +1 cost=1 affliction=None enchantment='corrupted' in_vocab=True
  [  3] strike +1 cost=1 affliction=None enchantment=None in_vocab=True
  [  4] strike +0 cost=1 affliction=None enchantment=None in_vocab=True
  [  5] defend +0 cost=1 affliction=None enchantment=None in_vocab=True
  [  6] defend +0 cost=1 affliction=None enchantment=None in_vocab=True
  [  7] defend +0 cost=1 affliction=None enchantment=None in_vocab=True
  [  8] defend +0 cost=1 affliction=None enchantment=None in_vocab=True
  [  9] bash +0 cost=2 affliction=None enchantment='sharp' in_vocab=True
  [ 10] ascenders_bane +0 cost=-1 affliction=None enchantment=None in_vocab=True
  [ 11] cinder +0 cost=2 affliction=None enchantment=None in_vocab=True
  [ 12] stampede +0 cost=2 affliction=None enchantment=None in_vocab=True
  [ 13] perfected_strike +0 cost=2 affliction=None enchantment=None in_vocab=True
  [ 14] primal_force +0 cost=0 affliction=None enchantment=None in_vocab=True
  [ 15] battle_trance +0 cost=0 affliction=None enchantment=None in_vocab=True
  [ 16] fight_me +0 cost=2 affliction=None enchantment=None in_vocab=True
  [ 17] pommel_strike +0 cost=1 affliction=None enchantment=None in_vocab=True
  [ 18] pommel_strike +0 cost=1 affliction=None enchantment=None in_vocab=True
  [ 19] rage +0 cost=0 affliction=None enchantment=None in_vocab=True
  [ 20] rage +0 cost=0 affliction=None enchantment=None in_vocab=True
  [ 21] aggression +0 cost=1 affliction=None enchantment=None in_vocab=True
  [ 22] pommel_strike +1 cost=1 affliction=None enchantment=None in_vocab=True
  [ 23] whirlwind +0 cost=0 affliction=None enchantment=None in_vocab=True
  [ 24] sword_boomerang +0 cost=1 affliction=None enchantment=None in_vocab=True
  [ 25] metamorphosis +0 cost=2 affliction=None enchantment=None in_vocab=True
  [ 26] taunt +0 cost=1 affliction=None enchantment=None in_vocab=True
  [ 27] pommel_strike +0 cost=1 affliction=None enchantment=None in_vocab=True
  [ 28] anger +0 cost=0 affliction=None enchantment=None in_vocab=True
  [ 29] anger +0 cost=0 affliction=None enchantment=None in_vocab=True
  [ 30] inflame +0 cost=1 affliction=None enchantment=None in_vocab=True
  [ 31] inflame +0 cost=1 affliction=None enchantment=None in_vocab=True
  [ 32] thrash +0 cost=1 affliction=None enchantment=None in_vocab=True
  [ 33] thrash +0 cost=1 affliction=None enchantment=None in_vocab=True
  [ 34] cinder +0 cost=2 affliction=None enchantment=None in_vocab=True
  [ 35] cinder +0 cost=2 affliction=None enchantment=None in_vocab=True
  [ 36] feed +0 cost=1 affliction=None enchantment=None in_vocab=True
  [ 37] feed +0 cost=1 affliction=None enchantment=None in_vocab=True
  [ 38] perfected_strike +0 cost=2 affliction=None enchantment=None in_vocab=True
  [ 39] perfected_strike +0 cost=2 affliction=None enchantment=None in_vocab=True
  [ 40] breakthrough +0 cost=1 affliction=None enchantment=None in_vocab=True
  [ 41] breakthrough +0 cost=1 affliction=None enchantment=None in_vocab=True
  [ 42] strike +0 cost=1 affliction=None enchantment=None in_vocab=True
  [ 43] strike +0 cost=1 affliction=None enchantment=None in_vocab=True
  [ 44] strike +0 cost=1 affliction=None enchantment=None in_vocab=True
  [ 45] strike +0 cost=1 affliction=None enchantment=None in_vocab=True
  [ 46] strike +1 cost=1 affliction=None enchantment='corrupted' in_vocab=True
  [ 47] strike +1 cost=1 affliction=None enchantment='corrupted' in_vocab=True
  [ 48] strike +1 cost=1 affliction=None enchantment=None in_vocab=True
  [ 49] strike +1 cost=1 affliction=None enchantment=None in_vocab=True
  [ 50] strike +0 cost=1 affliction=None enchantment=None in_vocab=True
  [ 51] strike +0 cost=1 affliction=None enchantment=None in_vocab=True
  [ 52] defend +0 cost=1 affliction=None enchantment=None in_vocab=True
  [ 53] defend +0 cost=1 affliction=None enchantment=None in_vocab=True
  [ 54] defend +0 cost=1 affliction=None enchantment=None in_vocab=True
  [ 55] defend +0 cost=1 affliction=None enchantment=None in_vocab=True
  [ 56] defend +0 cost=1 affliction=None enchantment=None in_vocab=True
  [ 57] defend +0 cost=1 affliction=None enchantment=None in_vocab=True
  [ 58] defend +0 cost=1 affliction=None enchantment=None in_vocab=True
  [ 59] defend +0 cost=1 affliction=None enchantment=None in_vocab=True
  [ 60] bash +0 cost=2 affliction=None enchantment='sharp' in_vocab=True
  [ 61] bash +0 cost=2 affliction=None enchantment='sharp' in_vocab=True
  [ 62] ascenders_bane +0 cost=-1 affliction=None enchantment=None in_vocab=True
  [ 63] ascenders_bane +0 cost=-1 affliction=None enchantment=None in_vocab=True
  [ 64] cinder +0 cost=2 affliction=None enchantment=None in_vocab=True
  [ 65] cinder +0 cost=2 affliction=None enchantment=None in_vocab=True
  [ 66] stampede +0 cost=2 affliction=None enchantment=None in_vocab=True
  [ 67] stampede +0 cost=2 affliction=None enchantment=None in_vocab=True
  [ 68] perfected_strike +0 cost=2 affliction=None enchantment=None in_vocab=True
  [ 69] perfected_strike +0 cost=2 affliction=None enchantment=None in_vocab=True
  [ 70] primal_force +0 cost=0 affliction=None enchantment=None in_vocab=True
  [ 71] primal_force +0 cost=0 affliction=None enchantment=None in_vocab=True
  [ 72] battle_trance +0 cost=0 affliction=None enchantment=None in_vocab=True
  [ 73] battle_trance +0 cost=0 affliction=None enchantment=None in_vocab=True
  [ 74] fight_me +0 cost=2 affliction=None enchantment=None in_vocab=True
  [ 75] fight_me +0 cost=2 affliction=None enchantment=None in_vocab=True
  [ 76] pommel_strike +0 cost=1 affliction=None enchantment=None in_vocab=True
  [ 77] pommel_strike +0 cost=1 affliction=None enchantment=None in_vocab=True
  [ 78] pommel_strike +0 cost=1 affliction=None enchantment=None in_vocab=True
  [ 79] pommel_strike +0 cost=1 affliction=None enchantment=None in_vocab=True
  [ 80] rage +0 cost=0 affliction=None enchantment=None in_vocab=True
  [ 81] rage +0 cost=0 affliction=None enchantment=None in_vocab=True
  [ 82] rage +0 cost=0 affliction=None enchantment=None in_vocab=True
  [ 83] rage +0 cost=0 affliction=None enchantment=None in_vocab=True
  [ 84] aggression +0 cost=1 affliction=None enchantment=None in_vocab=True
  [ 85] aggression +0 cost=1 affliction=None enchantment=None in_vocab=True
  [ 86] pommel_strike +1 cost=1 affliction=None enchantment=None in_vocab=True
  [ 87] pommel_strike +1 cost=1 affliction=None enchantment=None in_vocab=True
  [ 88] whirlwind +0 cost=0 affliction=None enchantment=None in_vocab=True
  [ 89] whirlwind +0 cost=0 affliction=None enchantment=None in_vocab=True
  [ 90] sword_boomerang +0 cost=1 affliction=None enchantment=None in_vocab=True
  [ 91] sword_boomerang +0 cost=1 affliction=None enchantment=None in_vocab=True
  [ 92] metamorphosis +0 cost=2 affliction=None enchantment=None in_vocab=True
  [ 93] metamorphosis +0 cost=2 affliction=None enchantment=None in_vocab=True
  [ 94] taunt +0 cost=1 affliction=None enchantment=None in_vocab=True
  [ 95] taunt +0 cost=1 affliction=None enchantment=None in_vocab=True
  [ 96] pommel_strike +0 cost=1 affliction=None enchantment=None in_vocab=True
  [ 97] pommel_strike +0 cost=1 affliction=None enchantment=None in_vocab=True
  [ 98] anger +0 cost=0 affliction=None enchantment=None in_vocab=True
  [ 99] anger +0 cost=0 affliction=None enchantment=None in_vocab=True
  [100] anger +0 cost=0 affliction=None enchantment=None in_vocab=True
  [101] anger +0 cost=0 affliction=None enchantment=None in_vocab=True
  [102] inflame +0 cost=1 affliction=None enchantment=None in_vocab=True
  [103] inflame +0 cost=1 affliction=None enchantment=None in_vocab=True
  [104] inflame +0 cost=1 affliction=None enchantment=None in_vocab=True
  [105] inflame +0 cost=1 affliction=None enchantment=None in_vocab=True
  [106] thrash +0 cost=1 affliction=None enchantment=None in_vocab=True
  [107] thrash +0 cost=1 affliction=None enchantment=None in_vocab=True
  [108] thrash +0 cost=1 affliction=None enchantment=None in_vocab=True
  [109] thrash +0 cost=1 affliction=None enchantment=None in_vocab=True
  [110] cinder +0 cost=2 affliction=None enchantment=None in_vocab=True
  [111] cinder +0 cost=2 affliction=None enchantment=None in_vocab=True
  [112] cinder +0 cost=2 affliction=None enchantment=None in_vocab=True
  [113] cinder +0 cost=2 affliction=None enchantment=None in_vocab=True
  [114] feed +0 cost=1 affliction=None enchantment=None in_vocab=True
  [115] feed +0 cost=1 affliction=None enchantment=None in_vocab=True
  [116] feed +0 cost=1 affliction=None enchantment=None in_vocab=True
  [117] feed +0 cost=1 affliction=None enchantment=None in_vocab=True
  [118] perfected_strike +0 cost=2 affliction=None enchantment=None in_vocab=True
  [119] perfected_strike +0 cost=2 affliction=None enchantment=None in_vocab=True
  [120] perfected_strike +0 cost=2 affliction=None enchantment=None in_vocab=True
  [121] perfected_strike +0 cost=2 affliction=None enchantment=None in_vocab=True
  [122] breakthrough +0 cost=1 affliction=None enchantment=None in_vocab=True
  [123] breakthrough +0 cost=1 affliction=None enchantment=None in_vocab=True
  [124] breakthrough +0 cost=1 affliction=None enchantment=None in_vocab=True
  [125] breakthrough +0 cost=1 affliction=None enchantment=None in_vocab=True
  [126] bad_luck +0 cost=-1 affliction=None enchantment=None in_vocab=True
  [127] bad_luck +0 cost=-1 affliction=None enchantment=None in_vocab=True
  counts: aggressionx3, angerx6, ascenders_banex3, bad_luckx2, bashx3, battle_trancex3, breakthroughx6, cinderx9, defendx12, feedx6, fight_mex3, inflamex6, metamorphosisx3, perfected_strikex9, pommel_strikex12, primal_forcex3, ragex6, stampedex3, strikex15, sword_boomerangx3, tauntx3, thrashx6, whirlwindx3
run.deck overflow: 107 cards exceeds cap 96
  seed=None act_index=2 total_floor=33
  [  0] strike +0 cost=1 affliction=None enchantment=None in_vocab=True
  [  1] strike +0 cost=1 affliction=None enchantment=None in_vocab=True
  [  2] strike +0 cost=1 affliction=None enchantment=None in_vocab=True
  [  3] strike +0 cost=1 affliction=None enchantment=None in_vocab=True
  [  4] strike +0 cost=1 affliction=None enchantment=None in_vocab=True
  [  5] defend +0 cost=1 affliction=None enchantment=None in_vocab=True
  [  6] defend +0 cost=1 affliction=None enchantment=None in_vocab=True
  [  7] defend +0 cost=1 affliction=None enchantment=None in_vocab=True
  [  8] defend +0 cost=1 affliction=None enchantment=None in_vocab=True
  [  9] bash +0 cost=2 affliction=None enchantment=None in_vocab=True
  [ 10] ascenders_bane +0 cost=-1 affliction=None enchantment=None in_vocab=True
  [ 11] pommel_strike +0 cost=1 affliction=None enchantment=None in_vocab=True
  [ 12] sword_boomerang +0 cost=1 affliction=None enchantment=None in_vocab=True
  [ 13] expect_a_fight +0 cost=2 affliction=None enchantment=None in_vocab=True
  [ 14] setup_strike +0 cost=1 affliction=None enchantment=None in_vocab=True
  [ 15] shrug_it_off +0 cost=1 affliction=None enchantment=None in_vocab=True
  [ 16] pommel_strike +0 cost=1 affliction=None enchantment=None in_vocab=True
  [ 17] molten_fist +0 cost=1 affliction=None enchantment=None in_vocab=True
  [ 18] stampede +0 cost=2 affliction=None enchantment=None in_vocab=True
  [ 19] sword_boomerang +0 cost=1 affliction=None enchantment=None in_vocab=True
  [ 20] tremble +0 cost=1 affliction=None enchantment=None in_vocab=True
  [ 21] dominate +0 cost=1 affliction=None enchantment=None in_vocab=True
  [ 22] battle_trance +0 cost=0 affliction=None enchantment=None in_vocab=True
  [ 23] clumsy +0 cost=-1 affliction=None enchantment=None in_vocab=True
  [ 24] anger +0 cost=0 affliction=None enchantment=None in_vocab=True
  [ 25] pommel_strike +0 cost=1 affliction=None enchantment=None in_vocab=True
  [ 26] pommel_strike +0 cost=1 affliction=None enchantment=None in_vocab=True
  [ 27] stone_armor +0 cost=1 affliction=None enchantment=None in_vocab=True
  [ 28] stone_armor +0 cost=1 affliction=None enchantment=None in_vocab=True
  [ 29] whirlwind +0 cost=0 affliction=None enchantment=None in_vocab=True
  [ 30] whirlwind +0 cost=0 affliction=None enchantment=None in_vocab=True
  [ 31] mangle +0 cost=3 affliction=None enchantment=None in_vocab=True
  [ 32] mangle +0 cost=3 affliction=None enchantment=None in_vocab=True
  [ 33] anger +1 cost=0 affliction=None enchantment=None in_vocab=True
  [ 34] anger +1 cost=0 affliction=None enchantment=None in_vocab=True
  [ 35] strike +0 cost=1 affliction=None enchantment=None in_vocab=True
  [ 36] strike +0 cost=1 affliction=None enchantment=None in_vocab=True
  [ 37] strike +0 cost=1 affliction=None enchantment=None in_vocab=True
  [ 38] strike +0 cost=1 affliction=None enchantment=None in_vocab=True
  [ 39] strike +0 cost=1 affliction=None enchantment=None in_vocab=True
  [ 40] strike +0 cost=1 affliction=None enchantment=None in_vocab=True
  [ 41] strike +0 cost=1 affliction=None enchantment=None in_vocab=True
  [ 42] strike +0 cost=1 affliction=None enchantment=None in_vocab=True
  [ 43] strike +0 cost=1 affliction=None enchantment=None in_vocab=True
  [ 44] strike +0 cost=1 affliction=None enchantment=None in_vocab=True
  [ 45] defend +0 cost=1 affliction=None enchantment=None in_vocab=True
  [ 46] defend +0 cost=1 affliction=None enchantment=None in_vocab=True
  [ 47] defend +0 cost=1 affliction=None enchantment=None in_vocab=True
  [ 48] defend +0 cost=1 affliction=None enchantment=None in_vocab=True
  [ 49] defend +0 cost=1 affliction=None enchantment=None in_vocab=True
  [ 50] defend +0 cost=1 affliction=None enchantment=None in_vocab=True
  [ 51] defend +0 cost=1 affliction=None enchantment=None in_vocab=True
  [ 52] defend +0 cost=1 affliction=None enchantment=None in_vocab=True
  [ 53] bash +0 cost=2 affliction=None enchantment=None in_vocab=True
  [ 54] bash +0 cost=2 affliction=None enchantment=None in_vocab=True
  [ 55] ascenders_bane +0 cost=-1 affliction=None enchantment=None in_vocab=True
  [ 56] ascenders_bane +0 cost=-1 affliction=None enchantment=None in_vocab=True
  [ 57] pommel_strike +0 cost=1 affliction=None enchantment=None in_vocab=True
  [ 58] pommel_strike +0 cost=1 affliction=None enchantment=None in_vocab=True
  [ 59] sword_boomerang +0 cost=1 affliction=None enchantment=None in_vocab=True
  [ 60] sword_boomerang +0 cost=1 affliction=None enchantment=None in_vocab=True
  [ 61] expect_a_fight +0 cost=2 affliction=None enchantment=None in_vocab=True
  [ 62] expect_a_fight +0 cost=2 affliction=None enchantment=None in_vocab=True
  [ 63] setup_strike +0 cost=1 affliction=None enchantment=None in_vocab=True
  [ 64] setup_strike +0 cost=1 affliction=None enchantment=None in_vocab=True
  [ 65] shrug_it_off +0 cost=1 affliction=None enchantment=None in_vocab=True
  [ 66] shrug_it_off +0 cost=1 affliction=None enchantment=None in_vocab=True
  [ 67] pommel_strike +0 cost=1 affliction=None enchantment=None in_vocab=True
  [ 68] pommel_strike +0 cost=1 affliction=None enchantment=None in_vocab=True
  [ 69] molten_fist +0 cost=1 affliction=None enchantment=None in_vocab=True
  [ 70] molten_fist +0 cost=1 affliction=None enchantment=None in_vocab=True
  [ 71] stampede +1 cost=1 affliction=None enchantment=None in_vocab=True
  [ 72] stampede +1 cost=1 affliction=None enchantment=None in_vocab=True
  [ 73] sword_boomerang +0 cost=1 affliction=None enchantment=None in_vocab=True
  [ 74] sword_boomerang +0 cost=1 affliction=None enchantment=None in_vocab=True
  [ 75] tremble +0 cost=1 affliction=None enchantment=None in_vocab=True
  [ 76] tremble +0 cost=1 affliction=None enchantment=None in_vocab=True
  [ 77] dominate +0 cost=1 affliction=None enchantment=None in_vocab=True
  [ 78] dominate +0 cost=1 affliction=None enchantment=None in_vocab=True
  [ 79] battle_trance +0 cost=0 affliction=None enchantment=None in_vocab=True
  [ 80] battle_trance +0 cost=0 affliction=None enchantment=None in_vocab=True
  [ 81] clumsy +0 cost=-1 affliction=None enchantment=None in_vocab=True
  [ 82] clumsy +0 cost=-1 affliction=None enchantment=None in_vocab=True
  [ 83] anger +0 cost=0 affliction=None enchantment=None in_vocab=True
  [ 84] anger +0 cost=0 affliction=None enchantment=None in_vocab=True
  [ 85] pommel_strike +0 cost=1 affliction=None enchantment=None in_vocab=True
  [ 86] pommel_strike +0 cost=1 affliction=None enchantment=None in_vocab=True
  [ 87] pommel_strike +0 cost=1 affliction=None enchantment=None in_vocab=True
  [ 88] pommel_strike +0 cost=1 affliction=None enchantment=None in_vocab=True
  [ 89] stone_armor +1 cost=1 affliction=None enchantment=None in_vocab=True
  [ 90] stone_armor +1 cost=1 affliction=None enchantment=None in_vocab=True
  [ 91] stone_armor +1 cost=1 affliction=None enchantment=None in_vocab=True
  [ 92] stone_armor +1 cost=1 affliction=None enchantment=None in_vocab=True
  [ 93] whirlwind +0 cost=0 affliction=None enchantment=None in_vocab=True
  [ 94] whirlwind +0 cost=0 affliction=None enchantment=None in_vocab=True
  [ 95] whirlwind +0 cost=0 affliction=None enchantment=None in_vocab=True
  [ 96] whirlwind +0 cost=0 affliction=None enchantment=None in_vocab=True
  [ 97] mangle +0 cost=3 affliction=None enchantment=None in_vocab=True
  [ 98] mangle +0 cost=3 affliction=None enchantment=None in_vocab=True
  [ 99] mangle +0 cost=3 affliction=None enchantment=None in_vocab=True
  [100] mangle +0 cost=3 affliction=None enchantment=None in_vocab=True
  [101] anger +1 cost=0 affliction=None enchantment=None in_vocab=True
  [102] anger +1 cost=0 affliction=None enchantment=None in_vocab=True
  [103] anger +1 cost=0 affliction=None enchantment=None in_vocab=True
  [104] anger +1 cost=0 affliction=None enchantment=None in_vocab=True
  [105] bad_luck +0 cost=-1 affliction=None enchantment=None in_vocab=True
  [106] bad_luck +0 cost=-1 affliction=None enchantment=None in_vocab=True
  counts: angerx9, ascenders_banex3, bad_luckx2, bashx3, battle_trancex3, clumsyx3, defendx12, dominatex3, expect_a_fightx3, manglex6, molten_fistx3, pommel_strikex12, setup_strikex3, shrug_it_offx3, stampedex3, stone_armorx6, strikex15, sword_boomerangx6, tremblex3, whirlwindx6
run.deck overflow: 98 cards exceeds cap 96
  seed=None act_index=2 total_floor=35
  [  0] strike +0 cost=1 affliction=None enchantment=None in_vocab=True
  [  1] strike +0 cost=1 affliction=None enchantment=None in_vocab=True
  [  2] strike +0 cost=1 affliction=None enchantment=None in_vocab=True
  [  3] strike +0 cost=1 affliction=None enchantment=None in_vocab=True
  [  4] strike +0 cost=1 affliction=None enchantment=None in_vocab=True
  [  5] defend +0 cost=1 affliction=None enchantment=None in_vocab=True
  [  6] defend +0 cost=1 affliction=None enchantment=None in_vocab=True
  [  7] defend +0 cost=1 affliction=None enchantment=None in_vocab=True
  [  8] defend +0 cost=1 affliction=None enchantment=None in_vocab=True
  [  9] ascenders_bane +0 cost=-1 affliction=None enchantment=None in_vocab=True
  [ 10] inflame +1 cost=1 affliction=None enchantment=None in_vocab=True
  [ 11] dramatic_entrance +0 cost=0 affliction=None enchantment=None in_vocab=True
  [ 12] omnislice +0 cost=0 affliction=None enchantment='royally_approved' in_vocab=True
  [ 13] headbutt +1 cost=1 affliction=None enchantment=None in_vocab=True
  [ 14] twin_strike +0 cost=1 affliction=None enchantment='instinct' in_vocab=True
  [ 15] dominate +0 cost=1 affliction=None enchantment='perfect_fit' in_vocab=True
  [ 16] spite +1 cost=0 affliction=None enchantment=None in_vocab=True
  [ 17] dominate +0 cost=1 affliction=None enchantment=None in_vocab=True
  [ 18] anger +1 cost=0 affliction=None enchantment=None in_vocab=True
  [ 19] hellraiser +0 cost=2 affliction=None enchantment=None in_vocab=True
  [ 20] anger +1 cost=0 affliction=None enchantment=None in_vocab=True
  [ 21] perfected_strike +1 cost=2 affliction=None enchantment=None in_vocab=True
  [ 22] metamorphosis +0 cost=2 affliction=None enchantment=None in_vocab=True
  [ 23] bully +1 cost=0 affliction=None enchantment=None in_vocab=True
  [ 24] molten_fist +1 cost=1 affliction=None enchantment=None in_vocab=True
  [ 25] molten_fist +1 cost=1 affliction=None enchantment='corrupted' in_vocab=True
  [ 26] fight_me +1 cost=2 affliction=None enchantment='instinct' in_vocab=True
  [ 27] fight_me +1 cost=2 affliction=None enchantment='instinct' in_vocab=True
  [ 28] primal_force +0 cost=0 affliction=None enchantment=None in_vocab=True
  [ 29] primal_force +0 cost=0 affliction=None enchantment=None in_vocab=True
  [ 30] dismantle +1 cost=1 affliction=None enchantment=None in_vocab=True
  [ 31] dismantle +1 cost=1 affliction=None enchantment=None in_vocab=True
  [ 32] strike +1 cost=1 affliction=None enchantment=None in_vocab=True
  [ 33] strike +1 cost=1 affliction=None enchantment=None in_vocab=True
  [ 34] strike +1 cost=1 affliction=None enchantment=None in_vocab=True
  [ 35] strike +1 cost=1 affliction=None enchantment=None in_vocab=True
  [ 36] strike +1 cost=1 affliction=None enchantment=None in_vocab=True
  [ 37] strike +1 cost=1 affliction=None enchantment=None in_vocab=True
  [ 38] strike +1 cost=1 affliction=None enchantment=None in_vocab=True
  [ 39] strike +1 cost=1 affliction=None enchantment=None in_vocab=True
  [ 40] strike +1 cost=1 affliction=None enchantment=None in_vocab=True
  [ 41] strike +1 cost=1 affliction=None enchantment=None in_vocab=True
  [ 42] defend +0 cost=1 affliction=None enchantment=None in_vocab=True
  [ 43] defend +0 cost=1 affliction=None enchantment=None in_vocab=True
  [ 44] defend +0 cost=1 affliction=None enchantment=None in_vocab=True
  [ 45] defend +0 cost=1 affliction=None enchantment=None in_vocab=True
  [ 46] defend +0 cost=1 affliction=None enchantment=None in_vocab=True
  [ 47] defend +0 cost=1 affliction=None enchantment=None in_vocab=True
  [ 48] defend +0 cost=1 affliction=None enchantment=None in_vocab=True
  [ 49] defend +0 cost=1 affliction=None enchantment=None in_vocab=True
  [ 50] ascenders_bane +0 cost=-1 affliction=None enchantment=None in_vocab=True
  [ 51] ascenders_bane +0 cost=-1 affliction=None enchantment=None in_vocab=True
  [ 52] inflame +1 cost=1 affliction=None enchantment=None in_vocab=True
  [ 53] inflame +1 cost=1 affliction=None enchantment=None in_vocab=True
  [ 54] dramatic_entrance +1 cost=0 affliction=None enchantment=None in_vocab=True
  [ 55] dramatic_entrance +1 cost=0 affliction=None enchantment=None in_vocab=True
  [ 56] omnislice +1 cost=0 affliction=None enchantment='royally_approved' in_vocab=True
  [ 57] omnislice +1 cost=0 affliction=None enchantment='royally_approved' in_vocab=True
  [ 58] headbutt +1 cost=1 affliction=None enchantment=None in_vocab=True
  [ 59] headbutt +1 cost=1 affliction=None enchantment=None in_vocab=True
  [ 60] twin_strike +1 cost=1 affliction=None enchantment='instinct' in_vocab=True
  [ 61] twin_strike +1 cost=1 affliction=None enchantment='instinct' in_vocab=True
  [ 62] dominate +0 cost=1 affliction=None enchantment='perfect_fit' in_vocab=True
  [ 63] dominate +0 cost=1 affliction=None enchantment='perfect_fit' in_vocab=True
  [ 64] spite +1 cost=0 affliction=None enchantment=None in_vocab=True
  [ 65] spite +1 cost=0 affliction=None enchantment=None in_vocab=True
  [ 66] dominate +0 cost=1 affliction=None enchantment=None in_vocab=True
  [ 67] dominate +0 cost=1 affliction=None enchantment=None in_vocab=True
  [ 68] anger +1 cost=0 affliction=None enchantment=None in_vocab=True
  [ 69] anger +1 cost=0 affliction=None enchantment=None in_vocab=True
  [ 70] hellraiser +0 cost=2 affliction=None enchantment=None in_vocab=True
  [ 71] hellraiser +0 cost=2 affliction=None enchantment=None in_vocab=True
  [ 72] anger +1 cost=0 affliction=None enchantment=None in_vocab=True
  [ 73] anger +1 cost=0 affliction=None enchantment=None in_vocab=True
  [ 74] perfected_strike +1 cost=2 affliction=None enchantment=None in_vocab=True
  [ 75] perfected_strike +1 cost=2 affliction=None enchantment=None in_vocab=True
  [ 76] metamorphosis +0 cost=2 affliction=None enchantment=None in_vocab=True
  [ 77] metamorphosis +0 cost=2 affliction=None enchantment=None in_vocab=True
  [ 78] bully +1 cost=0 affliction=None enchantment=None in_vocab=True
  [ 79] bully +1 cost=0 affliction=None enchantment=None in_vocab=True
  [ 80] molten_fist +1 cost=1 affliction=None enchantment=None in_vocab=True
  [ 81] molten_fist +1 cost=1 affliction=None enchantment=None in_vocab=True
  [ 82] molten_fist +1 cost=1 affliction=None enchantment='corrupted' in_vocab=True
  [ 83] molten_fist +1 cost=1 affliction=None enchantment='corrupted' in_vocab=True
  [ 84] fight_me +1 cost=2 affliction=None enchantment='instinct' in_vocab=True
  [ 85] fight_me +1 cost=2 affliction=None enchantment='instinct' in_vocab=True
  [ 86] fight_me +1 cost=2 affliction=None enchantment='instinct' in_vocab=True
  [ 87] fight_me +1 cost=2 affliction=None enchantment='instinct' in_vocab=True
  [ 88] primal_force +0 cost=0 affliction=None enchantment=None in_vocab=True
  [ 89] primal_force +0 cost=0 affliction=None enchantment=None in_vocab=True
  [ 90] primal_force +0 cost=0 affliction=None enchantment=None in_vocab=True
  [ 91] primal_force +0 cost=0 affliction=None enchantment=None in_vocab=True
  [ 92] dismantle +1 cost=1 affliction=None enchantment=None in_vocab=True
  [ 93] dismantle +1 cost=1 affliction=None enchantment=None in_vocab=True
  [ 94] dismantle +1 cost=1 affliction=None enchantment=None in_vocab=True
  [ 95] dismantle +1 cost=1 affliction=None enchantment=None in_vocab=True
  [ 96] bad_luck +0 cost=-1 affliction=None enchantment=None in_vocab=True
  [ 97] bad_luck +0 cost=-1 affliction=None enchantment=None in_vocab=True
  counts: angerx6, ascenders_banex3, bad_luckx2, bullyx3, defendx12, dismantlex6, dominatex6, dramatic_entrancex3, fight_mex6, headbuttx3, hellraiserx3, inflamex3, metamorphosisx3, molten_fistx6, omnislicex3, perfected_strikex3, primal_forcex6, spitex3, strikex15, twin_strikex3
run.deck overflow: 104 cards exceeds cap 96
  seed=None act_index=2 total_floor=33
  [  0] strike +0 cost=1 affliction=None enchantment=None in_vocab=True
  [  1] strike +0 cost=1 affliction=None enchantment=None in_vocab=True
  [  2] strike +0 cost=1 affliction=None enchantment=None in_vocab=True
  [  3] strike +0 cost=1 affliction=None enchantment=None in_vocab=True
  [  4] strike +1 cost=1 affliction=None enchantment=None in_vocab=True
  [  5] defend +0 cost=1 affliction=None enchantment=None in_vocab=True
  [  6] defend +1 cost=1 affliction=None enchantment=None in_vocab=True
  [  7] defend +0 cost=1 affliction=None enchantment=None in_vocab=True
  [  8] defend +0 cost=1 affliction=None enchantment=None in_vocab=True
  [  9] bash +0 cost=2 affliction=None enchantment=None in_vocab=True
  [ 10] ascenders_bane +0 cost=-1 affliction=None enchantment=None in_vocab=True
  [ 11] spite +0 cost=0 affliction=None enchantment=None in_vocab=True
  [ 12] finesse +1 cost=0 affliction=None enchantment=None in_vocab=True
  [ 13] feeding_frenzy +1 cost=0 affliction=None enchantment=None in_vocab=True
  [ 14] dismantle +0 cost=1 affliction=None enchantment=None in_vocab=True
  [ 15] setup_strike +1 cost=1 affliction=None enchantment=None in_vocab=True
  [ 16] anger +1 cost=0 affliction=None enchantment=None in_vocab=True
  [ 17] stomp +0 cost=3 affliction=None enchantment=None in_vocab=True
  [ 18] twin_strike +0 cost=1 affliction=None enchantment='vigorous' in_vocab=True
  [ 19] breakthrough +0 cost=1 affliction=None enchantment=None in_vocab=True
  [ 20] stomp +0 cost=3 affliction=None enchantment=None in_vocab=True
  [ 21] mangle +0 cost=3 affliction=None enchantment=None in_vocab=True
  [ 22] infernal_blade +0 cost=1 affliction=None enchantment=None in_vocab=True
  [ 23] bloodletting +0 cost=0 affliction=None enchantment=None in_vocab=True
  [ 24] unrelenting +0 cost=2 affliction=None enchantment=None in_vocab=True
  [ 25] stomp +0 cost=3 affliction=None enchantment=None in_vocab=True
  [ 26] dismantle +0 cost=1 affliction=None enchantment=None in_vocab=True
  [ 27] headbutt +0 cost=1 affliction=None enchantment=None in_vocab=True
  [ 28] stampede +1 cost=1 affliction=None enchantment=None in_vocab=True
  [ 29] stampede +1 cost=1 affliction=None enchantment=None in_vocab=True
  [ 30] conflagration +0 cost=1 affliction=None enchantment=None in_vocab=True
  [ 31] conflagration +0 cost=1 affliction=None enchantment=None in_vocab=True
  [ 32] molten_fist +0 cost=1 affliction=None enchantment=None in_vocab=True
  [ 33] molten_fist +0 cost=1 affliction=None enchantment=None in_vocab=True
  [ 34] strike +0 cost=1 affliction=None enchantment=None in_vocab=True
  [ 35] strike +0 cost=1 affliction=None enchantment=None in_vocab=True
  [ 36] strike +0 cost=1 affliction=None enchantment=None in_vocab=True
  [ 37] strike +0 cost=1 affliction=None enchantment=None in_vocab=True
  [ 38] strike +0 cost=1 affliction=None enchantment=None in_vocab=True
  [ 39] strike +0 cost=1 affliction=None enchantment=None in_vocab=True
  [ 40] strike +0 cost=1 affliction=None enchantment=None in_vocab=True
  [ 41] strike +0 cost=1 affliction=None enchantment=None in_vocab=True
  [ 42] strike +1 cost=1 affliction=None enchantment=None in_vocab=True
  [ 43] strike +1 cost=1 affliction=None enchantment=None in_vocab=True
  [ 44] defend +0 cost=1 affliction=None enchantment=None in_vocab=True
  [ 45] defend +0 cost=1 affliction=None enchantment=None in_vocab=True
  [ 46] defend +1 cost=1 affliction=None enchantment=None in_vocab=True
  [ 47] defend +1 cost=1 affliction=None enchantment=None in_vocab=True
  [ 48] defend +0 cost=1 affliction=None enchantment=None in_vocab=True
  [ 49] defend +0 cost=1 affliction=None enchantment=None in_vocab=True
  [ 50] defend +0 cost=1 affliction=None enchantment=None in_vocab=True
  [ 51] defend +0 cost=1 affliction=None enchantment=None in_vocab=True
  [ 52] bash +0 cost=2 affliction=None enchantment=None in_vocab=True
  [ 53] bash +0 cost=2 affliction=None enchantment=None in_vocab=True
  [ 54] ascenders_bane +0 cost=-1 affliction=None enchantment=None in_vocab=True
  [ 55] ascenders_bane +0 cost=-1 affliction=None enchantment=None in_vocab=True
  [ 56] spite +0 cost=0 affliction=None enchantment=None in_vocab=True
  [ 57] spite +0 cost=0 affliction=None enchantment=None in_vocab=True
  [ 58] finesse +1 cost=0 affliction=None enchantment=None in_vocab=True
  [ 59] finesse +1 cost=0 affliction=None enchantment=None in_vocab=True
  [ 60] feeding_frenzy +1 cost=0 affliction=None enchantment=None in_vocab=True
  [ 61] feeding_frenzy +1 cost=0 affliction=None enchantment=None in_vocab=True
  [ 62] dismantle +0 cost=1 affliction=None enchantment=None in_vocab=True
  [ 63] dismantle +0 cost=1 affliction=None enchantment=None in_vocab=True
  [ 64] setup_strike +1 cost=1 affliction=None enchantment=None in_vocab=True
  [ 65] setup_strike +1 cost=1 affliction=None enchantment=None in_vocab=True
  [ 66] anger +1 cost=0 affliction=None enchantment=None in_vocab=True
  [ 67] anger +1 cost=0 affliction=None enchantment=None in_vocab=True
  [ 68] stomp +0 cost=3 affliction=None enchantment=None in_vocab=True
  [ 69] stomp +0 cost=3 affliction=None enchantment=None in_vocab=True
  [ 70] twin_strike +0 cost=1 affliction=None enchantment='vigorous' in_vocab=True
  [ 71] twin_strike +0 cost=1 affliction=None enchantment='vigorous' in_vocab=True
  [ 72] breakthrough +0 cost=1 affliction=None enchantment=None in_vocab=True
  [ 73] breakthrough +0 cost=1 affliction=None enchantment=None in_vocab=True
  [ 74] stomp +0 cost=3 affliction=None enchantment=None in_vocab=True
  [ 75] stomp +0 cost=3 affliction=None enchantment=None in_vocab=True
  [ 76] mangle +0 cost=3 affliction=None enchantment=None in_vocab=True
  [ 77] mangle +0 cost=3 affliction=None enchantment=None in_vocab=True
  [ 78] infernal_blade +0 cost=1 affliction=None enchantment=None in_vocab=True
  [ 79] infernal_blade +0 cost=1 affliction=None enchantment=None in_vocab=True
  [ 80] bloodletting +0 cost=0 affliction=None enchantment=None in_vocab=True
  [ 81] bloodletting +0 cost=0 affliction=None enchantment=None in_vocab=True
  [ 82] unrelenting +0 cost=2 affliction=None enchantment=None in_vocab=True
  [ 83] unrelenting +0 cost=2 affliction=None enchantment=None in_vocab=True
  [ 84] stomp +0 cost=3 affliction=None enchantment=None in_vocab=True
  [ 85] stomp +0 cost=3 affliction=None enchantment=None in_vocab=True
  [ 86] dismantle +0 cost=1 affliction=None enchantment=None in_vocab=True
  [ 87] dismantle +0 cost=1 affliction=None enchantment=None in_vocab=True
  [ 88] headbutt +0 cost=1 affliction=None enchantment=None in_vocab=True
  [ 89] headbutt +0 cost=1 affliction=None enchantment=None in_vocab=True
  [ 90] stampede +1 cost=1 affliction=None enchantment=None in_vocab=True
  [ 91] stampede +1 cost=1 affliction=None enchantment=None in_vocab=True
  [ 92] stampede +1 cost=1 affliction=None enchantment=None in_vocab=True
  [ 93] stampede +1 cost=1 affliction=None enchantment=None in_vocab=True
  [ 94] conflagration +0 cost=1 affliction=None enchantment=None in_vocab=True
  [ 95] conflagration +0 cost=1 affliction=None enchantment=None in_vocab=True
  [ 96] conflagration +0 cost=1 affliction=None enchantment=None in_vocab=True
  [ 97] conflagration +0 cost=1 affliction=None enchantment=None in_vocab=True
  [ 98] molten_fist +0 cost=1 affliction=None enchantment=None in_vocab=True
  [ 99] molten_fist +0 cost=1 affliction=None enchantment=None in_vocab=True
  [100] molten_fist +0 cost=1 affliction=None enchantment=None in_vocab=True
  [101] molten_fist +0 cost=1 affliction=None enchantment=None in_vocab=True
  [102] bad_luck +0 cost=-1 affliction=None enchantment=None in_vocab=True
  [103] bad_luck +0 cost=-1 affliction=None enchantment=None in_vocab=True
  counts: angerx3, ascenders_banex3, bad_luckx2, bashx3, bloodlettingx3, breakthroughx3, conflagrationx6, defendx12, dismantlex6, feeding_frenzyx3, finessex3, headbuttx3, infernal_bladex3, manglex3, molten_fistx6, setup_strikex3, spitex3, stampedex6, stompx9, strikex15, twin_strikex3, unrelentingx3
run.deck overflow: 116 cards exceeds cap 96
  seed=None act_index=2 total_floor=33
  [  0] strike +0 cost=1 affliction=None enchantment=None in_vocab=True
  [  1] strike +0 cost=1 affliction=None enchantment=None in_vocab=True
  [  2] strike +0 cost=1 affliction=None enchantment=None in_vocab=True
  [  3] defend +0 cost=1 affliction=None enchantment=None in_vocab=True
  [  4] defend +0 cost=1 affliction=None enchantment=None in_vocab=True
  [  5] defend +0 cost=1 affliction=None enchantment=None in_vocab=True
  [  6] defend +0 cost=1 affliction=None enchantment=None in_vocab=True
  [  7] bash +0 cost=2 affliction=None enchantment=None in_vocab=True
  [  8] ascenders_bane +0 cost=-1 affliction=None enchantment=None in_vocab=True
  [  9] unrelenting +1 cost=2 affliction=None enchantment=None in_vocab=True
  [ 10] unrelenting +1 cost=2 affliction=None enchantment=None in_vocab=True
  [ 11] fight_me +1 cost=2 affliction=None enchantment=None in_vocab=True
  [ 12] dominate +0 cost=1 affliction=None enchantment=None in_vocab=True
  [ 13] twin_strike +1 cost=1 affliction=None enchantment=None in_vocab=True
  [ 14] spite +0 cost=0 affliction=None enchantment=None in_vocab=True
  [ 15] crimson_mantle +0 cost=1 affliction=None enchantment=None in_vocab=True
  [ 16] bludgeon +0 cost=3 affliction=None enchantment=None in_vocab=True
  [ 17] dominate +0 cost=1 affliction=None enchantment=None in_vocab=True
  [ 18] impervious +0 cost=2 affliction=None enchantment=None in_vocab=True
  [ 19] twin_strike +0 cost=1 affliction=None enchantment=None in_vocab=True
  [ 20] anger +0 cost=0 affliction=None enchantment=None in_vocab=True
  [ 21] anger +0 cost=0 affliction=None enchantment=None in_vocab=True
  [ 22] ultimate_strike +0 cost=1 affliction=None enchantment=None in_vocab=True
  [ 23] ultimate_strike +0 cost=1 affliction=None enchantment=None in_vocab=True
  [ 24] perfected_strike +0 cost=2 affliction=None enchantment=None in_vocab=True
  [ 25] perfected_strike +0 cost=2 affliction=None enchantment=None in_vocab=True
  [ 26] anger +0 cost=0 affliction=None enchantment=None in_vocab=True
  [ 27] anger +0 cost=0 affliction=None enchantment=None in_vocab=True
  [ 28] unrelenting +0 cost=2 affliction=None enchantment=None in_vocab=True
  [ 29] unrelenting +0 cost=2 affliction=None enchantment=None in_vocab=True
  [ 30] fight_me +0 cost=2 affliction=None enchantment=None in_vocab=True
  [ 31] fight_me +0 cost=2 affliction=None enchantment=None in_vocab=True
  [ 32] offering +0 cost=0 affliction=None enchantment=None in_vocab=True
  [ 33] offering +0 cost=0 affliction=None enchantment=None in_vocab=True
  [ 34] enthralled +0 cost=2 affliction=None enchantment=None in_vocab=True
  [ 35] enthralled +0 cost=2 affliction=None enchantment=None in_vocab=True
  [ 36] molten_fist +0 cost=1 affliction=None enchantment=None in_vocab=True
  [ 37] molten_fist +0 cost=1 affliction=None enchantment=None in_vocab=True
  [ 38] strike +0 cost=1 affliction=None enchantment=None in_vocab=True
  [ 39] strike +0 cost=1 affliction=None enchantment=None in_vocab=True
  [ 40] strike +0 cost=1 affliction=None enchantment=None in_vocab=True
  [ 41] strike +0 cost=1 affliction=None enchantment=None in_vocab=True
  [ 42] strike +0 cost=1 affliction=None enchantment=None in_vocab=True
  [ 43] strike +0 cost=1 affliction=None enchantment=None in_vocab=True
  [ 44] defend +0 cost=1 affliction=None enchantment=None in_vocab=True
  [ 45] defend +0 cost=1 affliction=None enchantment=None in_vocab=True
  [ 46] defend +0 cost=1 affliction=None enchantment=None in_vocab=True
  [ 47] defend +0 cost=1 affliction=None enchantment=None in_vocab=True
  [ 48] defend +0 cost=1 affliction=None enchantment=None in_vocab=True
  [ 49] defend +0 cost=1 affliction=None enchantment=None in_vocab=True
  [ 50] defend +0 cost=1 affliction=None enchantment=None in_vocab=True
  [ 51] defend +0 cost=1 affliction=None enchantment=None in_vocab=True
  [ 52] bash +0 cost=2 affliction=None enchantment=None in_vocab=True
  [ 53] bash +0 cost=2 affliction=None enchantment=None in_vocab=True
  [ 54] ascenders_bane +0 cost=-1 affliction=None enchantment=None in_vocab=True
  [ 55] ascenders_bane +0 cost=-1 affliction=None enchantment=None in_vocab=True
  [ 56] unrelenting +1 cost=2 affliction=None enchantment=None in_vocab=True
  [ 57] unrelenting +1 cost=2 affliction=None enchantment=None in_vocab=True
  [ 58] unrelenting +1 cost=2 affliction=None enchantment=None in_vocab=True
  [ 59] unrelenting +1 cost=2 affliction=None enchantment=None in_vocab=True
  [ 60] fight_me +1 cost=2 affliction=None enchantment=None in_vocab=True
  [ 61] fight_me +1 cost=2 affliction=None enchantment=None in_vocab=True
  [ 62] dominate +0 cost=1 affliction=None enchantment=None in_vocab=True
  [ 63] dominate +0 cost=1 affliction=None enchantment=None in_vocab=True
  [ 64] twin_strike +1 cost=1 affliction=None enchantment=None in_vocab=True
  [ 65] twin_strike +1 cost=1 affliction=None enchantment=None in_vocab=True
  [ 66] spite +0 cost=0 affliction=None enchantment=None in_vocab=True
  [ 67] spite +0 cost=0 affliction=None enchantment=None in_vocab=True
  [ 68] crimson_mantle +0 cost=1 affliction=None enchantment=None in_vocab=True
  [ 69] crimson_mantle +0 cost=1 affliction=None enchantment=None in_vocab=True
  [ 70] bludgeon +0 cost=3 affliction=None enchantment=None in_vocab=True
  [ 71] bludgeon +0 cost=3 affliction=None enchantment=None in_vocab=True
  [ 72] dominate +0 cost=1 affliction=None enchantment=None in_vocab=True
  [ 73] dominate +0 cost=1 affliction=None enchantment=None in_vocab=True
  [ 74] impervious +0 cost=2 affliction=None enchantment=None in_vocab=True
  [ 75] impervious +0 cost=2 affliction=None enchantment=None in_vocab=True
  [ 76] twin_strike +0 cost=1 affliction=None enchantment=None in_vocab=True
  [ 77] twin_strike +0 cost=1 affliction=None enchantment=None in_vocab=True
  [ 78] anger +0 cost=0 affliction=None enchantment=None in_vocab=True
  [ 79] anger +0 cost=0 affliction=None enchantment=None in_vocab=True
  [ 80] anger +0 cost=0 affliction=None enchantment=None in_vocab=True
  [ 81] anger +0 cost=0 affliction=None enchantment=None in_vocab=True
  [ 82] ultimate_strike +0 cost=1 affliction=None enchantment=None in_vocab=True
  [ 83] ultimate_strike +0 cost=1 affliction=None enchantment=None in_vocab=True
  [ 84] ultimate_strike +0 cost=1 affliction=None enchantment=None in_vocab=True
  [ 85] ultimate_strike +0 cost=1 affliction=None enchantment=None in_vocab=True
  [ 86] perfected_strike +0 cost=2 affliction=None enchantment=None in_vocab=True
  [ 87] perfected_strike +0 cost=2 affliction=None enchantment=None in_vocab=True
  [ 88] perfected_strike +0 cost=2 affliction=None enchantment=None in_vocab=True
  [ 89] perfected_strike +0 cost=2 affliction=None enchantment=None in_vocab=True
  [ 90] anger +0 cost=0 affliction=None enchantment=None in_vocab=True
  [ 91] anger +0 cost=0 affliction=None enchantment=None in_vocab=True
  [ 92] anger +0 cost=0 affliction=None enchantment=None in_vocab=True
  [ 93] anger +0 cost=0 affliction=None enchantment=None in_vocab=True
  [ 94] unrelenting +0 cost=2 affliction=None enchantment=None in_vocab=True
  [ 95] unrelenting +0 cost=2 affliction=None enchantment=None in_vocab=True
  [ 96] unrelenting +0 cost=2 affliction=None enchantment=None in_vocab=True
  [ 97] unrelenting +0 cost=2 affliction=None enchantment=None in_vocab=True
  [ 98] fight_me +0 cost=2 affliction=None enchantment=None in_vocab=True
  [ 99] fight_me +0 cost=2 affliction=None enchantment=None in_vocab=True
  [100] fight_me +0 cost=2 affliction=None enchantment=None in_vocab=True
  [101] fight_me +0 cost=2 affliction=None enchantment=None in_vocab=True
  [102] offering +0 cost=0 affliction=None enchantment=None in_vocab=True
  [103] offering +0 cost=0 affliction=None enchantment=None in_vocab=True
  [104] offering +0 cost=0 affliction=None enchantment=None in_vocab=True
  [105] offering +0 cost=0 affliction=None enchantment=None in_vocab=True
  [106] enthralled +0 cost=2 affliction=None enchantment=None in_vocab=True
  [107] enthralled +0 cost=2 affliction=None enchantment=None in_vocab=True
  [108] enthralled +0 cost=2 affliction=None enchantment=None in_vocab=True
  [109] enthralled +0 cost=2 affliction=None enchantment=None in_vocab=True
  [110] molten_fist +0 cost=1 affliction=None enchantment=None in_vocab=True
  [111] molten_fist +0 cost=1 affliction=None enchantment=None in_vocab=True
  [112] molten_fist +0 cost=1 affliction=None enchantment=None in_vocab=True
  [113] molten_fist +0 cost=1 affliction=None enchantment=None in_vocab=True
  [114] bad_luck +0 cost=-1 affliction=None enchantment=None in_vocab=True
  [115] bad_luck +0 cost=-1 affliction=None enchantment=None in_vocab=True
  counts: angerx12, ascenders_banex3, bad_luckx2, bashx3, bludgeonx3, crimson_mantlex3, defendx12, dominatex6, enthralledx6, fight_mex9, imperviousx3, molten_fistx6, offeringx6, perfected_strikex6, spitex3, strikex9, twin_strikex6, ultimate_strikex6, unrelentingx12
run.deck overflow: 107 cards exceeds cap 96
  seed=None act_index=2 total_floor=35
  [  0] strike +0 cost=1 affliction=None enchantment=None in_vocab=True
  [  1] strike +0 cost=1 affliction=None enchantment=None in_vocab=True
  [  2] strike +0 cost=1 affliction=None enchantment=None in_vocab=True
  [  3] strike +0 cost=1 affliction=None enchantment=None in_vocab=True
  [  4] strike +0 cost=1 affliction=None enchantment=None in_vocab=True
  [  5] defend +0 cost=1 affliction=None enchantment=None in_vocab=True
  [  6] defend +0 cost=1 affliction=None enchantment=None in_vocab=True
  [  7] defend +0 cost=1 affliction=None enchantment=None in_vocab=True
  [  8] defend +0 cost=1 affliction=None enchantment=None in_vocab=True
  [  9] bash +0 cost=2 affliction=None enchantment=None in_vocab=True
  [ 10] ascenders_bane +0 cost=-1 affliction=None enchantment=None in_vocab=True
  [ 11] perfected_strike +0 cost=2 affliction=None enchantment=None in_vocab=True
  [ 12] fight_me +0 cost=2 affliction=None enchantment=None in_vocab=True
  [ 13] thunderclap +0 cost=1 affliction=None enchantment=None in_vocab=True
  [ 14] spite +0 cost=0 affliction=None enchantment=None in_vocab=True
  [ 15] dominate +0 cost=1 affliction=None enchantment=None in_vocab=True
  [ 16] unrelenting +0 cost=2 affliction=None enchantment=None in_vocab=True
  [ 17] rebound +0 cost=1 affliction=None enchantment=None in_vocab=True
  [ 18] crimson_mantle +0 cost=1 affliction=None enchantment=None in_vocab=True
  [ 19] infernal_blade +0 cost=1 affliction=None enchantment=None in_vocab=True
  [ 20] bully +0 cost=0 affliction=None enchantment='vigorous' in_vocab=True
  [ 21] fisticuffs +0 cost=1 affliction=None enchantment=None in_vocab=True
  [ 22] sword_boomerang +0 cost=1 affliction=None enchantment=None in_vocab=True
  [ 23] second_wind +0 cost=1 affliction=None enchantment=None in_vocab=True
  [ 24] second_wind +0 cost=1 affliction=None enchantment=None in_vocab=True
  [ 25] unrelenting +0 cost=2 affliction=None enchantment=None in_vocab=True
  [ 26] unrelenting +0 cost=2 affliction=None enchantment=None in_vocab=True
  [ 27] rage +1 cost=0 affliction=None enchantment=None in_vocab=True
  [ 28] rage +1 cost=0 affliction=None enchantment=None in_vocab=True
  [ 29] crimson_mantle +0 cost=1 affliction=None enchantment=None in_vocab=True
  [ 30] crimson_mantle +0 cost=1 affliction=None enchantment=None in_vocab=True
  [ 31] perfected_strike +1 cost=2 affliction=None enchantment=None in_vocab=True
  [ 32] perfected_strike +1 cost=2 affliction=None enchantment=None in_vocab=True
  [ 33] mad_science +0 cost=1 affliction=None enchantment=None in_vocab=True
  [ 34] mad_science +0 cost=1 affliction=None enchantment=None in_vocab=True
  [ 35] strike +0 cost=1 affliction=None enchantment=None in_vocab=True
  [ 36] strike +0 cost=1 affliction=None enchantment=None in_vocab=True
  [ 37] strike +0 cost=1 affliction=None enchantment=None in_vocab=True
  [ 38] strike +0 cost=1 affliction=None enchantment=None in_vocab=True
  [ 39] strike +0 cost=1 affliction=None enchantment=None in_vocab=True
  [ 40] strike +0 cost=1 affliction=None enchantment=None in_vocab=True
  [ 41] strike +0 cost=1 affliction=None enchantment=None in_vocab=True
  [ 42] strike +0 cost=1 affliction=None enchantment=None in_vocab=True
  [ 43] strike +0 cost=1 affliction=None enchantment=None in_vocab=True
  [ 44] strike +0 cost=1 affliction=None enchantment=None in_vocab=True
  [ 45] defend +0 cost=1 affliction=None enchantment=None in_vocab=True
  [ 46] defend +0 cost=1 affliction=None enchantment=None in_vocab=True
  [ 47] defend +0 cost=1 affliction=None enchantment=None in_vocab=True
  [ 48] defend +0 cost=1 affliction=None enchantment=None in_vocab=True
  [ 49] defend +0 cost=1 affliction=None enchantment=None in_vocab=True
  [ 50] defend +0 cost=1 affliction=None enchantment=None in_vocab=True
  [ 51] defend +0 cost=1 affliction=None enchantment=None in_vocab=True
  [ 52] defend +0 cost=1 affliction=None enchantment=None in_vocab=True
  [ 53] bash +0 cost=2 affliction=None enchantment=None in_vocab=True
  [ 54] bash +0 cost=2 affliction=None enchantment=None in_vocab=True
  [ 55] ascenders_bane +0 cost=-1 affliction=None enchantment=None in_vocab=True
  [ 56] ascenders_bane +0 cost=-1 affliction=None enchantment=None in_vocab=True
  [ 57] perfected_strike +0 cost=2 affliction=None enchantment=None in_vocab=True
  [ 58] perfected_strike +0 cost=2 affliction=None enchantment=None in_vocab=True
  [ 59] fight_me +0 cost=2 affliction=None enchantment=None in_vocab=True
  [ 60] fight_me +0 cost=2 affliction=None enchantment=None in_vocab=True
  [ 61] thunderclap +0 cost=1 affliction=None enchantment=None in_vocab=True
  [ 62] thunderclap +0 cost=1 affliction=None enchantment=None in_vocab=True
  [ 63] spite +0 cost=0 affliction=None enchantment=None in_vocab=True
  [ 64] spite +0 cost=0 affliction=None enchantment=None in_vocab=True
  [ 65] dominate +0 cost=1 affliction=None enchantment=None in_vocab=True
  [ 66] dominate +0 cost=1 affliction=None enchantment=None in_vocab=True
  [ 67] unrelenting +0 cost=2 affliction=None enchantment=None in_vocab=True
  [ 68] unrelenting +0 cost=2 affliction=None enchantment=None in_vocab=True
  [ 69] rebound +0 cost=1 affliction=None enchantment=None in_vocab=True
  [ 70] rebound +0 cost=1 affliction=None enchantment=None in_vocab=True
  [ 71] crimson_mantle +0 cost=1 affliction=None enchantment=None in_vocab=True
  [ 72] crimson_mantle +0 cost=1 affliction=None enchantment=None in_vocab=True
  [ 73] infernal_blade +0 cost=1 affliction=None enchantment=None in_vocab=True
  [ 74] infernal_blade +0 cost=1 affliction=None enchantment=None in_vocab=True
  [ 75] bully +0 cost=0 affliction=None enchantment='vigorous' in_vocab=True
  [ 76] bully +0 cost=0 affliction=None enchantment='vigorous' in_vocab=True
  [ 77] fisticuffs +0 cost=1 affliction=None enchantment=None in_vocab=True
  [ 78] fisticuffs +0 cost=1 affliction=None enchantment=None in_vocab=True
  [ 79] sword_boomerang +0 cost=1 affliction=None enchantment=None in_vocab=True
  [ 80] sword_boomerang +0 cost=1 affliction=None enchantment=None in_vocab=True
  [ 81] second_wind +0 cost=1 affliction=None enchantment=None in_vocab=True
  [ 82] second_wind +0 cost=1 affliction=None enchantment=None in_vocab=True
  [ 83] second_wind +0 cost=1 affliction=None enchantment=None in_vocab=True
  [ 84] second_wind +0 cost=1 affliction=None enchantment=None in_vocab=True
  [ 85] unrelenting +0 cost=2 affliction=None enchantment=None in_vocab=True
  [ 86] unrelenting +0 cost=2 affliction=None enchantment=None in_vocab=True
  [ 87] unrelenting +0 cost=2 affliction=None enchantment=None in_vocab=True
  [ 88] unrelenting +0 cost=2 affliction=None enchantment=None in_vocab=True
  [ 89] rage +1 cost=0 affliction=None enchantment=None in_vocab=True
  [ 90] rage +1 cost=0 affliction=None enchantment=None in_vocab=True
  [ 91] rage +1 cost=0 affliction=None enchantment=None in_vocab=True
  [ 92] rage +1 cost=0 affliction=None enchantment=None in_vocab=True
  [ 93] crimson_mantle +0 cost=1 affliction=None enchantment=None in_vocab=True
  [ 94] crimson_mantle +0 cost=1 affliction=None enchantment=None in_vocab=True
  [ 95] crimson_mantle +0 cost=1 affliction=None enchantment=None in_vocab=True
  [ 96] crimson_mantle +0 cost=1 affliction=None enchantment=None in_vocab=True
  [ 97] perfected_strike +1 cost=2 affliction=None enchantment=None in_vocab=True
  [ 98] perfected_strike +1 cost=2 affliction=None enchantment=None in_vocab=True
  [ 99] perfected_strike +1 cost=2 affliction=None enchantment=None in_vocab=True
  [100] perfected_strike +1 cost=2 affliction=None enchantment=None in_vocab=True
  [101] mad_science +0 cost=1 affliction=None enchantment=None in_vocab=True
  [102] mad_science +0 cost=1 affliction=None enchantment=None in_vocab=True
  [103] mad_science +0 cost=1 affliction=None enchantment=None in_vocab=True
  [104] mad_science +0 cost=1 affliction=None enchantment=None in_vocab=True
  [105] bad_luck +0 cost=-1 affliction=None enchantment=None in_vocab=True
  [106] bad_luck +0 cost=-1 affliction=None enchantment=None in_vocab=True
  counts: ascenders_banex3, bad_luckx2, bashx3, bullyx3, crimson_mantlex9, defendx12, dominatex3, fight_mex3, fisticuffsx3, infernal_bladex3, mad_sciencex6, perfected_strikex9, ragex6, reboundx3, second_windx6, spitex3, strikex15, sword_boomerangx3, thunderclapx3, unrelentingx9
run.deck overflow: 113 cards exceeds cap 96
  seed=None act_index=2 total_floor=37
  [  0] strike +0 cost=1 affliction=None enchantment=None in_vocab=True
  [  1] strike +0 cost=1 affliction=None enchantment=None in_vocab=True
  [  2] strike +0 cost=1 affliction=None enchantment=None in_vocab=True
  [  3] strike +0 cost=1 affliction=None enchantment=None in_vocab=True
  [  4] strike +0 cost=1 affliction=None enchantment='instinct' in_vocab=True
  [  5] defend +0 cost=1 affliction=None enchantment=None in_vocab=True
  [  6] defend +0 cost=1 affliction=None enchantment=None in_vocab=True
  [  7] defend +0 cost=1 affliction=None enchantment=None in_vocab=True
  [  8] defend +0 cost=1 affliction=None enchantment=None in_vocab=True
  [  9] bash +0 cost=2 affliction=None enchantment=None in_vocab=True
  [ 10] ascenders_bane +0 cost=-1 affliction=None enchantment=None in_vocab=True
  [ 11] fight_me +1 cost=2 affliction=None enchantment='sharp' in_vocab=True
  [ 12] perfected_strike +0 cost=2 affliction=None enchantment='instinct' in_vocab=True
  [ 13] clumsy +0 cost=-1 affliction=None enchantment=None in_vocab=True
  [ 14] shockwave +0 cost=2 affliction=None enchantment='souls' in_vocab=True
  [ 15] conflagration +0 cost=1 affliction=None enchantment=None in_vocab=True
  [ 16] flame_barrier +0 cost=2 affliction=None enchantment=None in_vocab=True
  [ 17] primal_force +0 cost=0 affliction=None enchantment=None in_vocab=True
  [ 18] perfected_strike +0 cost=2 affliction=None enchantment='instinct' in_vocab=True
  [ 19] dominate +0 cost=1 affliction=None enchantment=None in_vocab=True
  [ 20] tremble +1 cost=1 affliction=None enchantment=None in_vocab=True
  [ 21] taunt +0 cost=1 affliction=None enchantment=None in_vocab=True
  [ 22] taunt +0 cost=1 affliction=None enchantment=None in_vocab=True
  [ 23] battle_trance +0 cost=0 affliction=None enchantment=None in_vocab=True
  [ 24] battle_trance +0 cost=0 affliction=None enchantment=None in_vocab=True
  [ 25] thunderclap +0 cost=1 affliction=None enchantment=None in_vocab=True
  [ 26] thunderclap +0 cost=1 affliction=None enchantment='corrupted' in_vocab=True
  [ 27] taunt +0 cost=1 affliction=None enchantment=None in_vocab=True
  [ 28] taunt +0 cost=1 affliction=None enchantment=None in_vocab=True
  [ 29] stomp +0 cost=3 affliction=None enchantment=None in_vocab=True
  [ 30] stomp +0 cost=3 affliction=None enchantment=None in_vocab=True
  [ 31] cinder +1 cost=2 affliction=None enchantment=None in_vocab=True
  [ 32] cinder +1 cost=2 affliction=None enchantment=None in_vocab=True
  [ 33] taunt +0 cost=1 affliction=None enchantment=None in_vocab=True
  [ 34] taunt +0 cost=1 affliction=None enchantment=None in_vocab=True
  [ 35] decay +0 cost=-1 affliction=None enchantment=None in_vocab=True
  [ 36] decay +0 cost=-1 affliction=None enchantment=None in_vocab=True
  [ 37] strike +0 cost=1 affliction=None enchantment=None in_vocab=True
  [ 38] strike +0 cost=1 affliction=None enchantment=None in_vocab=True
  [ 39] strike +0 cost=1 affliction=None enchantment=None in_vocab=True
  [ 40] strike +0 cost=1 affliction=None enchantment=None in_vocab=True
  [ 41] strike +0 cost=1 affliction=None enchantment=None in_vocab=True
  [ 42] strike +0 cost=1 affliction=None enchantment=None in_vocab=True
  [ 43] strike +0 cost=1 affliction=None enchantment=None in_vocab=True
  [ 44] strike +0 cost=1 affliction=None enchantment=None in_vocab=True
  [ 45] strike +0 cost=1 affliction=None enchantment='instinct' in_vocab=True
  [ 46] strike +0 cost=1 affliction=None enchantment='instinct' in_vocab=True
  [ 47] defend +0 cost=1 affliction=None enchantment=None in_vocab=True
  [ 48] defend +0 cost=1 affliction=None enchantment=None in_vocab=True
  [ 49] defend +0 cost=1 affliction=None enchantment=None in_vocab=True
  [ 50] defend +0 cost=1 affliction=None enchantment=None in_vocab=True
  [ 51] defend +0 cost=1 affliction=None enchantment=None in_vocab=True
  [ 52] defend +0 cost=1 affliction=None enchantment=None in_vocab=True
  [ 53] defend +0 cost=1 affliction=None enchantment=None in_vocab=True
  [ 54] defend +0 cost=1 affliction=None enchantment=None in_vocab=True
  [ 55] bash +0 cost=2 affliction=None enchantment=None in_vocab=True
  [ 56] bash +0 cost=2 affliction=None enchantment=None in_vocab=True
  [ 57] ascenders_bane +0 cost=-1 affliction=None enchantment=None in_vocab=True
  [ 58] ascenders_bane +0 cost=-1 affliction=None enchantment=None in_vocab=True
  [ 59] fight_me +1 cost=2 affliction=None enchantment='sharp' in_vocab=True
  [ 60] fight_me +1 cost=2 affliction=None enchantment='sharp' in_vocab=True
  [ 61] perfected_strike +0 cost=2 affliction=None enchantment='instinct' in_vocab=True
  [ 62] perfected_strike +0 cost=2 affliction=None enchantment='instinct' in_vocab=True
  [ 63] clumsy +0 cost=-1 affliction=None enchantment=None in_vocab=True
  [ 64] clumsy +0 cost=-1 affliction=None enchantment=None in_vocab=True
  [ 65] shockwave +0 cost=2 affliction=None enchantment='souls' in_vocab=True
  [ 66] shockwave +0 cost=2 affliction=None enchantment='souls' in_vocab=True
  [ 67] conflagration +0 cost=1 affliction=None enchantment=None in_vocab=True
  [ 68] conflagration +0 cost=1 affliction=None enchantment=None in_vocab=True
  [ 69] flame_barrier +0 cost=2 affliction=None enchantment=None in_vocab=True
  [ 70] flame_barrier +0 cost=2 affliction=None enchantment=None in_vocab=True
  [ 71] primal_force +0 cost=0 affliction=None enchantment=None in_vocab=True
  [ 72] primal_force +0 cost=0 affliction=None enchantment=None in_vocab=True
  [ 73] perfected_strike +0 cost=2 affliction=None enchantment='instinct' in_vocab=True
  [ 74] perfected_strike +0 cost=2 affliction=None enchantment='instinct' in_vocab=True
  [ 75] dominate +0 cost=1 affliction=None enchantment=None in_vocab=True
  [ 76] dominate +0 cost=1 affliction=None enchantment=None in_vocab=True
  [ 77] tremble +1 cost=1 affliction=None enchantment=None in_vocab=True
  [ 78] tremble +1 cost=1 affliction=None enchantment=None in_vocab=True
  [ 79] taunt +0 cost=1 affliction=None enchantment=None in_vocab=True
  [ 80] taunt +0 cost=1 affliction=None enchantment=None in_vocab=True
  [ 81] taunt +0 cost=1 affliction=None enchantment=None in_vocab=True
  [ 82] taunt +0 cost=1 affliction=None enchantment=None in_vocab=True
  [ 83] battle_trance +0 cost=0 affliction=None enchantment=None in_vocab=True
  [ 84] battle_trance +0 cost=0 affliction=None enchantment=None in_vocab=True
  [ 85] battle_trance +0 cost=0 affliction=None enchantment=None in_vocab=True
  [ 86] battle_trance +0 cost=0 affliction=None enchantment=None in_vocab=True
  [ 87] thunderclap +0 cost=1 affliction=None enchantment=None in_vocab=True
  [ 88] thunderclap +0 cost=1 affliction=None enchantment=None in_vocab=True
  [ 89] thunderclap +0 cost=1 affliction=None enchantment='corrupted' in_vocab=True
  [ 90] thunderclap +0 cost=1 affliction=None enchantment='corrupted' in_vocab=True
  [ 91] taunt +0 cost=1 affliction=None enchantment=None in_vocab=True
  [ 92] taunt +0 cost=1 affliction=None enchantment=None in_vocab=True
  [ 93] taunt +0 cost=1 affliction=None enchantment=None in_vocab=True
  [ 94] taunt +0 cost=1 affliction=None enchantment=None in_vocab=True
  [ 95] stomp +0 cost=3 affliction=None enchantment=None in_vocab=True
  [ 96] stomp +0 cost=3 affliction=None enchantment=None in_vocab=True
  [ 97] stomp +0 cost=3 affliction=None enchantment=None in_vocab=True
  [ 98] stomp +0 cost=3 affliction=None enchantment=None in_vocab=True
  [ 99] cinder +1 cost=2 affliction=None enchantment=None in_vocab=True
  [100] cinder +1 cost=2 affliction=None enchantment=None in_vocab=True
  [101] cinder +1 cost=2 affliction=None enchantment=None in_vocab=True
  [102] cinder +1 cost=2 affliction=None enchantment=None in_vocab=True
  [103] taunt +0 cost=1 affliction=None enchantment=None in_vocab=True
  [104] taunt +0 cost=1 affliction=None enchantment=None in_vocab=True
  [105] taunt +0 cost=1 affliction=None enchantment=None in_vocab=True
  [106] taunt +0 cost=1 affliction=None enchantment=None in_vocab=True
  [107] decay +0 cost=-1 affliction=None enchantment=None in_vocab=True
  [108] decay +0 cost=-1 affliction=None enchantment=None in_vocab=True
  [109] decay +0 cost=-1 affliction=None enchantment=None in_vocab=True
  [110] decay +0 cost=-1 affliction=None enchantment=None in_vocab=True
  [111] bad_luck +0 cost=-1 affliction=None enchantment=None in_vocab=True
  [112] bad_luck +0 cost=-1 affliction=None enchantment=None in_vocab=True
  counts: ascenders_banex3, bad_luckx2, bashx3, battle_trancex6, cinderx6, clumsyx3, conflagrationx3, decayx6, defendx12, dominatex3, fight_mex3, flame_barrierx3, perfected_strikex6, primal_forcex3, shockwavex3, stompx6, strikex15, tauntx18, thunderclapx6, tremblex3
run.deck overflow: 116 cards exceeds cap 96
  seed=None act_index=2 total_floor=36
  [  0] strike +0 cost=1 affliction=None enchantment=None in_vocab=True
  [  1] strike +0 cost=1 affliction=None enchantment=None in_vocab=True
  [  2] strike +1 cost=1 affliction=None enchantment=None in_vocab=True
  [  3] strike +0 cost=1 affliction=None enchantment=None in_vocab=True
  [  4] strike +0 cost=1 affliction=None enchantment=None in_vocab=True
  [  5] defend +0 cost=1 affliction=None enchantment=None in_vocab=True
  [  6] defend +0 cost=1 affliction=None enchantment=None in_vocab=True
  [  7] defend +0 cost=1 affliction=None enchantment=None in_vocab=True
  [  8] defend +0 cost=1 affliction=None enchantment=None in_vocab=True
  [  9] bash +0 cost=2 affliction=None enchantment=None in_vocab=True
  [ 10] ascenders_bane +0 cost=-1 affliction=None enchantment=None in_vocab=True
  [ 11] offering +0 cost=0 affliction=None enchantment=None in_vocab=True
  [ 12] tremble +0 cost=1 affliction=None enchantment=None in_vocab=True
  [ 13] pommel_strike +0 cost=1 affliction=None enchantment=None in_vocab=True
  [ 14] perfected_strike +1 cost=2 affliction=None enchantment=None in_vocab=True
  [ 15] conflagration +0 cost=1 affliction=None enchantment=None in_vocab=True
  [ 16] uppercut +0 cost=2 affliction=None enchantment=None in_vocab=True
  [ 17] spite +0 cost=0 affliction=None enchantment=None in_vocab=True
  [ 18] tremble +0 cost=1 affliction=None enchantment=None in_vocab=True
  [ 19] dismantle +0 cost=1 affliction=None enchantment=None in_vocab=True
  [ 20] twin_strike +0 cost=1 affliction=None enchantment=None in_vocab=True
  [ 21] twin_strike +0 cost=1 affliction=None enchantment=None in_vocab=True
  [ 22] thunderclap +0 cost=1 affliction=None enchantment=None in_vocab=True
  [ 23] thunderclap +0 cost=1 affliction=None enchantment=None in_vocab=True
  [ 24] pommel_strike +0 cost=1 affliction=None enchantment=None in_vocab=True
  [ 25] pommel_strike +0 cost=1 affliction=None enchantment=None in_vocab=True
  [ 26] breakthrough +0 cost=1 affliction=None enchantment=None in_vocab=True
  [ 27] breakthrough +0 cost=1 affliction=None enchantment=None in_vocab=True
  [ 28] pommel_strike +0 cost=1 affliction=None enchantment=None in_vocab=True
  [ 29] pommel_strike +0 cost=1 affliction=None enchantment=None in_vocab=True
  [ 30] offering +0 cost=0 affliction=None enchantment=None in_vocab=True
  [ 31] offering +0 cost=0 affliction=None enchantment=None in_vocab=True
  [ 32] conflagration +0 cost=1 affliction=None enchantment=None in_vocab=True
  [ 33] conflagration +0 cost=1 affliction=None enchantment=None in_vocab=True
  [ 34] perfected_strike +1 cost=2 affliction=None enchantment=None in_vocab=True
  [ 35] perfected_strike +1 cost=2 affliction=None enchantment=None in_vocab=True
  [ 36] mad_science +0 cost=1 affliction=None enchantment=None in_vocab=True
  [ 37] mad_science +0 cost=1 affliction=None enchantment=None in_vocab=True
  [ 38] strike +0 cost=1 affliction=None enchantment=None in_vocab=True
  [ 39] strike +0 cost=1 affliction=None enchantment=None in_vocab=True
  [ 40] strike +0 cost=1 affliction=None enchantment=None in_vocab=True
  [ 41] strike +0 cost=1 affliction=None enchantment=None in_vocab=True
  [ 42] strike +1 cost=1 affliction=None enchantment=None in_vocab=True
  [ 43] strike +1 cost=1 affliction=None enchantment=None in_vocab=True
  [ 44] strike +0 cost=1 affliction=None enchantment=None in_vocab=True
  [ 45] strike +0 cost=1 affliction=None enchantment=None in_vocab=True
  [ 46] strike +0 cost=1 affliction=None enchantment=None in_vocab=True
  [ 47] strike +0 cost=1 affliction=None enchantment=None in_vocab=True
  [ 48] defend +0 cost=1 affliction=None enchantment=None in_vocab=True
  [ 49] defend +0 cost=1 affliction=None enchantment=None in_vocab=True
  [ 50] defend +0 cost=1 affliction=None enchantment=None in_vocab=True
  [ 51] defend +0 cost=1 affliction=None enchantment=None in_vocab=True
  [ 52] defend +0 cost=1 affliction=None enchantment=None in_vocab=True
  [ 53] defend +0 cost=1 affliction=None enchantment=None in_vocab=True
  [ 54] defend +0 cost=1 affliction=None enchantment=None in_vocab=True
  [ 55] defend +0 cost=1 affliction=None enchantment=None in_vocab=True
  [ 56] bash +0 cost=2 affliction=None enchantment=None in_vocab=True
  [ 57] bash +0 cost=2 affliction=None enchantment=None in_vocab=True
  [ 58] ascenders_bane +0 cost=-1 affliction=None enchantment=None in_vocab=True
  [ 59] ascenders_bane +0 cost=-1 affliction=None enchantment=None in_vocab=True
  [ 60] offering +0 cost=0 affliction=None enchantment=None in_vocab=True
  [ 61] offering +0 cost=0 affliction=None enchantment=None in_vocab=True
  [ 62] tremble +0 cost=1 affliction=None enchantment=None in_vocab=True
  [ 63] tremble +0 cost=1 affliction=None enchantment=None in_vocab=True
  [ 64] pommel_strike +0 cost=1 affliction=None enchantment=None in_vocab=True
  [ 65] pommel_strike +0 cost=1 affliction=None enchantment=None in_vocab=True
  [ 66] perfected_strike +1 cost=2 affliction=None enchantment=None in_vocab=True
  [ 67] perfected_strike +1 cost=2 affliction=None enchantment=None in_vocab=True
  [ 68] conflagration +0 cost=1 affliction=None enchantment=None in_vocab=True
  [ 69] conflagration +0 cost=1 affliction=None enchantment=None in_vocab=True
  [ 70] uppercut +0 cost=2 affliction=None enchantment=None in_vocab=True
  [ 71] uppercut +0 cost=2 affliction=None enchantment=None in_vocab=True
  [ 72] spite +0 cost=0 affliction=None enchantment=None in_vocab=True
  [ 73] spite +0 cost=0 affliction=None enchantment=None in_vocab=True
  [ 74] tremble +0 cost=1 affliction=None enchantment=None in_vocab=True
  [ 75] tremble +0 cost=1 affliction=None enchantment=None in_vocab=True
  [ 76] dismantle +0 cost=1 affliction=None enchantment=None in_vocab=True
  [ 77] dismantle +0 cost=1 affliction=None enchantment=None in_vocab=True
  [ 78] twin_strike +0 cost=1 affliction=None enchantment=None in_vocab=True
  [ 79] twin_strike +0 cost=1 affliction=None enchantment=None in_vocab=True
  [ 80] twin_strike +0 cost=1 affliction=None enchantment=None in_vocab=True
  [ 81] twin_strike +0 cost=1 affliction=None enchantment=None in_vocab=True
  [ 82] thunderclap +0 cost=1 affliction=None enchantment=None in_vocab=True
  [ 83] thunderclap +0 cost=1 affliction=None enchantment=None in_vocab=True
  [ 84] thunderclap +0 cost=1 affliction=None enchantment=None in_vocab=True
  [ 85] thunderclap +0 cost=1 affliction=None enchantment=None in_vocab=True
  [ 86] pommel_strike +0 cost=1 affliction=None enchantment=None in_vocab=True
  [ 87] pommel_strike +0 cost=1 affliction=None enchantment=None in_vocab=True
  [ 88] pommel_strike +0 cost=1 affliction=None enchantment=None in_vocab=True
  [ 89] pommel_strike +0 cost=1 affliction=None enchantment=None in_vocab=True
  [ 90] breakthrough +0 cost=1 affliction=None enchantment=None in_vocab=True
  [ 91] breakthrough +0 cost=1 affliction=None enchantment=None in_vocab=True
  [ 92] breakthrough +0 cost=1 affliction=None enchantment=None in_vocab=True
  [ 93] breakthrough +0 cost=1 affliction=None enchantment=None in_vocab=True
  [ 94] pommel_strike +0 cost=1 affliction=None enchantment=None in_vocab=True
  [ 95] pommel_strike +0 cost=1 affliction=None enchantment=None in_vocab=True
  [ 96] pommel_strike +0 cost=1 affliction=None enchantment=None in_vocab=True
  [ 97] pommel_strike +0 cost=1 affliction=None enchantment=None in_vocab=True
  [ 98] offering +0 cost=0 affliction=None enchantment=None in_vocab=True
  [ 99] offering +0 cost=0 affliction=None enchantment=None in_vocab=True
  [100] offering +0 cost=0 affliction=None enchantment=None in_vocab=True
  [101] offering +0 cost=0 affliction=None enchantment=None in_vocab=True
  [102] conflagration +0 cost=1 affliction=None enchantment=None in_vocab=True
  [103] conflagration +0 cost=1 affliction=None enchantment=None in_vocab=True
  [104] conflagration +0 cost=1 affliction=None enchantment=None in_vocab=True
  [105] conflagration +0 cost=1 affliction=None enchantment=None in_vocab=True
  [106] perfected_strike +1 cost=2 affliction=None enchantment=None in_vocab=True
  [107] perfected_strike +1 cost=2 affliction=None enchantment=None in_vocab=True
  [108] perfected_strike +1 cost=2 affliction=None enchantment=None in_vocab=True
  [109] perfected_strike +1 cost=2 affliction=None enchantment=None in_vocab=True
  [110] mad_science +0 cost=1 affliction=None enchantment=None in_vocab=True
  [111] mad_science +0 cost=1 affliction=None enchantment=None in_vocab=True
  [112] mad_science +0 cost=1 affliction=None enchantment=None in_vocab=True
  [113] mad_science +0 cost=1 affliction=None enchantment=None in_vocab=True
  [114] bad_luck +0 cost=-1 affliction=None enchantment=None in_vocab=True
  [115] bad_luck +0 cost=-1 affliction=None enchantment=None in_vocab=True
  counts: ascenders_banex3, bad_luckx2, bashx3, breakthroughx6, conflagrationx9, defendx12, dismantlex3, mad_sciencex6, offeringx9, perfected_strikex9, pommel_strikex15, spitex3, strikex15, thunderclapx6, tremblex6, twin_strikex6, uppercutx3
run.deck overflow: 110 cards exceeds cap 96
  seed=None act_index=2 total_floor=33
  [  0] strike +0 cost=1 affliction=None enchantment=None in_vocab=True
  [  1] strike +0 cost=1 affliction=None enchantment=None in_vocab=True
  [  2] strike +0 cost=1 affliction=None enchantment=None in_vocab=True
  [  3] strike +1 cost=1 affliction=None enchantment=None in_vocab=True
  [  4] strike +0 cost=1 affliction=None enchantment=None in_vocab=True
  [  5] defend +0 cost=1 affliction=None enchantment=None in_vocab=True
  [  6] defend +0 cost=1 affliction=None enchantment=None in_vocab=True
  [  7] defend +0 cost=1 affliction=None enchantment=None in_vocab=True
  [  8] defend +1 cost=1 affliction=None enchantment=None in_vocab=True
  [  9] conflagration +1 cost=1 affliction=None enchantment=None in_vocab=True
  [ 10] ascenders_bane +0 cost=-1 affliction=None enchantment=None in_vocab=True
  [ 11] shrug_it_off +0 cost=1 affliction=None enchantment=None in_vocab=True
  [ 12] clumsy +0 cost=-1 affliction=None enchantment=None in_vocab=True
  [ 13] pommel_strike +1 cost=1 affliction=None enchantment=None in_vocab=True
  [ 14] breakthrough +0 cost=1 affliction=None enchantment=None in_vocab=True
  [ 15] iron_wave +0 cost=1 affliction=None enchantment=None in_vocab=True
  [ 16] molten_fist +1 cost=1 affliction=None enchantment=None in_vocab=True
  [ 17] primal_force +1 cost=0 affliction=None enchantment=None in_vocab=True
  [ 18] offering +0 cost=0 affliction=None enchantment=None in_vocab=True
  [ 19] perfected_strike +0 cost=2 affliction=None enchantment=None in_vocab=True
  [ 20] twin_strike +0 cost=1 affliction=None enchantment=None in_vocab=True
  [ 21] twin_strike +0 cost=1 affliction=None enchantment=None in_vocab=True
  [ 22] twin_strike +1 cost=1 affliction=None enchantment=None in_vocab=True
  [ 23] twin_strike +1 cost=1 affliction=None enchantment=None in_vocab=True
  [ 24] battle_trance +0 cost=0 affliction=None enchantment=None in_vocab=True
  [ 25] battle_trance +0 cost=0 affliction=None enchantment=None in_vocab=True
  [ 26] inferno +0 cost=1 affliction=None enchantment=None in_vocab=True
  [ 27] inferno +0 cost=1 affliction=None enchantment=None in_vocab=True
  [ 28] anger +0 cost=0 affliction=None enchantment=None in_vocab=True
  [ 29] anger +0 cost=0 affliction=None enchantment=None in_vocab=True
  [ 30] unrelenting +1 cost=2 affliction=None enchantment=None in_vocab=True
  [ 31] unrelenting +1 cost=2 affliction=None enchantment=None in_vocab=True
  [ 32] battle_trance +1 cost=0 affliction=None enchantment=None in_vocab=True
  [ 33] battle_trance +1 cost=0 affliction=None enchantment=None in_vocab=True
  [ 34] conflagration +0 cost=1 affliction=None enchantment=None in_vocab=True
  [ 35] conflagration +0 cost=1 affliction=None enchantment=None in_vocab=True
  [ 36] strike +0 cost=1 affliction=None enchantment=None in_vocab=True
  [ 37] strike +0 cost=1 affliction=None enchantment=None in_vocab=True
  [ 38] strike +0 cost=1 affliction=None enchantment=None in_vocab=True
  [ 39] strike +0 cost=1 affliction=None enchantment=None in_vocab=True
  [ 40] strike +0 cost=1 affliction=None enchantment=None in_vocab=True
  [ 41] strike +0 cost=1 affliction=None enchantment=None in_vocab=True
  [ 42] strike +1 cost=1 affliction=None enchantment=None in_vocab=True
  [ 43] strike +1 cost=1 affliction=None enchantment=None in_vocab=True
  [ 44] strike +0 cost=1 affliction=None enchantment=None in_vocab=True
  [ 45] strike +0 cost=1 affliction=None enchantment=None in_vocab=True
  [ 46] defend +0 cost=1 affliction=None enchantment=None in_vocab=True
  [ 47] defend +0 cost=1 affliction=None enchantment=None in_vocab=True
  [ 48] defend +0 cost=1 affliction=None enchantment=None in_vocab=True
  [ 49] defend +0 cost=1 affliction=None enchantment=None in_vocab=True
  [ 50] defend +0 cost=1 affliction=None enchantment=None in_vocab=True
  [ 51] defend +0 cost=1 affliction=None enchantment=None in_vocab=True
  [ 52] defend +1 cost=1 affliction=None enchantment=None in_vocab=True
  [ 53] defend +1 cost=1 affliction=None enchantment=None in_vocab=True
  [ 54] conflagration +1 cost=1 affliction=None enchantment=None in_vocab=True
  [ 55] conflagration +1 cost=1 affliction=None enchantment=None in_vocab=True
  [ 56] ascenders_bane +0 cost=-1 affliction=None enchantment=None in_vocab=True
  [ 57] ascenders_bane +0 cost=-1 affliction=None enchantment=None in_vocab=True
  [ 58] shrug_it_off +0 cost=1 affliction=None enchantment=None in_vocab=True
  [ 59] shrug_it_off +0 cost=1 affliction=None enchantment=None in_vocab=True
  [ 60] clumsy +0 cost=-1 affliction=None enchantment=None in_vocab=True
  [ 61] clumsy +0 cost=-1 affliction=None enchantment=None in_vocab=True
  [ 62] pommel_strike +1 cost=1 affliction=None enchantment=None in_vocab=True
  [ 63] pommel_strike +1 cost=1 affliction=None enchantment=None in_vocab=True
  [ 64] breakthrough +0 cost=1 affliction=None enchantment=None in_vocab=True
  [ 65] breakthrough +0 cost=1 affliction=None enchantment=None in_vocab=True
  [ 66] iron_wave +0 cost=1 affliction=None enchantment=None in_vocab=True
  [ 67] iron_wave +0 cost=1 affliction=None enchantment=None in_vocab=True
  [ 68] molten_fist +1 cost=1 affliction=None enchantment=None in_vocab=True
  [ 69] molten_fist +1 cost=1 affliction=None enchantment=None in_vocab=True
  [ 70] primal_force +1 cost=0 affliction=None enchantment=None in_vocab=True
  [ 71] primal_force +1 cost=0 affliction=None enchantment=None in_vocab=True
  [ 72] offering +0 cost=0 affliction=None enchantment=None in_vocab=True
  [ 73] offering +0 cost=0 affliction=None enchantment=None in_vocab=True
  [ 74] perfected_strike +0 cost=2 affliction=None enchantment=None in_vocab=True
  [ 75] perfected_strike +0 cost=2 affliction=None enchantment=None in_vocab=True
  [ 76] twin_strike +0 cost=1 affliction=None enchantment=None in_vocab=True
  [ 77] twin_strike +0 cost=1 affliction=None enchantment=None in_vocab=True
  [ 78] twin_strike +0 cost=1 affliction=None enchantment=None in_vocab=True
  [ 79] twin_strike +0 cost=1 affliction=None enchantment=None in_vocab=True
  [ 80] twin_strike +1 cost=1 affliction=None enchantment=None in_vocab=True
  [ 81] twin_strike +1 cost=1 affliction=None enchantment=None in_vocab=True
  [ 82] twin_strike +1 cost=1 affliction=None enchantment=None in_vocab=True
  [ 83] twin_strike +1 cost=1 affliction=None enchantment=None in_vocab=True
  [ 84] battle_trance +0 cost=0 affliction=None enchantment=None in_vocab=True
  [ 85] battle_trance +0 cost=0 affliction=None enchantment=None in_vocab=True
  [ 86] battle_trance +0 cost=0 affliction=None enchantment=None in_vocab=True
  [ 87] battle_trance +0 cost=0 affliction=None enchantment=None in_vocab=True
  [ 88] inferno +0 cost=1 affliction=None enchantment=None in_vocab=True
  [ 89] inferno +0 cost=1 affliction=None enchantment=None in_vocab=True
  [ 90] inferno +0 cost=1 affliction=None enchantment=None in_vocab=True
  [ 91] inferno +0 cost=1 affliction=None enchantment=None in_vocab=True
  [ 92] anger +0 cost=0 affliction=None enchantment=None in_vocab=True
  [ 93] anger +0 cost=0 affliction=None enchantment=None in_vocab=True
  [ 94] anger +0 cost=0 affliction=None enchantment=None in_vocab=True
  [ 95] anger +0 cost=0 affliction=None enchantment=None in_vocab=True
  [ 96] unrelenting +1 cost=2 affliction=None enchantment=None in_vocab=True
  [ 97] unrelenting +1 cost=2 affliction=None enchantment=None in_vocab=True
  [ 98] unrelenting +1 cost=2 affliction=None enchantment=None in_vocab=True
  [ 99] unrelenting +1 cost=2 affliction=None enchantment=None in_vocab=True
  [100] battle_trance +1 cost=0 affliction=None enchantment=None in_vocab=True
  [101] battle_trance +1 cost=0 affliction=None enchantment=None in_vocab=True
  [102] battle_trance +1 cost=0 affliction=None enchantment=None in_vocab=True
  [103] battle_trance +1 cost=0 affliction=None enchantment=None in_vocab=True
  [104] conflagration +0 cost=1 affliction=None enchantment=None in_vocab=True
  [105] conflagration +0 cost=1 affliction=None enchantment=None in_vocab=True
  [106] conflagration +0 cost=1 affliction=None enchantment=None in_vocab=True
  [107] conflagration +0 cost=1 affliction=None enchantment=None in_vocab=True
  [108] bad_luck +0 cost=-1 affliction=None enchantment=None in_vocab=True
  [109] bad_luck +0 cost=-1 affliction=None enchantment=None in_vocab=True
  counts: angerx6, ascenders_banex3, bad_luckx2, battle_trancex12, breakthroughx3, clumsyx3, conflagrationx9, defendx12, infernox6, iron_wavex3, molten_fistx3, offeringx3, perfected_strikex3, pommel_strikex3, primal_forcex3, shrug_it_offx3, strikex15, twin_strikex12, unrelentingx6
run.deck overflow: 101 cards exceeds cap 96
  seed=None act_index=2 total_floor=37
  [  0] strike +0 cost=1 affliction=None enchantment=None in_vocab=True
  [  1] strike +0 cost=1 affliction=None enchantment=None in_vocab=True
  [  2] strike +0 cost=1 affliction=None enchantment=None in_vocab=True
  [  3] strike +0 cost=1 affliction=None enchantment=None in_vocab=True
  [  4] strike +0 cost=1 affliction=None enchantment=None in_vocab=True
  [  5] defend +0 cost=1 affliction=None enchantment=None in_vocab=True
  [  6] defend +0 cost=1 affliction=None enchantment=None in_vocab=True
  [  7] defend +0 cost=1 affliction=None enchantment=None in_vocab=True
  [  8] defend +0 cost=1 affliction=None enchantment=None in_vocab=True
  [  9] bash +0 cost=2 affliction=None enchantment=None in_vocab=True
  [ 10] unrelenting +0 cost=2 affliction=None enchantment='sharp' in_vocab=True
  [ 11] headbutt +0 cost=1 affliction=None enchantment=None in_vocab=True
  [ 12] uppercut +0 cost=2 affliction=None enchantment=None in_vocab=True
  [ 13] unrelenting +0 cost=2 affliction=None enchantment=None in_vocab=True
  [ 14] pommel_strike +0 cost=1 affliction=None enchantment=None in_vocab=True
  [ 15] anger +0 cost=0 affliction=None enchantment=None in_vocab=True
  [ 16] dramatic_entrance +0 cost=0 affliction=None enchantment=None in_vocab=True
  [ 17] dominate +0 cost=1 affliction=None enchantment=None in_vocab=True
  [ 18] fiend_fire +0 cost=2 affliction=None enchantment=None in_vocab=True
  [ 19] headbutt +1 cost=1 affliction=None enchantment=None in_vocab=True
  [ 20] twin_strike +1 cost=1 affliction=None enchantment=None in_vocab=True
  [ 21] fight_me +0 cost=2 affliction=None enchantment=None in_vocab=True
  [ 22] twin_strike +1 cost=1 affliction=None enchantment=None in_vocab=True
  [ 23] battle_trance +0 cost=0 affliction=None enchantment=None in_vocab=True
  [ 24] battle_trance +0 cost=0 affliction=None enchantment=None in_vocab=True
  [ 25] fiend_fire +0 cost=2 affliction=None enchantment=None in_vocab=True
  [ 26] fiend_fire +0 cost=2 affliction=None enchantment=None in_vocab=True
  [ 27] whistle +0 cost=3 affliction=None enchantment=None in_vocab=True
  [ 28] whistle +0 cost=3 affliction=None enchantment=None in_vocab=True
  [ 29] setup_strike +1 cost=1 affliction=None enchantment=None in_vocab=True
  [ 30] setup_strike +1 cost=1 affliction=None enchantment=None in_vocab=True
  [ 31] bludgeon +0 cost=3 affliction=None enchantment=None in_vocab=True
  [ 32] bludgeon +0 cost=3 affliction=None enchantment=None in_vocab=True
  [ 33] strike +0 cost=1 affliction=None enchantment=None in_vocab=True
  [ 34] strike +0 cost=1 affliction=None enchantment=None in_vocab=True
  [ 35] strike +0 cost=1 affliction=None enchantment=None in_vocab=True
  [ 36] strike +0 cost=1 affliction=None enchantment=None in_vocab=True
  [ 37] strike +0 cost=1 affliction=None enchantment=None in_vocab=True
  [ 38] strike +0 cost=1 affliction=None enchantment=None in_vocab=True
  [ 39] strike +0 cost=1 affliction=None enchantment=None in_vocab=True
  [ 40] strike +0 cost=1 affliction=None enchantment=None in_vocab=True
  [ 41] strike +0 cost=1 affliction=None enchantment=None in_vocab=True
  [ 42] strike +0 cost=1 affliction=None enchantment=None in_vocab=True
  [ 43] defend +0 cost=1 affliction=None enchantment=None in_vocab=True
  [ 44] defend +0 cost=1 affliction=None enchantment=None in_vocab=True
  [ 45] defend +0 cost=1 affliction=None enchantment=None in_vocab=True
  [ 46] defend +0 cost=1 affliction=None enchantment=None in_vocab=True
  [ 47] defend +0 cost=1 affliction=None enchantment=None in_vocab=True
  [ 48] defend +0 cost=1 affliction=None enchantment=None in_vocab=True
  [ 49] defend +0 cost=1 affliction=None enchantment=None in_vocab=True
  [ 50] defend +0 cost=1 affliction=None enchantment=None in_vocab=True
  [ 51] bash +0 cost=2 affliction=None enchantment=None in_vocab=True
  [ 52] bash +0 cost=2 affliction=None enchantment=None in_vocab=True
  [ 53] unrelenting +0 cost=2 affliction=None enchantment='sharp' in_vocab=True
  [ 54] unrelenting +0 cost=2 affliction=None enchantment='sharp' in_vocab=True
  [ 55] headbutt +0 cost=1 affliction=None enchantment=None in_vocab=True
  [ 56] headbutt +0 cost=1 affliction=None enchantment=None in_vocab=True
  [ 57] uppercut +0 cost=2 affliction=None enchantment=None in_vocab=True
  [ 58] uppercut +0 cost=2 affliction=None enchantment=None in_vocab=True
  [ 59] unrelenting +0 cost=2 affliction=None enchantment=None in_vocab=True
  [ 60] unrelenting +0 cost=2 affliction=None enchantment=None in_vocab=True
  [ 61] pommel_strike +0 cost=1 affliction=None enchantment=None in_vocab=True
  [ 62] pommel_strike +0 cost=1 affliction=None enchantment=None in_vocab=True
  [ 63] anger +0 cost=0 affliction=None enchantment=None in_vocab=True
  [ 64] anger +0 cost=0 affliction=None enchantment=None in_vocab=True
  [ 65] dramatic_entrance +0 cost=0 affliction=None enchantment=None in_vocab=True
  [ 66] dramatic_entrance +0 cost=0 affliction=None enchantment=None in_vocab=True
  [ 67] dominate +0 cost=1 affliction=None enchantment=None in_vocab=True
  [ 68] dominate +0 cost=1 affliction=None enchantment=None in_vocab=True
  [ 69] fiend_fire +0 cost=2 affliction=None enchantment=None in_vocab=True
  [ 70] fiend_fire +0 cost=2 affliction=None enchantment=None in_vocab=True
  [ 71] headbutt +1 cost=1 affliction=None enchantment=None in_vocab=True
  [ 72] headbutt +1 cost=1 affliction=None enchantment=None in_vocab=True
  [ 73] twin_strike +1 cost=1 affliction=None enchantment=None in_vocab=True
  [ 74] twin_strike +1 cost=1 affliction=None enchantment=None in_vocab=True
  [ 75] fight_me +0 cost=2 affliction=None enchantment=None in_vocab=True
  [ 76] fight_me +0 cost=2 affliction=None enchantment=None in_vocab=True
  [ 77] twin_strike +1 cost=1 affliction=None enchantment=None in_vocab=True
  [ 78] twin_strike +1 cost=1 affliction=None enchantment=None in_vocab=True
  [ 79] battle_trance +0 cost=0 affliction=None enchantment=None in_vocab=True
  [ 80] battle_trance +0 cost=0 affliction=None enchantment=None in_vocab=True
  [ 81] battle_trance +0 cost=0 affliction=None enchantment=None in_vocab=True
  [ 82] battle_trance +0 cost=0 affliction=None enchantment=None in_vocab=True
  [ 83] fiend_fire +0 cost=2 affliction=None enchantment=None in_vocab=True
  [ 84] fiend_fire +0 cost=2 affliction=None enchantment=None in_vocab=True
  [ 85] fiend_fire +0 cost=2 affliction=None enchantment=None in_vocab=True
  [ 86] fiend_fire +0 cost=2 affliction=None enchantment=None in_vocab=True
  [ 87] whistle +0 cost=3 affliction=None enchantment=None in_vocab=True
  [ 88] whistle +0 cost=3 affliction=None enchantment=None in_vocab=True
  [ 89] whistle +0 cost=3 affliction=None enchantment=None in_vocab=True
  [ 90] whistle +0 cost=3 affliction=None enchantment=None in_vocab=True
  [ 91] setup_strike +1 cost=1 affliction=None enchantment=None in_vocab=True
  [ 92] setup_strike +1 cost=1 affliction=None enchantment=None in_vocab=True
  [ 93] setup_strike +1 cost=1 affliction=None enchantment=None in_vocab=True
  [ 94] setup_strike +1 cost=1 affliction=None enchantment=None in_vocab=True
  [ 95] bludgeon +0 cost=3 affliction=None enchantment=None in_vocab=True
  [ 96] bludgeon +0 cost=3 affliction=None enchantment=None in_vocab=True
  [ 97] bludgeon +0 cost=3 affliction=None enchantment=None in_vocab=True
  [ 98] bludgeon +0 cost=3 affliction=None enchantment=None in_vocab=True
  [ 99] bad_luck +0 cost=-1 affliction=None enchantment=None in_vocab=True
  [100] bad_luck +0 cost=-1 affliction=None enchantment=None in_vocab=True
  counts: angerx3, bad_luckx2, bashx3, battle_trancex6, bludgeonx6, defendx12, dominatex3, dramatic_entrancex3, fiend_firex9, fight_mex3, headbuttx6, pommel_strikex3, setup_strikex6, strikex15, twin_strikex6, unrelentingx6, uppercutx3, whistlex6
run.deck overflow: 107 cards exceeds cap 96
  seed=None act_index=2 total_floor=41
  [  0] strike +0 cost=0 affliction=None enchantment='tezcataras_ember' in_vocab=True
  [  1] strike +0 cost=0 affliction=None enchantment='tezcataras_ember' in_vocab=True
  [  2] strike +0 cost=0 affliction=None enchantment='tezcataras_ember' in_vocab=True
  [  3] strike +0 cost=0 affliction=None enchantment='tezcataras_ember' in_vocab=True
  [  4] strike +0 cost=0 affliction=None enchantment='tezcataras_ember' in_vocab=True
  [  5] defend +0 cost=1 affliction=None enchantment=None in_vocab=True
  [  6] defend +1 cost=1 affliction=None enchantment=None in_vocab=True
  [  7] defend +0 cost=1 affliction=None enchantment=None in_vocab=True
  [  8] defend +0 cost=1 affliction=None enchantment=None in_vocab=True
  [  9] bash +0 cost=2 affliction=None enchantment=None in_vocab=True
  [ 10] ascenders_bane +0 cost=-1 affliction=None enchantment=None in_vocab=True
  [ 11] twin_strike +1 cost=1 affliction=None enchantment=None in_vocab=True
  [ 12] perfected_strike +0 cost=2 affliction=None enchantment=None in_vocab=True
  [ 13] inflame +0 cost=1 affliction=None enchantment=None in_vocab=True
  [ 14] anger +0 cost=0 affliction=None enchantment='sharp' in_vocab=True
  [ 15] primal_force +0 cost=0 affliction=None enchantment=None in_vocab=True
  [ 16] bully +0 cost=0 affliction=None enchantment=None in_vocab=True
  [ 17] molten_fist +0 cost=1 affliction=None enchantment=None in_vocab=True
  [ 18] perfected_strike +0 cost=2 affliction=None enchantment=None in_vocab=True
  [ 19] twin_strike +1 cost=1 affliction=None enchantment=None in_vocab=True
  [ 20] twin_strike +1 cost=1 affliction=None enchantment=None in_vocab=True
  [ 21] sword_boomerang +1 cost=1 affliction=None enchantment=None in_vocab=True
  [ 22] sword_boomerang +1 cost=1 affliction=None enchantment=None in_vocab=True
  [ 23] tremble +1 cost=1 affliction=None enchantment=None in_vocab=True
  [ 24] tremble +1 cost=1 affliction=None enchantment=None in_vocab=True
  [ 25] iron_wave +1 cost=1 affliction=None enchantment=None in_vocab=True
  [ 26] iron_wave +1 cost=1 affliction=None enchantment=None in_vocab=True
  [ 27] crimson_mantle +0 cost=1 affliction=None enchantment=None in_vocab=True
  [ 28] crimson_mantle +0 cost=1 affliction=None enchantment=None in_vocab=True
  [ 29] twin_strike +0 cost=1 affliction=None enchantment=None in_vocab=True
  [ 30] twin_strike +0 cost=1 affliction=None enchantment=None in_vocab=True
  [ 31] headbutt +0 cost=1 affliction=None enchantment=None in_vocab=True
  [ 32] headbutt +0 cost=1 affliction=None enchantment=None in_vocab=True
  [ 33] dominate +1 cost=1 affliction=None enchantment=None in_vocab=True
  [ 34] dominate +1 cost=1 affliction=None enchantment=None in_vocab=True
  [ 35] strike +0 cost=0 affliction=None enchantment='tezcataras_ember' in_vocab=True
  [ 36] strike +0 cost=0 affliction=None enchantment='tezcataras_ember' in_vocab=True
  [ 37] strike +0 cost=0 affliction=None enchantment='tezcataras_ember' in_vocab=True
  [ 38] strike +0 cost=0 affliction=None enchantment='tezcataras_ember' in_vocab=True
  [ 39] strike +0 cost=0 affliction=None enchantment='tezcataras_ember' in_vocab=True
  [ 40] strike +0 cost=0 affliction=None enchantment='tezcataras_ember' in_vocab=True
  [ 41] strike +0 cost=0 affliction=None enchantment='tezcataras_ember' in_vocab=True
  [ 42] strike +0 cost=0 affliction=None enchantment='tezcataras_ember' in_vocab=True
  [ 43] strike +0 cost=0 affliction=None enchantment='tezcataras_ember' in_vocab=True
  [ 44] strike +0 cost=0 affliction=None enchantment='tezcataras_ember' in_vocab=True
  [ 45] defend +0 cost=1 affliction=None enchantment=None in_vocab=True
  [ 46] defend +0 cost=1 affliction=None enchantment=None in_vocab=True
  [ 47] defend +1 cost=1 affliction=None enchantment=None in_vocab=True
  [ 48] defend +1 cost=1 affliction=None enchantment=None in_vocab=True
  [ 49] defend +0 cost=1 affliction=None enchantment=None in_vocab=True
  [ 50] defend +0 cost=1 affliction=None enchantment=None in_vocab=True
  [ 51] defend +0 cost=1 affliction=None enchantment=None in_vocab=True
  [ 52] defend +0 cost=1 affliction=None enchantment=None in_vocab=True
  [ 53] bash +0 cost=2 affliction=None enchantment=None in_vocab=True
  [ 54] bash +0 cost=2 affliction=None enchantment=None in_vocab=True
  [ 55] ascenders_bane +0 cost=-1 affliction=None enchantment=None in_vocab=True
  [ 56] ascenders_bane +0 cost=-1 affliction=None enchantment=None in_vocab=True
  [ 57] twin_strike +1 cost=1 affliction=None enchantment=None in_vocab=True
  [ 58] twin_strike +1 cost=1 affliction=None enchantment=None in_vocab=True
  [ 59] perfected_strike +0 cost=2 affliction=None enchantment=None in_vocab=True
  [ 60] perfected_strike +0 cost=2 affliction=None enchantment=None in_vocab=True
  [ 61] inflame +0 cost=1 affliction=None enchantment=None in_vocab=True
  [ 62] inflame +0 cost=1 affliction=None enchantment=None in_vocab=True
  [ 63] anger +0 cost=0 affliction=None enchantment='sharp' in_vocab=True
  [ 64] anger +0 cost=0 affliction=None enchantment='sharp' in_vocab=True
  [ 65] primal_force +0 cost=0 affliction=None enchantment=None in_vocab=True
  [ 66] primal_force +0 cost=0 affliction=None enchantment=None in_vocab=True
  [ 67] bully +0 cost=0 affliction=None enchantment=None in_vocab=True
  [ 68] bully +0 cost=0 affliction=None enchantment=None in_vocab=True
  [ 69] molten_fist +0 cost=1 affliction=None enchantment=None in_vocab=True
  [ 70] molten_fist +0 cost=1 affliction=None enchantment=None in_vocab=True
  [ 71] perfected_strike +0 cost=2 affliction=None enchantment=None in_vocab=True
  [ 72] perfected_strike +0 cost=2 affliction=None enchantment=None in_vocab=True
  [ 73] twin_strike +1 cost=1 affliction=None enchantment=None in_vocab=True
  [ 74] twin_strike +1 cost=1 affliction=None enchantment=None in_vocab=True
  [ 75] twin_strike +1 cost=1 affliction=None enchantment=None in_vocab=True
  [ 76] twin_strike +1 cost=1 affliction=None enchantment=None in_vocab=True
  [ 77] sword_boomerang +1 cost=1 affliction=None enchantment=None in_vocab=True
  [ 78] sword_boomerang +1 cost=1 affliction=None enchantment=None in_vocab=True
  [ 79] sword_boomerang +1 cost=1 affliction=None enchantment=None in_vocab=True
  [ 80] sword_boomerang +1 cost=1 affliction=None enchantment=None in_vocab=True
  [ 81] tremble +1 cost=1 affliction=None enchantment=None in_vocab=True
  [ 82] tremble +1 cost=1 affliction=None enchantment=None in_vocab=True
  [ 83] tremble +1 cost=1 affliction=None enchantment=None in_vocab=True
  [ 84] tremble +1 cost=1 affliction=None enchantment=None in_vocab=True
  [ 85] iron_wave +1 cost=1 affliction=None enchantment=None in_vocab=True
  [ 86] iron_wave +1 cost=1 affliction=None enchantment=None in_vocab=True
  [ 87] iron_wave +1 cost=1 affliction=None enchantment=None in_vocab=True
  [ 88] iron_wave +1 cost=1 affliction=None enchantment=None in_vocab=True
  [ 89] crimson_mantle +0 cost=1 affliction=None enchantment=None in_vocab=True
  [ 90] crimson_mantle +0 cost=1 affliction=None enchantment=None in_vocab=True
  [ 91] crimson_mantle +0 cost=1 affliction=None enchantment=None in_vocab=True
  [ 92] crimson_mantle +0 cost=1 affliction=None enchantment=None in_vocab=True
  [ 93] twin_strike +0 cost=1 affliction=None enchantment=None in_vocab=True
  [ 94] twin_strike +0 cost=1 affliction=None enchantment=None in_vocab=True
  [ 95] twin_strike +0 cost=1 affliction=None enchantment=None in_vocab=True
  [ 96] twin_strike +0 cost=1 affliction=None enchantment=None in_vocab=True
  [ 97] headbutt +0 cost=1 affliction=None enchantment=None in_vocab=True
  [ 98] headbutt +0 cost=1 affliction=None enchantment=None in_vocab=True
  [ 99] headbutt +0 cost=1 affliction=None enchantment=None in_vocab=True
  [100] headbutt +0 cost=1 affliction=None enchantment=None in_vocab=True
  [101] dominate +1 cost=1 affliction=None enchantment=None in_vocab=True
  [102] dominate +1 cost=1 affliction=None enchantment=None in_vocab=True
  [103] dominate +1 cost=1 affliction=None enchantment=None in_vocab=True
  [104] dominate +1 cost=1 affliction=None enchantment=None in_vocab=True
  [105] bad_luck +0 cost=-1 affliction=None enchantment=None in_vocab=True
  [106] bad_luck +0 cost=-1 affliction=None enchantment=None in_vocab=True
  counts: angerx3, ascenders_banex3, bad_luckx2, bashx3, bullyx3, crimson_mantlex6, defendx12, dominatex6, headbuttx6, inflamex3, iron_wavex6, molten_fistx3, perfected_strikex6, primal_forcex3, strikex15, sword_boomerangx6, tremblex6, twin_strikex15
run.deck overflow: 119 cards exceeds cap 96
  seed=None act_index=2 total_floor=35
  [  0] strike +0 cost=1 affliction=None enchantment=None in_vocab=True
  [  1] strike +0 cost=1 affliction=None enchantment=None in_vocab=True
  [  2] strike +0 cost=1 affliction=None enchantment=None in_vocab=True
  [  3] defend +0 cost=1 affliction=None enchantment=None in_vocab=True
  [  4] defend +0 cost=1 affliction=None enchantment=None in_vocab=True
  [  5] defend +0 cost=1 affliction=None enchantment=None in_vocab=True
  [  6] defend +0 cost=1 affliction=None enchantment=None in_vocab=True
  [  7] bash +0 cost=2 affliction=None enchantment=None in_vocab=True
  [  8] expect_a_fight +0 cost=2 affliction=None enchantment=None in_vocab=True
  [  9] ascenders_bane +0 cost=-1 affliction=None enchantment=None in_vocab=True
  [ 10] pommel_strike +1 cost=1 affliction=None enchantment=None in_vocab=True
  [ 11] battle_trance +1 cost=0 affliction=None enchantment=None in_vocab=True
  [ 12] demon_form +1 cost=3 affliction=None enchantment=None in_vocab=True
  [ 13] twin_strike +0 cost=1 affliction=None enchantment=None in_vocab=True
  [ 14] iron_wave +1 cost=1 affliction=None enchantment=None in_vocab=True
  [ 15] armaments +0 cost=1 affliction=None enchantment=None in_vocab=True
  [ 16] pommel_strike +0 cost=1 affliction=None enchantment=None in_vocab=True
  [ 17] twin_strike +0 cost=1 affliction=None enchantment=None in_vocab=True
  [ 18] seeker_strike +0 cost=1 affliction=None enchantment=None in_vocab=True
  [ 19] bully +0 cost=0 affliction=None enchantment=None in_vocab=True
  [ 20] bully +0 cost=0 affliction=None enchantment=None in_vocab=True
  [ 21] inflame +0 cost=1 affliction=None enchantment=None in_vocab=True
  [ 22] inflame +0 cost=1 affliction=None enchantment=None in_vocab=True
  [ 23] anger +0 cost=0 affliction=None enchantment=None in_vocab=True
  [ 24] anger +0 cost=0 affliction=None enchantment=None in_vocab=True
  [ 25] ultimate_strike +0 cost=1 affliction=None enchantment=None in_vocab=True
  [ 26] ultimate_strike +0 cost=1 affliction=None enchantment=None in_vocab=True
  [ 27] rage +0 cost=0 affliction=None enchantment=None in_vocab=True
  [ 28] rage +0 cost=0 affliction=None enchantment=None in_vocab=True
  [ 29] offering +0 cost=0 affliction=None enchantment=None in_vocab=True
  [ 30] offering +0 cost=0 affliction=None enchantment=None in_vocab=True
  [ 31] thunderclap +0 cost=1 affliction=None enchantment=None in_vocab=True
  [ 32] thunderclap +0 cost=1 affliction=None enchantment=None in_vocab=True
  [ 33] unrelenting +0 cost=2 affliction=None enchantment=None in_vocab=True
  [ 34] unrelenting +0 cost=2 affliction=None enchantment=None in_vocab=True
  [ 35] twin_strike +0 cost=1 affliction=None enchantment=None in_vocab=True
  [ 36] twin_strike +0 cost=1 affliction=None enchantment=None in_vocab=True
  [ 37] tremble +1 cost=1 affliction=None enchantment=None in_vocab=True
  [ 38] tremble +1 cost=1 affliction=None enchantment=None in_vocab=True
  [ 39] strike +0 cost=1 affliction=None enchantment=None in_vocab=True
  [ 40] strike +0 cost=1 affliction=None enchantment=None in_vocab=True
  [ 41] strike +0 cost=1 affliction=None enchantment=None in_vocab=True
  [ 42] strike +0 cost=1 affliction=None enchantment=None in_vocab=True
  [ 43] strike +0 cost=1 affliction=None enchantment=None in_vocab=True
  [ 44] strike +0 cost=1 affliction=None enchantment=None in_vocab=True
  [ 45] defend +0 cost=1 affliction=None enchantment=None in_vocab=True
  [ 46] defend +0 cost=1 affliction=None enchantment=None in_vocab=True
  [ 47] defend +0 cost=1 affliction=None enchantment=None in_vocab=True
  [ 48] defend +0 cost=1 affliction=None enchantment=None in_vocab=True
  [ 49] defend +0 cost=1 affliction=None enchantment=None in_vocab=True
  [ 50] defend +0 cost=1 affliction=None enchantment=None in_vocab=True
  [ 51] defend +0 cost=1 affliction=None enchantment=None in_vocab=True
  [ 52] defend +0 cost=1 affliction=None enchantment=None in_vocab=True
  [ 53] bash +0 cost=2 affliction=None enchantment=None in_vocab=True
  [ 54] bash +0 cost=2 affliction=None enchantment=None in_vocab=True
  [ 55] expect_a_fight +0 cost=2 affliction=None enchantment=None in_vocab=True
  [ 56] expect_a_fight +0 cost=2 affliction=None enchantment=None in_vocab=True
  [ 57] ascenders_bane +0 cost=-1 affliction=None enchantment=None in_vocab=True
  [ 58] ascenders_bane +0 cost=-1 affliction=None enchantment=None in_vocab=True
  [ 59] pommel_strike +1 cost=1 affliction=None enchantment=None in_vocab=True
  [ 60] pommel_strike +1 cost=1 affliction=None enchantment=None in_vocab=True
  [ 61] battle_trance +1 cost=0 affliction=None enchantment=None in_vocab=True
  [ 62] battle_trance +1 cost=0 affliction=None enchantment=None in_vocab=True
  [ 63] demon_form +1 cost=3 affliction=None enchantment=None in_vocab=True
  [ 64] demon_form +1 cost=3 affliction=None enchantment=None in_vocab=True
  [ 65] twin_strike +0 cost=1 affliction=None enchantment=None in_vocab=True
  [ 66] twin_strike +0 cost=1 affliction=None enchantment=None in_vocab=True
  [ 67] iron_wave +1 cost=1 affliction=None enchantment=None in_vocab=True
  [ 68] iron_wave +1 cost=1 affliction=None enchantment=None in_vocab=True
  [ 69] armaments +0 cost=1 affliction=None enchantment=None in_vocab=True
  [ 70] armaments +0 cost=1 affliction=None enchantment=None in_vocab=True
  [ 71] pommel_strike +0 cost=1 affliction=None enchantment=None in_vocab=True
  [ 72] pommel_strike +0 cost=1 affliction=None enchantment=None in_vocab=True
  [ 73] twin_strike +0 cost=1 affliction=None enchantment=None in_vocab=True
  [ 74] twin_strike +0 cost=1 affliction=None enchantment=None in_vocab=True
  [ 75] seeker_strike +0 cost=1 affliction=None enchantment=None in_vocab=True
  [ 76] seeker_strike +0 cost=1 affliction=None enchantment=None in_vocab=True
  [ 77] bully +0 cost=0 affliction=None enchantment=None in_vocab=True
  [ 78] bully +0 cost=0 affliction=None enchantment=None in_vocab=True
  [ 79] bully +0 cost=0 affliction=None enchantment=None in_vocab=True
  [ 80] bully +0 cost=0 affliction=None enchantment=None in_vocab=True
  [ 81] inflame +0 cost=1 affliction=None enchantment=None in_vocab=True
  [ 82] inflame +0 cost=1 affliction=None enchantment=None in_vocab=True
  [ 83] inflame +0 cost=1 affliction=None enchantment=None in_vocab=True
  [ 84] inflame +0 cost=1 affliction=None enchantment=None in_vocab=True
  [ 85] anger +0 cost=0 affliction=None enchantment=None in_vocab=True
  [ 86] anger +0 cost=0 affliction=None enchantment=None in_vocab=True
  [ 87] anger +0 cost=0 affliction=None enchantment=None in_vocab=True
  [ 88] anger +0 cost=0 affliction=None enchantment=None in_vocab=True
  [ 89] ultimate_strike +0 cost=1 affliction=None enchantment=None in_vocab=True
  [ 90] ultimate_strike +0 cost=1 affliction=None enchantment=None in_vocab=True
  [ 91] ultimate_strike +0 cost=1 affliction=None enchantment=None in_vocab=True
  [ 92] ultimate_strike +0 cost=1 affliction=None enchantment=None in_vocab=True
  [ 93] rage +0 cost=0 affliction=None enchantment=None in_vocab=True
  [ 94] rage +0 cost=0 affliction=None enchantment=None in_vocab=True
  [ 95] rage +0 cost=0 affliction=None enchantment=None in_vocab=True
  [ 96] rage +0 cost=0 affliction=None enchantment=None in_vocab=True
  [ 97] offering +0 cost=0 affliction=None enchantment=None in_vocab=True
  [ 98] offering +0 cost=0 affliction=None enchantment=None in_vocab=True
  [ 99] offering +0 cost=0 affliction=None enchantment=None in_vocab=True
  [100] offering +0 cost=0 affliction=None enchantment=None in_vocab=True
  [101] thunderclap +0 cost=1 affliction=None enchantment=None in_vocab=True
  [102] thunderclap +0 cost=1 affliction=None enchantment=None in_vocab=True
  [103] thunderclap +0 cost=1 affliction=None enchantment=None in_vocab=True
  [104] thunderclap +0 cost=1 affliction=None enchantment=None in_vocab=True
  [105] unrelenting +0 cost=2 affliction=None enchantment=None in_vocab=True
  [106] unrelenting +0 cost=2 affliction=None enchantment=None in_vocab=True
  [107] unrelenting +0 cost=2 affliction=None enchantment=None in_vocab=True
  [108] unrelenting +0 cost=2 affliction=None enchantment=None in_vocab=True
  [109] twin_strike +0 cost=1 affliction=None enchantment=None in_vocab=True
  [110] twin_strike +0 cost=1 affliction=None enchantment=None in_vocab=True
  [111] twin_strike +0 cost=1 affliction=None enchantment=None in_vocab=True
  [112] twin_strike +0 cost=1 affliction=None enchantment=None in_vocab=True
  [113] tremble +1 cost=1 affliction=None enchantment=None in_vocab=True
  [114] tremble +1 cost=1 affliction=None enchantment=None in_vocab=True
  [115] tremble +1 cost=1 affliction=None enchantment=None in_vocab=True
  [116] tremble +1 cost=1 affliction=None enchantment=None in_vocab=True
  [117] bad_luck +0 cost=-1 affliction=None enchantment=None in_vocab=True
  [118] bad_luck +0 cost=-1 affliction=None enchantment=None in_vocab=True
  counts: angerx6, armamentsx3, ascenders_banex3, bad_luckx2, bashx3, battle_trancex3, bullyx6, defendx12, demon_formx3, expect_a_fightx3, inflamex6, iron_wavex3, offeringx6, pommel_strikex6, ragex6, seeker_strikex3, strikex9, thunderclapx6, tremblex6, twin_strikex12, ultimate_strikex6, unrelentingx6
run.deck overflow: 97 cards exceeds cap 96
  seed=None act_index=2 total_floor=34
  [  0] strike +0 cost=0 affliction=None enchantment='tezcataras_ember' in_vocab=True
  [  1] strike +0 cost=0 affliction=None enchantment='tezcataras_ember' in_vocab=True
  [  2] strike +0 cost=0 affliction=None enchantment='tezcataras_ember' in_vocab=True
  [  3] strike +0 cost=0 affliction=None enchantment='tezcataras_ember' in_vocab=True
  [  4] strike +0 cost=0 affliction=None enchantment='tezcataras_ember' in_vocab=True
  [  5] defend +0 cost=1 affliction=None enchantment=None in_vocab=True
  [  6] defend +0 cost=1 affliction=None enchantment=None in_vocab=True
  [  7] defend +0 cost=1 affliction=None enchantment=None in_vocab=True
  [  8] defend +0 cost=1 affliction=None enchantment=None in_vocab=True
  [  9] bash +0 cost=2 affliction=None enchantment=None in_vocab=True
  [ 10] forgotten_ritual +0 cost=1 affliction=None enchantment=None in_vocab=True
  [ 11] burning_pact +0 cost=1 affliction=None enchantment=None in_vocab=True
  [ 12] ascenders_bane +0 cost=-1 affliction=None enchantment=None in_vocab=True
  [ 13] injury +0 cost=-1 affliction=None enchantment=None in_vocab=True
  [ 14] fight_me +0 cost=2 affliction=None enchantment='glam' in_vocab=True
  [ 15] twin_strike +0 cost=1 affliction=None enchantment=None in_vocab=True
  [ 16] pommel_strike +0 cost=1 affliction=None enchantment=None in_vocab=True
  [ 17] taunt +0 cost=1 affliction=None enchantment=None in_vocab=True
  [ 18] shrug_it_off +0 cost=1 affliction=None enchantment=None in_vocab=True
  [ 19] injury +0 cost=-1 affliction=None enchantment=None in_vocab=True
  [ 20] dominate +0 cost=1 affliction=None enchantment=None in_vocab=True
  [ 21] spite +0 cost=0 affliction=None enchantment=None in_vocab=True
  [ 22] offering +0 cost=0 affliction=None enchantment=None in_vocab=True
  [ 23] stomp +0 cost=3 affliction=None enchantment=None in_vocab=True
  [ 24] ashen_strike +0 cost=1 affliction=None enchantment=None in_vocab=True
  [ 25] infernal_blade +0 cost=1 affliction=None enchantment=None in_vocab=True
  [ 26] infernal_blade +0 cost=1 affliction=None enchantment=None in_vocab=True
  [ 27] uppercut +0 cost=2 affliction=None enchantment=None in_vocab=True
  [ 28] uppercut +0 cost=2 affliction=None enchantment=None in_vocab=True
  [ 29] thunderclap +1 cost=1 affliction=None enchantment=None in_vocab=True
  [ 30] thunderclap +1 cost=1 affliction=None enchantment=None in_vocab=True
  [ 31] strike +0 cost=0 affliction=None enchantment='tezcataras_ember' in_vocab=True
  [ 32] strike +0 cost=0 affliction=None enchantment='tezcataras_ember' in_vocab=True
  [ 33] strike +0 cost=0 affliction=None enchantment='tezcataras_ember' in_vocab=True
  [ 34] strike +0 cost=0 affliction=None enchantment='tezcataras_ember' in_vocab=True
  [ 35] strike +0 cost=0 affliction=None enchantment='tezcataras_ember' in_vocab=True
  [ 36] strike +0 cost=0 affliction=None enchantment='tezcataras_ember' in_vocab=True
  [ 37] strike +0 cost=0 affliction=None enchantment='tezcataras_ember' in_vocab=True
  [ 38] strike +0 cost=0 affliction=None enchantment='tezcataras_ember' in_vocab=True
  [ 39] strike +0 cost=0 affliction=None enchantment='tezcataras_ember' in_vocab=True
  [ 40] strike +0 cost=0 affliction=None enchantment='tezcataras_ember' in_vocab=True
  [ 41] defend +0 cost=1 affliction=None enchantment=None in_vocab=True
  [ 42] defend +0 cost=1 affliction=None enchantment=None in_vocab=True
  [ 43] defend +0 cost=1 affliction=None enchantment=None in_vocab=True
  [ 44] defend +0 cost=1 affliction=None enchantment=None in_vocab=True
  [ 45] defend +0 cost=1 affliction=None enchantment=None in_vocab=True
  [ 46] defend +0 cost=1 affliction=None enchantment=None in_vocab=True
  [ 47] defend +0 cost=1 affliction=None enchantment=None in_vocab=True
  [ 48] defend +0 cost=1 affliction=None enchantment=None in_vocab=True
  [ 49] bash +0 cost=2 affliction=None enchantment=None in_vocab=True
  [ 50] bash +0 cost=2 affliction=None enchantment=None in_vocab=True
  [ 51] forgotten_ritual +0 cost=1 affliction=None enchantment=None in_vocab=True
  [ 52] forgotten_ritual +0 cost=1 affliction=None enchantment=None in_vocab=True
  [ 53] burning_pact +0 cost=1 affliction=None enchantment=None in_vocab=True
  [ 54] burning_pact +0 cost=1 affliction=None enchantment=None in_vocab=True
  [ 55] ascenders_bane +0 cost=-1 affliction=None enchantment=None in_vocab=True
  [ 56] ascenders_bane +0 cost=-1 affliction=None enchantment=None in_vocab=True
  [ 57] injury +0 cost=-1 affliction=None enchantment=None in_vocab=True
  [ 58] injury +0 cost=-1 affliction=None enchantment=None in_vocab=True
  [ 59] fight_me +0 cost=2 affliction=None enchantment='glam' in_vocab=True
  [ 60] fight_me +0 cost=2 affliction=None enchantment='glam' in_vocab=True
  [ 61] twin_strike +0 cost=1 affliction=None enchantment=None in_vocab=True
  [ 62] twin_strike +0 cost=1 affliction=None enchantment=None in_vocab=True
  [ 63] pommel_strike +0 cost=1 affliction=None enchantment=None in_vocab=True
  [ 64] pommel_strike +0 cost=1 affliction=None enchantment=None in_vocab=True
  [ 65] taunt +0 cost=1 affliction=None enchantment=None in_vocab=True
  [ 66] taunt +0 cost=1 affliction=None enchantment=None in_vocab=True
  [ 67] shrug_it_off +0 cost=1 affliction=None enchantment=None in_vocab=True
  [ 68] shrug_it_off +0 cost=1 affliction=None enchantment=None in_vocab=True
  [ 69] injury +0 cost=-1 affliction=None enchantment=None in_vocab=True
  [ 70] injury +0 cost=-1 affliction=None enchantment=None in_vocab=True
  [ 71] dominate +0 cost=1 affliction=None enchantment=None in_vocab=True
  [ 72] dominate +0 cost=1 affliction=None enchantment=None in_vocab=True
  [ 73] spite +0 cost=0 affliction=None enchantment=None in_vocab=True
  [ 74] spite +0 cost=0 affliction=None enchantment=None in_vocab=True
  [ 75] offering +0 cost=0 affliction=None enchantment=None in_vocab=True
  [ 76] offering +0 cost=0 affliction=None enchantment=None in_vocab=True
  [ 77] stomp +0 cost=3 affliction=None enchantment=None in_vocab=True
  [ 78] stomp +0 cost=3 affliction=None enchantment=None in_vocab=True
  [ 79] ashen_strike +0 cost=1 affliction=None enchantment=None in_vocab=True
  [ 80] ashen_strike +0 cost=1 affliction=None enchantment=None in_vocab=True
  [ 81] infernal_blade +0 cost=1 affliction=None enchantment=None in_vocab=True
  [ 82] infernal_blade +0 cost=1 affliction=None enchantment=None in_vocab=True
  [ 83] infernal_blade +0 cost=1 affliction=None enchantment=None in_vocab=True
  [ 84] infernal_blade +0 cost=1 affliction=None enchantment=None in_vocab=True
  [ 85] uppercut +0 cost=2 affliction=None enchantment=None in_vocab=True
  [ 86] uppercut +0 cost=2 affliction=None enchantment=None in_vocab=True
  [ 87] uppercut +0 cost=2 affliction=None enchantment=None in_vocab=True
  [ 88] uppercut +0 cost=2 affliction=None enchantment=None in_vocab=True
  [ 89] thunderclap +1 cost=1 affliction=None enchantment=None in_vocab=True
  [ 90] thunderclap +1 cost=1 affliction=None enchantment=None in_vocab=True
  [ 91] thunderclap +1 cost=1 affliction=None enchantment=None in_vocab=True
  [ 92] thunderclap +1 cost=1 affliction=None enchantment=None in_vocab=True
  [ 93] bad_luck +0 cost=-1 affliction=None enchantment=None in_vocab=True
  [ 94] bad_luck +0 cost=-1 affliction=None enchantment=None in_vocab=True
  [ 95] infernal_blade +0 cost=1 affliction=None enchantment=None in_vocab=True
  [ 96] infernal_blade +0 cost=1 affliction=None enchantment=None in_vocab=True
  counts: ascenders_banex3, ashen_strikex3, bad_luckx2, bashx3, burning_pactx3, defendx12, dominatex3, fight_mex3, forgotten_ritualx3, infernal_bladex8, injuryx6, offeringx3, pommel_strikex3, shrug_it_offx3, spitex3, stompx3, strikex15, tauntx3, thunderclapx6, twin_strikex3, uppercutx6
run.deck overflow: 119 cards exceeds cap 96
  seed=None act_index=2 total_floor=34
  [  0] strike +0 cost=1 affliction=None enchantment=None in_vocab=True
  [  1] strike +0 cost=1 affliction=None enchantment=None in_vocab=True
  [  2] strike +0 cost=1 affliction=None enchantment=None in_vocab=True
  [  3] strike +0 cost=1 affliction=None enchantment=None in_vocab=True
  [  4] strike +0 cost=1 affliction=None enchantment=None in_vocab=True
  [  5] defend +0 cost=1 affliction=None enchantment=None in_vocab=True
  [  6] defend +0 cost=1 affliction=None enchantment=None in_vocab=True
  [  7] defend +0 cost=1 affliction=None enchantment=None in_vocab=True
  [  8] defend +0 cost=1 affliction=None enchantment=None in_vocab=True
  [  9] bash +0 cost=2 affliction=None enchantment=None in_vocab=True
  [ 10] ascenders_bane +0 cost=-1 affliction=None enchantment=None in_vocab=True
  [ 11] perfected_strike +0 cost=2 affliction=None enchantment='sharp' in_vocab=True
  [ 12] clumsy +0 cost=-1 affliction=None enchantment=None in_vocab=True
  [ 13] anger +1 cost=0 affliction=None enchantment=None in_vocab=True
  [ 14] thunderclap +1 cost=1 affliction=None enchantment=None in_vocab=True
  [ 15] tremble +0 cost=1 affliction=None enchantment=None in_vocab=True
  [ 16] shrug_it_off +0 cost=1 affliction=None enchantment=None in_vocab=True
  [ 17] headbutt +1 cost=1 affliction=None enchantment=None in_vocab=True
  [ 18] anger +1 cost=0 affliction=None enchantment=None in_vocab=True
  [ 19] conflagration +1 cost=1 affliction=None enchantment=None in_vocab=True
  [ 20] setup_strike +1 cost=1 affliction=None enchantment=None in_vocab=True
  [ 21] stomp +1 cost=3 affliction=None enchantment=None in_vocab=True
  [ 22] twin_strike +1 cost=1 affliction=None enchantment=None in_vocab=True
  [ 23] ultimate_strike +1 cost=1 affliction=None enchantment=None in_vocab=True
  [ 24] anger +1 cost=0 affliction=None enchantment=None in_vocab=True
  [ 25] headbutt +1 cost=1 affliction=None enchantment=None in_vocab=True
  [ 26] headbutt +1 cost=1 affliction=None enchantment=None in_vocab=True
  [ 27] anger +1 cost=0 affliction=None enchantment=None in_vocab=True
  [ 28] anger +1 cost=0 affliction=None enchantment=None in_vocab=True
  [ 29] perfected_strike +1 cost=2 affliction=None enchantment=None in_vocab=True
  [ 30] perfected_strike +1 cost=2 affliction=None enchantment=None in_vocab=True
  [ 31] breakthrough +1 cost=1 affliction=None enchantment=None in_vocab=True
  [ 32] breakthrough +1 cost=1 affliction=None enchantment=None in_vocab=True
  [ 33] crimson_mantle +0 cost=1 affliction=None enchantment=None in_vocab=True
  [ 34] crimson_mantle +0 cost=1 affliction=None enchantment=None in_vocab=True
  [ 35] sword_boomerang +1 cost=1 affliction=None enchantment=None in_vocab=True
  [ 36] sword_boomerang +1 cost=1 affliction=None enchantment=None in_vocab=True
  [ 37] fisticuffs +1 cost=1 affliction=None enchantment=None in_vocab=True
  [ 38] fisticuffs +1 cost=1 affliction=None enchantment=None in_vocab=True
  [ 39] strike +1 cost=1 affliction=None enchantment=None in_vocab=True
  [ 40] strike +1 cost=1 affliction=None enchantment=None in_vocab=True
  [ 41] strike +1 cost=1 affliction=None enchantment=None in_vocab=True
  [ 42] strike +1 cost=1 affliction=None enchantment=None in_vocab=True
  [ 43] strike +1 cost=1 affliction=None enchantment=None in_vocab=True
  [ 44] strike +1 cost=1 affliction=None enchantment=None in_vocab=True
  [ 45] strike +1 cost=1 affliction=None enchantment=None in_vocab=True
  [ 46] strike +1 cost=1 affliction=None enchantment=None in_vocab=True
  [ 47] strike +1 cost=1 affliction=None enchantment=None in_vocab=True
  [ 48] strike +1 cost=1 affliction=None enchantment=None in_vocab=True
  [ 49] defend +0 cost=1 affliction=None enchantment=None in_vocab=True
  [ 50] defend +0 cost=1 affliction=None enchantment=None in_vocab=True
  [ 51] defend +0 cost=1 affliction=None enchantment=None in_vocab=True
  [ 52] defend +0 cost=1 affliction=None enchantment=None in_vocab=True
  [ 53] defend +0 cost=1 affliction=None enchantment=None in_vocab=True
  [ 54] defend +0 cost=1 affliction=None enchantment=None in_vocab=True
  [ 55] defend +0 cost=1 affliction=None enchantment=None in_vocab=True
  [ 56] defend +0 cost=1 affliction=None enchantment=None in_vocab=True
  [ 57] bash +1 cost=2 affliction=None enchantment=None in_vocab=True
  [ 58] bash +1 cost=2 affliction=None enchantment=None in_vocab=True
  [ 59] ascenders_bane +0 cost=-1 affliction=None enchantment=None in_vocab=True
  [ 60] ascenders_bane +0 cost=-1 affliction=None enchantment=None in_vocab=True
  [ 61] perfected_strike +1 cost=2 affliction=None enchantment='sharp' in_vocab=True
  [ 62] perfected_strike +1 cost=2 affliction=None enchantment='sharp' in_vocab=True
  [ 63] clumsy +0 cost=-1 affliction=None enchantment=None in_vocab=True
  [ 64] clumsy +0 cost=-1 affliction=None enchantment=None in_vocab=True
  [ 65] anger +1 cost=0 affliction=None enchantment=None in_vocab=True
  [ 66] anger +1 cost=0 affliction=None enchantment=None in_vocab=True
  [ 67] thunderclap +1 cost=1 affliction=None enchantment=None in_vocab=True
  [ 68] thunderclap +1 cost=1 affliction=None enchantment=None in_vocab=True
  [ 69] tremble +0 cost=1 affliction=None enchantment=None in_vocab=True
  [ 70] tremble +0 cost=1 affliction=None enchantment=None in_vocab=True
  [ 71] shrug_it_off +0 cost=1 affliction=None enchantment=None in_vocab=True
  [ 72] shrug_it_off +0 cost=1 affliction=None enchantment=None in_vocab=True
  [ 73] headbutt +1 cost=1 affliction=None enchantment=None in_vocab=True
  [ 74] headbutt +1 cost=1 affliction=None enchantment=None in_vocab=True
  [ 75] anger +1 cost=0 affliction=None enchantment=None in_vocab=True
  [ 76] anger +1 cost=0 affliction=None enchantment=None in_vocab=True
  [ 77] conflagration +1 cost=1 affliction=None enchantment=None in_vocab=True
  [ 78] conflagration +1 cost=1 affliction=None enchantment=None in_vocab=True
  [ 79] setup_strike +1 cost=1 affliction=None enchantment=None in_vocab=True
  [ 80] setup_strike +1 cost=1 affliction=None enchantment=None in_vocab=True
  [ 81] stomp +1 cost=3 affliction=None enchantment=None in_vocab=True
  [ 82] stomp +1 cost=3 affliction=None enchantment=None in_vocab=True
  [ 83] twin_strike +1 cost=1 affliction=None enchantment=None in_vocab=True
  [ 84] twin_strike +1 cost=1 affliction=None enchantment=None in_vocab=True
  [ 85] ultimate_strike +1 cost=1 affliction=None enchantment=None in_vocab=True
  [ 86] ultimate_strike +1 cost=1 affliction=None enchantment=None in_vocab=True
  [ 87] anger +1 cost=0 affliction=None enchantment=None in_vocab=True
  [ 88] anger +1 cost=0 affliction=None enchantment=None in_vocab=True
  [ 89] headbutt +1 cost=1 affliction=None enchantment=None in_vocab=True
  [ 90] headbutt +1 cost=1 affliction=None enchantment=None in_vocab=True
  [ 91] headbutt +1 cost=1 affliction=None enchantment=None in_vocab=True
  [ 92] headbutt +1 cost=1 affliction=None enchantment=None in_vocab=True
  [ 93] anger +1 cost=0 affliction=None enchantment=None in_vocab=True
  [ 94] anger +1 cost=0 affliction=None enchantment=None in_vocab=True
  [ 95] anger +1 cost=0 affliction=None enchantment=None in_vocab=True
  [ 96] anger +1 cost=0 affliction=None enchantment=None in_vocab=True
  [ 97] perfected_strike +1 cost=2 affliction=None enchantment=None in_vocab=True
  [ 98] perfected_strike +1 cost=2 affliction=None enchantment=None in_vocab=True
  [ 99] perfected_strike +1 cost=2 affliction=None enchantment=None in_vocab=True
  [100] perfected_strike +1 cost=2 affliction=None enchantment=None in_vocab=True
  [101] breakthrough +1 cost=1 affliction=None enchantment=None in_vocab=True
  [102] breakthrough +1 cost=1 affliction=None enchantment=None in_vocab=True
  [103] breakthrough +1 cost=1 affliction=None enchantment=None in_vocab=True
  [104] breakthrough +1 cost=1 affliction=None enchantment=None in_vocab=True
  [105] crimson_mantle +0 cost=1 affliction=None enchantment=None in_vocab=True
  [106] crimson_mantle +0 cost=1 affliction=None enchantment=None in_vocab=True
  [107] crimson_mantle +0 cost=1 affliction=None enchantment=None in_vocab=True
  [108] crimson_mantle +0 cost=1 affliction=None enchantment=None in_vocab=True
  [109] sword_boomerang +1 cost=1 affliction=None enchantment=None in_vocab=True
  [110] sword_boomerang +1 cost=1 affliction=None enchantment=None in_vocab=True
  [111] sword_boomerang +1 cost=1 affliction=None enchantment=None in_vocab=True
  [112] sword_boomerang +1 cost=1 affliction=None enchantment=None in_vocab=True
  [113] fisticuffs +1 cost=1 affliction=None enchantment=None in_vocab=True
  [114] fisticuffs +1 cost=1 affliction=None enchantment=None in_vocab=True
  [115] fisticuffs +1 cost=1 affliction=None enchantment=None in_vocab=True
  [116] fisticuffs +1 cost=1 affliction=None enchantment=None in_vocab=True
  [117] bad_luck +0 cost=-1 affliction=None enchantment=None in_vocab=True
  [118] bad_luck +0 cost=-1 affliction=None enchantment=None in_vocab=True
  counts: angerx15, ascenders_banex3, bad_luckx2, bashx3, breakthroughx6, clumsyx3, conflagrationx3, crimson_mantlex6, defendx12, fisticuffsx6, headbuttx9, perfected_strikex9, setup_strikex3, shrug_it_offx3, stompx3, strikex15, sword_boomerangx6, thunderclapx3, tremblex3, twin_strikex3, ultimate_strikex3
run.deck overflow: 116 cards exceeds cap 96
  seed=None act_index=2 total_floor=36
  [  0] strike +0 cost=1 affliction=None enchantment=None in_vocab=True
  [  1] strike +0 cost=1 affliction=None enchantment=None in_vocab=True
  [  2] strike +0 cost=1 affliction=None enchantment=None in_vocab=True
  [  3] strike +0 cost=1 affliction=None enchantment=None in_vocab=True
  [  4] strike +0 cost=1 affliction=None enchantment=None in_vocab=True
  [  5] defend +0 cost=1 affliction=None enchantment=None in_vocab=True
  [  6] defend +0 cost=1 affliction=None enchantment=None in_vocab=True
  [  7] defend +1 cost=1 affliction=None enchantment=None in_vocab=True
  [  8] defend +0 cost=1 affliction=None enchantment=None in_vocab=True
  [  9] bash +0 cost=2 affliction=None enchantment=None in_vocab=True
  [ 10] ascenders_bane +0 cost=-1 affliction=None enchantment=None in_vocab=True
  [ 11] armaments +1 cost=1 affliction=None enchantment=None in_vocab=True
  [ 12] iron_wave +0 cost=1 affliction=None enchantment=None in_vocab=True
  [ 13] dominate +1 cost=1 affliction=None enchantment=None in_vocab=True
  [ 14] perfected_strike +1 cost=2 affliction=None enchantment=None in_vocab=True
  [ 15] twin_strike +0 cost=1 affliction=None enchantment=None in_vocab=True
  [ 16] perfected_strike +1 cost=2 affliction=None enchantment=None in_vocab=True
  [ 17] dominate +0 cost=1 affliction=None enchantment='souls' in_vocab=True
  [ 18] fight_me +0 cost=2 affliction=None enchantment=None in_vocab=True
  [ 19] impervious +0 cost=2 affliction=None enchantment=None in_vocab=True
  [ 20] headbutt +1 cost=1 affliction=None enchantment=None in_vocab=True
  [ 21] bully +0 cost=0 affliction=None enchantment=None in_vocab=True
  [ 22] havoc +1 cost=0 affliction=None enchantment=None in_vocab=True
  [ 23] havoc +1 cost=0 affliction=None enchantment=None in_vocab=True
  [ 24] dramatic_entrance +0 cost=0 affliction=None enchantment=None in_vocab=True
  [ 25] dramatic_entrance +0 cost=0 affliction=None enchantment=None in_vocab=True
  [ 26] anger +0 cost=0 affliction=None enchantment=None in_vocab=True
  [ 27] anger +0 cost=0 affliction=None enchantment=None in_vocab=True
  [ 28] rage +0 cost=0 affliction=None enchantment=None in_vocab=True
  [ 29] rage +0 cost=0 affliction=None enchantment=None in_vocab=True
  [ 30] perfected_strike +0 cost=2 affliction=None enchantment=None in_vocab=True
  [ 31] perfected_strike +0 cost=2 affliction=None enchantment=None in_vocab=True
  [ 32] twin_strike +0 cost=1 affliction=None enchantment=None in_vocab=True
  [ 33] twin_strike +0 cost=1 affliction=None enchantment=None in_vocab=True
  [ 34] hemokinesis +1 cost=1 affliction=None enchantment=None in_vocab=True
  [ 35] hemokinesis +1 cost=1 affliction=None enchantment=None in_vocab=True
  [ 36] decay +0 cost=-1 affliction=None enchantment=None in_vocab=True
  [ 37] decay +0 cost=-1 affliction=None enchantment=None in_vocab=True
  [ 38] strike +0 cost=1 affliction=None enchantment=None in_vocab=True
  [ 39] strike +0 cost=1 affliction=None enchantment=None in_vocab=True
  [ 40] strike +0 cost=1 affliction=None enchantment=None in_vocab=True
  [ 41] strike +0 cost=1 affliction=None enchantment=None in_vocab=True
  [ 42] strike +0 cost=1 affliction=None enchantment=None in_vocab=True
  [ 43] strike +0 cost=1 affliction=None enchantment=None in_vocab=True
  [ 44] strike +0 cost=1 affliction=None enchantment=None in_vocab=True
  [ 45] strike +0 cost=1 affliction=None enchantment=None in_vocab=True
  [ 46] strike +0 cost=1 affliction=None enchantment=None in_vocab=True
  [ 47] strike +0 cost=1 affliction=None enchantment=None in_vocab=True
  [ 48] defend +0 cost=1 affliction=None enchantment=None in_vocab=True
  [ 49] defend +0 cost=1 affliction=None enchantment=None in_vocab=True
  [ 50] defend +0 cost=1 affliction=None enchantment=None in_vocab=True
  [ 51] defend +0 cost=1 affliction=None enchantment=None in_vocab=True
  [ 52] defend +1 cost=1 affliction=None enchantment=None in_vocab=True
  [ 53] defend +1 cost=1 affliction=None enchantment=None in_vocab=True
  [ 54] defend +0 cost=1 affliction=None enchantment=None in_vocab=True
  [ 55] defend +0 cost=1 affliction=None enchantment=None in_vocab=True
  [ 56] bash +0 cost=2 affliction=None enchantment=None in_vocab=True
  [ 57] bash +0 cost=2 affliction=None enchantment=None in_vocab=True
  [ 58] ascenders_bane +0 cost=-1 affliction=None enchantment=None in_vocab=True
  [ 59] ascenders_bane +0 cost=-1 affliction=None enchantment=None in_vocab=True
  [ 60] armaments +1 cost=1 affliction=None enchantment=None in_vocab=True
  [ 61] armaments +1 cost=1 affliction=None enchantment=None in_vocab=True
  [ 62] iron_wave +0 cost=1 affliction=None enchantment=None in_vocab=True
  [ 63] iron_wave +0 cost=1 affliction=None enchantment=None in_vocab=True
  [ 64] dominate +1 cost=1 affliction=None enchantment=None in_vocab=True
  [ 65] dominate +1 cost=1 affliction=None enchantment=None in_vocab=True
  [ 66] perfected_strike +1 cost=2 affliction=None enchantment=None in_vocab=True
  [ 67] perfected_strike +1 cost=2 affliction=None enchantment=None in_vocab=True
  [ 68] twin_strike +0 cost=1 affliction=None enchantment=None in_vocab=True
  [ 69] twin_strike +0 cost=1 affliction=None enchantment=None in_vocab=True
  [ 70] perfected_strike +1 cost=2 affliction=None enchantment=None in_vocab=True
  [ 71] perfected_strike +1 cost=2 affliction=None enchantment=None in_vocab=True
  [ 72] dominate +0 cost=1 affliction=None enchantment='souls' in_vocab=True
  [ 73] dominate +0 cost=1 affliction=None enchantment='souls' in_vocab=True
  [ 74] fight_me +0 cost=2 affliction=None enchantment=None in_vocab=True
  [ 75] fight_me +0 cost=2 affliction=None enchantment=None in_vocab=True
  [ 76] impervious +0 cost=2 affliction=None enchantment=None in_vocab=True
  [ 77] impervious +0 cost=2 affliction=None enchantment=None in_vocab=True
  [ 78] headbutt +1 cost=1 affliction=None enchantment=None in_vocab=True
  [ 79] headbutt +1 cost=1 affliction=None enchantment=None in_vocab=True
  [ 80] bully +0 cost=0 affliction=None enchantment=None in_vocab=True
  [ 81] bully +0 cost=0 affliction=None enchantment=None in_vocab=True
  [ 82] havoc +1 cost=0 affliction=None enchantment=None in_vocab=True
  [ 83] havoc +1 cost=0 affliction=None enchantment=None in_vocab=True
  [ 84] havoc +1 cost=0 affliction=None enchantment=None in_vocab=True
  [ 85] havoc +1 cost=0 affliction=None enchantment=None in_vocab=True
  [ 86] dramatic_entrance +0 cost=0 affliction=None enchantment=None in_vocab=True
  [ 87] dramatic_entrance +0 cost=0 affliction=None enchantment=None in_vocab=True
  [ 88] dramatic_entrance +0 cost=0 affliction=None enchantment=None in_vocab=True
  [ 89] dramatic_entrance +0 cost=0 affliction=None enchantment=None in_vocab=True
  [ 90] anger +0 cost=0 affliction=None enchantment=None in_vocab=True
  [ 91] anger +0 cost=0 affliction=None enchantment=None in_vocab=True
  [ 92] anger +0 cost=0 affliction=None enchantment=None in_vocab=True
  [ 93] anger +0 cost=0 affliction=None enchantment=None in_vocab=True
  [ 94] rage +0 cost=0 affliction=None enchantment=None in_vocab=True
  [ 95] rage +0 cost=0 affliction=None enchantment=None in_vocab=True
  [ 96] rage +0 cost=0 affliction=None enchantment=None in_vocab=True
  [ 97] rage +0 cost=0 affliction=None enchantment=None in_vocab=True
  [ 98] perfected_strike +0 cost=2 affliction=None enchantment=None in_vocab=True
  [ 99] perfected_strike +0 cost=2 affliction=None enchantment=None in_vocab=True
  [100] perfected_strike +0 cost=2 affliction=None enchantment=None in_vocab=True
  [101] perfected_strike +0 cost=2 affliction=None enchantment=None in_vocab=True
  [102] twin_strike +0 cost=1 affliction=None enchantment=None in_vocab=True
  [103] twin_strike +0 cost=1 affliction=None enchantment=None in_vocab=True
  [104] twin_strike +0 cost=1 affliction=None enchantment=None in_vocab=True
  [105] twin_strike +0 cost=1 affliction=None enchantment=None in_vocab=True
  [106] hemokinesis +1 cost=1 affliction=None enchantment=None in_vocab=True
  [107] hemokinesis +1 cost=1 affliction=None enchantment=None in_vocab=True
  [108] hemokinesis +1 cost=1 affliction=None enchantment=None in_vocab=True
  [109] hemokinesis +1 cost=1 affliction=None enchantment=None in_vocab=True
  [110] decay +0 cost=-1 affliction=None enchantment=None in_vocab=True
  [111] decay +0 cost=-1 affliction=None enchantment=None in_vocab=True
  [112] decay +0 cost=-1 affliction=None enchantment=None in_vocab=True
  [113] decay +0 cost=-1 affliction=None enchantment=None in_vocab=True
  [114] bad_luck +0 cost=-1 affliction=None enchantment=None in_vocab=True
  [115] bad_luck +0 cost=-1 affliction=None enchantment=None in_vocab=True
  counts: angerx6, armamentsx3, ascenders_banex3, bad_luckx2, bashx3, bullyx3, decayx6, defendx12, dominatex6, dramatic_entrancex6, fight_mex3, havocx6, headbuttx3, hemokinesisx6, imperviousx3, iron_wavex3, perfected_strikex12, ragex6, strikex15, twin_strikex9
run.deck overflow: 125 cards exceeds cap 96
  seed=None act_index=2 total_floor=39
  [  0] strike +0 cost=1 affliction=None enchantment=None in_vocab=True
  [  1] strike +0 cost=1 affliction=None enchantment=None in_vocab=True
  [  2] strike +0 cost=1 affliction=None enchantment=None in_vocab=True
  [  3] strike +0 cost=1 affliction=None enchantment=None in_vocab=True
  [  4] strike +0 cost=1 affliction=None enchantment=None in_vocab=True
  [  5] defend +0 cost=1 affliction=None enchantment=None in_vocab=True
  [  6] defend +0 cost=1 affliction=None enchantment=None in_vocab=True
  [  7] defend +0 cost=1 affliction=None enchantment=None in_vocab=True
  [  8] defend +0 cost=1 affliction=None enchantment=None in_vocab=True
  [  9] bash +0 cost=2 affliction=None enchantment=None in_vocab=True
  [ 10] ascenders_bane +0 cost=-1 affliction=None enchantment=None in_vocab=True
  [ 11] neows_fury +0 cost=1 affliction=None enchantment=None in_vocab=True
  [ 12] twin_strike +0 cost=1 affliction=None enchantment=None in_vocab=True
  [ 13] anger +1 cost=0 affliction=None enchantment=None in_vocab=True
  [ 14] clumsy +0 cost=-1 affliction=None enchantment=None in_vocab=True
  [ 15] pommel_strike +1 cost=1 affliction=None enchantment=None in_vocab=True
  [ 16] perfected_strike +1 cost=2 affliction=None enchantment=None in_vocab=True
  [ 17] hemokinesis +0 cost=1 affliction=None enchantment=None in_vocab=True
  [ 18] perfected_strike +1 cost=2 affliction=None enchantment=None in_vocab=True
  [ 19] tremble +0 cost=1 affliction=None enchantment=None in_vocab=True
  [ 20] conflagration +0 cost=1 affliction=None enchantment=None in_vocab=True
  [ 21] fight_me +0 cost=2 affliction=None enchantment=None in_vocab=True
  [ 22] anger +0 cost=0 affliction=None enchantment=None in_vocab=True
  [ 23] pommel_strike +0 cost=1 affliction=None enchantment=None in_vocab=True
  [ 24] pommel_strike +0 cost=1 affliction=None enchantment=None in_vocab=True
  [ 25] anger +0 cost=0 affliction=None enchantment=None in_vocab=True
  [ 26] anger +0 cost=0 affliction=None enchantment=None in_vocab=True
  [ 27] breakthrough +1 cost=1 affliction=None enchantment=None in_vocab=True
  [ 28] breakthrough +1 cost=1 affliction=None enchantment=None in_vocab=True
  [ 29] headbutt +0 cost=1 affliction=None enchantment=None in_vocab=True
  [ 30] headbutt +0 cost=1 affliction=None enchantment=None in_vocab=True
  [ 31] conflagration +0 cost=1 affliction=None enchantment=None in_vocab=True
  [ 32] conflagration +0 cost=1 affliction=None enchantment=None in_vocab=True
  [ 33] perfected_strike +0 cost=2 affliction=None enchantment=None in_vocab=True
  [ 34] perfected_strike +0 cost=2 affliction=None enchantment=None in_vocab=True
  [ 35] headbutt +1 cost=1 affliction=None enchantment=None in_vocab=True
  [ 36] headbutt +1 cost=1 affliction=None enchantment=None in_vocab=True
  [ 37] pillage +1 cost=1 affliction=None enchantment=None in_vocab=True
  [ 38] pillage +1 cost=1 affliction=None enchantment=None in_vocab=True
  [ 39] anger +0 cost=0 affliction=None enchantment=None in_vocab=True
  [ 40] anger +0 cost=0 affliction=None enchantment=None in_vocab=True
  [ 41] strike +0 cost=1 affliction=None enchantment=None in_vocab=True
  [ 42] strike +0 cost=1 affliction=None enchantment=None in_vocab=True
  [ 43] strike +0 cost=1 affliction=None enchantment=None in_vocab=True
  [ 44] strike +0 cost=1 affliction=None enchantment=None in_vocab=True
  [ 45] strike +0 cost=1 affliction=None enchantment=None in_vocab=True
  [ 46] strike +0 cost=1 affliction=None enchantment=None in_vocab=True
  [ 47] strike +0 cost=1 affliction=None enchantment=None in_vocab=True
  [ 48] strike +0 cost=1 affliction=None enchantment=None in_vocab=True
  [ 49] strike +0 cost=1 affliction=None enchantment=None in_vocab=True
  [ 50] strike +0 cost=1 affliction=None enchantment=None in_vocab=True
  [ 51] defend +0 cost=1 affliction=None enchantment=None in_vocab=True
  [ 52] defend +0 cost=1 affliction=None enchantment=None in_vocab=True
  [ 53] defend +0 cost=1 affliction=None enchantment=None in_vocab=True
  [ 54] defend +0 cost=1 affliction=None enchantment=None in_vocab=True
  [ 55] defend +0 cost=1 affliction=None enchantment=None in_vocab=True
  [ 56] defend +0 cost=1 affliction=None enchantment=None in_vocab=True
  [ 57] defend +0 cost=1 affliction=None enchantment=None in_vocab=True
  [ 58] defend +0 cost=1 affliction=None enchantment=None in_vocab=True
  [ 59] bash +0 cost=2 affliction=None enchantment=None in_vocab=True
  [ 60] bash +0 cost=2 affliction=None enchantment=None in_vocab=True
  [ 61] ascenders_bane +0 cost=-1 affliction=None enchantment=None in_vocab=True
  [ 62] ascenders_bane +0 cost=-1 affliction=None enchantment=None in_vocab=True
  [ 63] neows_fury +0 cost=1 affliction=None enchantment=None in_vocab=True
  [ 64] neows_fury +0 cost=1 affliction=None enchantment=None in_vocab=True
  [ 65] twin_strike +0 cost=1 affliction=None enchantment=None in_vocab=True
  [ 66] twin_strike +0 cost=1 affliction=None enchantment=None in_vocab=True
  [ 67] anger +1 cost=0 affliction=None enchantment=None in_vocab=True
  [ 68] anger +1 cost=0 affliction=None enchantment=None in_vocab=True
  [ 69] clumsy +0 cost=-1 affliction=None enchantment=None in_vocab=True
  [ 70] clumsy +0 cost=-1 affliction=None enchantment=None in_vocab=True
  [ 71] pommel_strike +1 cost=1 affliction=None enchantment=None in_vocab=True
  [ 72] pommel_strike +1 cost=1 affliction=None enchantment=None in_vocab=True
  [ 73] perfected_strike +1 cost=2 affliction=None enchantment=None in_vocab=True
  [ 74] perfected_strike +1 cost=2 affliction=None enchantment=None in_vocab=True
  [ 75] hemokinesis +0 cost=1 affliction=None enchantment=None in_vocab=True
  [ 76] hemokinesis +0 cost=1 affliction=None enchantment=None in_vocab=True
  [ 77] perfected_strike +1 cost=2 affliction=None enchantment=None in_vocab=True
  [ 78] perfected_strike +1 cost=2 affliction=None enchantment=None in_vocab=True
  [ 79] tremble +0 cost=1 affliction=None enchantment=None in_vocab=True
  [ 80] tremble +0 cost=1 affliction=None enchantment=None in_vocab=True
  [ 81] conflagration +0 cost=1 affliction=None enchantment=None in_vocab=True
  [ 82] conflagration +0 cost=1 affliction=None enchantment=None in_vocab=True
  [ 83] fight_me +0 cost=2 affliction=None enchantment=None in_vocab=True
  [ 84] fight_me +0 cost=2 affliction=None enchantment=None in_vocab=True
  [ 85] anger +0 cost=0 affliction=None enchantment=None in_vocab=True
  [ 86] anger +0 cost=0 affliction=None enchantment=None in_vocab=True
  [ 87] pommel_strike +0 cost=1 affliction=None enchantment=None in_vocab=True
  [ 88] pommel_strike +0 cost=1 affliction=None enchantment=None in_vocab=True
  [ 89] pommel_strike +0 cost=1 affliction=None enchantment=None in_vocab=True
  [ 90] pommel_strike +0 cost=1 affliction=None enchantment=None in_vocab=True
  [ 91] anger +0 cost=0 affliction=None enchantment=None in_vocab=True
  [ 92] anger +0 cost=0 affliction=None enchantment=None in_vocab=True
  [ 93] anger +0 cost=0 affliction=None enchantment=None in_vocab=True
  [ 94] anger +0 cost=0 affliction=None enchantment=None in_vocab=True
  [ 95] breakthrough +1 cost=1 affliction=None enchantment=None in_vocab=True
  [ 96] breakthrough +1 cost=1 affliction=None enchantment=None in_vocab=True
  [ 97] breakthrough +1 cost=1 affliction=None enchantment=None in_vocab=True
  [ 98] breakthrough +1 cost=1 affliction=None enchantment=None in_vocab=True
  [ 99] headbutt +0 cost=1 affliction=None enchantment=None in_vocab=True
  [100] headbutt +0 cost=1 affliction=None enchantment=None in_vocab=True
  [101] headbutt +0 cost=1 affliction=None enchantment=None in_vocab=True
  [102] headbutt +0 cost=1 affliction=None enchantment=None in_vocab=True
  [103] conflagration +0 cost=1 affliction=None enchantment=None in_vocab=True
  [104] conflagration +0 cost=1 affliction=None enchantment=None in_vocab=True
  [105] conflagration +0 cost=1 affliction=None enchantment=None in_vocab=True
  [106] conflagration +0 cost=1 affliction=None enchantment=None in_vocab=True
  [107] perfected_strike +0 cost=2 affliction=None enchantment=None in_vocab=True
  [108] perfected_strike +0 cost=2 affliction=None enchantment=None in_vocab=True
  [109] perfected_strike +0 cost=2 affliction=None enchantment=None in_vocab=True
  [110] perfected_strike +0 cost=2 affliction=None enchantment=None in_vocab=True
  [111] headbutt +1 cost=1 affliction=None enchantment=None in_vocab=True
  [112] headbutt +1 cost=1 affliction=None enchantment=None in_vocab=True
  [113] headbutt +1 cost=1 affliction=None enchantment=None in_vocab=True
  [114] headbutt +1 cost=1 affliction=None enchantment=None in_vocab=True
  [115] pillage +1 cost=1 affliction=None enchantment=None in_vocab=True
  [116] pillage +1 cost=1 affliction=None enchantment=None in_vocab=True
  [117] pillage +1 cost=1 affliction=None enchantment=None in_vocab=True
  [118] pillage +1 cost=1 affliction=None enchantment=None in_vocab=True
  [119] anger +0 cost=0 affliction=None enchantment=None in_vocab=True
  [120] anger +0 cost=0 affliction=None enchantment=None in_vocab=True
  [121] anger +0 cost=0 affliction=None enchantment=None in_vocab=True
  [122] anger +0 cost=0 affliction=None enchantment=None in_vocab=True
  [123] bad_luck +0 cost=-1 affliction=None enchantment=None in_vocab=True
  [124] bad_luck +0 cost=-1 affliction=None enchantment=None in_vocab=True
  counts: angerx18, ascenders_banex3, bad_luckx2, bashx3, breakthroughx6, clumsyx3, conflagrationx9, defendx12, fight_mex3, headbuttx12, hemokinesisx3, neows_furyx3, perfected_strikex12, pillagex6, pommel_strikex9, strikex15, tremblex3, twin_strikex3
run.deck overflow: 143 cards exceeds cap 96
  seed=None act_index=2 total_floor=39
  [  0] strike +0 cost=0 affliction=None enchantment='tezcataras_ember' in_vocab=True
  [  1] strike +0 cost=0 affliction=None enchantment='tezcataras_ember' in_vocab=True
  [  2] strike +0 cost=0 affliction=None enchantment='tezcataras_ember' in_vocab=True
  [  3] strike +0 cost=0 affliction=None enchantment='tezcataras_ember' in_vocab=True
  [  4] strike +0 cost=0 affliction=None enchantment='tezcataras_ember' in_vocab=True
  [  5] defend +0 cost=1 affliction=None enchantment=None in_vocab=True
  [  6] defend +0 cost=1 affliction=None enchantment=None in_vocab=True
  [  7] defend +0 cost=1 affliction=None enchantment=None in_vocab=True
  [  8] defend +0 cost=1 affliction=None enchantment=None in_vocab=True
  [  9] bash +0 cost=2 affliction=None enchantment=None in_vocab=True
  [ 10] ascenders_bane +0 cost=-1 affliction=None enchantment=None in_vocab=True
  [ 11] thunderclap +0 cost=1 affliction=None enchantment=None in_vocab=True
  [ 12] breakthrough +0 cost=1 affliction=None enchantment=None in_vocab=True
  [ 13] uppercut +0 cost=2 affliction=None enchantment=None in_vocab=True
  [ 14] infernal_blade +0 cost=1 affliction=None enchantment=None in_vocab=True
  [ 15] clumsy +0 cost=-1 affliction=None enchantment=None in_vocab=True
  [ 16] dominate +0 cost=1 affliction=None enchantment=None in_vocab=True
  [ 17] headbutt +0 cost=1 affliction=None enchantment=None in_vocab=True
  [ 18] bully +0 cost=0 affliction=None enchantment=None in_vocab=True
  [ 19] perfected_strike +0 cost=2 affliction=None enchantment=None in_vocab=True
  [ 20] stomp +0 cost=3 affliction=None enchantment=None in_vocab=True
  [ 21] battle_trance +0 cost=0 affliction=None enchantment=None in_vocab=True
  [ 22] bully +0 cost=0 affliction=None enchantment=None in_vocab=True
  [ 23] sword_boomerang +0 cost=1 affliction=None enchantment=None in_vocab=True
  [ 24] dominate +0 cost=1 affliction=None enchantment=None in_vocab=True
  [ 25] primal_force +0 cost=0 affliction=None enchantment=None in_vocab=True
  [ 26] twin_strike +1 cost=1 affliction=None enchantment=None in_vocab=True
  [ 27] colossus +0 cost=1 affliction=None enchantment=None in_vocab=True
  [ 28] cinder +0 cost=2 affliction=None enchantment=None in_vocab=True
  [ 29] fiend_fire +0 cost=2 affliction=None enchantment=None in_vocab=True
  [ 30] howl_from_beyond +1 cost=3 affliction=None enchantment=None in_vocab=True
  [ 31] anger +0 cost=0 affliction=None enchantment=None in_vocab=True
  [ 32] bully +0 cost=0 affliction=None enchantment=None in_vocab=True
  [ 33] twin_strike +0 cost=1 affliction=None enchantment=None in_vocab=True
  [ 34] pommel_strike +0 cost=1 affliction=None enchantment=None in_vocab=True
  [ 35] anger +0 cost=0 affliction=None enchantment=None in_vocab=True
  [ 36] anger +0 cost=0 affliction=None enchantment=None in_vocab=True
  [ 37] unrelenting +0 cost=2 affliction=None enchantment=None in_vocab=True
  [ 38] unrelenting +1 cost=2 affliction=None enchantment=None in_vocab=True
  [ 39] offering +0 cost=0 affliction=None enchantment=None in_vocab=True
  [ 40] offering +0 cost=0 affliction=None enchantment=None in_vocab=True
  [ 41] expect_a_fight +1 cost=1 affliction=None enchantment=None in_vocab=True
  [ 42] expect_a_fight +1 cost=1 affliction=None enchantment=None in_vocab=True
  [ 43] mad_science +0 cost=1 affliction=None enchantment=None in_vocab=True
  [ 44] mad_science +0 cost=1 affliction=None enchantment=None in_vocab=True
  [ 45] rampage +1 cost=1 affliction=None enchantment=None in_vocab=True
  [ 46] rampage +1 cost=1 affliction=None enchantment=None in_vocab=True
  [ 47] strike +0 cost=0 affliction=None enchantment='tezcataras_ember' in_vocab=True
  [ 48] strike +0 cost=0 affliction=None enchantment='tezcataras_ember' in_vocab=True
  [ 49] strike +0 cost=0 affliction=None enchantment='tezcataras_ember' in_vocab=True
  [ 50] strike +0 cost=0 affliction=None enchantment='tezcataras_ember' in_vocab=True
  [ 51] strike +0 cost=0 affliction=None enchantment='tezcataras_ember' in_vocab=True
  [ 52] strike +0 cost=0 affliction=None enchantment='tezcataras_ember' in_vocab=True
  [ 53] strike +0 cost=0 affliction=None enchantment='tezcataras_ember' in_vocab=True
  [ 54] strike +0 cost=0 affliction=None enchantment='tezcataras_ember' in_vocab=True
  [ 55] strike +0 cost=0 affliction=None enchantment='tezcataras_ember' in_vocab=True
  [ 56] strike +0 cost=0 affliction=None enchantment='tezcataras_ember' in_vocab=True
  [ 57] defend +0 cost=1 affliction=None enchantment=None in_vocab=True
  [ 58] defend +0 cost=1 affliction=None enchantment=None in_vocab=True
  [ 59] defend +0 cost=1 affliction=None enchantment=None in_vocab=True
  [ 60] defend +0 cost=1 affliction=None enchantment=None in_vocab=True
  [ 61] defend +0 cost=1 affliction=None enchantment=None in_vocab=True
  [ 62] defend +0 cost=1 affliction=None enchantment=None in_vocab=True
  [ 63] defend +0 cost=1 affliction=None enchantment=None in_vocab=True
  [ 64] defend +0 cost=1 affliction=None enchantment=None in_vocab=True
  [ 65] bash +0 cost=2 affliction=None enchantment=None in_vocab=True
  [ 66] bash +0 cost=2 affliction=None enchantment=None in_vocab=True
  [ 67] ascenders_bane +0 cost=-1 affliction=None enchantment=None in_vocab=True
  [ 68] ascenders_bane +0 cost=-1 affliction=None enchantment=None in_vocab=True
  [ 69] thunderclap +0 cost=1 affliction=None enchantment=None in_vocab=True
  [ 70] thunderclap +0 cost=1 affliction=None enchantment=None in_vocab=True
  [ 71] breakthrough +0 cost=1 affliction=None enchantment=None in_vocab=True
  [ 72] breakthrough +0 cost=1 affliction=None enchantment=None in_vocab=True
  [ 73] uppercut +0 cost=2 affliction=None enchantment=None in_vocab=True
  [ 74] uppercut +0 cost=2 affliction=None enchantment=None in_vocab=True
  [ 75] infernal_blade +0 cost=1 affliction=None enchantment=None in_vocab=True
  [ 76] infernal_blade +0 cost=1 affliction=None enchantment=None in_vocab=True
  [ 77] clumsy +0 cost=-1 affliction=None enchantment=None in_vocab=True
  [ 78] clumsy +0 cost=-1 affliction=None enchantment=None in_vocab=True
  [ 79] dominate +0 cost=1 affliction=None enchantment=None in_vocab=True
  [ 80] dominate +0 cost=1 affliction=None enchantment=None in_vocab=True
  [ 81] headbutt +0 cost=1 affliction=None enchantment=None in_vocab=True
  [ 82] headbutt +0 cost=1 affliction=None enchantment=None in_vocab=True
  [ 83] bully +0 cost=0 affliction=None enchantment=None in_vocab=True
  [ 84] bully +0 cost=0 affliction=None enchantment=None in_vocab=True
  [ 85] perfected_strike +0 cost=2 affliction=None enchantment=None in_vocab=True
  [ 86] perfected_strike +0 cost=2 affliction=None enchantment=None in_vocab=True
  [ 87] stomp +0 cost=3 affliction=None enchantment=None in_vocab=True
  [ 88] stomp +0 cost=3 affliction=None enchantment=None in_vocab=True
  [ 89] battle_trance +0 cost=0 affliction=None enchantment=None in_vocab=True
  [ 90] battle_trance +0 cost=0 affliction=None enchantment=None in_vocab=True
  [ 91] bully +0 cost=0 affliction=None enchantment=None in_vocab=True
  [ 92] bully +0 cost=0 affliction=None enchantment=None in_vocab=True
  [ 93] sword_boomerang +0 cost=1 affliction=None enchantment=None in_vocab=True
  [ 94] sword_boomerang +0 cost=1 affliction=None enchantment=None in_vocab=True
  [ 95] dominate +0 cost=1 affliction=None enchantment=None in_vocab=True
  [ 96] dominate +0 cost=1 affliction=None enchantment=None in_vocab=True
  [ 97] primal_force +0 cost=0 affliction=None enchantment=None in_vocab=True
  [ 98] primal_force +0 cost=0 affliction=None enchantment=None in_vocab=True
  [ 99] twin_strike +1 cost=1 affliction=None enchantment=None in_vocab=True
  [100] twin_strike +1 cost=1 affliction=None enchantment=None in_vocab=True
  [101] colossus +0 cost=1 affliction=None enchantment=None in_vocab=True
  [102] colossus +0 cost=1 affliction=None enchantment=None in_vocab=True
  [103] cinder +0 cost=2 affliction=None enchantment=None in_vocab=True
  [104] cinder +0 cost=2 affliction=None enchantment=None in_vocab=True
  [105] fiend_fire +0 cost=2 affliction=None enchantment=None in_vocab=True
  [106] fiend_fire +0 cost=2 affliction=None enchantment=None in_vocab=True
  [107] howl_from_beyond +1 cost=3 affliction=None enchantment=None in_vocab=True
  [108] howl_from_beyond +1 cost=3 affliction=None enchantment=None in_vocab=True
  [109] anger +0 cost=0 affliction=None enchantment=None in_vocab=True
  [110] anger +0 cost=0 affliction=None enchantment=None in_vocab=True
  [111] bully +0 cost=0 affliction=None enchantment=None in_vocab=True
  [112] bully +0 cost=0 affliction=None enchantment=None in_vocab=True
  [113] twin_strike +0 cost=1 affliction=None enchantment=None in_vocab=True
  [114] twin_strike +0 cost=1 affliction=None enchantment=None in_vocab=True
  [115] pommel_strike +0 cost=1 affliction=None enchantment=None in_vocab=True
  [116] pommel_strike +0 cost=1 affliction=None enchantment=None in_vocab=True
  [117] anger +0 cost=0 affliction=None enchantment=None in_vocab=True
  [118] anger +0 cost=0 affliction=None enchantment=None in_vocab=True
  [119] anger +0 cost=0 affliction=None enchantment=None in_vocab=True
  [120] anger +0 cost=0 affliction=None enchantment=None in_vocab=True
  [121] unrelenting +0 cost=2 affliction=None enchantment=None in_vocab=True
  [122] unrelenting +0 cost=2 affliction=None enchantment=None in_vocab=True
  [123] unrelenting +1 cost=2 affliction=None enchantment=None in_vocab=True
  [124] unrelenting +1 cost=2 affliction=None enchantment=None in_vocab=True
  [125] offering +0 cost=0 affliction=None enchantment=None in_vocab=True
  [126] offering +0 cost=0 affliction=None enchantment=None in_vocab=True
  [127] offering +0 cost=0 affliction=None enchantment=None in_vocab=True
  [128] offering +0 cost=0 affliction=None enchantment=None in_vocab=True
  [129] expect_a_fight +1 cost=1 affliction=None enchantment=None in_vocab=True
  [130] expect_a_fight +1 cost=1 affliction=None enchantment=None in_vocab=True
  [131] expect_a_fight +1 cost=1 affliction=None enchantment=None in_vocab=True
  [132] expect_a_fight +1 cost=1 affliction=None enchantment=None in_vocab=True
  [133] mad_science +0 cost=1 affliction=None enchantment=None in_vocab=True
  [134] mad_science +0 cost=1 affliction=None enchantment=None in_vocab=True
  [135] mad_science +0 cost=1 affliction=None enchantment=None in_vocab=True
  [136] mad_science +0 cost=1 affliction=None enchantment=None in_vocab=True
  [137] rampage +1 cost=1 affliction=None enchantment=None in_vocab=True
  [138] rampage +1 cost=1 affliction=None enchantment=None in_vocab=True
  [139] rampage +1 cost=1 affliction=None enchantment=None in_vocab=True
  [140] rampage +1 cost=1 affliction=None enchantment=None in_vocab=True
  [141] bad_luck +0 cost=-1 affliction=None enchantment=None in_vocab=True
  [142] bad_luck +0 cost=-1 affliction=None enchantment=None in_vocab=True
  counts: angerx9, ascenders_banex3, bad_luckx2, bashx3, battle_trancex3, breakthroughx3, bullyx9, cinderx3, clumsyx3, colossusx3, defendx12, dominatex6, expect_a_fightx6, fiend_firex3, headbuttx3, howl_from_beyondx3, infernal_bladex3, mad_sciencex6, offeringx6, perfected_strikex3, pommel_strikex3, primal_forcex3, rampagex6, stompx3, strikex15, sword_boomerangx3, thunderclapx3, twin_strikex6, unrelentingx6, uppercutx3
run.deck overflow: 107 cards exceeds cap 96
  seed=None act_index=2 total_floor=34
  [  0] strike +0 cost=1 affliction=None enchantment=None in_vocab=True
  [  1] strike +0 cost=1 affliction=None enchantment=None in_vocab=True
  [  2] strike +0 cost=1 affliction=None enchantment=None in_vocab=True
  [  3] strike +0 cost=1 affliction=None enchantment=None in_vocab=True
  [  4] strike +0 cost=1 affliction=None enchantment=None in_vocab=True
  [  5] defend +0 cost=1 affliction=None enchantment=None in_vocab=True
  [  6] defend +0 cost=1 affliction=None enchantment=None in_vocab=True
  [  7] defend +0 cost=1 affliction=None enchantment=None in_vocab=True
  [  8] defend +0 cost=1 affliction=None enchantment=None in_vocab=True
  [  9] bash +0 cost=2 affliction=None enchantment=None in_vocab=True
  [ 10] ascenders_bane +0 cost=-1 affliction=None enchantment=None in_vocab=True
  [ 11] dominate +1 cost=1 affliction=None enchantment='glam' in_vocab=True
  [ 12] iron_wave +0 cost=1 affliction=None enchantment=None in_vocab=True
  [ 13] setup_strike +0 cost=1 affliction=None enchantment=None in_vocab=True
  [ 14] shrug_it_off +0 cost=1 affliction=None enchantment=None in_vocab=True
  [ 15] iron_wave +0 cost=1 affliction=None enchantment=None in_vocab=True
  [ 16] perfected_strike +0 cost=2 affliction=None enchantment=None in_vocab=True
  [ 17] dominate +1 cost=1 affliction=None enchantment=None in_vocab=True
  [ 18] dramatic_entrance +1 cost=0 affliction=None enchantment=None in_vocab=True
  [ 19] anger +0 cost=0 affliction=None enchantment=None in_vocab=True
  [ 20] relax +0 cost=3 affliction=None enchantment=None in_vocab=True
  [ 21] relax +0 cost=3 affliction=None enchantment=None in_vocab=True
  [ 22] omnislice +0 cost=0 affliction=None enchantment=None in_vocab=True
  [ 23] iron_wave +0 cost=1 affliction=None enchantment=None in_vocab=True
  [ 24] iron_wave +0 cost=1 affliction=None enchantment=None in_vocab=True
  [ 25] twin_strike +1 cost=1 affliction=None enchantment=None in_vocab=True
  [ 26] twin_strike +1 cost=1 affliction=None enchantment=None in_vocab=True
  [ 27] uppercut +1 cost=2 affliction=None enchantment=None in_vocab=True
  [ 28] uppercut +0 cost=2 affliction=None enchantment=None in_vocab=True
  [ 29] clumsy +0 cost=-1 affliction=None enchantment=None in_vocab=True
  [ 30] clumsy +0 cost=-1 affliction=None enchantment=None in_vocab=True
  [ 31] fight_me +0 cost=2 affliction=None enchantment=None in_vocab=True
  [ 32] fight_me +0 cost=2 affliction=None enchantment=None in_vocab=True
  [ 33] battle_trance +0 cost=0 affliction=None enchantment=None in_vocab=True
  [ 34] battle_trance +0 cost=0 affliction=None enchantment=None in_vocab=True
  [ 35] strike +0 cost=1 affliction=None enchantment=None in_vocab=True
  [ 36] strike +0 cost=1 affliction=None enchantment=None in_vocab=True
  [ 37] strike +0 cost=1 affliction=None enchantment=None in_vocab=True
  [ 38] strike +0 cost=1 affliction=None enchantment=None in_vocab=True
  [ 39] strike +0 cost=1 affliction=None enchantment=None in_vocab=True
  [ 40] strike +0 cost=1 affliction=None enchantment=None in_vocab=True
  [ 41] strike +0 cost=1 affliction=None enchantment=None in_vocab=True
  [ 42] strike +0 cost=1 affliction=None enchantment=None in_vocab=True
  [ 43] strike +0 cost=1 affliction=None enchantment=None in_vocab=True
  [ 44] strike +0 cost=1 affliction=None enchantment=None in_vocab=True
  [ 45] defend +0 cost=1 affliction=None enchantment=None in_vocab=True
  [ 46] defend +0 cost=1 affliction=None enchantment=None in_vocab=True
  [ 47] defend +0 cost=1 affliction=None enchantment=None in_vocab=True
  [ 48] defend +0 cost=1 affliction=None enchantment=None in_vocab=True
  [ 49] defend +0 cost=1 affliction=None enchantment=None in_vocab=True
  [ 50] defend +0 cost=1 affliction=None enchantment=None in_vocab=True
  [ 51] defend +0 cost=1 affliction=None enchantment=None in_vocab=True
  [ 52] defend +0 cost=1 affliction=None enchantment=None in_vocab=True
  [ 53] bash +0 cost=2 affliction=None enchantment=None in_vocab=True
  [ 54] bash +0 cost=2 affliction=None enchantment=None in_vocab=True
  [ 55] ascenders_bane +0 cost=-1 affliction=None enchantment=None in_vocab=True
  [ 56] ascenders_bane +0 cost=-1 affliction=None enchantment=None in_vocab=True
  [ 57] dominate +1 cost=1 affliction=None enchantment='glam' in_vocab=True
  [ 58] dominate +1 cost=1 affliction=None enchantment='glam' in_vocab=True
  [ 59] iron_wave +0 cost=1 affliction=None enchantment=None in_vocab=True
  [ 60] iron_wave +0 cost=1 affliction=None enchantment=None in_vocab=True
  [ 61] setup_strike +0 cost=1 affliction=None enchantment=None in_vocab=True
  [ 62] setup_strike +0 cost=1 affliction=None enchantment=None in_vocab=True
  [ 63] shrug_it_off +0 cost=1 affliction=None enchantment=None in_vocab=True
  [ 64] shrug_it_off +0 cost=1 affliction=None enchantment=None in_vocab=True
  [ 65] iron_wave +0 cost=1 affliction=None enchantment=None in_vocab=True
  [ 66] iron_wave +0 cost=1 affliction=None enchantment=None in_vocab=True
  [ 67] perfected_strike +0 cost=2 affliction=None enchantment=None in_vocab=True
  [ 68] perfected_strike +0 cost=2 affliction=None enchantment=None in_vocab=True
  [ 69] dominate +1 cost=1 affliction=None enchantment=None in_vocab=True
  [ 70] dominate +1 cost=1 affliction=None enchantment=None in_vocab=True
  [ 71] dramatic_entrance +1 cost=0 affliction=None enchantment=None in_vocab=True
  [ 72] dramatic_entrance +1 cost=0 affliction=None enchantment=None in_vocab=True
  [ 73] anger +0 cost=0 affliction=None enchantment=None in_vocab=True
  [ 74] anger +0 cost=0 affliction=None enchantment=None in_vocab=True
  [ 75] relax +0 cost=3 affliction=None enchantment=None in_vocab=True
  [ 76] relax +0 cost=3 affliction=None enchantment=None in_vocab=True
  [ 77] relax +0 cost=3 affliction=None enchantment=None in_vocab=True
  [ 78] relax +0 cost=3 affliction=None enchantment=None in_vocab=True
  [ 79] omnislice +0 cost=0 affliction=None enchantment=None in_vocab=True
  [ 80] omnislice +0 cost=0 affliction=None enchantment=None in_vocab=True
  [ 81] iron_wave +0 cost=1 affliction=None enchantment=None in_vocab=True
  [ 82] iron_wave +0 cost=1 affliction=None enchantment=None in_vocab=True
  [ 83] iron_wave +0 cost=1 affliction=None enchantment=None in_vocab=True
  [ 84] iron_wave +0 cost=1 affliction=None enchantment=None in_vocab=True
  [ 85] twin_strike +1 cost=1 affliction=None enchantment=None in_vocab=True
  [ 86] twin_strike +1 cost=1 affliction=None enchantment=None in_vocab=True
  [ 87] twin_strike +1 cost=1 affliction=None enchantment=None in_vocab=True
  [ 88] twin_strike +1 cost=1 affliction=None enchantment=None in_vocab=True
  [ 89] uppercut +1 cost=2 affliction=None enchantment=None in_vocab=True
  [ 90] uppercut +1 cost=2 affliction=None enchantment=None in_vocab=True
  [ 91] uppercut +0 cost=2 affliction=None enchantment=None in_vocab=True
  [ 92] uppercut +0 cost=2 affliction=None enchantment=None in_vocab=True
  [ 93] clumsy +0 cost=-1 affliction=None enchantment=None in_vocab=True
  [ 94] clumsy +0 cost=-1 affliction=None enchantment=None in_vocab=True
  [ 95] clumsy +0 cost=-1 affliction=None enchantment=None in_vocab=True
  [ 96] clumsy +0 cost=-1 affliction=None enchantment=None in_vocab=True
  [ 97] fight_me +0 cost=2 affliction=None enchantment=None in_vocab=True
  [ 98] fight_me +0 cost=2 affliction=None enchantment=None in_vocab=True
  [ 99] fight_me +0 cost=2 affliction=None enchantment=None in_vocab=True
  [100] fight_me +0 cost=2 affliction=None enchantment=None in_vocab=True
  [101] battle_trance +0 cost=0 affliction=None enchantment=None in_vocab=True
  [102] battle_trance +0 cost=0 affliction=None enchantment=None in_vocab=True
  [103] battle_trance +0 cost=0 affliction=None enchantment=None in_vocab=True
  [104] battle_trance +0 cost=0 affliction=None enchantment=None in_vocab=True
  [105] bad_luck +0 cost=-1 affliction=None enchantment=None in_vocab=True
  [106] bad_luck +0 cost=-1 affliction=None enchantment=None in_vocab=True
  counts: angerx3, ascenders_banex3, bad_luckx2, bashx3, battle_trancex6, clumsyx6, defendx12, dominatex6, dramatic_entrancex3, fight_mex6, iron_wavex12, omnislicex3, perfected_strikex3, relaxx6, setup_strikex3, shrug_it_offx3, strikex15, twin_strikex6, uppercutx6
run.deck overflow: 137 cards exceeds cap 96
  seed=None act_index=2 total_floor=43
  [  0] strike +0 cost=1 affliction=None enchantment=None in_vocab=True
  [  1] strike +0 cost=1 affliction=None enchantment=None in_vocab=True
  [  2] strike +0 cost=1 affliction=None enchantment=None in_vocab=True
  [  3] strike +0 cost=1 affliction=None enchantment=None in_vocab=True
  [  4] strike +0 cost=1 affliction=None enchantment=None in_vocab=True
  [  5] defend +0 cost=1 affliction=None enchantment=None in_vocab=True
  [  6] defend +0 cost=1 affliction=None enchantment=None in_vocab=True
  [  7] defend +0 cost=1 affliction=None enchantment=None in_vocab=True
  [  8] impervious +0 cost=2 affliction=None enchantment='souls' in_vocab=True
  [  9] bash +0 cost=2 affliction=None enchantment=None in_vocab=True
  [ 10] stone_armor +0 cost=1 affliction=None enchantment=None in_vocab=True
  [ 11] ascenders_bane +0 cost=-1 affliction=None enchantment=None in_vocab=True
  [ 12] headbutt +0 cost=1 affliction=None enchantment=None in_vocab=True
  [ 13] fight_me +1 cost=2 affliction=None enchantment=None in_vocab=True
  [ 14] fight_me +1 cost=2 affliction=None enchantment=None in_vocab=True
  [ 15] clumsy +0 cost=-1 affliction=None enchantment=None in_vocab=True
  [ 16] poor_sleep +0 cost=-1 affliction=None enchantment=None in_vocab=True
  [ 17] iron_wave +0 cost=1 affliction=None enchantment=None in_vocab=True
  [ 18] crimson_mantle +0 cost=1 affliction=None enchantment=None in_vocab=True
  [ 19] anger +1 cost=0 affliction=None enchantment=None in_vocab=True
  [ 20] cinder +1 cost=2 affliction=None enchantment=None in_vocab=True
  [ 21] dismantle +0 cost=1 affliction=None enchantment=None in_vocab=True
  [ 22] unrelenting +1 cost=2 affliction=None enchantment=None in_vocab=True
  [ 23] metamorphosis +0 cost=2 affliction=None enchantment=None in_vocab=True
  [ 24] metamorphosis +0 cost=2 affliction=None enchantment=None in_vocab=True
  [ 25] twin_strike +0 cost=1 affliction=None enchantment=None in_vocab=True
  [ 26] twin_strike +0 cost=1 affliction=None enchantment=None in_vocab=True
  [ 27] infernal_blade +1 cost=0 affliction=None enchantment=None in_vocab=True
  [ 28] infernal_blade +1 cost=0 affliction=None enchantment=None in_vocab=True
  [ 29] breakthrough +1 cost=1 affliction=None enchantment=None in_vocab=True
  [ 30] breakthrough +1 cost=1 affliction=None enchantment=None in_vocab=True
  [ 31] taunt +0 cost=1 affliction=None enchantment=None in_vocab=True
  [ 32] taunt +0 cost=1 affliction=None enchantment=None in_vocab=True
  [ 33] unrelenting +1 cost=2 affliction=None enchantment=None in_vocab=True
  [ 34] unrelenting +0 cost=2 affliction=None enchantment=None in_vocab=True
  [ 35] pommel_strike +1 cost=1 affliction=None enchantment=None in_vocab=True
  [ 36] pommel_strike +1 cost=1 affliction=None enchantment=None in_vocab=True
  [ 37] decay +0 cost=-1 affliction=None enchantment=None in_vocab=True
  [ 38] decay +0 cost=-1 affliction=None enchantment=None in_vocab=True
  [ 39] rage +1 cost=0 affliction=None enchantment=None in_vocab=True
  [ 40] rage +1 cost=0 affliction=None enchantment=None in_vocab=True
  [ 41] whirlwind +1 cost=0 affliction=None enchantment=None in_vocab=True
  [ 42] whirlwind +1 cost=0 affliction=None enchantment=None in_vocab=True
  [ 43] forgotten_ritual +0 cost=1 affliction=None enchantment=None in_vocab=True
  [ 44] burning_pact +0 cost=1 affliction=None enchantment=None in_vocab=True
  [ 45] strike +0 cost=1 affliction=None enchantment=None in_vocab=True
  [ 46] strike +0 cost=1 affliction=None enchantment=None in_vocab=True
  [ 47] strike +0 cost=1 affliction=None enchantment=None in_vocab=True
  [ 48] strike +0 cost=1 affliction=None enchantment=None in_vocab=True
  [ 49] strike +0 cost=1 affliction=None enchantment=None in_vocab=True
  [ 50] strike +0 cost=1 affliction=None enchantment=None in_vocab=True
  [ 51] strike +0 cost=1 affliction=None enchantment=None in_vocab=True
  [ 52] strike +0 cost=1 affliction=None enchantment=None in_vocab=True
  [ 53] strike +0 cost=1 affliction=None enchantment=None in_vocab=True
  [ 54] strike +0 cost=1 affliction=None enchantment=None in_vocab=True
  [ 55] defend +0 cost=1 affliction=None enchantment=None in_vocab=True
  [ 56] defend +0 cost=1 affliction=None enchantment=None in_vocab=True
  [ 57] defend +0 cost=1 affliction=None enchantment=None in_vocab=True
  [ 58] defend +0 cost=1 affliction=None enchantment=None in_vocab=True
  [ 59] defend +0 cost=1 affliction=None enchantment=None in_vocab=True
  [ 60] defend +0 cost=1 affliction=None enchantment=None in_vocab=True
  [ 61] impervious +0 cost=2 affliction=None enchantment='souls' in_vocab=True
  [ 62] impervious +0 cost=2 affliction=None enchantment='souls' in_vocab=True
  [ 63] bash +0 cost=2 affliction=None enchantment=None in_vocab=True
  [ 64] bash +0 cost=2 affliction=None enchantment=None in_vocab=True
  [ 65] stone_armor +0 cost=1 affliction=None enchantment=None in_vocab=True
  [ 66] stone_armor +0 cost=1 affliction=None enchantment=None in_vocab=True
  [ 67] ascenders_bane +0 cost=-1 affliction=None enchantment=None in_vocab=True
  [ 68] ascenders_bane +0 cost=-1 affliction=None enchantment=None in_vocab=True
  [ 69] headbutt +0 cost=1 affliction=None enchantment=None in_vocab=True
  [ 70] headbutt +0 cost=1 affliction=None enchantment=None in_vocab=True
  [ 71] fight_me +1 cost=2 affliction=None enchantment=None in_vocab=True
  [ 72] fight_me +1 cost=2 affliction=None enchantment=None in_vocab=True
  [ 73] fight_me +1 cost=2 affliction=None enchantment=None in_vocab=True
  [ 74] fight_me +1 cost=2 affliction=None enchantment=None in_vocab=True
  [ 75] clumsy +0 cost=-1 affliction=None enchantment=None in_vocab=True
  [ 76] clumsy +0 cost=-1 affliction=None enchantment=None in_vocab=True
  [ 77] poor_sleep +0 cost=-1 affliction=None enchantment=None in_vocab=True
  [ 78] poor_sleep +0 cost=-1 affliction=None enchantment=None in_vocab=True
  [ 79] iron_wave +0 cost=1 affliction=None enchantment=None in_vocab=True
  [ 80] iron_wave +0 cost=1 affliction=None enchantment=None in_vocab=True
  [ 81] crimson_mantle +0 cost=1 affliction=None enchantment=None in_vocab=True
  [ 82] crimson_mantle +0 cost=1 affliction=None enchantment=None in_vocab=True
  [ 83] anger +1 cost=0 affliction=None enchantment=None in_vocab=True
  [ 84] anger +1 cost=0 affliction=None enchantment=None in_vocab=True
  [ 85] cinder +1 cost=2 affliction=None enchantment=None in_vocab=True
  [ 86] cinder +1 cost=2 affliction=None enchantment=None in_vocab=True
  [ 87] dismantle +0 cost=1 affliction=None enchantment=None in_vocab=True
  [ 88] dismantle +0 cost=1 affliction=None enchantment=None in_vocab=True
  [ 89] unrelenting +1 cost=2 affliction=None enchantment=None in_vocab=True
  [ 90] unrelenting +1 cost=2 affliction=None enchantment=None in_vocab=True
  [ 91] metamorphosis +0 cost=2 affliction=None enchantment=None in_vocab=True
  [ 92] metamorphosis +0 cost=2 affliction=None enchantment=None in_vocab=True
  [ 93] metamorphosis +0 cost=2 affliction=None enchantment=None in_vocab=True
  [ 94] metamorphosis +0 cost=2 affliction=None enchantment=None in_vocab=True
  [ 95] twin_strike +0 cost=1 affliction=None enchantment=None in_vocab=True
  [ 96] twin_strike +0 cost=1 affliction=None enchantment=None in_vocab=True
  [ 97] twin_strike +0 cost=1 affliction=None enchantment=None in_vocab=True
  [ 98] twin_strike +0 cost=1 affliction=None enchantment=None in_vocab=True
  [ 99] infernal_blade +1 cost=0 affliction=None enchantment=None in_vocab=True
  [100] infernal_blade +1 cost=0 affliction=None enchantment=None in_vocab=True
  [101] infernal_blade +1 cost=0 affliction=None enchantment=None in_vocab=True
  [102] infernal_blade +1 cost=0 affliction=None enchantment=None in_vocab=True
  [103] breakthrough +1 cost=1 affliction=None enchantment=None in_vocab=True
  [104] breakthrough +1 cost=1 affliction=None enchantment=None in_vocab=True
  [105] breakthrough +1 cost=1 affliction=None enchantment=None in_vocab=True
  [106] breakthrough +1 cost=1 affliction=None enchantment=None in_vocab=True
  [107] taunt +0 cost=1 affliction=None enchantment=None in_vocab=True
  [108] taunt +0 cost=1 affliction=None enchantment=None in_vocab=True
  [109] taunt +0 cost=1 affliction=None enchantment=None in_vocab=True
  [110] taunt +0 cost=1 affliction=None enchantment=None in_vocab=True
  [111] unrelenting +1 cost=2 affliction=None enchantment=None in_vocab=True
  [112] unrelenting +1 cost=2 affliction=None enchantment=None in_vocab=True
  [113] unrelenting +0 cost=2 affliction=None enchantment=None in_vocab=True
  [114] unrelenting +0 cost=2 affliction=None enchantment=None in_vocab=True
  [115] pommel_strike +1 cost=1 affliction=None enchantment=None in_vocab=True
  [116] pommel_strike +1 cost=1 affliction=None enchantment=None in_vocab=True
  [117] pommel_strike +1 cost=1 affliction=None enchantment=None in_vocab=True
  [118] pommel_strike +1 cost=1 affliction=None enchantment=None in_vocab=True
  [119] decay +0 cost=-1 affliction=None enchantment=None in_vocab=True
  [120] decay +0 cost=-1 affliction=None enchantment=None in_vocab=True
  [121] decay +0 cost=-1 affliction=None enchantment=None in_vocab=True
  [122] decay +0 cost=-1 affliction=None enchantment=None in_vocab=True
  [123] rage +1 cost=0 affliction=None enchantment=None in_vocab=True
  [124] rage +1 cost=0 affliction=None enchantment=None in_vocab=True
  [125] rage +1 cost=0 affliction=None enchantment=None in_vocab=True
  [126] rage +1 cost=0 affliction=None enchantment=None in_vocab=True
  [127] whirlwind +1 cost=0 affliction=None enchantment=None in_vocab=True
  [128] whirlwind +1 cost=0 affliction=None enchantment=None in_vocab=True
  [129] whirlwind +1 cost=0 affliction=None enchantment=None in_vocab=True
  [130] whirlwind +1 cost=0 affliction=None enchantment=None in_vocab=True
  [131] forgotten_ritual +0 cost=1 affliction=None enchantment=None in_vocab=True
  [132] forgotten_ritual +0 cost=1 affliction=None enchantment=None in_vocab=True
  [133] burning_pact +0 cost=1 affliction=None enchantment=None in_vocab=True
  [134] burning_pact +0 cost=1 affliction=None enchantment=None in_vocab=True
  [135] bad_luck +0 cost=-1 affliction=None enchantment=None in_vocab=True
  [136] bad_luck +0 cost=-1 affliction=None enchantment=None in_vocab=True
  counts: angerx3, ascenders_banex3, bad_luckx2, bashx3, breakthroughx6, burning_pactx3, cinderx3, clumsyx3, crimson_mantlex3, decayx6, defendx9, dismantlex3, fight_mex6, forgotten_ritualx3, headbuttx3, imperviousx3, infernal_bladex6, iron_wavex3, metamorphosisx6, pommel_strikex6, poor_sleepx3, ragex6, stone_armorx3, strikex15, tauntx6, twin_strikex6, unrelentingx9, whirlwindx6
run.deck overflow: 125 cards exceeds cap 96
  seed=None act_index=2 total_floor=42
  [  0] strike +0 cost=0 affliction=None enchantment='tezcataras_ember' in_vocab=True
  [  1] strike +0 cost=0 affliction=None enchantment='tezcataras_ember' in_vocab=True
  [  2] strike +0 cost=0 affliction=None enchantment='tezcataras_ember' in_vocab=True
  [  3] strike +0 cost=0 affliction=None enchantment='tezcataras_ember' in_vocab=True
  [  4] strike +0 cost=0 affliction=None enchantment='tezcataras_ember' in_vocab=True
  [  5] defend +1 cost=1 affliction=None enchantment=None in_vocab=True
  [  6] defend +1 cost=1 affliction=None enchantment=None in_vocab=True
  [  7] defend +0 cost=1 affliction=None enchantment=None in_vocab=True
  [  8] defend +0 cost=1 affliction=None enchantment=None in_vocab=True
  [  9] bash +0 cost=2 affliction=None enchantment=None in_vocab=True
  [ 10] ascenders_bane +0 cost=-1 affliction=None enchantment=None in_vocab=True
  [ 11] twin_strike +1 cost=1 affliction=None enchantment=None in_vocab=True
  [ 12] setup_strike +0 cost=1 affliction=None enchantment=None in_vocab=True
  [ 13] clumsy +0 cost=-1 affliction=None enchantment=None in_vocab=True
  [ 14] setup_strike +0 cost=1 affliction=None enchantment=None in_vocab=True
  [ 15] anger +0 cost=0 affliction=None enchantment='perfect_fit' in_vocab=True
  [ 16] pommel_strike +0 cost=1 affliction=None enchantment=None in_vocab=True
  [ 17] headbutt +0 cost=1 affliction=None enchantment=None in_vocab=True
  [ 18] fight_me +1 cost=2 affliction=None enchantment='sharp' in_vocab=True
  [ 19] metamorphosis +0 cost=2 affliction=None enchantment=None in_vocab=True
  [ 20] burning_pact +1 cost=1 affliction=None enchantment=None in_vocab=True
  [ 21] anger +0 cost=0 affliction=None enchantment=None in_vocab=True
  [ 22] second_wind +0 cost=1 affliction=None enchantment=None in_vocab=True
  [ 23] burning_pact +0 cost=1 affliction=None enchantment=None in_vocab=True
  [ 24] twin_strike +0 cost=1 affliction=None enchantment=None in_vocab=True
  [ 25] twin_strike +0 cost=1 affliction=None enchantment=None in_vocab=True
  [ 26] iron_wave +0 cost=1 affliction=None enchantment=None in_vocab=True
  [ 27] iron_wave +0 cost=1 affliction=None enchantment=None in_vocab=True
  [ 28] anger +1 cost=0 affliction=None enchantment=None in_vocab=True
  [ 29] anger +1 cost=0 affliction=None enchantment=None in_vocab=True
  [ 30] whistle +0 cost=3 affliction=None enchantment=None in_vocab=True
  [ 31] whistle +0 cost=3 affliction=None enchantment=None in_vocab=True
  [ 32] twin_strike +1 cost=1 affliction=None enchantment=None in_vocab=True
  [ 33] twin_strike +0 cost=1 affliction=None enchantment=None in_vocab=True
  [ 34] drum_of_battle +0 cost=1 affliction=None enchantment=None in_vocab=True
  [ 35] drum_of_battle +1 cost=1 affliction=None enchantment=None in_vocab=True
  [ 36] drum_of_battle +1 cost=1 affliction=None enchantment=None in_vocab=True
  [ 37] stampede +0 cost=2 affliction=None enchantment=None in_vocab=True
  [ 38] stampede +0 cost=2 affliction=None enchantment=None in_vocab=True
  [ 39] inflame +0 cost=1 affliction=None enchantment=None in_vocab=True
  [ 40] inflame +0 cost=1 affliction=None enchantment=None in_vocab=True
  [ 41] strike +0 cost=0 affliction=None enchantment='tezcataras_ember' in_vocab=True
  [ 42] strike +0 cost=0 affliction=None enchantment='tezcataras_ember' in_vocab=True
  [ 43] strike +0 cost=0 affliction=None enchantment='tezcataras_ember' in_vocab=True
  [ 44] strike +0 cost=0 affliction=None enchantment='tezcataras_ember' in_vocab=True
  [ 45] strike +0 cost=0 affliction=None enchantment='tezcataras_ember' in_vocab=True
  [ 46] strike +0 cost=0 affliction=None enchantment='tezcataras_ember' in_vocab=True
  [ 47] strike +0 cost=0 affliction=None enchantment='tezcataras_ember' in_vocab=True
  [ 48] strike +0 cost=0 affliction=None enchantment='tezcataras_ember' in_vocab=True
  [ 49] strike +0 cost=0 affliction=None enchantment='tezcataras_ember' in_vocab=True
  [ 50] strike +0 cost=0 affliction=None enchantment='tezcataras_ember' in_vocab=True
  [ 51] defend +1 cost=1 affliction=None enchantment=None in_vocab=True
  [ 52] defend +1 cost=1 affliction=None enchantment=None in_vocab=True
  [ 53] defend +1 cost=1 affliction=None enchantment=None in_vocab=True
  [ 54] defend +1 cost=1 affliction=None enchantment=None in_vocab=True
  [ 55] defend +0 cost=1 affliction=None enchantment=None in_vocab=True
  [ 56] defend +0 cost=1 affliction=None enchantment=None in_vocab=True
  [ 57] defend +0 cost=1 affliction=None enchantment=None in_vocab=True
  [ 58] defend +0 cost=1 affliction=None enchantment=None in_vocab=True
  [ 59] bash +0 cost=2 affliction=None enchantment=None in_vocab=True
  [ 60] bash +0 cost=2 affliction=None enchantment=None in_vocab=True
  [ 61] ascenders_bane +0 cost=-1 affliction=None enchantment=None in_vocab=True
  [ 62] ascenders_bane +0 cost=-1 affliction=None enchantment=None in_vocab=True
  [ 63] twin_strike +1 cost=1 affliction=None enchantment=None in_vocab=True
  [ 64] twin_strike +1 cost=1 affliction=None enchantment=None in_vocab=True
  [ 65] setup_strike +0 cost=1 affliction=None enchantment=None in_vocab=True
  [ 66] setup_strike +0 cost=1 affliction=None enchantment=None in_vocab=True
  [ 67] clumsy +0 cost=-1 affliction=None enchantment=None in_vocab=True
  [ 68] clumsy +0 cost=-1 affliction=None enchantment=None in_vocab=True
  [ 69] setup_strike +0 cost=1 affliction=None enchantment=None in_vocab=True
  [ 70] setup_strike +0 cost=1 affliction=None enchantment=None in_vocab=True
  [ 71] anger +0 cost=0 affliction=None enchantment='perfect_fit' in_vocab=True
  [ 72] anger +0 cost=0 affliction=None enchantment='perfect_fit' in_vocab=True
  [ 73] pommel_strike +0 cost=1 affliction=None enchantment=None in_vocab=True
  [ 74] pommel_strike +0 cost=1 affliction=None enchantment=None in_vocab=True
  [ 75] headbutt +0 cost=1 affliction=None enchantment=None in_vocab=True
  [ 76] headbutt +0 cost=1 affliction=None enchantment=None in_vocab=True
  [ 77] fight_me +1 cost=2 affliction=None enchantment='sharp' in_vocab=True
  [ 78] fight_me +1 cost=2 affliction=None enchantment='sharp' in_vocab=True
  [ 79] metamorphosis +0 cost=2 affliction=None enchantment=None in_vocab=True
  [ 80] metamorphosis +0 cost=2 affliction=None enchantment=None in_vocab=True
  [ 81] burning_pact +1 cost=1 affliction=None enchantment=None in_vocab=True
  [ 82] burning_pact +1 cost=1 affliction=None enchantment=None in_vocab=True
  [ 83] anger +0 cost=0 affliction=None enchantment=None in_vocab=True
  [ 84] anger +0 cost=0 affliction=None enchantment=None in_vocab=True
  [ 85] second_wind +0 cost=1 affliction=None enchantment=None in_vocab=True
  [ 86] second_wind +0 cost=1 affliction=None enchantment=None in_vocab=True
  [ 87] burning_pact +0 cost=1 affliction=None enchantment=None in_vocab=True
  [ 88] burning_pact +0 cost=1 affliction=None enchantment=None in_vocab=True
  [ 89] twin_strike +0 cost=1 affliction=None enchantment=None in_vocab=True
  [ 90] twin_strike +0 cost=1 affliction=None enchantment=None in_vocab=True
  [ 91] twin_strike +0 cost=1 affliction=None enchantment=None in_vocab=True
  [ 92] twin_strike +0 cost=1 affliction=None enchantment=None in_vocab=True
  [ 93] iron_wave +0 cost=1 affliction=None enchantment=None in_vocab=True
  [ 94] iron_wave +0 cost=1 affliction=None enchantment=None in_vocab=True
  [ 95] iron_wave +0 cost=1 affliction=None enchantment=None in_vocab=True
  [ 96] iron_wave +0 cost=1 affliction=None enchantment=None in_vocab=True
  [ 97] anger +1 cost=0 affliction=None enchantment=None in_vocab=True
  [ 98] anger +1 cost=0 affliction=None enchantment=None in_vocab=True
  [ 99] anger +1 cost=0 affliction=None enchantment=None in_vocab=True
  [100] anger +1 cost=0 affliction=None enchantment=None in_vocab=True
  [101] whistle +0 cost=3 affliction=None enchantment=None in_vocab=True
  [102] whistle +0 cost=3 affliction=None enchantment=None in_vocab=True
  [103] whistle +0 cost=3 affliction=None enchantment=None in_vocab=True
  [104] whistle +0 cost=3 affliction=None enchantment=None in_vocab=True
  [105] twin_strike +1 cost=1 affliction=None enchantment=None in_vocab=True
  [106] twin_strike +1 cost=1 affliction=None enchantment=None in_vocab=True
  [107] twin_strike +0 cost=1 affliction=None enchantment=None in_vocab=True
  [108] twin_strike +0 cost=1 affliction=None enchantment=None in_vocab=True
  [109] drum_of_battle +0 cost=1 affliction=None enchantment=None in_vocab=True
  [110] drum_of_battle +0 cost=1 affliction=None enchantment=None in_vocab=True
  [111] drum_of_battle +1 cost=1 affliction=None enchantment=None in_vocab=True
  [112] drum_of_battle +1 cost=1 affliction=None enchantment=None in_vocab=True
  [113] drum_of_battle +1 cost=1 affliction=None enchantment=None in_vocab=True
  [114] drum_of_battle +1 cost=1 affliction=None enchantment=None in_vocab=True
  [115] stampede +0 cost=2 affliction=None enchantment=None in_vocab=True
  [116] stampede +0 cost=2 affliction=None enchantment=None in_vocab=True
  [117] stampede +0 cost=2 affliction=None enchantment=None in_vocab=True
  [118] stampede +0 cost=2 affliction=None enchantment=None in_vocab=True
  [119] inflame +0 cost=1 affliction=None enchantment=None in_vocab=True
  [120] inflame +0 cost=1 affliction=None enchantment=None in_vocab=True
  [121] inflame +0 cost=1 affliction=None enchantment=None in_vocab=True
  [122] inflame +0 cost=1 affliction=None enchantment=None in_vocab=True
  [123] bad_luck +0 cost=-1 affliction=None enchantment=None in_vocab=True
  [124] bad_luck +0 cost=-1 affliction=None enchantment=None in_vocab=True
  counts: angerx12, ascenders_banex3, bad_luckx2, bashx3, burning_pactx6, clumsyx3, defendx12, drum_of_battlex9, fight_mex3, headbuttx3, inflamex6, iron_wavex6, metamorphosisx3, pommel_strikex3, second_windx3, setup_strikex6, stampedex6, strikex15, twin_strikex15, whistlex6
run.deck overflow: 119 cards exceeds cap 96
  seed=None act_index=2 total_floor=36
  [  0] strike +0 cost=0 affliction=None enchantment='tezcataras_ember' in_vocab=True
  [  1] strike +1 cost=0 affliction=None enchantment='tezcataras_ember' in_vocab=True
  [  2] strike +0 cost=0 affliction=None enchantment='tezcataras_ember' in_vocab=True
  [  3] strike +0 cost=0 affliction=None enchantment='tezcataras_ember' in_vocab=True
  [  4] strike +0 cost=0 affliction=None enchantment='tezcataras_ember' in_vocab=True
  [  5] defend +0 cost=1 affliction=None enchantment=None in_vocab=True
  [  6] defend +0 cost=1 affliction=None enchantment=None in_vocab=True
  [  7] defend +0 cost=1 affliction=None enchantment=None in_vocab=True
  [  8] defend +1 cost=1 affliction=None enchantment=None in_vocab=True
  [  9] bash +0 cost=2 affliction=None enchantment=None in_vocab=True
  [ 10] ascenders_bane +0 cost=-1 affliction=None enchantment=None in_vocab=True
  [ 11] dominate +1 cost=1 affliction=None enchantment=None in_vocab=True
  [ 12] anger +1 cost=0 affliction=None enchantment=None in_vocab=True
  [ 13] shrug_it_off +1 cost=1 affliction=None enchantment=None in_vocab=True
  [ 14] pommel_strike +0 cost=1 affliction=None enchantment=None in_vocab=True
  [ 15] battle_trance +0 cost=0 affliction=None enchantment=None in_vocab=True
  [ 16] howl_from_beyond +0 cost=3 affliction=None enchantment=None in_vocab=True
  [ 17] anger +0 cost=0 affliction=None enchantment=None in_vocab=True
  [ 18] twin_strike +0 cost=1 affliction=None enchantment=None in_vocab=True
  [ 19] conflagration +0 cost=1 affliction=None enchantment=None in_vocab=True
  [ 20] drum_of_battle +0 cost=1 affliction=None enchantment=None in_vocab=True
  [ 21] offering +0 cost=0 affliction=None enchantment=None in_vocab=True
  [ 22] inflame +0 cost=1 affliction=None enchantment=None in_vocab=True
  [ 23] forgotten_ritual +0 cost=1 affliction=None enchantment=None in_vocab=True
  [ 24] burning_pact +0 cost=1 affliction=None enchantment=None in_vocab=True
  [ 25] clumsy +0 cost=-1 affliction=None enchantment=None in_vocab=True
  [ 26] hemokinesis +0 cost=1 affliction=None enchantment=None in_vocab=True
  [ 27] unrelenting +1 cost=2 affliction=None enchantment=None in_vocab=True
  [ 28] molten_fist +0 cost=1 affliction=None enchantment=None in_vocab=True
  [ 29] stomp +1 cost=3 affliction=None enchantment=None in_vocab=True
  [ 30] stomp +0 cost=3 affliction=None enchantment=None in_vocab=True
  [ 31] twin_strike +0 cost=1 affliction=None enchantment=None in_vocab=True
  [ 32] twin_strike +0 cost=1 affliction=None enchantment=None in_vocab=True
  [ 33] second_wind +0 cost=1 affliction=None enchantment=None in_vocab=True
  [ 34] burning_pact +0 cost=1 affliction=None enchantment=None in_vocab=True
  [ 35] shrug_it_off +1 cost=1 affliction=None enchantment=None in_vocab=True
  [ 36] shrug_it_off +1 cost=1 affliction=None enchantment=None in_vocab=True
  [ 37] bludgeon +0 cost=3 affliction=None enchantment=None in_vocab=True
  [ 38] bludgeon +0 cost=3 affliction=None enchantment=None in_vocab=True
  [ 39] strike +0 cost=0 affliction=None enchantment='tezcataras_ember' in_vocab=True
  [ 40] strike +0 cost=0 affliction=None enchantment='tezcataras_ember' in_vocab=True
  [ 41] strike +1 cost=0 affliction=None enchantment='tezcataras_ember' in_vocab=True
  [ 42] strike +1 cost=0 affliction=None enchantment='tezcataras_ember' in_vocab=True
  [ 43] strike +0 cost=0 affliction=None enchantment='tezcataras_ember' in_vocab=True
  [ 44] strike +0 cost=0 affliction=None enchantment='tezcataras_ember' in_vocab=True
  [ 45] strike +0 cost=0 affliction=None enchantment='tezcataras_ember' in_vocab=True
  [ 46] strike +0 cost=0 affliction=None enchantment='tezcataras_ember' in_vocab=True
  [ 47] strike +0 cost=0 affliction=None enchantment='tezcataras_ember' in_vocab=True
  [ 48] strike +0 cost=0 affliction=None enchantment='tezcataras_ember' in_vocab=True
  [ 49] defend +0 cost=1 affliction=None enchantment=None in_vocab=True
  [ 50] defend +0 cost=1 affliction=None enchantment=None in_vocab=True
  [ 51] defend +0 cost=1 affliction=None enchantment=None in_vocab=True
  [ 52] defend +0 cost=1 affliction=None enchantment=None in_vocab=True
  [ 53] defend +0 cost=1 affliction=None enchantment=None in_vocab=True
  [ 54] defend +0 cost=1 affliction=None enchantment=None in_vocab=True
  [ 55] defend +1 cost=1 affliction=None enchantment=None in_vocab=True
  [ 56] defend +1 cost=1 affliction=None enchantment=None in_vocab=True
  [ 57] bash +0 cost=2 affliction=None enchantment=None in_vocab=True
  [ 58] bash +0 cost=2 affliction=None enchantment=None in_vocab=True
  [ 59] ascenders_bane +0 cost=-1 affliction=None enchantment=None in_vocab=True
  [ 60] ascenders_bane +0 cost=-1 affliction=None enchantment=None in_vocab=True
  [ 61] dominate +1 cost=1 affliction=None enchantment=None in_vocab=True
  [ 62] dominate +1 cost=1 affliction=None enchantment=None in_vocab=True
  [ 63] anger +1 cost=0 affliction=None enchantment=None in_vocab=True
  [ 64] anger +1 cost=0 affliction=None enchantment=None in_vocab=True
  [ 65] shrug_it_off +1 cost=1 affliction=None enchantment=None in_vocab=True
  [ 66] shrug_it_off +1 cost=1 affliction=None enchantment=None in_vocab=True
  [ 67] pommel_strike +0 cost=1 affliction=None enchantment=None in_vocab=True
  [ 68] pommel_strike +0 cost=1 affliction=None enchantment=None in_vocab=True
  [ 69] battle_trance +0 cost=0 affliction=None enchantment=None in_vocab=True
  [ 70] battle_trance +0 cost=0 affliction=None enchantment=None in_vocab=True
  [ 71] howl_from_beyond +0 cost=3 affliction=None enchantment=None in_vocab=True
  [ 72] howl_from_beyond +0 cost=3 affliction=None enchantment=None in_vocab=True
  [ 73] anger +0 cost=0 affliction=None enchantment=None in_vocab=True
  [ 74] anger +0 cost=0 affliction=None enchantment=None in_vocab=True
  [ 75] twin_strike +0 cost=1 affliction=None enchantment=None in_vocab=True
  [ 76] twin_strike +0 cost=1 affliction=None enchantment=None in_vocab=True
  [ 77] conflagration +0 cost=1 affliction=None enchantment=None in_vocab=True
  [ 78] conflagration +0 cost=1 affliction=None enchantment=None in_vocab=True
  [ 79] drum_of_battle +0 cost=1 affliction=None enchantment=None in_vocab=True
  [ 80] drum_of_battle +0 cost=1 affliction=None enchantment=None in_vocab=True
  [ 81] offering +0 cost=0 affliction=None enchantment=None in_vocab=True
  [ 82] offering +0 cost=0 affliction=None enchantment=None in_vocab=True
  [ 83] inflame +0 cost=1 affliction=None enchantment=None in_vocab=True
  [ 84] inflame +0 cost=1 affliction=None enchantment=None in_vocab=True
  [ 85] forgotten_ritual +0 cost=1 affliction=None enchantment=None in_vocab=True
  [ 86] forgotten_ritual +0 cost=1 affliction=None enchantment=None in_vocab=True
  [ 87] burning_pact +0 cost=1 affliction=None enchantment=None in_vocab=True
  [ 88] burning_pact +0 cost=1 affliction=None enchantment=None in_vocab=True
  [ 89] clumsy +0 cost=-1 affliction=None enchantment=None in_vocab=True
  [ 90] clumsy +0 cost=-1 affliction=None enchantment=None in_vocab=True
  [ 91] hemokinesis +0 cost=1 affliction=None enchantment=None in_vocab=True
  [ 92] hemokinesis +0 cost=1 affliction=None enchantment=None in_vocab=True
  [ 93] unrelenting +1 cost=2 affliction=None enchantment=None in_vocab=True
  [ 94] unrelenting +1 cost=2 affliction=None enchantment=None in_vocab=True
  [ 95] molten_fist +0 cost=1 affliction=None enchantment=None in_vocab=True
  [ 96] molten_fist +0 cost=1 affliction=None enchantment=None in_vocab=True
  [ 97] stomp +1 cost=3 affliction=None enchantment=None in_vocab=True
  [ 98] stomp +1 cost=3 affliction=None enchantment=None in_vocab=True
  [ 99] stomp +0 cost=3 affliction=None enchantment=None in_vocab=True
  [100] stomp +0 cost=3 affliction=None enchantment=None in_vocab=True
  [101] twin_strike +0 cost=1 affliction=None enchantment=None in_vocab=True
  [102] twin_strike +0 cost=1 affliction=None enchantment=None in_vocab=True
  [103] twin_strike +0 cost=1 affliction=None enchantment=None in_vocab=True
  [104] twin_strike +0 cost=1 affliction=None enchantment=None in_vocab=True
  [105] second_wind +0 cost=1 affliction=None enchantment=None in_vocab=True
  [106] second_wind +0 cost=1 affliction=None enchantment=None in_vocab=True
  [107] burning_pact +0 cost=1 affliction=None enchantment=None in_vocab=True
  [108] burning_pact +0 cost=1 affliction=None enchantment=None in_vocab=True
  [109] shrug_it_off +1 cost=1 affliction=None enchantment=None in_vocab=True
  [110] shrug_it_off +1 cost=1 affliction=None enchantment=None in_vocab=True
  [111] shrug_it_off +1 cost=1 affliction=None enchantment=None in_vocab=True
  [112] shrug_it_off +1 cost=1 affliction=None enchantment=None in_vocab=True
  [113] bludgeon +0 cost=3 affliction=None enchantment=None in_vocab=True
  [114] bludgeon +0 cost=3 affliction=None enchantment=None in_vocab=True
  [115] bludgeon +0 cost=3 affliction=None enchantment=None in_vocab=True
  [116] bludgeon +0 cost=3 affliction=None enchantment=None in_vocab=True
  [117] bad_luck +0 cost=-1 affliction=None enchantment=None in_vocab=True
  [118] bad_luck +0 cost=-1 affliction=None enchantment=None in_vocab=True
  counts: angerx6, ascenders_banex3, bad_luckx2, bashx3, battle_trancex3, bludgeonx6, burning_pactx6, clumsyx3, conflagrationx3, defendx12, dominatex3, drum_of_battlex3, forgotten_ritualx3, hemokinesisx3, howl_from_beyondx3, inflamex3, molten_fistx3, offeringx3, pommel_strikex3, second_windx3, shrug_it_offx9, stompx6, strikex15, twin_strikex9, unrelentingx3
run.deck overflow: 116 cards exceeds cap 96
  seed=None act_index=2 total_floor=34
  [  0] strike +0 cost=1 affliction=None enchantment=None in_vocab=True
  [  1] strike +0 cost=1 affliction=None enchantment=None in_vocab=True
  [  2] strike +0 cost=1 affliction=None enchantment=None in_vocab=True
  [  3] defend +0 cost=1 affliction=None enchantment=None in_vocab=True
  [  4] defend +0 cost=1 affliction=None enchantment=None in_vocab=True
  [  5] defend +0 cost=1 affliction=None enchantment=None in_vocab=True
  [  6] defend +0 cost=1 affliction=None enchantment=None in_vocab=True
  [  7] bash +0 cost=2 affliction=None enchantment=None in_vocab=True
  [  8] juggling +0 cost=1 affliction=None enchantment=None in_vocab=True
  [  9] ascenders_bane +0 cost=-1 affliction=None enchantment=None in_vocab=True
  [ 10] headbutt +0 cost=1 affliction=None enchantment=None in_vocab=True
  [ 11] flash_of_steel +1 cost=0 affliction=None enchantment=None in_vocab=True
  [ 12] stampede +1 cost=1 affliction=None enchantment=None in_vocab=True
  [ 13] finesse +1 cost=0 affliction=None enchantment=None in_vocab=True
  [ 14] twin_strike +1 cost=1 affliction=None enchantment=None in_vocab=True
  [ 15] pommel_strike +1 cost=1 affliction=None enchantment=None in_vocab=True
  [ 16] sword_boomerang +0 cost=1 affliction=None enchantment=None in_vocab=True
  [ 17] inflame +1 cost=1 affliction=None enchantment=None in_vocab=True
  [ 18] inflame +1 cost=1 affliction=None enchantment=None in_vocab=True
  [ 19] thunderclap +0 cost=1 affliction=None enchantment=None in_vocab=True
  [ 20] thunderclap +0 cost=1 affliction=None enchantment=None in_vocab=True
  [ 21] pommel_strike +0 cost=1 affliction=None enchantment=None in_vocab=True
  [ 22] pommel_strike +0 cost=1 affliction=None enchantment=None in_vocab=True
  [ 23] ultimate_strike +0 cost=1 affliction=None enchantment=None in_vocab=True
  [ 24] ultimate_strike +0 cost=1 affliction=None enchantment=None in_vocab=True
  [ 25] splash +0 cost=1 affliction=None enchantment=None in_vocab=True
  [ 26] splash +0 cost=1 affliction=None enchantment=None in_vocab=True
  [ 27] uppercut +0 cost=2 affliction=None enchantment=None in_vocab=True
  [ 28] uppercut +0 cost=2 affliction=None enchantment=None in_vocab=True
  [ 29] bully +0 cost=0 affliction=None enchantment=None in_vocab=True
  [ 30] bully +0 cost=0 affliction=None enchantment=None in_vocab=True
  [ 31] pyre +0 cost=2 affliction=None enchantment=None in_vocab=True
  [ 32] offering +0 cost=0 affliction=None enchantment=None in_vocab=True
  [ 33] offering +0 cost=0 affliction=None enchantment=None in_vocab=True
  [ 34] enthralled +0 cost=2 affliction=None enchantment=None in_vocab=True
  [ 35] enthralled +0 cost=2 affliction=None enchantment=None in_vocab=True
  [ 36] setup_strike +1 cost=1 affliction=None enchantment=None in_vocab=True
  [ 37] setup_strike +1 cost=1 affliction=None enchantment=None in_vocab=True
  [ 38] strike +0 cost=1 affliction=None enchantment=None in_vocab=True
  [ 39] strike +0 cost=1 affliction=None enchantment=None in_vocab=True
  [ 40] strike +0 cost=1 affliction=None enchantment=None in_vocab=True
  [ 41] strike +0 cost=1 affliction=None enchantment=None in_vocab=True
  [ 42] strike +0 cost=1 affliction=None enchantment=None in_vocab=True
  [ 43] strike +0 cost=1 affliction=None enchantment=None in_vocab=True
  [ 44] defend +0 cost=1 affliction=None enchantment=None in_vocab=True
  [ 45] defend +0 cost=1 affliction=None enchantment=None in_vocab=True
  [ 46] defend +0 cost=1 affliction=None enchantment=None in_vocab=True
  [ 47] defend +0 cost=1 affliction=None enchantment=None in_vocab=True
  [ 48] defend +0 cost=1 affliction=None enchantment=None in_vocab=True
  [ 49] defend +0 cost=1 affliction=None enchantment=None in_vocab=True
  [ 50] defend +0 cost=1 affliction=None enchantment=None in_vocab=True
  [ 51] defend +0 cost=1 affliction=None enchantment=None in_vocab=True
  [ 52] bash +0 cost=2 affliction=None enchantment=None in_vocab=True
  [ 53] bash +0 cost=2 affliction=None enchantment=None in_vocab=True
  [ 54] juggling +0 cost=1 affliction=None enchantment=None in_vocab=True
  [ 55] juggling +0 cost=1 affliction=None enchantment=None in_vocab=True
  [ 56] ascenders_bane +0 cost=-1 affliction=None enchantment=None in_vocab=True
  [ 57] ascenders_bane +0 cost=-1 affliction=None enchantment=None in_vocab=True
  [ 58] headbutt +0 cost=1 affliction=None enchantment=None in_vocab=True
  [ 59] headbutt +0 cost=1 affliction=None enchantment=None in_vocab=True
  [ 60] flash_of_steel +1 cost=0 affliction=None enchantment=None in_vocab=True
  [ 61] flash_of_steel +1 cost=0 affliction=None enchantment=None in_vocab=True
  [ 62] stampede +1 cost=1 affliction=None enchantment=None in_vocab=True
  [ 63] stampede +1 cost=1 affliction=None enchantment=None in_vocab=True
  [ 64] finesse +1 cost=0 affliction=None enchantment=None in_vocab=True
  [ 65] finesse +1 cost=0 affliction=None enchantment=None in_vocab=True
  [ 66] twin_strike +1 cost=1 affliction=None enchantment=None in_vocab=True
  [ 67] twin_strike +1 cost=1 affliction=None enchantment=None in_vocab=True
  [ 68] pommel_strike +1 cost=1 affliction=None enchantment=None in_vocab=True
  [ 69] pommel_strike +1 cost=1 affliction=None enchantment=None in_vocab=True
  [ 70] sword_boomerang +0 cost=1 affliction=None enchantment=None in_vocab=True
  [ 71] sword_boomerang +0 cost=1 affliction=None enchantment=None in_vocab=True
  [ 72] inflame +1 cost=1 affliction=None enchantment=None in_vocab=True
  [ 73] inflame +1 cost=1 affliction=None enchantment=None in_vocab=True
  [ 74] inflame +1 cost=1 affliction=None enchantment=None in_vocab=True
  [ 75] inflame +1 cost=1 affliction=None enchantment=None in_vocab=True
  [ 76] thunderclap +0 cost=1 affliction=None enchantment=None in_vocab=True
  [ 77] thunderclap +0 cost=1 affliction=None enchantment=None in_vocab=True
  [ 78] thunderclap +0 cost=1 affliction=None enchantment=None in_vocab=True
  [ 79] thunderclap +0 cost=1 affliction=None enchantment=None in_vocab=True
  [ 80] pommel_strike +0 cost=1 affliction=None enchantment=None in_vocab=True
  [ 81] pommel_strike +0 cost=1 affliction=None enchantment=None in_vocab=True
  [ 82] pommel_strike +0 cost=1 affliction=None enchantment=None in_vocab=True
  [ 83] pommel_strike +0 cost=1 affliction=None enchantment=None in_vocab=True
  [ 84] ultimate_strike +0 cost=1 affliction=None enchantment=None in_vocab=True
  [ 85] ultimate_strike +0 cost=1 affliction=None enchantment=None in_vocab=True
  [ 86] ultimate_strike +0 cost=1 affliction=None enchantment=None in_vocab=True
  [ 87] ultimate_strike +0 cost=1 affliction=None enchantment=None in_vocab=True
  [ 88] splash +0 cost=1 affliction=None enchantment=None in_vocab=True
  [ 89] splash +0 cost=1 affliction=None enchantment=None in_vocab=True
  [ 90] splash +0 cost=1 affliction=None enchantment=None in_vocab=True
  [ 91] splash +0 cost=1 affliction=None enchantment=None in_vocab=True
  [ 92] uppercut +0 cost=2 affliction=None enchantment=None in_vocab=True
  [ 93] uppercut +0 cost=2 affliction=None enchantment=None in_vocab=True
  [ 94] uppercut +0 cost=2 affliction=None enchantment=None in_vocab=True
  [ 95] uppercut +0 cost=2 affliction=None enchantment=None in_vocab=True
  [ 96] bully +0 cost=0 affliction=None enchantment=None in_vocab=True
  [ 97] bully +0 cost=0 affliction=None enchantment=None in_vocab=True
  [ 98] bully +0 cost=0 affliction=None enchantment=None in_vocab=True
  [ 99] bully +0 cost=0 affliction=None enchantment=None in_vocab=True
  [100] pyre +0 cost=2 affliction=None enchantment=None in_vocab=True
  [101] pyre +0 cost=2 affliction=None enchantment=None in_vocab=True
  [102] offering +0 cost=0 affliction=None enchantment=None in_vocab=True
  [103] offering +0 cost=0 affliction=None enchantment=None in_vocab=True
  [104] offering +0 cost=0 affliction=None enchantment=None in_vocab=True
  [105] offering +0 cost=0 affliction=None enchantment=None in_vocab=True
  [106] enthralled +0 cost=2 affliction=None enchantment=None in_vocab=True
  [107] enthralled +0 cost=2 affliction=None enchantment=None in_vocab=True
  [108] enthralled +0 cost=2 affliction=None enchantment=None in_vocab=True
  [109] enthralled +0 cost=2 affliction=None enchantment=None in_vocab=True
  [110] setup_strike +1 cost=1 affliction=None enchantment=None in_vocab=True
  [111] setup_strike +1 cost=1 affliction=None enchantment=None in_vocab=True
  [112] setup_strike +1 cost=1 affliction=None enchantment=None in_vocab=True
  [113] setup_strike +1 cost=1 affliction=None enchantment=None in_vocab=True
  [114] bad_luck +0 cost=-1 affliction=None enchantment=None in_vocab=True
  [115] bad_luck +0 cost=-1 affliction=None enchantment=None in_vocab=True
  counts: ascenders_banex3, bad_luckx2, bashx3, bullyx6, defendx12, enthralledx6, finessex3, flash_of_steelx3, headbuttx3, inflamex6, jugglingx3, offeringx6, pommel_strikex9, pyrex3, setup_strikex6, splashx6, stampedex3, strikex9, sword_boomerangx3, thunderclapx6, twin_strikex3, ultimate_strikex6, uppercutx6
run.deck overflow: 113 cards exceeds cap 96
  seed=None act_index=2 total_floor=37
  [  0] strike +0 cost=1 affliction=None enchantment=None in_vocab=True
  [  1] strike +0 cost=1 affliction=None enchantment=None in_vocab=True
  [  2] strike +0 cost=1 affliction=None enchantment=None in_vocab=True
  [  3] strike +0 cost=1 affliction=None enchantment=None in_vocab=True
  [  4] strike +0 cost=1 affliction=None enchantment=None in_vocab=True
  [  5] defend +0 cost=1 affliction=None enchantment=None in_vocab=True
  [  6] defend +0 cost=1 affliction=None enchantment=None in_vocab=True
  [  7] defend +0 cost=1 affliction=None enchantment=None in_vocab=True
  [  8] defend +0 cost=1 affliction=None enchantment=None in_vocab=True
  [  9] bash +0 cost=2 affliction=None enchantment=None in_vocab=True
  [ 10] pommel_strike +0 cost=1 affliction=None enchantment=None in_vocab=True
  [ 11] fight_me +1 cost=2 affliction=None enchantment='corrupted' in_vocab=True
  [ 12] anger +1 cost=0 affliction=None enchantment=None in_vocab=True
  [ 13] anger +0 cost=0 affliction=None enchantment=None in_vocab=True
  [ 14] thunderclap +0 cost=1 affliction=None enchantment=None in_vocab=True
  [ 15] taunt +1 cost=1 affliction=None enchantment=None in_vocab=True
  [ 16] pommel_strike +0 cost=1 affliction=None enchantment=None in_vocab=True
  [ 17] offering +0 cost=0 affliction=None enchantment=None in_vocab=True
  [ 18] relax +0 cost=3 affliction=None enchantment=None in_vocab=True
  [ 19] relax +0 cost=3 affliction=None enchantment=None in_vocab=True
  [ 20] molten_fist +1 cost=1 affliction=None enchantment=None in_vocab=True
  [ 21] inflame +0 cost=1 affliction=None enchantment=None in_vocab=True
  [ 22] bully +0 cost=0 affliction=None enchantment=None in_vocab=True
  [ 23] thunderclap +1 cost=1 affliction=None enchantment=None in_vocab=True
  [ 24] spite +0 cost=0 affliction=None enchantment=None in_vocab=True
  [ 25] molten_fist +1 cost=1 affliction=None enchantment=None in_vocab=True
  [ 26] expect_a_fight +1 cost=1 affliction=None enchantment=None in_vocab=True
  [ 27] enthralled +0 cost=2 affliction=None enchantment=None in_vocab=True
  [ 28] enthralled +0 cost=2 affliction=None enchantment=None in_vocab=True
  [ 29] infernal_blade +0 cost=1 affliction=None enchantment=None in_vocab=True
  [ 30] infernal_blade +0 cost=1 affliction=None enchantment=None in_vocab=True
  [ 31] thunderclap +1 cost=1 affliction=None enchantment=None in_vocab=True
  [ 32] thunderclap +1 cost=1 affliction=None enchantment=None in_vocab=True
  [ 33] inflame +0 cost=1 affliction=None enchantment=None in_vocab=True
  [ 34] inflame +0 cost=1 affliction=None enchantment=None in_vocab=True
  [ 35] setup_strike +1 cost=1 affliction=None enchantment=None in_vocab=True
  [ 36] setup_strike +1 cost=1 affliction=None enchantment=None in_vocab=True
  [ 37] strike +0 cost=1 affliction=None enchantment=None in_vocab=True
  [ 38] strike +0 cost=1 affliction=None enchantment=None in_vocab=True
  [ 39] strike +0 cost=1 affliction=None enchantment=None in_vocab=True
  [ 40] strike +0 cost=1 affliction=None enchantment=None in_vocab=True
  [ 41] strike +0 cost=1 affliction=None enchantment=None in_vocab=True
  [ 42] strike +0 cost=1 affliction=None enchantment=None in_vocab=True
  [ 43] strike +0 cost=1 affliction=None enchantment=None in_vocab=True
  [ 44] strike +0 cost=1 affliction=None enchantment=None in_vocab=True
  [ 45] strike +0 cost=1 affliction=None enchantment=None in_vocab=True
  [ 46] strike +0 cost=1 affliction=None enchantment=None in_vocab=True
  [ 47] defend +0 cost=1 affliction=None enchantment=None in_vocab=True
  [ 48] defend +0 cost=1 affliction=None enchantment=None in_vocab=True
  [ 49] defend +0 cost=1 affliction=None enchantment=None in_vocab=True
  [ 50] defend +0 cost=1 affliction=None enchantment=None in_vocab=True
  [ 51] defend +0 cost=1 affliction=None enchantment=None in_vocab=True
  [ 52] defend +0 cost=1 affliction=None enchantment=None in_vocab=True
  [ 53] defend +0 cost=1 affliction=None enchantment=None in_vocab=True
  [ 54] defend +0 cost=1 affliction=None enchantment=None in_vocab=True
  [ 55] bash +0 cost=2 affliction=None enchantment=None in_vocab=True
  [ 56] bash +0 cost=2 affliction=None enchantment=None in_vocab=True
  [ 57] pommel_strike +0 cost=1 affliction=None enchantment=None in_vocab=True
  [ 58] pommel_strike +0 cost=1 affliction=None enchantment=None in_vocab=True
  [ 59] fight_me +1 cost=2 affliction=None enchantment='corrupted' in_vocab=True
  [ 60] fight_me +1 cost=2 affliction=None enchantment='corrupted' in_vocab=True
  [ 61] anger +1 cost=0 affliction=None enchantment=None in_vocab=True
  [ 62] anger +1 cost=0 affliction=None enchantment=None in_vocab=True
  [ 63] anger +0 cost=0 affliction=None enchantment=None in_vocab=True
  [ 64] anger +0 cost=0 affliction=None enchantment=None in_vocab=True
  [ 65] thunderclap +0 cost=1 affliction=None enchantment=None in_vocab=True
  [ 66] thunderclap +0 cost=1 affliction=None enchantment=None in_vocab=True
  [ 67] taunt +1 cost=1 affliction=None enchantment=None in_vocab=True
  [ 68] taunt +1 cost=1 affliction=None enchantment=None in_vocab=True
  [ 69] pommel_strike +0 cost=1 affliction=None enchantment=None in_vocab=True
  [ 70] pommel_strike +0 cost=1 affliction=None enchantment=None in_vocab=True
  [ 71] offering +0 cost=0 affliction=None enchantment=None in_vocab=True
  [ 72] offering +0 cost=0 affliction=None enchantment=None in_vocab=True
  [ 73] relax +0 cost=3 affliction=None enchantment=None in_vocab=True
  [ 74] relax +0 cost=3 affliction=None enchantment=None in_vocab=True
  [ 75] relax +0 cost=3 affliction=None enchantment=None in_vocab=True
  [ 76] relax +0 cost=3 affliction=None enchantment=None in_vocab=True
  [ 77] molten_fist +1 cost=1 affliction=None enchantment=None in_vocab=True
  [ 78] molten_fist +1 cost=1 affliction=None enchantment=None in_vocab=True
  [ 79] inflame +0 cost=1 affliction=None enchantment=None in_vocab=True
  [ 80] inflame +0 cost=1 affliction=None enchantment=None in_vocab=True
  [ 81] bully +0 cost=0 affliction=None enchantment=None in_vocab=True
  [ 82] bully +0 cost=0 affliction=None enchantment=None in_vocab=True
  [ 83] thunderclap +1 cost=1 affliction=None enchantment=None in_vocab=True
  [ 84] thunderclap +1 cost=1 affliction=None enchantment=None in_vocab=True
  [ 85] spite +0 cost=0 affliction=None enchantment=None in_vocab=True
  [ 86] spite +0 cost=0 affliction=None enchantment=None in_vocab=True
  [ 87] molten_fist +1 cost=1 affliction=None enchantment=None in_vocab=True
  [ 88] molten_fist +1 cost=1 affliction=None enchantment=None in_vocab=True
  [ 89] expect_a_fight +1 cost=1 affliction=None enchantment=None in_vocab=True
  [ 90] expect_a_fight +1 cost=1 affliction=None enchantment=None in_vocab=True
  [ 91] enthralled +0 cost=2 affliction=None enchantment=None in_vocab=True
  [ 92] enthralled +0 cost=2 affliction=None enchantment=None in_vocab=True
  [ 93] enthralled +0 cost=2 affliction=None enchantment=None in_vocab=True
  [ 94] enthralled +0 cost=2 affliction=None enchantment=None in_vocab=True
  [ 95] infernal_blade +0 cost=1 affliction=None enchantment=None in_vocab=True
  [ 96] infernal_blade +0 cost=1 affliction=None enchantment=None in_vocab=True
  [ 97] infernal_blade +0 cost=1 affliction=None enchantment=None in_vocab=True
  [ 98] infernal_blade +0 cost=1 affliction=None enchantment=None in_vocab=True
  [ 99] thunderclap +1 cost=1 affliction=None enchantment=None in_vocab=True
  [100] thunderclap +1 cost=1 affliction=None enchantment=None in_vocab=True
  [101] thunderclap +1 cost=1 affliction=None enchantment=None in_vocab=True
  [102] thunderclap +1 cost=1 affliction=None enchantment=None in_vocab=True
  [103] inflame +0 cost=1 affliction=None enchantment=None in_vocab=True
  [104] inflame +0 cost=1 affliction=None enchantment=None in_vocab=True
  [105] inflame +0 cost=1 affliction=None enchantment=None in_vocab=True
  [106] inflame +0 cost=1 affliction=None enchantment=None in_vocab=True
  [107] setup_strike +1 cost=1 affliction=None enchantment=None in_vocab=True
  [108] setup_strike +1 cost=1 affliction=None enchantment=None in_vocab=True
  [109] setup_strike +1 cost=1 affliction=None enchantment=None in_vocab=True
  [110] setup_strike +1 cost=1 affliction=None enchantment=None in_vocab=True
  [111] bad_luck +0 cost=-1 affliction=None enchantment=None in_vocab=True
  [112] bad_luck +0 cost=-1 affliction=None enchantment=None in_vocab=True
  counts: angerx6, bad_luckx2, bashx3, bullyx3, defendx12, enthralledx6, expect_a_fightx3, fight_mex3, infernal_bladex6, inflamex9, molten_fistx6, offeringx3, pommel_strikex6, relaxx6, setup_strikex6, spitex3, strikex15, tauntx3, thunderclapx12
