iter,global_step,wall_seconds,sps,ep_ret,win,ep_len,pg,v,ent,kl,clipfrac,lr,energy_unspent,card_take,upgrades,removes,elites,potions_got,potions_used,potions_used_elite,potions_used_boss,potions_used_normal,potions_expired,potion_use_hp,relics,hp_lost,aux
976,32014336,57.418,570,16.59,0.0,179.73,-0.0006500664167106152,9.924184799194336,0.5786908864974976,0.00013945752536415057,0.0009307861328125,0.0003,0.22761810373306904,0.8932291666666666,2.06,0.28,1.09,4.33,0.16,0.0,0.0,0.16,0.0,0.11565988168120384,4.21,151.84,0.03573458135360852
977,32047104,127.755,512,17.74,0.0,188.81,-0.0004414110444486141,11.580902099609375,0.5444415807723999,8.41101561945834e-05,0.0005340576171875,0.0003,0.21038435603506406,0.872996300863132,2.91,0.42,1.29,4.45,0.06,0.0,0.0,0.06,0.0,0.046572673916816715,4.71,160.0,0.04165659041609615
978,32079872,195.152,503,17.95,0.0,190.48,-0.0004957099445164204,11.299057006835938,0.5245575904846191,6.875409121676057e-05,0.00028228759765625,0.0003,0.21936951576210595,0.8733880422039859,2.63,0.4,1.2,4.95,0.15,0.0,0.0,0.15,0.0,0.10984099686145782,4.45,162.9,0.04182447353377938
979,32112640,259.729,504,17.33,0.0,182.14,0.00022179167717695236,12.088645935058594,0.5356298089027405,7.765832056350064e-05,0.00032806396484375,0.0003,0.228481455563331,0.8708074534161491,3.77,0.28,1.06,4.35,0.08,0.0,0.0,0.08,0.01,0.05026785761117935,4.46,151.77,0.035385167167987674
980,32145408,319.242,513,20.18,0.0,214.78,0.0005427766591310501,12.483068466186523,0.49756431579589844,0.00014834058566748354,0.000885009765625,0.0003,0.25783431585479366,0.8525980911983033,3.11,0.46,1.4,5.34,0.11,0.0,0.0,0.11,0.0,0.08492441922426223,5.44,175.28,0.041679079644382
981,32178176,378.834,518,17.35,0.0,187.61,0.00015499419532716274,11.139130592346191,0.5382652282714844,9.120911850857283e-05,0.0005645751953125,0.0003,0.20006559527714005,0.878345498783455,2.9,0.43,0.97,4.65,0.08,0.0,0.0,0.08,0.0,0.06362499982118607,4.26,158.87,0.04021240910515189
980,32145408,60.287,543,19.0,0.0,204.01,-0.00011933804489672184,14.880382537841797,0.5455452799797058,0.00010449873317242009,0.00057220458984375,0.0003,0.2449874686716792,0.8756875687568757,2.98,0.42,1.29,5.15,0.17,0.0,0.0,0.17,0.01,0.12476649820804596,5.17,168.72,0.040139598306268454
981,32178176,123.915,528,19.23,0.0,203.74,9.498605504631996e-05,12.52904987335205,0.5307766199111938,0.0001343597904153171,0.00093841552734375,0.0003,0.23081741309113687,0.8804469273743016,3.07,0.37,1.45,4.97,0.09,0.0,0.0,0.09,0.01,0.06376174747943879,5.3,171.91,0.044046418624930084
982,32210944,189.139,519,16.37,0.0,176.69,0.0003739478997886181,11.068153381347656,0.5492293834686279,0.00010731636021432678,0.0005340576171875,0.0003,0.24484806147397833,0.8812260536398467,2.44,0.35,0.98,4.23,0.09,0.0,0.0,0.09,0.01,0.0727788457274437,4.14,147.23,0.039368588593788445
983,32243712,247.323,529,18.08,0.0,189.37,0.00013882946223020554,9.99074935913086,0.5268992781639099,0.0001215423884559641,0.0007171630859375,0.0003,0.19151069518716576,0.8766467065868263,2.97,0.37,1.06,4.73,0.1,0.0,0.0,0.1,0.0,0.06788167715072632,4.51,161.43,0.04206733964383602
984,32276480,310.493,527,16.47,0.0,174.99,-0.009347064420580864,12.248575210571289,0.5077608823776245,0.0023123404370153366,0.0178375244140625,0.0003,0.2176678445229682,0.8829787234042553,2.99,0.43,0.99,4.44,0.12,0.0,0.0,0.12,0.0,0.0814999994635582,4.07,149.4,0.03890086535830051
985,32309248,368.786,533,18.73,0.0,203.54,-0.004755611531436443,12.758060455322266,0.5147196054458618,0.0021486123924319145,0.0194549560546875,0.0003,0.2206439393939394,0.8737316798196166,3.46,0.57,1.23,5.18,0.1,0.0,0.0,0.1,0.02,0.06819597154855728,5.13,171.44,0.04139283567201346
986,32342016,425.223,539,18.0,0.0,195.46,-0.007872462272644043,13.124582290649414,0.542770504951477,0.003428922360271258,0.03154754638671875,0.0003,0.2010939510939511,0.8785046728971962,2.61,0.42,1.2,4.83,0.13,0.0,0.0,0.13,0.01,0.07799996808171272,4.7,168.44,0.039056447334587574
987,32374784,482.699,543,18.58,0.0,193.53,-0.003887161612510681,12.167640686035156,0.49489250779151917,0.0033137948383910043,0.030548095703125,0.0003,0.22524271844660193,0.8885017421602788,3.2,0.46,1.19,4.32,0.09,0.0,0.0,0.09,0.0,0.07184558779001236,4.95,164.84,0.0423024850897491
988,32407552,543.19,542,17.6,0.0,184.32,-0.0046251751482486725,13.220867156982422,0.5141252279281616,0.0018673466236691638,0.01837921142578125,0.0003,0.2,0.8997555012224939,2.7,0.35,1.21,4.63,0.06,0.0,0.0,0.06,0.0,0.03927424311637878,4.73,154.48,0.043344622128643095
989,32440320,600.512,545,18.93,0.0,197.97,-0.005881638266146183,14.44228744506836,0.49942344427108765,0.0013685651011314803,0.0126190185546875,0.0003,0.21430873348372542,0.8861330326944757,3.03,0.47,1.34,5.03,0.2,0.0,0.0,0.2,0.0,0.15861956596374513,5.05,165.08,0.04460426664445549
990,32473088,658.749,547,19.43,0.0,223.29,-0.006630846299231052,12.217585563659668,0.5173131227493286,0.0017075500723535697,0.015777587890625,0.0003,0.22430769230769232,0.8875545851528385,3.1,0.46,1.3,5.49,0.21,0.0,0.0,0.21,0.0,0.18150533467531205,5.18,173.88,0.041961189825087786
991,32505856,718.801,547,18.61,0.0,200.84,-0.0040709772147238255,11.862947463989258,0.508588433265686,0.0012446303094293398,0.0121917724609375,0.0003,0.2384318766066838,0.8677309007981756,3.21,0.52,1.24,5.02,0.1,0.0,0.0,0.1,0.0,0.07073064468801021,5.02,164.61,0.04104230483062565
992,32538624,780.866,545,18.5,0.0,195.99,-0.004639222286641598,12.90307331085205,0.5227832794189453,0.0009208711979340478,0.00702667236328125,0.0003,0.19376606683804629,0.9042553191489362,3.05,0.39,1.3,4.66,0.1,0.0,0.0,0.1,0.02,0.07930493533611298,4.92,166.24,0.038221029099076986
993,32571392,843.364,543,18.79,0.0,199.86,-0.009159215725958347,12.613906860351562,0.4990963041782379,0.0018502478227446773,0.01609039306640625,0.0003,0.2061389337641357,0.8884976525821596,3.51,0.44,1.31,4.87,0.17,0.0,0.0,0.17,0.0,0.12020129919052124,4.97,166.73,0.03998159524053335
994,32604160,901.942,544,20.33,0.0,223.76,-0.004039507359266281,14.498483657836914,0.5141836404800415,0.0034448843381227334,0.02910614013671875,0.0003,0.20948616600790515,0.873269435569755,3.15,0.35,1.17,5.52,0.1,0.0,0.0,0.1,0.0,0.07732987582683563,5.27,178.15,0.0467985316645354
995,32636928,960.716,545,19.32,0.0,204.82,-0.006288893520832062,11.505656242370605,0.502119779586792,0.0030702844310326327,0.0284271240234375,0.0003,0.21625964010282778,0.9037199124726477,3.75,0.48,1.3,5.19,0.08,0.0,0.0,0.08,0.01,0.06206292271614075,5.31,169.76,0.04262716241646558
996,32669696,1020.364,545,17.96,0.0,194.05,-0.005738534033298492,14.349664688110352,0.5251601934432983,0.002075301821719222,0.018157958984375,0.0003,0.21019108280254778,0.8948598130841121,2.42,0.41,1.16,4.89,0.06,0.0,0.0,0.06,0.0,0.049624999463558195,4.91,166.8,0.04491021030116826
997,32702464,1076.085,548,17.53,0.0,191.86,-0.012248307466506958,12.233116149902344,0.5241875648498535,0.002879716029553947,0.024658203125,0.0003,0.21938610662358643,0.8769414575866189,2.44,0.31,1.2,4.95,0.07,0.0,0.0,0.07,0.0,0.04349881686270237,4.7,158.87,0.04356138897128403
998,32735232,1130.856,550,19.11,0.0,209.26,-0.009198054671287537,11.845135688781738,0.49767759442329407,0.0033258646424769722,0.02573394775390625,0.0003,0.22320072881870634,0.8809523809523809,2.52,0.41,1.23,5.17,0.14,0.0,0.0,0.14,0.0,0.09838949888944626,4.85,174.34,0.03829275903990492
999,32768000,1187.989,551,17.91,0.0,189.07,-0.008072737604379654,10.70492935180664,0.5053143501281738,0.004368352788219454,0.035736083984375,0.0003,0.17524752475247524,0.9213075060532687,2.65,0.5,1.05,4.79,0.17,0.0,0.0,0.17,0.0,0.13571886837482453,4.62,163.62,0.04130100295878947
1000,32800768,1244.504,552,18.99,0.0,241.39,-0.004408060573041439,10.83366584777832,0.4492800235748291,0.0027507316669925785,0.02585601806640625,0.0003,0.20081326243353143,0.9090909090909091,3.22,0.42,1.26,5.06,0.11,0.0,0.0,0.11,0.0,0.07582712680101394,4.89,170.21,0.04690918407868594
1001,32833536,1301.721,553,18.27,0.0,190.03,-0.009827712550759315,10.164361953735352,0.49104490876197815,0.0023287722951863543,0.02126312255859375,0.0003,0.17739771965124077,0.8989547038327527,3.28,0.36,1.17,5.08,0.14,0.0,0.0,0.14,0.0,0.10962499946355819,4.68,164.9,0.040496196364983916
1002,32866304,1357.56,555,18.03,0.0,193.83,-0.006362723186612129,13.156106948852539,0.4712631106376648,0.002875525684260083,0.028839111328125,0.0003,0.20012932428063368,0.9112426035502958,2.82,0.52,1.1,5.02,0.13,0.0,0.0,0.13,0.01,0.09553246140480041,4.78,162.06,0.04353306978009641
1003,32899072,1413.566,556,17.7,0.0,188.24,-0.007219288032501936,11.825723648071289,0.5121933221817017,0.0018930768429186173,0.0166778564453125,0.0003,0.15943491422805248,0.9093023255813953,2.39,0.45,1.03,4.66,0.17,0.0,0.0,0.17,0.0,0.13131359964609146,4.5,156.08,0.04197850311174989
1004,32931840,1472.064,556,16.48,0.0,177.22,-0.008380163460969925,11.778120040893555,0.530326247215271,0.002521242769660148,0.0236358642578125,0.0003,0.21522491349480968,0.9127086007702182,2.72,0.34,0.87,4.27,0.06,0.0,0.0,0.06,0.0,0.04587500005960465,4.17,146.0,0.04051491164136678
1005,32964608,1527.854,557,16.71,0.0,180.91,-0.00506332702934742,13.77674388885498,0.5383809804916382,0.003113098740868736,0.03008270263671875,0.0003,0.23541594753192957,0.9016393442622951,2.88,0.37,0.91,4.71,0.07,0.0,0.0,0.07,0.0,0.05103676408529281,4.25,150.48,0.03942809102591127
1006,32997376,1581.318,559,18.78,0.0,203.38,-0.007737352047115564,11.41557502746582,0.5039771199226379,0.0045340483019060684,0.033538818359375,0.0003,0.21206467661691542,0.9248554913294798,3.07,0.48,1.21,5.21,0.2,0.0,0.0,0.2,0.0,0.15999066561460495,4.95,166.58,0.040035373880527914
1007,33030144,1636.887,560,17.73,0.0,189.65,-0.003372672013938427,12.902417182922363,0.5071707963943481,0.0034982637996563426,0.03427886962890625,0.0003,0.20555188367481825,0.9065533980582524,2.71,0.43,1.03,4.87,0.08,0.0,0.0,0.08,0.01,0.05550000011920929,4.42,158.49,0.04585516778752208
1008,33062912,1693.336,561,19.18,0.0,202.8,-0.012016929686069489,12.706677436828613,0.5029603242874146,0.0025361147760065705,0.022064208984375,0.0003,0.18527918781725888,0.8947963800904978,2.93,0.42,1.15,5.24,0.19,0.0,0.0,0.19,0.0,0.14484147533774375,5.01,165.72,0.0442224059952423
1009,33095680,1750.906,561,17.81,0.0,194.87,-0.008853640407323837,12.219188690185547,0.5099587440490723,0.0027913270972703685,0.02809906005859375,0.0003,0.22082644628099174,0.8883435582822086,3.1,0.37,1.19,4.98,0.13,0.0,0.0,0.13,0.0,0.0991250005364418,4.91,162.16,0.04467181989457458
1010,33128448,1804.76,562,18.9,0.0,200.05,-0.0069642141461372375,11.240823745727539,0.488414466381073,0.0035611979142231576,0.03076171875,0.0003,0.17609459891339085,0.9034157832744405,3.22,0.48,1.24,5.26,0.09,0.0,0.0,0.09,0.0,0.06916304051876068,4.84,171.28,0.04191679391078651
1011,33161216,1857.683,564,16.53,0.0,176.01,-0.009084481745958328,12.722667694091797,0.5107443332672119,0.003040674030671653,0.028167724609375,0.0003,0.19802329685845393,0.8976683937823834,2.51,0.37,0.96,4.58,0.09,0.0,0.0,0.09,0.02,0.07212989002466202,4.37,148.3,0.04096989578101784
1012,33193984,1912.004,565,17.93,0.0,195.05,-0.008213425055146217,11.16696548461914,0.5126280188560486,0.003844946646381686,0.03583526611328125,0.0003,0.19476744186046513,0.8964677222898904,3.1,0.39,1.04,4.75,0.18,0.0,0.0,0.18,0.0,0.13412497475743293,4.32,157.97,0.04358688334468752
1013,33226752,1971.374,565,17.27,0.0,201.18,-0.00869491696357727,12.114113807678223,0.5371418595314026,0.0031310308551155686,0.02679443359375,0.0003,0.20424143556280588,0.9237187127532777,3.74,0.38,0.97,4.75,0.08,0.0,0.0,0.08,0.0,0.06451162874698639,4.17,159.23,0.04561698902398348
1014,33259520,2028.904,565,18.75,0.0,306.99,-0.009826806373894215,11.07693099975586,0.5263583660125732,0.0024034798569232407,0.02307891845703125,0.0003,0.17062766605728213,0.915445321307779,2.97,0.37,1.23,5.14,0.16,0.0,0.0,0.16,0.02,0.1256614838540554,4.79,166.74,0.038270140648819506
1015,33292288,2086.737,565,18.48,0.0,201.56,-0.010855380445718765,12.49399185180664,0.5413492918014526,0.0038329523439415425,0.03530120849609375,0.0003,0.20634920634920634,0.8904109589041096,3.11,0.49,1.31,4.88,0.1,0.0,0.0,0.1,0.02,0.08494555354118347,4.8,164.47,0.04175969818606973
1016,33325056,2143.093,565,17.83,0.0,193.3,-0.014428600668907166,10.617162704467773,0.5412300825119019,0.00467706346620389,0.04010009765625,0.0003,0.20425257731958762,0.8809234507897934,2.78,0.48,1.13,4.62,0.09,0.0,0.0,0.09,0.0,0.06507279127836227,4.56,159.06,0.040581950335763395
1017,33357824,2201.195,565,16.77,0.0,174.82,-0.005340553820133209,10.831462860107422,0.5424820184707642,0.0024810471897467323,0.02419281005859375,0.0003,0.20071301247771836,0.8751642575558476,3.06,0.34,1.11,4.67,0.05,0.0,0.0,0.05,0.02,0.035875000059604645,4.22,144.24,0.04521453380584717
1018,33390592,2262.805,564,19.21,0.0,209.03,-0.005667662248015404,14.196170806884766,0.555313229560852,0.0033093999778515126,0.03238677978515625,0.0003,0.21295180722891566,0.87527352297593,3.13,0.49,1.31,5.19,0.14,0.0,0.0,0.14,0.01,0.10031406536698341,4.98,168.52,0.043171007884666324
1019,33423360,2320.942,564,17.25,0.0,212.92,-0.01113378256559372,13.851736068725586,0.5864523649215698,0.003368789864964583,0.0306549072265625,0.0003,0.20285908781484002,0.8691358024691358,2.96,0.48,1.15,4.56,0.16,0.0,0.0,0.16,0.01,0.12576294206082822,4.56,156.23,0.045122346258722246
1020,33456128,2378.659,564,17.23,0.0,191.04,-0.006425423547625542,12.810951232910156,0.5956534743309021,0.0036750528533389115,0.03592681884765625,0.0003,0.26145900581020015,0.8795483061480552,2.36,0.33,1.05,4.65,0.14,0.0,0.0,0.14,0.0,0.08682045504450799,4.49,155.15,0.04063071415293962
1021,33488896,2441.394,563,17.16,0.0,184.09,-0.009366244077682495,12.462831497192383,0.5891969203948975,0.0025918195908616326,0.02564239501953125,0.0003,0.23499031633311815,0.874025974025974,2.53,0.37,0.91,4.43,0.08,0.0,0.0,0.08,0.0,0.05775688350200653,4.11,151.77,0.043297203024849296
1022,33521664,2501.117,563,15.09,0.0,167.32,-0.007792939431965351,12.896482467651367,0.578364372253418,0.0028730070584970235,0.0279998779296875,0.0003,0.2515923566878981,0.8695035460992908,2.49,0.3,0.84,3.85,0.07,0.0,0.0,0.07,0.02,0.0452499994635582,3.59,140.51,0.043742110836319625
1023,33554432,2559.916,563,18.62,0.0,196.71,-0.006855538114905357,12.164987564086914,0.5460168123245239,0.0024924008789071195,0.02375030517578125,0.0003,0.25579854208084823,0.8760330578512396,3.43,0.44,1.04,4.8,0.11,0.0,0.0,0.11,0.01,0.08696491211652756,4.85,159.29,0.04111787932924926
1024,33587200,2619.264,562,17.43,0.0,187.79,-0.010296160355210304,12.295173645019531,0.5723111629486084,0.0043048567010828265,0.0385589599609375,0.0003,0.2848347375243033,0.8703939008894537,2.83,0.45,1.01,4.59,0.11,0.0,0.0,0.11,0.0,0.08686741054058075,4.45,150.87,0.0391967260511592
1025,33619968,2675.737,563,17.26,0.0,187.48,-0.011422342620790005,12.342446327209473,0.5334932804107666,0.003944763192748724,0.03897857666015625,0.0003,0.2289855072463768,0.8594132029339854,2.4,0.36,1.02,4.51,0.09,0.0,0.0,0.09,0.02,0.0702739480137825,4.21,153.58,0.04459154000505805
1026,33652736,2737.273,562,16.97,0.0,196.95,-0.0065335556864738464,12.894842147827148,0.5540738701820374,0.0028822547377558294,0.0277252197265625,0.0003,0.23474025974025975,0.831055900621118,2.76,0.38,1.08,4.42,0.15,0.0,0.0,0.15,0.02,0.09168195724487305,4.45,155.26,0.04323812841903418
1027,33685504,2799.961,561,16.96,0.0,186.57,-0.01179531030356884,12.36019229888916,0.5663567185401917,0.003054042665041834,0.0277252197265625,0.0003,0.19419354838709676,0.8444444444444444,2.57,0.36,0.95,4.31,0.1,0.0,0.0,0.1,0.0,0.07131261289119721,4.35,153.09,0.03987985569983721
1028,33718272,2863.964,560,18.48,0.0,203.67,-0.005414240062236786,12.744056701660156,0.5321135520935059,0.0017731518017143344,0.01833343505859375,0.0003,0.2079053843759726,0.8613053613053613,2.76,0.41,1.25,4.75,0.03,0.0,0.0,0.03,0.01,0.02336337208747864,4.99,158.86,0.037568833911791444
1029,33751040,2925.888,559,18.86,0.0,218.9,-0.00886448472738266,13.100443840026855,0.5181301832199097,0.0018355036114598988,0.01482391357421875,0.0003,0.18607479477044694,0.8429378531073446,3.68,0.51,1.49,4.96,0.12,0.0,0.0,0.12,0.0,0.08977666735649109,5.33,167.84,0.04044042911846191
1030,33783808,2989.199,559,17.59,0.0,190.79,-0.011293098330497742,11.533121109008789,0.5471658706665039,0.00408447623703978,0.03049468994140625,0.0003,0.15551894563426688,0.8670886075949367,2.92,0.4,1.1,4.37,0.1,0.0,0.0,0.1,0.0,0.08594565868377685,4.42,152.13,0.04254891746677458
1031,33816576,3042.978,559,18.92,0.0,211.57,-0.0033786222338676453,10.751768112182617,0.5425603985786438,0.004027383980769628,0.02967071533203125,0.0003,0.19093567251461988,0.8661417322834646,2.93,0.52,1.28,4.82,0.13,0.0,0.0,0.13,0.0,0.11219554364681245,5.18,169.56,0.040558409062214196
1032,33849344,3098.372,560,19.0,0.0,211.1,-0.009364115074276924,12.389188766479492,0.5259380340576172,0.0021305343478843497,0.01860809326171875,0.0003,0.18311959439308081,0.8428731762065096,3.3,0.42,1.31,4.58,0.08,0.0,0.0,0.08,0.0,0.06994540274143218,5.05,164.95,0.040110548376105726
1033,33882112,3155.535,560,18.15,0.0,207.05,-0.0071299439296126366,12.908540725708008,0.5104061961174011,0.0023706558008029788,0.02017974853515625,0.0003,0.17619328226281675,0.8443449048152296,2.9,0.41,1.35,5.01,0.08,0.0,0.0,0.08,0.0,0.06661764681339263,4.79,161.17,0.04127906099893153
1034,33914880,3210.312,561,17.95,0.0,196.98,-0.009781812317669392,11.398900985717773,0.5237034559249878,0.003207716045039888,0.02728271484375,0.0003,0.16182048040455121,0.8549346016646849,3.31,0.44,1.04,4.59,0.14,0.0,0.0,0.14,0.0,0.11396838903427124,4.54,158.64,0.04223399655893445
1035,33947648,3268.238,561,17.64,0.0,193.4,-0.009709821082651615,12.207534790039062,0.5216076970100403,0.004421661448134273,0.0418243408203125,0.0003,0.20319634703196346,0.8567961165048543,2.71,0.38,1.05,4.6,0.09,0.0,0.0,0.09,0.0,0.06770960301160812,4.44,154.93,0.03757794329430908
1036,33980416,3326.071,561,20.02,0.0,240.75,-0.004440939985215664,12.861913681030273,0.5014088153839111,0.0038179747155879795,0.0390472412109375,0.0003,0.1752608047690015,0.8580645161290322,3.23,0.49,1.4,5.19,0.11,0.0,0.0,0.11,0.0,0.08057212144136429,5.34,171.89,0.03986155253369361
1037,34013184,3382.625,561,18.74,0.0,197.67,-0.007768723182380199,12.2556791305542,0.5140663981437683,0.002847523675939101,0.02616119384765625,0.0003,0.2098479841374752,0.8494623655913979,3.14,0.45,1.25,4.95,0.14,0.0,0.0,0.14,0.02,0.0915628233551979,4.8,161.52,0.047358871437609196
1038,34045952,3440.892,561,18.55,0.0,203.14,-0.010037906467914581,11.771903991699219,0.5168271660804749,0.0038686510936258856,0.0338897705078125,0.0003,0.21421918658801614,0.8815331010452961,3.69,0.39,1.28,4.8,0.09,0.0,0.0,0.09,0.0,0.0646160227060318,5.04,163.19,0.041072356747463346
1039,34078720,3496.86,562,17.45,0.0,196.27,-0.00573063176125288,12.038681030273438,0.5196303129196167,0.0023384157990733456,0.01772308349609375,0.0003,0.2097683155917345,0.8795180722891566,3.29,0.38,1.17,4.54,0.1,0.0,0.0,0.1,0.0,0.06917305439710617,4.55,161.02,0.042516742600128055
1040,34111488,3553.61,562,18.63,0.0,197.04,-0.012096377089619637,12.991069793701172,0.5043174028396606,0.003968927467468575,0.03058624267578125,0.0003,0.19453273998728543,0.8378378378378378,3.16,0.49,1.23,4.9,0.11,0.0,0.0,0.11,0.0,0.07006981045007706,5.09,164.13,0.04008146969135851
1041,34144256,3612.789,562,17.57,0.0,195.33,-0.008519015274941921,13.059798240661621,0.5157011151313782,0.003865859526058557,0.0328369140625,0.0003,0.20623806492679822,0.8272058823529411,2.86,0.46,1.16,4.5,0.1,0.0,0.0,0.1,0.01,0.06575799971818924,4.61,160.44,0.039875060552731156
1042,34177024,3669.556,562,19.07,0.0,211.16,-0.011416708119213581,12.51412582397461,0.5124356746673584,0.005793937540857996,0.04587554931640625,0.0003,0.2305194805194805,0.8302094818081588,2.57,0.48,1.13,5.01,0.17,0.0,0.0,0.17,0.0,0.12891376316547393,4.9,167.34,0.03764918551314622
1043,34209792,3727.066,562,18.29,0.0,197.87,-0.009603495709598064,11.943009376525879,0.5361281633377075,0.004353612294380582,0.03952789306640625,0.0003,0.18527918781725888,0.8378698224852071,3.56,0.45,1.03,4.97,0.19,0.0,0.0,0.19,0.01,0.16993592262268067,4.34,160.01,0.045000765239819884
1044,34242560,3786.198,562,15.8,0.0,175.47,-0.008571554906666279,12.593172073364258,0.547083854675293,0.003972683603592486,0.04083251953125,0.0003,0.25118483412322273,0.8455392809587217,2.47,0.38,0.99,4.06,0.07,0.0,0.0,0.07,0.0,0.04728197693824768,4.04,148.49,0.043309551663696766
1045,34275328,3847.584,562,17.77,0.0,195.89,-0.011066814884543419,9.450199127197266,0.5363129377365112,0.0043440260055263025,0.0375518798828125,0.0003,0.2471875,0.8537455410225921,2.74,0.4,1.07,5.04,0.11,0.0,0.0,0.11,0.0,0.08230800718069077,4.67,162.21,0.0375744003104046
1046,34308096,3905.054,562,18.02,0.0,196.87,-0.012611198239028454,13.850749969482422,0.5354160070419312,0.004420330509617543,0.04311370849609375,0.0003,0.19782678171939916,0.8578255675029869,3.06,0.49,1.09,4.68,0.15,0.0,0.0,0.15,0.02,0.11703179121017455,4.63,160.82,0.045517719932831824
1047,34340864,3961.824,562,17.44,0.0,191.92,-0.003939734771847725,12.64319133758545,0.539003312587738,0.006364437019783509,0.04522705078125,0.0003,0.19529487592652273,0.8537794299876085,2.25,0.44,1.02,4.76,0.15,0.0,0.0,0.15,0.01,0.12545822501182557,4.55,156.98,0.04708663304336369
1048,34373632,4020.405,562,17.69,0.0,193.91,-0.006847556214779615,13.766008377075195,0.5318072438240051,0.004620193102880421,0.0404205322265625,0.0003,0.24507042253521127,0.8943488943488943,2.54,0.39,1.01,4.62,0.11,0.0,0.0,0.11,0.02,0.06941706329584121,4.58,160.29,0.045772064942866564
1049,34406400,4078.22,562,16.77,0.0,182.8,-0.011753736063838005,11.596981048583984,0.5433178544044495,0.005003649279615274,0.04421234130859375,0.0003,0.22878837900297128,0.8598484848484849,3.37,0.39,0.97,4.15,0.14,0.0,0.0,0.14,0.0,0.09365669071674347,4.47,154.41,0.04563862655777484
1050,34439168,4136.952,562,18.23,0.0,198.67,-0.009825669229030609,11.899181365966797,0.5434408187866211,0.004479206726415441,0.03985595703125,0.0003,0.21435286743967408,0.8625304136253041,2.75,0.41,1.08,4.51,0.07,0.0,0.0,0.07,0.0,0.05150946587324143,4.73,158.58,0.042653322918340564
1051,34471936,4199.582,561,19.03,0.0,211.14,-0.00850168988108635,12.77566146850586,0.5216305255889893,0.0039533220143823655,0.0335235595703125,0.0003,0.2015105740181269,0.8432671081677704,3.54,0.4,1.21,4.79,0.11,0.0,0.0,0.11,0.0,0.09988586962223053,4.86,167.69,0.041061364696361125
1052,34504704,4253.923,562,18.31,0.0,204.92,-0.0086720185354352,11.904753684997559,0.5506800413131714,0.002979645071604864,0.02855682373046875,0.0003,0.20073551946061907,0.8312428734321551,2.42,0.32,1.24,5.07,0.08,0.0,0.0,0.08,0.02,0.05541071474552155,4.88,164.4,0.04463856981601566
1053,34537472,4309.845,562,18.34,0.0,203.47,-0.011324510909616947,11.838027954101562,0.5149299502372742,0.0034620006318988317,0.03229522705078125,0.0003,0.1731066460587326,0.8390532544378698,2.75,0.44,1.3,4.88,0.17,0.0,0.0,0.17,0.01,0.1123344299197197,5.12,165.83,0.04302226705476642
1054,34570240,4365.452,562,20.32,0.0,321.77,-0.004773186519742012,12.899372100830078,0.5173231363296509,0.004042397909955753,0.04068756103515625,0.0003,0.19627256843331392,0.8518134715025907,3.8,0.53,1.34,5.8,0.17,0.0,0.0,0.17,0.03,0.12867235392332077,5.65,175.74,0.04183717363048345
1055,34603008,4425.199,562,17.77,0.0,194.46,-0.006191132590174675,11.788800239562988,0.5272623300552368,0.0011530448354619693,0.009796142578125,0.0003,0.17843007915567283,0.8590522478736331,3.15,0.42,1.18,4.64,0.1,0.0,0.0,0.1,0.0,0.08258866757154465,4.73,159.24,0.04228524083737284
1056,34635776,4481.46,563,19.17,0.0,208.98,-0.012422949075698853,10.593420028686523,0.5499361753463745,0.002782085652029309,0.02178955078125,0.0003,0.16555082166768106,0.8535242290748899,3.16,0.46,1.16,4.66,0.1,0.0,0.0,0.1,0.0,0.07734457552433013,4.87,164.46,0.04005163535475731
1057,34668544,4539.607,563,20.35,0.0,217.05,-0.009157499298453331,11.67625617980957,0.5369744896888733,0.002734048463025829,0.02515411376953125,0.0003,0.19580209895052475,0.8569868995633187,2.94,0.53,1.33,5.38,0.1,0.0,0.0,0.1,0.01,0.08814285814762116,5.2,175.88,0.04400745825842023
1058,34701312,4596.843,563,18.64,0.0,210.38,-0.006355786696076393,12.524993896484375,0.5431158542633057,0.0021007133233865716,0.01888275146484375,0.0003,0.20581113801452786,0.8656884875846501,3.25,0.48,1.32,4.75,0.1,0.0,0.0,0.1,0.0,0.07361556708812714,5.05,166.7,0.04871102550532669
1059,34734080,4653.642,563,19.05,0.0,207.27,-0.009459116496145725,12.202940940856934,0.5555592775344849,0.002145612830219079,0.01953125,0.0003,0.23448486701314583,0.8307522123893806,3.59,0.48,1.25,5.12,0.15,0.0,0.0,0.15,0.0,0.11060251832008362,5.19,168.42,0.04075861850287765
1060,34766848,4710.772,563,18.8,0.0,203.29,-0.010919397696852684,12.253827095031738,0.5318867564201355,0.0033756720679321006,0.02857208251953125,0.0003,0.1746641074856046,0.8590909090909091,3.65,0.51,1.26,4.85,0.15,0.0,0.0,0.15,0.01,0.11733170807361602,5.48,158.52,0.04174508014693856
1061,34799616,4766.107,563,16.66,0.0,182.09,-0.003937222063541412,13.794241905212402,0.5587077140808105,0.003663571752099415,0.03623199462890625,0.0003,0.2305327868852459,0.8384512683578104,3.21,0.49,0.91,4.34,0.15,0.0,0.0,0.15,0.02,0.12385981738567352,4.36,146.7,0.04034208366647363
1062,34832384,4826.076,563,17.4,0.0,188.42,-0.009316321462392807,12.106287002563477,0.5417066216468811,0.007538915590117767,0.05924224853515625,0.0003,0.20593135621459513,0.8509852216748769,3.21,0.44,1.13,4.43,0.18,0.0,0.0,0.18,0.01,0.14560312539339065,4.53,156.32,0.040410117828287184
1063,34865152,4886.668,563,17.64,0.0,197.75,-0.009112002328038216,11.502962112426758,0.5412142276763916,0.0034876720233683045,0.0310211181640625,0.0003,0.1942422236929186,0.8660170523751523,3.21,0.43,1.11,4.69,0.08,0.0,0.0,0.08,0.0,0.05679651163518429,4.61,159.38,0.041455975733697414
1064,34897920,4944.962,563,17.57,0.0,190.22,-0.005950916558504105,11.704893112182617,0.5459531545639038,0.0036544834342180366,0.03537750244140625,0.0003,0.2038025350233489,0.8695136417556346,2.57,0.39,1.14,4.76,0.15,0.0,0.0,0.15,0.01,0.10480402022600174,4.43,156.56,0.043588806060142815
1065,34930688,5003.484,563,18.85,0.0,198.46,-0.0075925374403595924,12.026058197021484,0.5265309810638428,0.0036329222689062135,0.03308868408203125,0.0003,0.22709801409352978,0.8465286236297198,3.29,0.39,1.34,5.2,0.17,0.0,0.0,0.17,0.01,0.1336792927980423,5.28,162.64,0.037945374264381826
1066,34963456,5061.107,563,17.03,0.0,184.19,-0.009633557870984077,13.574873924255371,0.5369386672973633,0.004158983933336913,0.0336151123046875,0.0003,0.26859643217771795,0.8291457286432161,3.29,0.41,1.1,4.6,0.09,0.0,0.0,0.09,0.03,0.06012500092387199,4.54,151.19,0.04262986150570214
1067,34996224,5121.285,563,19.24,0.0,211.2,-0.008329320698976517,15.310693740844727,0.5539334416389465,0.004072602862208896,0.03615570068359375,0.0003,0.26770708283313327,0.8121546961325967,3.33,0.46,1.25,5.44,0.15,0.0,0.0,0.15,0.01,0.11156412184238435,5.28,173.22,0.03888286184519529
1068,35028992,5177.913,563,17.74,0.0,192.0,-0.009058624505996704,12.645794868469238,0.5309774875640869,0.0026958388305047265,0.0247802734375,0.0003,0.2666015625,0.8329297820823245,2.66,0.39,1.1,5.06,0.18,0.0,0.0,0.18,0.0,0.12896300084888934,4.66,158.11,0.04045210115145892
1069,35061760,5239.962,562,18.99,0.0,202.93,-0.008016034960746765,12.151237487792969,0.5365232229232788,0.002161862388931013,0.0202789306640625,0.0003,0.23310170562223625,0.8368794326241135,3.73,0.52,1.29,5.06,0.12,0.0,0.0,0.12,0.0,0.09080697000026702,5.27,166.76,0.04195301758591086
1070,35094528,5294.097,563,17.18,0.0,183.33,-0.009597072377800941,12.54936408996582,0.5447218418121338,0.0034199352376163006,0.0321807861328125,0.0003,0.27041499330655955,0.8529048207663782,3.08,0.38,1.03,4.43,0.15,0.0,0.0,0.15,0.01,0.11263015434145927,4.61,153.93,0.037166225782129914
1071,35127296,5350.606,563,17.37,0.0,215.29,-0.01029939204454422,15.088478088378906,0.5652517080307007,0.00395518866739053,0.0380096435546875,0.0003,0.2928925619834711,0.8555555555555555,2.92,0.37,1.09,4.64,0.14,0.0,0.0,0.14,0.01,0.10701295673847198,4.56,153.93,0.040129402303136885
1072,35160064,5409.89,563,16.11,0.0,175.83,-0.006591665558516979,13.783203125,0.5432631969451904,0.0022667102217326374,0.02300262451171875,0.0003,0.24563852058618282,0.8452380952380952,2.91,0.3,0.87,4.31,0.16,0.0,0.0,0.16,0.02,0.11606361761689186,4.03,148.64,0.04212522797752172
1073,35192832,5469.092,563,17.01,0.0,184.44,-0.003930734004825354,13.439529418945312,0.5151429176330566,0.00287517012520766,0.0300140380859375,0.0003,0.2544299565362755,0.8545688545688546,2.96,0.37,1.18,4.35,0.06,0.0,0.0,0.06,0.01,0.048833333253860474,4.52,156.22,0.044971794821321964
1074,35225600,5526.499,563,18.25,0.0,196.98,-0.011968569830060005,11.166534423828125,0.5494867563247681,0.004071937086109756,0.0330047607421875,0.0003,0.28290704928259514,0.8388571428571429,2.75,0.4,1.27,5.13,0.1,0.0,0.0,0.1,0.01,0.085120689868927,4.99,161.74,0.038417518022470176
1075,35258368,5584.024,563,17.5,0.0,192.59,-0.008243102580308914,13.768415451049805,0.5581027865409851,0.0026511044952144402,0.02771759033203125,0.0003,0.24876604146100692,0.833117723156533,2.39,0.45,1.05,4.6,0.1,0.0,0.0,0.1,0.01,0.08740111529827117,4.62,154.36,0.04652797966264188
1076,35291136,5644.296,563,15.33,0.0,167.23,-0.0062705338932573795,12.614587783813477,0.5551707744598389,0.0017735202222866064,0.0173187255859375,0.0003,0.2841490138787436,0.8583815028901735,3.57,0.28,0.94,3.73,0.1,0.0,0.0,0.1,0.0,0.08151470601558686,4.18,135.36,0.042237815097905695
1077,35323904,5702.781,563,16.94,0.0,184.98,-0.00638248585164547,12.772618293762207,0.5307840704917908,0.0024426841840750058,0.02211761474609375,0.0003,0.24716477651767846,0.8519003931847968,2.94,0.41,1.18,4.52,0.09,0.0,0.0,0.09,0.0,0.06875708758831024,4.66,151.8,0.037563440622761846
1078,35356672,5758.894,563,17.4,0.0,225.77,-0.008383939042687416,12.734030723571777,0.5149873495101929,0.0029160493064637194,0.02675628662109375,0.0003,0.28820116054158607,0.8552631578947368,3.08,0.5,1.2,4.77,0.08,0.0,0.0,0.08,0.01,0.06610097050666809,4.67,151.81,0.039565311977639794
1079,35389440,5814.225,563,18.61,0.0,207.11,-0.008769556879997253,13.730827331542969,0.5259196758270264,0.004345682093656933,0.0371551513671875,0.0003,0.2327690447400242,0.8438228438228438,3.35,0.51,1.19,4.98,0.11,0.0,0.0,0.11,0.01,0.08195115923881531,4.9,163.68,0.04184115270618349
1080,35422208,5871.956,563,17.47,0.0,189.47,-0.006996519863605499,12.588361740112305,0.5166329145431519,0.003702717424630464,0.03362274169921875,0.0003,0.2634514435695538,0.8451219512195122,3.21,0.4,0.99,4.65,0.11,0.0,0.0,0.11,0.01,0.0873074123263359,4.54,148.67,0.04392587358597666
1081,35454976,5929.64,563,19.09,0.0,204.08,-0.006345436908304691,12.24258041381836,0.522179126739502,0.002172312344612237,0.0198822021484375,0.0003,0.23305734437289174,0.8762886597938144,3.15,0.46,1.08,5.1,0.14,0.0,0.0,0.14,0.03,0.10474469006061554,4.68,164.91,0.04532211215700954
1082,35487744,5984.789,563,18.67,0.0,204.64,-0.010759808123111725,12.58690357208252,0.5398807525634766,0.002866376699387274,0.0250701904296875,0.0003,0.27963800904977376,0.847651775486827,2.82,0.4,1.24,4.84,0.14,0.0,0.0,0.14,0.07,0.11382797300815582,5.17,163.66,0.04462456936016679
1083,35520512,6043.038,563,17.01,0.0,183.09,-0.007525512017309666,14.128982543945312,0.5394291877746582,0.0024188242531408832,0.02538299560546875,0.0003,0.24005349381477767,0.8463541666666666,3.15,0.41,1.06,4.34,0.17,0.0,0.0,0.17,0.0,0.11801483929157257,4.44,150.77,0.04016675322782248
1084,35553280,6101.85,563,17.99,0.0,203.75,-0.002536431420594454,12.548423767089844,0.5261613130569458,0.0024315707980235857,0.02761077880859375,0.0003,0.304282719377059,0.8554502369668247,2.49,0.51,1.19,4.8,0.12,0.0,0.0,0.12,0.0,0.08660511016845703,4.83,164.06,0.03837802039925009
1085,35586048,6158.976,563,16.27,0.0,179.53,-0.0012868931517004967,13.112173080444336,0.5296438932418823,0.005588082555391338,0.048004150390625,0.0003,0.24831989247311828,0.8502604166666666,3.24,0.26,0.98,4.38,0.08,0.0,0.0,0.08,0.01,0.05855882376432419,4.24,148.48,0.04481372714508325
1086,35618816,6215.151,564,17.25,0.0,188.62,-0.011139552108943462,14.607328414916992,0.5199708938598633,0.0023913090297469353,0.02237701416015625,0.0003,0.2918011620400258,0.8562421185372006,3.18,0.36,1.07,4.36,0.09,0.0,0.0,0.09,0.06,0.07199999958276748,4.64,153.93,0.03747993218712509
1087,35651584,6273.426,564,18.69,0.0,204.23,-0.002732759341597557,13.809174537658691,0.522089958190918,0.0031126678186410572,0.02953338623046875,0.0003,0.2742754705706603,0.8371824480369515,3.01,0.38,1.23,4.81,0.1,0.0,0.0,0.1,0.0,0.0890592110157013,5.11,166.09,0.04549250903073698
1088,35684352,6328.206,564,17.69,0.0,190.07,-0.0075463950634002686,14.122520446777344,0.5234397053718567,0.00446550072865648,0.0450439453125,0.0003,0.2247191011235955,0.851010101010101,4.72,0.36,1.06,4.58,0.07,0.0,0.0,0.07,0.01,0.06356305420398713,4.6,156.35,0.03729613218456507
1089,35717120,6384.889,564,17.36,0.0,188.89,-0.010731127113103867,11.568246841430664,0.5171511769294739,0.0044359722132298884,0.0406036376953125,0.0003,0.23099226804123713,0.8526448362720404,3.17,0.41,0.93,4.4,0.13,0.0,0.0,0.13,0.01,0.09151308402419091,4.25,154.9,0.043186763068661094
1090,35749888,6439.832,564,17.85,0.0,209.72,-0.009670650586485863,11.564460754394531,0.5232815742492676,0.004515507042015088,0.0404510498046875,0.0003,0.25332929782082325,0.8562874251497006,2.47,0.39,1.24,4.75,0.14,0.0,0.0,0.14,0.0,0.10607867658138276,4.7,159.27,0.04016949818469584
1091,35782656,6496.366,564,18.18,0.0,196.48,-0.008243028074502945,13.477745056152344,0.5087755918502808,0.003070534893140575,0.02951812744140625,0.0003,0.2510262077676034,0.8566221142162819,4.15,0.35,1.17,4.97,0.11,0.0,0.0,0.11,0.0,0.08232109367847443,4.95,160.05,0.04256912390701473
1092,35815424,6554.664,564,16.41,0.0,255.99,-0.004906916059553623,11.136366844177246,0.5329074859619141,0.002673254814339998,0.0235137939453125,0.0003,0.20278060359443878,0.8832020997375328,2.97,0.28,0.88,4.37,0.06,0.0,0.0,0.06,0.0,0.052654411792755124,4.04,146.93,0.04437422088813037
1093,35848192,6613.913,564,17.81,0.0,200.17,-0.007142709102481604,13.310644149780273,0.5240374803543091,0.002236256078731458,0.02086639404296875,0.0003,0.2505406240345999,0.8689492325855962,2.86,0.45,1.03,4.7,0.11,0.0,0.0,0.11,0.01,0.07784848511219025,4.54,160.56,0.039637460140511394
1094,35880960,6671.512,564,19.14,0.0,211.26,-0.004960088990628719,10.922140121459961,0.508173942565918,0.0051503677813116155,0.04949188232421875,0.0003,0.23780854906682722,0.8493626882966396,3.53,0.37,1.25,5.0,0.15,0.0,0.0,0.15,0.02,0.12294488430023193,5.03,166.02,0.04132584540639073
1095,35913728,6726.986,565,18.18,0.0,399.86,-0.005682063288986683,11.883098602294922,0.5319259166717529,0.002125080048926975,0.02304840087890625,0.0003,0.21329305135951662,0.857981220657277,2.97,0.35,1.09,4.4,0.09,0.0,0.0,0.09,0.04,0.07124110788106919,4.75,161.81,0.041848245658911765
1096,35946496,6785.457,565,19.15,0.0,218.94,-0.007857362739741802,14.670722961425781,0.5363259315490723,0.0020836823536001248,0.01638031005859375,0.0003,0.24781258820208862,0.8764302059496567,3.65,0.41,1.17,4.9,0.14,0.0,0.0,0.14,0.01,0.08964509919285774,5.01,176.19,0.043222474632784724
1097,35979264,6842.185,565,17.41,0.0,200.28,-0.007207038812339306,12.167390823364258,0.5339517593383789,0.002829068840696891,0.02689361572265625,0.0003,0.24649176327028677,0.8595238095238096,2.84,0.37,1.23,4.73,0.08,0.0,0.0,0.08,0.01,0.056585811972618104,4.85,155.98,0.03881580231245607
1098,36012032,6900.586,565,17.81,0.0,196.69,-0.009119341149926186,13.171248435974121,0.5325310230255127,0.0032172458322747843,0.02965545654296875,0.0003,0.25216832637327335,0.9022556390977443,2.69,0.46,1.08,4.5,0.05,0.0,0.0,0.05,0.01,0.04031818240880966,4.79,153.14,0.04264135204721242
1099,36044800,6957.993,565,19.63,0.0,224.33,-0.010923540219664574,13.482992172241211,0.5148849487304688,0.0030583454890305006,0.02544403076171875,0.0003,0.23420479302832245,0.8860898138006572,2.73,0.42,1.35,5.3,0.08,0.0,0.0,0.08,0.0,0.06786340177059173,5.25,178.87,0.041407401324249804
1100,36077568,7013.573,565,19.06,0.0,214.46,-0.007831765338778496,11.80539321899414,0.5449788570404053,0.005021541381040606,0.04526519775390625,0.0003,0.25021821355833573,0.9027624309392265,3.19,0.49,1.15,5.18,0.06,0.0,0.0,0.06,0.01,0.045020115971565244,4.88,163.48,0.04263579600956291
1101,36110336,7070.961,565,19.5,0.0,220.47,-0.006228001322597265,9.985209465026855,0.5252373218536377,0.0031991663697112926,0.03113555908203125,0.0003,0.2185133239831697,0.9117647058823529,3.32,0.49,1.3,4.92,0.07,0.0,0.0,0.07,0.01,0.03771808415651321,5.05,170.26,0.04153602628502995
1102,36143104,7129.193,565,16.56,0.0,183.86,-0.00643592793494463,11.622153282165527,0.5464979410171509,0.0033571441108506406,0.03292083740234375,0.0003,0.2188529993408042,0.9126984126984127,3.16,0.38,0.84,4.24,0.07,0.0,0.0,0.07,0.0,0.059375,4.08,146.92,0.03969603776931763
1103,36175872,7185.392,565,18.79,0.0,215.86,-0.008441915735602379,12.740541458129883,0.5231856107711792,0.002223774151048019,0.0217132568359375,0.0003,0.20011402508551882,0.9140369967355821,3.62,0.46,0.97,4.94,0.09,0.0,0.0,0.09,0.0,0.07668089389801025,4.81,161.7,0.04144366958644241
1104,36208640,7241.247,565,18.48,0.0,210.13,-0.00489679304882884,13.519698143005371,0.5173665285110474,0.0028226247260079163,0.02263641357421875,0.0003,0.26622819559622535,0.9222857142857143,2.86,0.46,1.15,4.82,0.09,0.0,0.0,0.09,0.02,0.05734639048576355,4.84,162.79,0.042201054748147726
1105,36241408,7299.916,565,17.65,0.0,200.84,-0.01007048413157463,10.047127723693848,0.5314525365829468,0.003963900070175441,0.0374603271484375,0.0003,0.2183296840788239,0.9034653465346535,2.79,0.4,1.12,4.88,0.09,0.0,0.0,0.09,0.01,0.06373860627412796,4.62,149.4,0.04029669228475541
1106,36274176,7358.624,565,16.85,0.0,188.61,-0.007085513323545456,11.145977020263672,0.5322660207748413,0.0034634458602056384,0.033782958984375,0.0003,0.25969862135299776,0.9034391534391535,3.02,0.34,0.96,4.12,0.03,0.0,0.0,0.03,0.0,0.02862500011920929,4.24,145.18,0.038364405976608396
1107,36306944,7417.69,565,18.93,0.0,208.15,-0.007493135519325733,12.368673324584961,0.5159882307052612,0.0031836877053592616,0.0293731689453125,0.0003,0.21385542168674698,0.8971751412429378,3.45,0.42,1.3,5.21,0.14,0.0,0.0,0.14,0.0,0.1178488028049469,4.99,162.61,0.04214967379812151
1108,36339712,7475.466,565,18.66,0.0,209.12,-0.006918055471032858,10.256340980529785,0.5317749977111816,0.00229803511655291,0.0235595703125,0.0003,0.22588305135054912,0.8996499416569428,3.37,0.43,1.15,5.07,0.17,0.0,0.0,0.17,0.01,0.11635299637913704,4.74,165.02,0.043721700087189674
1109,36372480,7534.097,565,18.45,0.0,203.81,-0.007397409528493881,12.462854385375977,0.5290144681930542,0.004004709094829195,0.03324127197265625,0.0003,0.20297029702970298,0.9002375296912114,3.58,0.4,1.29,4.68,0.08,0.0,0.0,0.08,0.0,0.054524616301059724,4.88,159.23,0.03980288712773472
1110,36405248,7589.685,565,18.53,0.0,207.3,-0.00824553519487381,10.234521865844727,0.5298717021942139,0.00332302355820957,0.0323944091796875,0.0003,0.24496543432521792,0.9209905660377359,3.42,0.37,1.21,4.77,0.09,0.0,0.0,0.09,0.0,0.05916911751031875,4.88,161.96,0.042284049559384584
1111,36438016,7645.653,565,17.28,0.0,202.59,-0.011447539553046227,12.505197525024414,0.5277450680732727,0.003723048432135556,0.03314208984375,0.0003,0.23299522673031026,0.8883553421368547,2.98,0.49,1.12,4.72,0.1,0.0,0.0,0.1,0.01,0.07854605227708816,4.4,157.93,0.03912001347634941
1112,36470784,7702.939,565,16.79,0.0,283.55,-0.009900663048028946,11.793197631835938,0.537798285484314,0.003675370830421798,0.0353546142578125,0.0003,0.23042929292929293,0.8885976408912188,2.87,0.41,0.96,4.35,0.03,0.0,0.0,0.03,0.01,0.01954891324043274,4.26,148.59,0.03659929090645164
1113,36503552,7758.71,565,19.13,0.0,212.98,-0.005189693998545408,12.313400268554688,0.530576765537262,0.004157075199202609,0.04266357421875,0.0003,0.2375611159045154,0.910958904109589,3.23,0.36,1.21,5.28,0.09,0.0,0.0,0.09,0.03,0.06811410397291183,4.88,164.73,0.038900665706023574
1114,36536320,7813.805,566,19.27,0.0,212.09,-0.00733876321464777,12.442167282104492,0.5275425910949707,0.002798605482894345,0.02873992919921875,0.0003,0.2573913043478261,0.9064261555806088,3.28,0.53,1.17,5.13,0.07,0.0,0.0,0.07,0.05,0.05433823555707931,4.98,171.8,0.04509211296681315
1115,36569088,7870.108,566,19.34,0.0,216.94,-0.007672788575291634,13.606175422668457,0.5277278423309326,0.0027137616015124877,0.0269775390625,0.0003,0.22878228782287824,0.9022801302931596,3.49,0.55,1.23,4.99,0.06,0.0,0.0,0.06,0.0,0.04949926227331161,5.19,168.05,0.04380178148858249
1116,36601856,7925.254,566,17.23,0.0,200.04,-0.0050581153482198715,10.141562461853027,0.5427618026733398,0.0020502218780507064,0.0194244384765625,0.0003,0.20768526989935956,0.9032258064516129,2.38,0.31,1.14,5.15,0.06,0.0,0.0,0.06,0.02,0.049749999940395355,4.37,155.37,0.04049735807348043
1117,36634624,7983.098,566,19.36,0.0,219.39,-0.0074235498905181885,11.430047988891602,0.5182242393493652,0.0018995270789901042,0.01998138427734375,0.0003,0.20254237288135593,0.9079822616407982,3.44,0.5,1.31,5.11,0.13,0.0,0.0,0.13,0.0,0.10596283823251725,5.04,175.78,0.04181069741025567
1118,36667392,8040.807,566,19.4,0.0,217.43,-0.010767078027129173,11.421456336975098,0.5454899072647095,0.00298600678627281,0.02364349365234375,0.0003,0.20835734870317002,0.9180887372013652,3.52,0.47,1.07,5.33,0.04,0.0,0.0,0.04,0.02,0.031124999821186064,5.03,166.44,0.04068032104987651
1119,36700160,8098.519,566,18.82,0.0,210.24,-0.009487370029091835,11.348451614379883,0.5126924514770508,0.0032154407011262265,0.03092193603515625,0.0003,0.21413782904466133,0.9012345679012346,3.24,0.51,1.24,5.15,0.08,0.0,0.0,0.08,0.02,0.06092810466885567,4.9,166.22,0.041195188532583416
1120,36732928,8154.154,566,19.27,0.0,211.36,-0.006981211248785257,11.012444496154785,0.5037077069282532,0.002748644096868702,0.02734375,0.0003,0.20229122701236057,0.8916849015317286,3.09,0.42,1.25,5.45,0.12,0.0,0.0,0.12,0.01,0.08227363586425782,5.24,161.68,0.03870594396721572
1121,36765696,8209.135,566,17.44,0.0,196.81,-0.008708544075489044,12.94009780883789,0.5328896045684814,0.002590008169477187,0.02495574951171875,0.0003,0.20044472681067343,0.9082914572864321,3.09,0.25,1.17,4.62,0.13,0.0,0.0,0.13,0.01,0.10655705571174622,4.48,147.78,0.043428026023320854
1122,36798464,8266.12,566,18.25,0.0,211.96,-0.009052622132003307,11.732093811035156,0.5296712517738342,0.0037495103147762165,0.0310211181640625,0.0003,0.18773833968905837,0.915273132664437,2.66,0.39,1.25,4.93,0.09,0.0,0.0,0.09,0.01,0.05946339666843414,4.63,162.51,0.03998272062744945
1123,36831232,8323.933,566,19.13,0.0,210.43,-0.01072654314339161,12.550329208374023,0.5341306924819946,0.0029830379558006825,0.02542877197265625,0.0003,0.22189084402028034,0.8978185993111366,3.2,0.43,1.08,4.79,0.11,0.0,0.0,0.11,0.0,0.07096765995025635,5.01,167.82,0.0382129232166335
1124,36864000,8380.848,566,18.78,0.0,213.07,-0.011773517355322838,12.087739944458008,0.5597398281097412,0.005613011273567281,0.04913330078125,0.0003,0.21784472769409038,0.8981481481481481,3.03,0.48,1.26,4.92,0.11,0.0,0.0,0.11,0.0,0.08468576192855835,4.92,164.02,0.043479647021740675
1125,36896768,8436.817,567,19.94,0.0,224.15,-0.006425968371331692,13.612419128417969,0.5334044694900513,0.003482328121720002,0.03382110595703125,0.0003,0.25125208681135225,0.8983228511530398,3.34,0.47,1.29,5.32,0.11,0.0,0.0,0.11,0.02,0.07662434071302414,5.15,168.37,0.039745089947246015
1126,36929536,8494.428,567,18.25,0.0,205.27,-0.0075074187479913235,10.309915542602539,0.545189380645752,0.0023986112822740324,0.02072906494140625,0.0003,0.24799047335516522,0.8872901678657075,3.3,0.45,1.09,4.66,0.13,0.0,0.0,0.13,0.0,0.09866632863879204,4.61,154.88,0.04289721779059619
1127,36962304,8550.352,567,17.93,0.0,206.48,-0.009222445078194141,13.434226989746094,0.5212615132331848,0.0028058362023557493,0.02332305908203125,0.0003,0.2370012091898428,0.8948626045400239,2.9,0.52,1.11,4.78,0.15,0.0,0.0,0.15,0.01,0.10263832598924637,4.81,159.74,0.04498113039880991
1128,36995072,8608.372,567,17.42,0.0,199.59,-0.0071414681151509285,12.026581764221191,0.5552282333374023,0.0029812165225564513,0.03205108642578125,0.0003,0.25312214438014013,0.8804347826086957,3.0,0.34,0.96,4.5,0.07,0.0,0.0,0.07,0.02,0.05559161946177483,4.32,154.91,0.042322956724092364
1129,37027840,8664.895,567,16.97,0.0,193.31,-0.011124953627586365,11.6754732131958,0.5492661595344543,0.003058969397329747,0.0307769775390625,0.0003,0.21891637958033197,0.896551724137931,2.49,0.44,1.11,4.39,0.05,0.0,0.0,0.05,0.02,0.042643932104110716,4.24,153.91,0.04088907071854919
1130,37060608,8720.181,567,17.82,0.0,212.62,-0.00843244418501854,11.846832275390625,0.5372360944747925,0.0034066830735355325,0.03069305419921875,0.0003,0.28813065033537477,0.919047619047619,2.8,0.31,1.11,4.51,0.11,0.0,0.0,0.11,0.0,0.07891593784093857,4.44,161.63,0.041591179324314
1131,37093376,8777.14,567,18.71,0.0,215.42,-0.008621925488114357,10.834880828857422,0.5166414976119995,0.003834797833292214,0.03713226318359375,0.0003,0.2132226674298798,0.9093922651933701,2.52,0.5,1.32,4.99,0.12,0.0,0.0,0.12,0.02,0.0864275026321411,5.06,165.49,0.041446399642154574
1132,37126144,8834.8,567,17.28,0.0,201.97,-0.007763502188026905,13.056329727172852,0.5390706062316895,0.0028890088181015017,0.02855682373046875,0.0003,0.2532904357999415,0.9140722291407223,2.67,0.34,1.0,4.45,0.1,0.0,0.0,0.1,0.01,0.07449498176574706,4.45,154.83,0.03947523678652942
1133,37158912,8890.351,567,19.21,0.0,211.23,-0.004634095821529627,9.919617652893066,0.5107873678207397,0.003858341608150795,0.0335693359375,0.0003,0.19595189205045468,0.9215456674473068,3.46,0.39,1.09,5.02,0.1,0.0,0.0,0.1,0.01,0.07549999982118606,4.82,161.37,0.04029288305900991
1134,37191680,8947.064,567,19.28,0.0,224.31,-0.008995561860501766,11.510947227478027,0.4858134388923645,0.0025613089721048254,0.02181243896484375,0.0003,0.1984984984984985,0.8931818181818182,3.61,0.39,1.33,4.94,0.15,0.0,0.0,0.15,0.01,0.11589002527296544,4.97,163.51,0.04160351026803255
1135,37224448,9003.258,567,21.01,0.0,237.94,-0.008474554866552353,12.256540298461914,0.4892387390136719,0.0037919360566718296,0.035308837890625,0.0003,0.20930851063829786,0.9198751300728408,3.59,0.53,1.51,5.22,0.11,0.0,0.0,0.11,0.0,0.07388440608978271,5.85,182.13,0.039171018986962736
1136,37257216,9061.241,567,19.25,0.0,216.8,-0.005296085495501757,12.581575393676758,0.5024813413619995,0.004045308908530387,0.03450775146484375,0.0003,0.2056924882629108,0.8958097395243488,3.0,0.5,1.24,5.17,0.13,0.0,0.0,0.13,0.01,0.0993532794713974,4.98,162.75,0.040357955964282155
1137,37289984,9121.053,567,18.78,0.0,210.17,-0.010146879591047764,12.388508796691895,0.49635279178619385,0.003973492083218844,0.0296173095703125,0.0003,0.17321644498186214,0.918013856812933,2.97,0.42,1.15,4.8,0.06,0.0,0.0,0.06,0.01,0.049315217137336734,4.9,158.34,0.04002086666878313
1138,37322752,9177.24,567,18.38,0.0,212.21,-0.009648424573242664,11.917093276977539,0.5208497047424316,0.0032131484210822236,0.03223419189453125,0.0003,0.17305424528301888,0.8903954802259887,3.66,0.38,1.19,4.98,0.11,0.0,0.0,0.11,0.0,0.07998698905110359,4.64,158.9,0.03865377022884786
1139,37355520,9234.11,567,19.8,0.0,224.56,-0.008292073383927345,13.756261825561523,0.5012304186820984,0.004762976294188093,0.0384521484375,0.0003,0.20377790497996565,0.9105603448275862,4.13,0.47,1.34,5.14,0.11,0.0,0.0,0.11,0.02,0.08514367818832397,5.42,165.1,0.03943687118589878
1140,37388288,9292.232,567,17.8,0.0,204.96,-0.010668551549315453,12.069842338562012,0.5248115062713623,0.003130434453680664,0.02832794189453125,0.0003,0.1741084806712616,0.895152198421646,3.36,0.43,1.2,4.62,0.12,0.0,0.0,0.12,0.0,0.08044690750539303,4.86,161.08,0.0373157556168735
1141,37421056,9348.401,567,19.36,0.0,226.34,-0.005752626806497574,14.16223430633545,0.5128684043884277,0.002194726647076095,0.02020263671875,0.0003,0.18009478672985782,0.8985042735042735,3.67,0.58,1.3,5.25,0.19,0.0,0.0,0.19,0.02,0.13682289600372313,5.18,168.31,0.041858323616907
1142,37453824,9403.97,567,18.1,0.0,206.26,-0.010855679400265217,13.204113006591797,0.5205023884773254,0.004102964621040428,0.03668975830078125,0.0003,0.23635272945410918,0.898465171192444,3.09,0.47,1.2,4.39,0.12,0.0,0.0,0.12,0.0,0.08929707556962967,4.58,159.05,0.038058972801081836
1143,37486592,9461.089,568,19.33,0.0,221.62,-0.009189856238663197,11.338254928588867,0.5195242166519165,0.0032211736961471615,0.029327392578125,0.0003,0.19791364821790786,0.8857453754080522,3.23,0.54,1.29,5.07,0.14,0.0,0.0,0.14,0.01,0.103214792907238,5.08,166.44,0.04079163249116391
1144,37519360,9518.865,568,18.25,0.0,207.81,-0.010304177179932594,11.839916229248047,0.5298013687133789,0.0054295250298252995,0.04846954345703125,0.0003,0.2610750147666864,0.8895348837209303,3.37,0.44,1.1,4.65,0.13,0.0,0.0,0.13,0.02,0.09585324466228486,4.6,155.42,0.03764025156851858
1145,37552128,9578.285,567,18.66,0.0,209.22,-0.0106593556702137,12.82575798034668,0.5010314583778381,0.00574241475163717,0.04814910888671875,0.0003,0.2239474469991042,0.9052987598647125,2.69,0.4,1.37,4.74,0.09,0.0,0.0,0.09,0.0,0.05825000032782555,5.11,159.78,0.0359410333330743
1146,37584896,9634.528,567,19.35,0.0,222.13,-0.008064676076173782,11.72537899017334,0.5032380819320679,0.0035644698812973274,0.033050537109375,0.0003,0.22525891829689298,0.8983240223463688,3.0,0.5,1.32,5.08,0.08,0.0,0.0,0.08,0.0,0.05550000011920929,4.95,163.56,0.039932134095579386
1147,37617664,9691.041,568,17.98,0.0,204.72,-0.009251642972230911,13.642641067504883,0.5196699500083923,0.0028162968340268435,0.02814483642578125,0.0003,0.21275964391691396,0.9078947368421053,3.4,0.41,1.15,4.64,0.12,0.0,0.0,0.12,0.0,0.09252519458532334,4.65,156.13,0.040687247295863926
1148,37650432,9747.24,568,18.0,0.0,200.32,-0.008748894557356834,13.985878944396973,0.525202751159668,0.0029299663474375848,0.02809906005859375,0.0003,0.302836230558097,0.9153567110036276,3.0,0.31,1.0,4.81,0.14,0.0,0.0,0.14,0.01,0.10860326498746872,4.61,157.41,0.0431302193319425
1149,37683200,9804.441,568,17.13,0.0,188.44,-0.006876891478896141,13.034915924072266,0.5183447599411011,0.004383565377906962,0.03620147705078125,0.0003,0.32296343810134703,0.9196428571428571,3.25,0.3,1.12,4.47,0.06,0.0,0.0,0.06,0.01,0.04883720934391022,4.44,150.82,0.03944047447293997
1150,37715968,9864.691,568,17.09,0.0,207.4,-0.008795741014182568,12.107852935791016,0.5482874512672424,0.004743893355168893,0.04415130615234375,0.0003,0.2980089916506101,0.8778337531486146,2.84,0.4,0.94,4.35,0.09,0.0,0.0,0.09,0.04,0.07490144729614258,4.15,143.96,0.040640137856826186
1151,37748736,9921.152,568,18.98,0.0,211.34,-0.010375875048339367,13.946267127990723,0.5428082942962646,0.003987495966271126,0.03624725341796875,0.0003,0.274949669255105,0.8834841628959276,3.24,0.49,1.2,4.94,0.11,0.0,0.0,0.11,0.01,0.08595741748809814,5.0,165.51,0.04143202968407422
1152,37781504,9980.618,567,16.76,0.0,188.9,-0.010727507062256336,11.871646881103516,0.5348024964332581,0.003923134550802843,0.03629302978515625,0.0003,0.31888642834546027,0.8944658944658944,2.88,0.32,0.93,4.03,0.11,0.0,0.0,0.11,0.02,0.0601716922223568,4.12,145.15,0.038006344926543534
1153,37814272,10038.294,567,19.3,0.0,215.93,-0.005702890455722809,12.530492782592773,0.4978863298892975,0.005470315726711306,0.053070068359375,0.0003,0.29296424452133796,0.8912087912087913,4.12,0.46,1.23,5.03,0.11,0.0,0.0,0.11,0.0,0.08237632513046264,5.03,169.25,0.03626216173870489
1154,37847040,10097.897,567,18.41,0.0,206.77,-0.007848473265767097,12.093548774719238,0.5106774568557739,0.003552493730921924,0.0287933349609375,0.0003,0.23411978221415608,0.905152224824356,3.25,0.39,1.28,4.91,0.14,0.0,0.0,0.14,0.0,0.10158355981111526,4.99,167.4,0.03904109098948538
1155,37879808,10154.258,567,17.51,0.0,194.4,-0.00964706763625145,10.331216812133789,0.5191408395767212,0.0036916462753708856,0.03305816650390625,0.0003,0.2445428661815881,0.8923654568210263,3.36,0.33,1.18,4.46,0.11,0.0,0.0,0.11,0.02,0.08636164486408233,4.64,153.2,0.036954466719180346
1156,37912576,10212.29,567,18.75,0.0,209.84,-0.012436753138899803,14.221555709838867,0.5111316442489624,0.004143860506985675,0.038330078125,0.0003,0.2427329937069224,0.9002320185614849,3.6,0.42,1.09,4.91,0.18,0.0,0.0,0.18,0.0,0.1334208932518959,4.66,166.44,0.04063451802358031
1157,37945344,10272.957,567,19.21,0.0,210.39,-0.010309407487511635,12.974241256713867,0.5007261037826538,0.004453008566315475,0.04067230224609375,0.0003,0.234055176505488,0.8786848072562359,3.33,0.51,1.21,5.07,0.16,0.0,0.0,0.16,0.0,0.09745356991887093,5.08,168.82,0.039397171000018716
1158,37978112,10330.957,567,18.85,0.0,204.44,-0.004506809636950493,15.581259727478027,0.5009143352508545,0.0026752782768255656,0.0283355712890625,0.0003,0.25846153846153846,0.8793103448275862,3.47,0.53,1.23,5.17,0.15,0.0,0.0,0.15,0.01,0.11421621710062027,5.02,159.93,0.04613374697510153
1159,38010880,10389.966,567,16.23,0.0,181.28,-0.008275488391518593,13.321495056152344,0.5418259501457214,0.002042856774323809,0.019927978515625,0.0003,0.2925764192139738,0.8840970350404312,2.47,0.34,1.08,4.03,0.08,0.0,0.0,0.08,0.0,0.0642916664481163,4.36,148.09,0.04420537524856627
1160,38043648,10448.988,567,17.62,0.0,197.35,-0.0056882621720433235,19.327621459960938,0.5410017967224121,0.0019484220680396902,0.01912689208984375,0.0003,0.2658108954289292,0.8805790108564535,3.42,0.45,1.22,4.6,0.18,0.0,0.0,0.18,0.0,0.13391181737184524,4.65,154.81,0.04176384292077273
1161,38076416,10506.989,567,19.81,0.0,217.59,-0.004144313745200634,13.570302963256836,0.5026094913482666,0.0006691443613249248,0.005859375,0.0003,0.31214898019509313,0.8625541125541125,3.28,0.48,1.29,5.09,0.16,0.0,0.0,0.16,0.01,0.10839685648679734,5.32,174.0,0.04399862652644515
1162,38109184,10566.882,567,19.47,0.0,218.93,-0.00758076086640358,12.511398315429688,0.5037957429885864,0.0018888711877025344,0.01584625244140625,0.0003,0.25943661971830984,0.8569892473118279,3.06,0.45,1.24,5.15,0.14,0.0,0.0,0.14,0.02,0.11335057526826858,5.22,173.96,0.0450412038480863
1163,38141952,10623.975,567,16.41,0.0,186.6,-0.009252354502677917,13.021265029907227,0.5480424165725708,0.0029031477722583077,0.0277557373046875,0.0003,0.2756137479541735,0.8868660598179454,2.63,0.39,0.9,4.27,0.12,0.0,0.0,0.12,0.02,0.08702008202672004,4.1,146.55,0.04228644829709083
1164,38174720,10678.151,567,18.99,0.0,213.82,-0.0059948815032839775,13.500545501708984,0.5187199115753174,0.00218999233049999,0.0208587646484375,0.0003,0.3157894736842105,0.8912319644839067,3.34,0.47,1.13,4.93,0.2,0.0,0.0,0.2,0.02,0.14897571206092836,4.97,173.02,0.04267887375317514
1165,38207488,10736.047,567,19.8,0.0,216.83,-0.005666204262524843,14.020548820495605,0.4990561604499817,0.0011920842204915516,0.01044464111328125,0.0003,0.23769758425290785,0.896361631753032,4.06,0.44,1.18,4.68,0.16,0.0,0.0,0.16,0.03,0.1229146383702755,5.29,168.97,0.04145063541363925
1166,38240256,10793.64,567,18.68,0.0,203.19,-0.007631865795701742,16.867904663085938,0.4837716221809387,0.002924404228735966,0.02632904052734375,0.0003,0.21571696931747025,0.9032634032634033,3.77,0.39,1.25,4.8,0.14,0.0,0.0,0.14,0.01,0.11507569938898086,5.1,162.96,0.0413559089647606
1167,38273024,10850.882,567,19.17,0.0,207.52,-0.009636355563998222,15.760017395019531,0.48827892541885376,0.002914187277099245,0.021881103515625,0.0003,0.21648854961832062,0.8809523809523809,3.42,0.32,1.29,5.17,0.17,0.0,0.0,0.17,0.02,0.11437576681375504,5.16,164.86,0.04088176682125777
1168,38305792,10907.067,567,18.51,0.0,203.16,-0.008386250585317612,12.75282096862793,0.4924602508544922,0.0031993934994716255,0.02657318115234375,0.0003,0.23514774494556764,0.8858131487889274,3.71,0.39,1.11,4.72,0.09,0.0,0.0,0.09,0.01,0.06838562071323395,4.69,162.23,0.04164846637286246
1169,38338560,10963.346,567,19.12,0.0,210.5,-0.00757075659930706,10.915375709533691,0.505317211151123,0.002596506261625109,0.0244903564453125,0.0003,0.21252927400468383,0.8969298245614035,2.74,0.51,1.22,4.94,0.15,0.0,0.0,0.15,0.02,0.10403008833527565,4.94,164.64,0.04157227848190814
1170,38371328,11016.813,568,18.11,0.0,204.38,-0.007679249159991741,11.904261589050293,0.48820924758911133,0.0033441575108668076,0.0274810791015625,0.0003,0.2186625194401244,0.9078455790784558,3.02,0.35,1.17,5.0,0.15,0.0,0.0,0.15,0.01,0.11718818739056587,4.63,153.96,0.041930082836188376
1171,38404096,11076.499,568,21.01,0.0,323.59,-0.010071875527501106,12.518848419189453,0.5089544057846069,0.003827191796474949,0.0224456787109375,0.0003,0.1821593533487298,0.8907815631262525,3.89,0.49,1.36,5.67,0.11,0.0,0.0,0.11,0.02,0.08287941873073577,5.36,173.16,0.04009020212106407
1172,38436864,11131.41,568,18.55,0.0,203.7,-0.009899815544486046,13.318239212036133,0.5120034217834473,0.003721304337318543,0.0347747802734375,0.0003,0.18654624727499222,0.8969907407407407,2.88,0.41,1.19,4.84,0.09,0.0,0.0,0.09,0.01,0.07984308540821075,4.76,159.61,0.03781236638315022
1173,38469632,11187.558,568,18.39,0.0,208.81,-0.007688410580158234,13.60893440246582,0.5115220546722412,0.003177296724857115,0.0319671630859375,0.0003,0.2064958283671037,0.8980526918671249,3.09,0.31,1.27,4.73,0.14,0.0,0.0,0.14,0.01,0.10272548109292984,4.92,159.34,0.040669300709851086
1174,38502400,11244.977,568,17.95,0.0,199.14,-0.010602082125842571,13.224239349365234,0.5302479267120361,0.0038431378007430794,0.03453826904296875,0.0003,0.21855541718555418,0.8947990543735225,3.45,0.38,1.06,4.85,0.07,0.0,0.0,0.07,0.01,0.047839080691337584,4.72,158.49,0.0386793048819527
1175,38535168,11300.296,568,18.81,0.0,206.65,-0.010863613337278366,13.264436721801758,0.49402815103530884,0.0039093026575756085,0.0321502685546875,0.0003,0.174968474148802,0.9206703910614525,3.64,0.38,1.16,5.18,0.09,0.0,0.0,0.09,0.01,0.05643220573663712,4.9,164.04,0.0445010990370065
1176,38567936,11360.173,568,18.2,0.0,198.79,-0.009142939001321793,13.896465301513672,0.4788820147514343,0.002574778698232194,0.02490997314453125,0.0003,0.18175958749597165,0.8923976608187134,3.85,0.54,1.13,4.71,0.11,0.0,0.0,0.11,0.02,0.07871153950691223,4.72,155.36,0.037583832745440304
1177,38600704,11418.026,568,19.77,0.0,211.85,-0.005341000854969025,12.817130088806152,0.5195128917694092,0.004208318798191613,0.0401458740234375,0.0003,0.1476348297680024,0.9015486725663717,3.89,0.47,1.25,5.33,0.19,0.0,0.0,0.19,0.0,0.13514757737517358,5.17,164.38,0.03955937398131937
1178,38633472,11472.745,568,21.05,0.0,233.83,-0.011165658012032509,10.551965713500977,0.5086007118225098,0.0026290760873735053,0.0237884521484375,0.0003,0.1794166208035223,0.8833671399594321,3.69,0.48,1.29,5.57,0.19,0.0,0.0,0.19,0.03,0.13442783415317536,5.61,176.95,0.042525234166532755
1179,38666240,11528.214,568,19.54,0.0,221.52,-0.007552624214440584,13.563982009887695,0.5153571367263794,0.003072049377806252,0.02664947509765625,0.0003,0.1972318339100346,0.9047109207708779,2.67,0.51,1.26,5.53,0.24,0.0,0.0,0.24,0.01,0.16368547528982164,5.09,172.28,0.03695391700603068
1180,38699008,11584.059,568,19.07,0.0,214.72,-0.007919296622276306,12.785478591918945,0.5099332928657532,0.004883133661223837,0.0413818359375,0.0003,0.17706114998478856,0.876265466816648,3.63,0.49,1.14,5.2,0.17,0.0,0.0,0.17,0.01,0.12228473916649818,4.79,163.27,0.0382521542487666
1181,38731776,11640.148,568,21.22,0.0,233.06,-0.009447932243347168,11.237014770507812,0.4918552041053772,0.006982733794842488,0.0490570068359375,0.0003,0.1996653653095371,0.8761329305135952,3.72,0.62,1.37,5.68,0.28,0.0,0.0,0.28,0.0,0.19926946491003036,5.53,178.14,0.04418015934061259
1182,38764544,11698.364,568,17.73,0.0,192.93,-0.008335445076227188,14.069628715515137,0.5065804719924927,0.0029592957304203082,0.028594970703125,0.0003,0.182648401826484,0.8905109489051095,3.08,0.4,1.12,4.41,0.14,0.0,0.0,0.14,0.01,0.11150981746613979,4.54,155.45,0.04090439504943788
1183,38797312,11755.044,568,19.2,0.0,244.63,-0.0081111965700984,16.042865753173828,0.5001118779182434,0.004585733916201207,0.04035186767578125,0.0003,0.20767156128258915,0.9116997792494481,3.73,0.53,1.29,5.3,0.21,0.0,0.0,0.21,0.02,0.1495294052362442,5.19,168.84,0.04105623927898705
1184,38830080,11809.438,568,17.37,0.0,200.81,-0.007372451946139336,14.38449764251709,0.5181638598442078,0.0029061494072948335,0.0256195068359375,0.0003,0.20242656449553,0.86810551558753,2.79,0.34,1.15,4.8,0.23,0.0,0.0,0.23,0.0,0.1730060914158821,4.32,153.08,0.036996750975959
1185,38862848,11864.425,568,19.96,0.0,319.86,-0.011219474487006664,14.103842735290527,0.4914478361606598,0.00379982917900179,0.0322265625,0.0003,0.22560975609756098,0.8582333696837514,3.38,0.47,1.4,5.42,0.2,0.0,0.0,0.2,0.03,0.1406649738550186,5.42,169.95,0.03965266712475568
1186,38895616,11920.758,569,19.62,0.0,221.91,-0.00813407264649868,12.978039741516113,0.5054483413696289,0.003306980203319654,0.03387451171875,0.0003,0.23424971363115693,0.864406779661017,2.98,0.47,1.38,5.25,0.2,0.0,0.0,0.2,0.0,0.1564726410806179,5.26,173.75,0.04280745086725801
1187,38928384,11976.763,569,16.73,0.0,191.04,-0.010446472093462944,11.553827285766602,0.5080506801605225,0.00446651999867953,0.0360107421875,0.0003,0.22151292690711777,0.8453738910012675,2.68,0.5,1.15,4.3,0.14,0.0,0.0,0.14,0.0,0.09931325301527977,4.36,146.69,0.043429374461993575
1188,38961152,12032.824,569,17.53,0.0,221.01,-0.01378398947417736,14.33595085144043,0.5110107064247131,0.005783398613971258,0.04840850830078125,0.0003,0.23341375150784077,0.8775029446407538,2.67,0.38,1.03,4.67,0.16,0.0,0.0,0.16,0.03,0.12031175836920738,4.55,156.81,0.043184614507481456
1189,38993920,12091.992,569,18.11,0.0,207.36,-0.006124148610979319,12.890682220458984,0.5000845193862915,0.005246443245141563,0.0453643798828125,0.0003,0.2702377369846524,0.8761792452830188,3.01,0.37,1.26,4.74,0.13,0.0,0.0,0.13,0.02,0.08707556381821632,4.9,160.18,0.04107972141355276
1190,39026688,12151.098,569,18.79,0.0,215.63,-0.007471678778529167,11.10439395904541,0.4873019754886627,0.00389303958399978,0.03232574462890625,0.0003,0.2092086330935252,0.8885209713024282,3.23,0.39,1.34,5.24,0.19,0.0,0.0,0.19,0.0,0.13043079137802124,5.25,171.65,0.04156190762296319
1191,39059456,12203.625,569,17.98,0.0,208.81,-0.006557260639965534,13.548507690429688,0.47676387429237366,0.002888510987418158,0.0269775390625,0.0003,0.25343065693430655,0.8828502415458938,2.96,0.37,1.21,4.87,0.1,0.0,0.0,0.1,0.02,0.06782171308994293,4.91,163.74,0.04564053856302053
1192,39092224,12257.331,569,18.67,0.0,222.78,-0.007704618386924267,11.16232681274414,0.4947720766067505,0.003349848577272496,0.03043365478515625,0.0003,0.23452768729641693,0.9053254437869822,3.09,0.5,1.18,4.72,0.14,0.0,0.0,0.14,0.01,0.11668612480163575,5.08,163.22,0.0393897145986557
1193,39124992,12312.415,569,19.07,0.0,233.7,-0.009346671402454376,12.412120819091797,0.4845978915691376,0.004110440148565431,0.03472900390625,0.0003,0.2226007950028393,0.9016949152542373,3.33,0.41,1.47,5.14,0.17,0.0,0.0,0.17,0.01,0.12511650532484053,5.23,171.93,0.04771901934873313
1194,39157760,12367.192,569,16.89,0.0,196.3,-0.006304088514298201,11.400160789489746,0.5262545347213745,0.0022557502977633703,0.022186279296875,0.0003,0.2478287841191067,0.8924870466321243,3.1,0.42,1.17,4.6,0.15,0.0,0.0,0.15,0.0,0.09081643030047416,4.46,150.24,0.03980728366877884
1195,39190528,12423.397,569,18.21,0.0,221.97,-0.005340063013136387,12.060827255249023,0.4952726662158966,0.002242089066726294,0.02387237548828125,0.0003,0.2563876651982379,0.8961352657004831,3.14,0.37,1.08,4.52,0.11,0.0,0.0,0.11,0.02,0.07988953441381455,4.65,159.09,0.04014193522743881
1196,39223296,12479.041,569,18.77,0.0,209.41,-0.012845924124121666,12.999013900756836,0.49822813272476196,0.0026228380419297537,0.02349090576171875,0.0003,0.2394908229721729,0.9020070838252656,2.97,0.42,1.21,4.95,0.17,0.0,0.0,0.17,0.01,0.1265767964720726,4.96,165.63,0.03985522221773863
1197,39256064,12534.605,569,18.1,0.0,202.19,-0.012289518490433693,13.190088272094727,0.5138164758682251,0.0039629032188486235,0.03159332275390625,0.0003,0.22515337423312884,0.8786407766990292,3.38,0.52,1.17,4.5,0.11,0.0,0.0,0.11,0.01,0.06357352882623672,4.8,160.72,0.04167305282317102
1198,39288832,12588.263,570,17.18,0.0,197.89,-0.007532462477684021,11.699053764343262,0.5107766389846802,0.002915320428940049,0.0279388427734375,0.0003,0.3478920230512587,0.8888888888888888,2.64,0.39,1.11,4.38,0.05,0.0,0.0,0.05,0.01,0.039348536133766175,4.51,151.75,0.04184008983429521
1199,39321600,12640.761,570,17.35,0.0,203.94,-0.014484635554254055,12.80080795288086,0.4885569214820862,0.003036661659677975,0.02790069580078125,0.0003,0.2980914874280521,0.8766626360338573,2.57,0.32,1.0,4.61,0.14,0.0,0.0,0.14,0.01,0.10004039704799653,4.35,160.89,0.04038270190358162
1200,39354368,12694.741,570,16.33,0.0,189.24,-0.0061856163665652275,13.007076263427734,0.5185562968254089,0.0020203536998337768,0.01920318603515625,0.0003,0.24091209517514872,0.9122340425531915,3.52,0.33,0.96,3.88,0.07,0.0,0.0,0.07,0.02,0.047822368443012235,4.31,146.91,0.04085033049341291
1201,39387136,12752.314,570,18.91,0.0,207.88,-0.008330724202096462,14.270929336547852,0.511043906211853,0.0034488570879602776,0.0343475341796875,0.0003,0.2601260126012601,0.8673469387755102,2.7,0.4,1.07,5.13,0.13,0.0,0.0,0.13,0.02,0.09910866558551788,4.91,164.51,0.04589031671639532
1202,39419904,12806.621,570,19.15,0.0,215.11,-0.008631743490695953,14.357369422912598,0.4793297350406647,0.005751781244612175,0.04889678955078125,0.0003,0.29022988505747127,0.8642105263157894,2.75,0.46,1.29,5.03,0.14,0.0,0.0,0.14,0.04,0.10311482012271882,5.07,171.28,0.04085655475500971
1203,39452672,12860.128,570,17.41,0.0,204.73,-0.008186855353415012,11.99919319152832,0.4989350438117981,0.0032285390080346588,0.0309906005859375,0.0003,0.20689655172413793,0.8645083932853717,2.6,0.4,0.95,4.47,0.12,0.0,0.0,0.12,0.01,0.09520194590091706,4.17,157.41,0.04377544717863202
1204,39485440,12916.127,570,17.46,0.0,198.48,-0.00532193761318922,10.931198120117188,0.48339617252349854,0.0032848644632679225,0.0330963134765625,0.0003,0.2566991473812424,0.8414634146341463,2.7,0.33,1.0,4.58,0.1,0.0,0.0,0.1,0.0,0.07368023172020913,4.42,154.15,0.039574791793711483
1205,39518208,12968.703,571,17.45,0.0,192.36,-0.007635009475052357,12.263916015625,0.45890602469444275,0.0036378327184252157,0.03076171875,0.0003,0.24062992125984253,0.8492268041237113,2.62,0.37,1.05,4.38,0.16,0.0,0.0,0.16,0.0,0.12051214039325714,4.34,152.74,0.04083127586636692
1206,39550976,13026.365,571,18.7,0.0,402.86,-0.009390076622366905,13.453566551208496,0.4758245348930359,0.004380682966655058,0.04119110107421875,0.0003,0.22067714631197097,0.8524590163934426,2.93,0.49,1.17,4.68,0.1,0.0,0.0,0.1,0.05,0.060715557858347896,4.88,164.4,0.04238032165449113
1207,39583744,13081.107,571,18.02,0.0,208.55,-0.006348578259348869,10.768672943115234,0.5139687657356262,0.003223516162734086,0.0311279296875,0.0003,0.22572665429808286,0.8849878934624698,3.4,0.38,1.11,4.36,0.09,0.0,0.0,0.09,0.02,0.05628005489706993,4.64,161.62,0.038477277965284884
1208,39616512,13136.818,571,19.88,0.0,327.54,-0.009942742064595222,13.502663612365723,0.5104273557662964,0.0030188051913739855,0.0293121337890625,0.0003,0.2389558232931727,0.8795045045045045,3.16,0.43,1.23,5.22,0.17,0.0,0.0,0.17,0.03,0.12240988403558731,5.15,174.82,0.04183386522345245
1209,39649280,13194.062,571,18.34,0.0,213.96,-0.008834375999867916,11.318126678466797,0.5094541311264038,0.002742021848632703,0.02449798583984375,0.0003,0.21564050189670267,0.8598654708520179,2.94,0.43,1.08,4.76,0.13,0.0,0.0,0.13,0.01,0.09587880045175552,4.57,163.68,0.043719478882849216
1210,39682048,13250.685,571,19.16,0.0,215.29,-0.009876145049929619,13.225380897521973,0.48040899634361267,0.0031787295713456842,0.02727508544921875,0.0003,0.2090803932909196,0.8627671541057368,2.84,0.39,1.25,4.93,0.12,0.0,0.0,0.12,0.01,0.09305147051811219,5.15,170.19,0.04283834411762655
1211,39714816,13304.936,571,19.88,0.0,230.63,-0.005670641548931599,13.112044334411621,0.5040748119354248,0.0037848587932387545,0.031005859375,0.0003,0.21708486044544686,0.8464864864864865,2.95,0.53,1.36,4.96,0.19,0.0,0.0,0.19,0.0,0.12864467844367028,5.22,175.08,0.04201201244723052
1212,39747584,13360.952,571,17.98,0.0,208.37,-0.004305534064769745,12.617759704589844,0.5155782103538513,0.0024117066380426877,0.0243682861328125,0.0003,0.27830045523520486,0.8696172248803827,2.95,0.48,0.98,4.72,0.06,0.0,0.0,0.06,0.0,0.043523860052227976,4.52,160.88,0.04042172175832093
1213,39780352,13413.951,571,19.96,0.0,228.93,-0.008975299075245857,12.248462677001953,0.5034433007240295,0.0016752764606167148,0.0150146484375,0.0003,0.1729405346426623,0.8566810344827587,3.46,0.57,1.3,5.45,0.16,0.0,0.0,0.16,0.02,0.11830189667642116,5.22,172.92,0.045024428982287645
1214,39813120,13471.866,571,18.11,0.0,202.11,-0.012441803701221943,12.441573143005371,0.5102226734161377,0.002073009449645724,0.02033233642578125,0.0003,0.191131498470948,0.8590361445783132,3.43,0.34,1.08,4.45,0.14,0.0,0.0,0.14,0.01,0.09574725553393364,4.57,160.19,0.04302387114148587
1215,39845888,13528.939,571,19.57,0.0,224.68,-0.008088354021310806,12.079751968383789,0.4757193624973297,0.0034226161898800456,0.02597808837890625,0.0003,0.21650956869465868,0.8629989212513485,3.09,0.5,1.37,5.2,0.11,0.0,0.0,0.11,0.01,0.08136850625276565,5.33,169.29,0.042835066094994545
1216,39878656,13585.857,571,19.63,0.0,282.63,-0.00834858138114214,13.326021194458008,0.47904568910598755,0.0043849941583289365,0.0348663330078125,0.0003,0.192510239906378,0.8662280701754386,3.74,0.46,1.4,4.96,0.13,0.0,0.0,0.13,0.0,0.09256207317113876,5.24,167.63,0.04248596797697246
1217,39911424,13640.562,571,17.01,0.0,195.78,-0.00677142757922411,11.914931297302246,0.49454283714294434,0.0022633928473396736,0.02088165283203125,0.0003,0.165478772854044,0.8516624040920716,2.67,0.28,0.97,4.49,0.09,0.0,0.0,0.09,0.0,0.06832590103149414,4.4,150.69,0.04385855246800929
1218,39944192,13696.215,571,18.24,0.0,204.14,-0.007865514606237411,14.681253433227539,0.48857206106185913,0.002751176033157776,0.02417755126953125,0.0003,0.24923640806353084,0.8496420047732697,3.15,0.31,1.13,4.63,0.12,0.0,0.0,0.12,0.02,0.08828195154666901,5.0,164.03,0.04243863665033132
1219,39976960,13749.763,571,19.97,0.0,220.57,-0.005764532368630171,13.26394271850586,0.46051186323165894,0.0019045969013973263,0.01611328125,0.0003,0.2197334845477743,0.8409090909090909,3.25,0.5,1.13,4.98,0.1,0.0,0.0,0.1,0.01,0.06532345414161682,5.16,167.22,0.03570843837223947
1220,40009728,13805.936,572,19.1,0.0,207.47,-0.010544217191636562,12.20398235321045,0.4751860499382019,0.0023359467115824373,0.02118682861328125,0.0003,0.20332205475238388,0.825287356321839,3.25,0.47,1.13,4.99,0.09,0.0,0.0,0.09,0.0,0.06234747588634491,4.78,164.75,0.03864178329240531
1221,40042496,13859.193,572,15.75,0.0,186.36,-0.010599104687571526,11.886728286743164,0.5398350954055786,0.003741856190231374,0.0370330810546875,0.0003,0.2702107581000315,0.8281036834924966,2.65,0.28,0.87,4.15,0.1,0.0,0.0,0.1,0.02,0.07314810991287231,3.87,144.66,0.045784073416143656
1222,40075264,13916.84,572,18.0,0.0,306.3,-0.012866711243987083,11.17483139038086,0.510024905204773,0.004213718332948702,0.03676605224609375,0.0003,0.22651261781696563,0.8286713286713286,3.47,0.37,1.0,4.82,0.12,0.0,0.0,0.12,0.02,0.08906243473291398,4.39,155.42,0.03802264959085733
1223,40108032,13973.233,572,17.74,0.0,297.51,-0.009362785145640373,13.541213035583496,0.517402172088623,0.004149400394680924,0.037933349609375,0.0003,0.2861871802588023,0.8431845597104946,2.58,0.35,1.25,4.56,0.15,0.0,0.0,0.15,0.02,0.10237643584609031,4.83,160.35,0.040968247572891414
1224,40140800,14030.647,572,17.2,0.0,198.18,-0.00811365619301796,11.295333862304688,0.5377741456031799,0.0031501689976494163,0.02838897705078125,0.0003,0.2734208117180348,0.8369987063389392,3.1,0.4,1.08,4.38,0.09,0.0,0.0,0.09,0.0,0.07033764332532882,4.47,152.86,0.04374495486263186
1225,40173568,14091.08,572,16.41,0.0,188.98,-0.013854877091944218,12.810298919677734,0.5283585786819458,0.00534162696982321,0.04312896728515625,0.0003,0.266839378238342,0.792225201072386,2.51,0.41,0.89,4.18,0.14,0.0,0.0,0.14,0.01,0.10957738250494004,4.17,151.13,0.03738108242396265
1226,40206336,14146.512,572,17.72,0.0,202.63,-0.009301478043198586,13.70694351196289,0.5255813598632812,0.004527033598435537,0.04018402099609375,0.0003,0.32489577129243596,0.8459715639810427,3.06,0.45,1.07,4.74,0.11,0.0,0.0,0.11,0.0,0.0833553922176361,4.44,161.57,0.04149279836565256
1227,40239104,14203.986,572,16.11,0.0,184.18,-0.009615604765713215,14.931674003601074,0.5327231884002686,0.0025717957293807103,0.0238037109375,0.0003,0.32259093809827694,0.8427260812581914,3.15,0.38,0.91,4.16,0.11,0.0,0.0,0.11,0.0,0.08059512197971344,4.2,151.98,0.04611214576289058
1228,40271872,14261.457,572,15.82,0.0,183.46,-0.01021873764693737,12.320263862609863,0.552932858467102,0.002132087548147865,0.0207977294921875,0.0003,0.3179080824088748,0.8067567567567567,2.32,0.37,0.86,4.09,0.04,0.0,0.0,0.04,0.01,0.02835328668355942,3.97,146.28,0.038368735113181174
1229,40304640,14315.594,572,15.7,0.0,181.91,-0.00788998231291771,13.332742691040039,0.5443353056907654,0.0019449995016884714,0.019287109375,0.0003,0.3442194644023514,0.8345021037868162,2.51,0.35,0.91,4.1,0.11,0.0,0.0,0.11,0.01,0.08268259286880493,4.09,139.36,0.042468703584745526
1230,40337408,14373.417,572,16.56,0.0,186.57,-0.0117243193089962,12.98226547241211,0.524037778377533,0.0028220114846817523,0.02846527099609375,0.0003,0.313545942532365,0.8386683738796414,3.0,0.37,1.05,4.18,0.09,0.0,0.0,0.09,0.01,0.0468308013677597,4.46,152.28,0.04117516032420099
1231,40370176,14427.479,572,20.17,0.0,365.03,-0.0078619085252285,12.378652572631836,0.5269970297813416,0.0018327285427801598,0.01653289794921875,0.0003,0.25516671259300083,0.8217299578059072,3.17,0.48,1.22,5.32,0.08,0.0,0.0,0.08,0.02,0.05140424355864525,5.12,176.55,0.04020763875450939
1232,40402944,14487.248,572,18.28,0.0,200.66,-0.006155164912343025,13.910486221313477,0.5442565679550171,0.0018389022729365934,0.01743316650390625,0.0003,0.30565805658056583,0.8538647342995169,3.58,0.51,1.14,4.75,0.1,0.0,0.0,0.1,0.0,0.06585783500224351,5.03,157.59,0.04094754077959806
1233,40435712,14546.968,572,17.6,0.0,205.6,-0.007030186243355274,13.902300834655762,0.5601925849914551,0.004881011817758463,0.04778289794921875,0.0003,0.3226939970717423,0.8317191283292978,3.08,0.41,1.08,4.55,0.13,0.0,0.0,0.13,0.01,0.0891871341317892,4.71,159.05,0.03802723449189216
1234,40468480,14603.456,572,16.57,0.0,191.6,-0.010052308440208435,11.731138229370117,0.5678449869155884,0.003810508208744068,0.03768157958984375,0.0003,0.25673534072900156,0.8430609597924773,2.86,0.37,0.94,4.5,0.03,0.0,0.0,0.03,0.02,0.026950581073760985,4.12,149.39,0.04126655519939959
1235,40501248,14657.163,572,17.85,0.0,206.82,-0.011087222956120968,12.252248764038086,0.5360944271087646,0.0028656743055535117,0.02805328369140625,0.0003,0.2748898678414097,0.8389423076923077,2.6,0.46,1.31,4.69,0.19,0.0,0.0,0.19,0.01,0.14037208884954452,4.69,161.1,0.03698742401320487
1236,40534016,14709.962,572,18.14,0.0,201.9,-0.007355664856731892,13.901785850524902,0.4835367202758789,0.005457587965679522,0.0484466552734375,0.0003,0.2326073805202662,0.8480861244019139,3.46,0.37,1.19,4.98,0.15,0.0,0.0,0.15,0.0,0.11023214265704155,4.73,158.11,0.0384815993020311
1237,40566784,14767.554,572,16.93,0.0,209.01,-0.008963610045611858,11.650163650512695,0.5225608944892883,0.0025203271934515215,0.02333831787109375,0.0003,0.24806201550387597,0.8569651741293532,2.77,0.38,0.89,4.55,0.09,0.0,0.0,0.09,0.0,0.06217419862747192,4.18,151.71,0.041749284020625055
1238,40599552,14820.938,572,17.21,0.0,307.87,-0.004984311759471893,12.385244369506836,0.526911199092865,0.0013270422261086878,0.01264190673828125,0.0003,0.2580932580932581,0.8559523809523809,2.78,0.38,1.07,4.71,0.18,0.0,0.0,0.18,0.0,0.13458260387182236,4.39,152.95,0.04284647584427148
1239,40632320,14876.712,572,19.74,0.0,226.81,-0.00398110318928957,12.80024242401123,0.495392382144928,0.005136930852529531,0.04135894775390625,0.0003,0.21936924365057214,0.8331550802139037,3.74,0.48,1.31,5.38,0.17,0.0,0.0,0.17,0.01,0.11969720281660556,5.39,174.87,0.04435822740197182
1240,40665088,14932.463,572,18.01,0.0,201.92,-0.007399090565741062,11.973411560058594,0.5144381523132324,0.0037306894507054267,0.0320587158203125,0.0003,0.2616421568627451,0.8449704142011835,3.36,0.48,1.07,4.67,0.14,0.0,0.0,0.14,0.0,0.0926782301068306,4.49,155.17,0.04045107960700989
1241,40697856,14985.786,572,16.08,0.0,183.09,-0.008146995678544044,10.675148010253906,0.5087282657623291,0.0025454482247369015,0.02286529541015625,0.0003,0.2104736490993996,0.8592105263157894,2.69,0.34,1.1,4.48,0.11,0.0,0.0,0.11,0.01,0.09025000154972077,4.13,141.75,0.04142208013217896
1242,40730624,15040.819,572,18.28,0.0,201.35,-0.007246062159538269,12.13607406616211,0.5027822256088257,0.003765693777211254,0.030364990234375,0.0003,0.23746130030959753,0.8780487804878049,3.08,0.4,1.11,4.41,0.15,0.0,0.0,0.15,0.01,0.09152195826172829,4.84,157.38,0.04292300727684051
1243,40763392,15095.054,573,19.41,0.0,223.29,-0.010049021802842617,11.808843612670898,0.4879390597343445,0.002711563003686024,0.02325439453125,0.0003,0.19684361549497847,0.8640350877192983,2.41,0.45,1.25,5.59,0.2,0.0,0.0,0.2,0.01,0.1472558209300041,5.2,172.86,0.03805430594366044
1244,40796160,15150.177,573,19.47,0.0,313.17,-0.0045726122334599495,14.093942642211914,0.5003060102462769,0.004554957011293936,0.03772735595703125,0.0003,0.22291481151677056,0.8688711516533637,3.78,0.44,1.4,5.3,0.07,0.0,0.0,0.07,0.0,0.05328708708286285,5.44,162.98,0.04763635294511914
1245,40828928,15205.897,573,18.07,0.0,202.93,-0.003183515276759863,13.980353355407715,0.47164642810821533,0.0011418286264870403,0.0098419189453125,0.0003,0.1673443853612762,0.8672055427251733,3.52,0.46,1.15,4.75,0.09,0.0,0.0,0.09,0.01,0.048327427506446835,4.71,156.71,0.040345247369259596
1246,40861696,15261.27,573,18.88,0.0,215.91,-0.004159258678555489,12.340868949890137,0.49118614196777344,0.00107917937961588,0.01047515869140625,0.0003,0.24799771167048054,0.8598654708520179,3.21,0.57,1.13,4.9,0.15,0.0,0.0,0.15,0.0,0.10411188513040542,4.83,164.61,0.043401826987974346
1247,40894464,15315.034,573,17.97,0.0,209.3,-0.007837158627808094,13.49816608428955,0.4987277090549469,0.002607059960666902,0.0214385986328125,0.0003,0.2199819440264821,0.8483080513418904,3.62,0.36,1.21,5.05,0.19,0.0,0.0,0.19,0.0,0.13628893107175827,4.58,157.99,0.0363017616327852
1248,40927232,15369.884,573,21.09,0.0,232.44,-0.00520746735855937,14.273521423339844,0.48287510871887207,0.001683776166998996,0.01690673828125,0.0003,0.23051409618573798,0.8446502057613169,3.58,0.51,1.24,5.97,0.14,0.0,0.0,0.14,0.0,0.09171207584440708,5.56,178.41,0.03992230643052608
1249,40960000,15428.64,573,17.12,0.0,221.33,-0.0067307474091649055,12.58871078491211,0.5016984343528748,0.0025280339184519107,0.0265350341796875,0.0003,0.20521794463888005,0.8625766871165644,3.08,0.37,1.14,4.59,0.09,0.0,0.0,0.09,0.01,0.06922887146472931,4.6,153.05,0.040273917838931084
1250,40992768,15483.501,573,20.19,0.0,228.54,-0.007548862136900425,11.547389030456543,0.49481528997421265,0.0029786589794866813,0.02454376220703125,0.0003,0.20631758679567444,0.8655913978494624,3.43,0.41,1.42,5.43,0.22,0.0,0.0,0.22,0.0,0.1670336151123047,5.44,173.59,0.038772287662141025
1251,41025536,15538.737,573,19.33,0.0,218.63,-0.010639140382409096,11.813072204589844,0.48846399784088135,0.0028438369085961313,0.02698516845703125,0.0003,0.22930881044200535,0.8303370786516854,3.58,0.37,1.2,5.26,0.15,0.0,0.0,0.15,0.0,0.1201613512635231,4.91,163.77,0.03852067235857248
1252,41058304,15593.021,573,17.36,0.0,199.29,-0.006888033822178841,12.408775329589844,0.497281014919281,0.0028594659952574375,0.02625274658203125,0.0003,0.22664141414141414,0.8104325699745547,3.11,0.37,1.04,4.49,0.17,0.0,0.0,0.17,0.01,0.14148618459701537,4.47,150.32,0.040421666693873703
1253,41091072,15648.36,573,19.06,0.0,221.46,-0.007490381598472595,10.508995056152344,0.5085157752037048,0.004408646193610366,0.0427703857421875,0.0003,0.21691282942368956,0.8300803673938002,3.53,0.41,1.33,5.58,0.16,0.0,0.0,0.16,0.01,0.1131911765038967,4.98,163.06,0.041849639266729355
1254,41123840,15702.792,573,16.69,0.0,288.2,-0.007738903164863586,10.739964485168457,0.5099339485168457,0.0027419535084618474,0.02986907958984375,0.0003,0.22678690714762859,0.8360864040660737,3.1,0.4,1.06,4.35,0.16,0.0,0.0,0.16,0.04,0.12707026094198226,4.31,146.33,0.039796333643607795
1255,41156608,15754.901,574,19.62,0.0,225.46,-0.00761119881644845,13.940682411193848,0.500275731086731,0.0012109277611216385,0.0109100341796875,0.0003,0.21357285429141717,0.8233369683751364,3.7,0.45,1.32,5.56,0.18,0.0,0.0,0.18,0.01,0.11684556394815444,5.28,171.61,0.04462480160873383
1256,41189376,15810.269,574,18.2,0.0,227.69,-0.008788872510194778,12.580469131469727,0.515061616897583,0.0032686806235915356,0.02739715576171875,0.0003,0.20469897209985316,0.8457207207207207,2.6,0.5,1.3,5.3,0.19,0.0,0.0,0.19,0.02,0.13672452598810195,4.76,162.02,0.03641147003509104
1257,41222144,15868.789,574,19.51,0.0,319.69,-0.007693655788898468,11.795637130737305,0.5372025966644287,0.002597789863784783,0.0244293212890625,0.0003,0.2304631997726627,0.8440567066521265,3.57,0.57,1.29,5.43,0.21,0.0,0.0,0.21,0.03,0.1535198476910591,5.13,175.34,0.04138148273341358
1258,41254912,15927.477,573,17.93,0.0,227.62,-0.0035505671985447407,15.12403678894043,0.4899544417858124,0.0027504193164276103,0.02570343017578125,0.0003,0.22736905843172872,0.8738095238095238,3.1,0.3,1.28,5.04,0.13,0.0,0.0,0.13,0.0,0.09402227640151978,4.84,157.79,0.04126490210182965
1259,41287680,15983.034,574,17.41,0.0,212.9,-0.009903870522975922,12.90868091583252,0.48963671922683716,0.0021884851221898316,0.01708984375,0.0003,0.1569693094629156,0.8623629719853837,3.42,0.42,1.15,4.98,0.06,0.0,0.0,0.06,0.0,0.048631147742271424,4.34,152.03,0.04044859448913485
1260,41320448,16042.57,573,19.95,0.0,233.29,-0.0073403650894761086,13.980186462402344,0.4700254499912262,0.0031466251982692484,0.0285186767578125,0.0003,0.21601595896266743,0.84375,3.6,0.46,1.48,5.56,0.18,0.0,0.0,0.18,0.0,0.1428219884634018,5.64,176.2,0.03977869777008891
1261,41353216,16097.407,574,18.37,0.0,209.49,-0.008188538253307343,11.555859565734863,0.5226452350616455,0.005936620935244719,0.041900634765625,0.0003,0.1660436137071651,0.8549346016646849,3.83,0.43,1.13,5.33,0.1,0.0,0.0,0.1,0.0,0.08730705440044403,4.65,159.5,0.04015068640001118
1262,41385984,16153.243,574,17.91,0.0,213.81,-0.008165141567587852,12.056135177612305,0.5078569054603577,0.003393907655123485,0.0345306396484375,0.0003,0.19473843362564258,0.8686046511627907,2.73,0.45,1.2,5.1,0.08,0.0,0.0,0.08,0.01,0.06516035676002502,4.54,160.07,0.04282328928820789
1263,41418752,16206.459,574,20.17,0.0,238.29,-0.010066337883472443,12.281007766723633,0.5015002489089966,0.0032206174263791354,0.03108978271484375,0.0003,0.14814814814814814,0.8615879828326181,3.78,0.59,1.27,5.66,0.21,0.0,0.0,0.21,0.01,0.13836367473006247,5.59,171.72,0.03651479375548661
1264,41451520,16264.073,574,17.14,0.0,297.47,-0.0076276520267128944,11.79687786102295,0.48960500955581665,0.0027579343673096446,0.02561187744140625,0.0003,0.17884914463452567,0.8795944233206591,2.48,0.44,1.08,4.49,0.11,0.0,0.0,0.11,0.02,0.07348859578371048,4.37,151.75,0.03999023721553385
1265,41484288,16318.721,574,17.6,0.0,197.28,-0.008783066645264626,13.392094612121582,0.5222426652908325,0.003505679843328835,0.03516387939453125,0.0003,0.17502335720959203,0.8584686774941995,3.15,0.39,1.01,4.82,0.22,0.0,0.0,0.22,0.01,0.14630675166845322,4.32,153.53,0.04196443222463131
1266,41517056,16373.004,574,16.67,0.0,189.21,-0.008205248042941093,11.69182014465332,0.5139633417129517,0.004831229312117102,0.04381561279296875,0.0003,0.19545745361484326,0.8647959183673469,2.82,0.32,1.02,4.59,0.24,0.0,0.0,0.24,0.0,0.18060615494847299,4.2,150.83,0.041031563305296004
1267,41549824,16426.31,574,18.78,0.0,210.05,-0.010027281008660793,13.133121490478516,0.5061628818511963,0.0037497260597092463,0.0318603515625,0.0003,0.22306755934266587,0.8697674418604651,3.82,0.4,1.1,5.19,0.21,0.0,0.0,0.21,0.01,0.15563091963529588,4.88,162.28,0.042089039692655206
1268,41582592,16483.5,574,19.5,0.0,219.76,-0.006210952997207642,11.479894638061523,0.4879229962825775,0.0038252760890600257,0.03475189208984375,0.0003,0.22369942196531792,0.8417721518987342,3.29,0.47,1.21,5.59,0.19,0.0,0.0,0.19,0.0,0.12139156579971314,5.11,164.6,0.04346341744530946
1269,41615360,16538.524,574,18.25,0.0,202.68,-0.008056661114096642,12.720403671264648,0.5046705007553101,0.003647782349503359,0.0312652587890625,0.0003,0.2218730358265242,0.850356294536817,2.95,0.44,1.19,5.18,0.19,0.0,0.0,0.19,0.01,0.14690620079636574,4.7,154.55,0.03978726640343666
1270,41648128,16593.208,574,18.98,0.0,221.26,-0.008622574619948864,13.18165397644043,0.5005414485931396,0.0029074310667738246,0.02565765380859375,0.0003,0.2427071178529755,0.8597285067873304,2.82,0.53,1.27,5.52,0.35,0.0,0.0,0.35,0.0,0.26797648161649706,4.98,168.46,0.04368965909816325
1271,41680896,16648.446,574,19.01,0.0,218.95,-0.0036386651918292046,12.526373863220215,0.47191911935806274,0.001709180987347736,0.013702392578125,0.0003,0.22065997130559542,0.853551912568306,2.78,0.44,1.27,4.92,0.22,0.0,0.0,0.22,0.01,0.15837324246764184,4.99,166.84,0.04494536016136408
1272,41713664,16705.331,574,19.57,0.0,221.72,-0.005921479780226946,13.290157318115234,0.492580771446228,0.0013046979084663235,0.011932373046875,0.0003,0.24860744649662855,0.8373362445414847,3.61,0.52,1.34,5.66,0.2,0.0,0.0,0.2,0.01,0.14987100392580033,5.23,170.37,0.036530217388644814
1273,41746432,16763.243,574,17.03,0.0,190.77,-0.010106533765792847,11.985601425170898,0.5276901125907898,0.0031295743528971798,0.028564453125,0.0003,0.27953795379537955,0.8481481481481481,2.87,0.42,1.01,4.64,0.19,0.0,0.0,0.19,0.0,0.1411100845038891,4.3,145.89,0.04144036024808884
1274,41779200,16816.918,574,19.18,0.0,225.77,-0.008607749827206135,12.910483360290527,0.5006189942359924,0.004162143584352407,0.03802490234375,0.0003,0.22947548460661346,0.8496071829405163,3.34,0.46,1.39,5.29,0.22,0.0,0.0,0.22,0.0,0.15681463181972505,5.05,162.81,0.0418236629338935
1275,41811968,16871.683,574,18.32,0.0,206.77,-0.008452009409666061,12.104663848876953,0.5514609813690186,0.003980939079085033,0.0357513427734375,0.0003,0.27514792899408286,0.8576429404900817,3.35,0.39,0.98,5.02,0.27,0.0,0.0,0.27,0.0,0.19412323847413063,4.55,157.56,0.03922601439990103
1276,41844736,16927.306,574,18.12,0.0,201.94,-0.009938329458236694,14.318976402282715,0.5194122791290283,0.0033553226242588607,0.03397369384765625,0.0003,0.2863636363636364,0.8645707376058042,3.44,0.44,1.06,4.87,0.11,0.0,0.0,0.11,0.0,0.07658817745745182,4.51,154.95,0.0401387078454718
1277,41877504,16982.722,574,17.93,0.0,293.11,-0.009253391064703465,12.430303573608398,0.5336799025535583,0.003226041334201568,0.03174591064453125,0.0003,0.2701130856219709,0.8922888616891065,3.25,0.49,0.89,4.84,0.21,0.0,0.0,0.21,0.03,0.15282174564898013,4.35,150.2,0.03980836342088878
1278,41910272,17034.397,575,17.85,0.0,202.99,-0.006130143068730831,12.640570640563965,0.5069622993469238,0.002010454930882588,0.01891326904296875,0.0003,0.22402287893231648,0.8746958637469586,3.17,0.48,1.28,4.76,0.17,0.0,0.0,0.17,0.01,0.11919415682554245,4.73,154.62,0.0402451028348878
1279,41943040,17092.088,575,17.91,0.0,203.22,-0.0034527345560491085,14.163476943969727,0.49396848678588867,0.003149921961664859,0.0307464599609375,0.0003,0.21671258034894397,0.8591549295774648,3.29,0.37,1.15,4.9,0.16,0.0,0.0,0.16,0.02,0.12462933674454689,4.63,153.66,0.04250068904366344
1280,41975808,17146.34,575,17.43,0.0,199.22,-0.005265066400170326,11.852283477783203,0.5077706575393677,0.001954742639554752,0.01894378662109375,0.0003,0.2181705809641533,0.8522860492379836,2.94,0.38,1.07,4.98,0.2,0.0,0.0,0.2,0.01,0.14417164355516435,4.16,157.42,0.04306385072413832
1281,42008576,17205.432,575,17.04,0.0,209.44,-0.004805282689630985,13.5873441696167,0.5051514506340027,0.0019118634463097806,0.0189971923828125,0.0003,0.2008449788755281,0.8661616161616161,3.25,0.44,0.77,4.77,0.08,0.0,0.0,0.08,0.01,0.05733003675937653,4.15,146.59,0.03918273618910462
1282,42041344,17260.885,575,18.79,0.0,311.66,-0.005538283847272396,18.214107513427734,0.513717770576477,0.0026932118405511574,0.02533721923828125,0.0003,0.19664268585131894,0.8511627906976744,3.35,0.53,1.27,4.83,0.14,0.0,0.0,0.14,0.02,0.10095588214695454,4.81,167.7,0.04158146819099784
1283,42074112,17317.232,575,16.94,0.0,187.92,-0.006845650728791952,14.28990650177002,0.5187679529190063,0.002754941363548369,0.0237884521484375,0.0003,0.22749916971105946,0.8638743455497382,3.09,0.51,0.96,4.65,0.14,0.0,0.0,0.14,0.0,0.1052337658405304,4.32,148.8,0.04183934454340488
1284,42106880,17374.044,575,19.49,0.0,215.14,-0.00944521278142929,11.731169700622559,0.5417846441268921,0.0029888363025634135,0.0299072265625,0.0003,0.232981220657277,0.8667400881057269,3.16,0.5,1.11,5.43,0.21,0.0,0.0,0.21,0.0,0.15746280536055565,5.08,167.19,0.03923793917056173
1285,42139648,17429.914,575,18.77,0.0,224.0,-0.009565351530909538,11.240559577941895,0.539759635925293,0.003712128103870782,0.0343475341796875,0.0003,0.22846996152707902,0.8969422423556059,3.58,0.5,1.16,5.35,0.22,0.0,0.0,0.22,0.0,0.13539540000259875,5.01,165.54,0.03973169159144163
1286,42172416,17489.017,575,17.75,0.0,195.02,-0.007271011359989643,12.44012451171875,0.50654137134552,0.002458426694431637,0.02594757080078125,0.0003,0.21881060116354234,0.8877928483353884,3.06,0.33,1.17,5.09,0.26,0.0,0.0,0.26,0.0,0.1966155782341957,4.52,154.12,0.042422010214067996
1287,42205184,17543.557,575,18.56,0.0,214.03,-0.009067212231457233,12.531717300415039,0.5186762809753418,0.0036204094670324594,0.0300750732421875,0.0003,0.18865165252997954,0.899548532731377,3.49,0.39,1.22,5.44,0.14,0.0,0.0,0.14,0.0,0.08373999930918216,4.89,161.04,0.040479376912117004
1288,42237952,17599.631,575,20.62,0.0,239.1,-0.00611697044223547,13.06994915008545,0.5183048248291016,0.0034071401761650577,0.0306549072265625,0.0003,0.1744829595106321,0.8886554621848739,3.64,0.53,1.38,5.94,0.22,0.0,0.0,0.22,0.0,0.1659070985019207,5.55,177.42,0.047320188488811255
1289,42270720,17656.342,575,19.87,0.0,219.29,-0.00877508893609047,10.830201148986816,0.5011615753173828,0.0025769183492911907,0.023681640625,0.0003,0.1977866061293984,0.8716861081654295,3.31,0.53,1.15,5.8,0.14,0.0,0.0,0.14,0.0,0.10628480643033981,5.15,170.66,0.04042791097890586
1290,42303488,17711.393,575,18.47,0.0,308.98,-0.007697500288486481,9.644662857055664,0.5124366879463196,0.002569851690395808,0.0268707275390625,0.0003,0.20011841326228538,0.8783314020857474,3.12,0.43,1.1,5.04,0.21,0.0,0.0,0.21,0.02,0.15061923801898958,4.57,165.4,0.041324450401589274
1291,42336256,17767.022,575,19.75,0.0,222.47,-0.011175759136676788,13.862724304199219,0.539231538772583,0.004158958023253945,0.03707122802734375,0.0003,0.21488078138465957,0.8586839266450917,4.06,0.36,1.24,5.68,0.18,0.0,0.0,0.18,0.01,0.1260570052266121,5.14,169.95,0.04232323286123574
1292,42369024,17821.218,575,20.58,0.0,224.45,-0.003018940333276987,11.679218292236328,0.49854224920272827,0.0024450158638273933,0.02374267578125,0.0003,0.191673894189072,0.8756530825496343,3.58,0.51,1.31,5.69,0.16,0.0,0.0,0.16,0.0,0.10383169785141945,5.41,183.1,0.0435995003208518
1293,42401792,17874.275,575,21.3,0.0,231.39,-0.012160305865108967,12.974745750427246,0.5041497945785522,0.003392836095883922,0.02685546875,0.0003,0.19812362030905079,0.8682877406281662,3.68,0.47,1.39,5.85,0.23,0.0,0.0,0.23,0.01,0.1671362093091011,5.78,179.1,0.041719833738170564
1294,42434560,17931.889,575,20.6,0.0,232.76,-0.009583080187439919,12.228069305419922,0.4842326045036316,0.004529112861874296,0.041168212890625,0.0003,0.17218543046357615,0.8670157068062827,3.6,0.61,1.41,5.39,0.22,0.0,0.0,0.22,0.0,0.14359267309308052,5.58,181.13,0.04248871433082968
1295,42467328,17991.211,575,17.27,0.0,191.24,-0.010532102547585964,11.381214141845703,0.5104951858520508,0.0033253787099738474,0.0293426513671875,0.0003,0.17446102819237147,0.86810551558753,3.11,0.37,1.12,4.68,0.15,0.0,0.0,0.15,0.02,0.10862499982118606,4.44,152.1,0.03718178300186992
1296,42500096,18044.625,575,18.44,0.0,209.76,-0.00813320092856884,11.848893165588379,0.5036401748657227,0.002578733991640547,0.02222442626953125,0.0003,0.19203821656050957,0.8657074340527577,3.08,0.37,1.2,4.94,0.15,0.0,0.0,0.15,0.01,0.11409339070320129,4.81,157.21,0.042029398027807474
1297,42532864,18100.268,575,19.11,0.0,357.41,-0.010532548651099205,14.222479820251465,0.5011336803436279,0.003260611497580612,0.0279388427734375,0.0003,0.2087912087912088,0.8403451995685005,3.55,0.53,1.23,5.13,0.17,0.0,0.0,0.17,0.01,0.123954748660326,4.95,164.0,0.0381406411761418
1298,42565632,18159.039,575,19.11,0.0,211.67,-0.0097157321870327,13.941231727600098,0.5155966281890869,0.002639925469793525,0.0262298583984375,0.0003,0.17214814814814816,0.8393258426966292,3.27,0.49,0.94,4.87,0.12,0.0,0.0,0.12,0.01,0.0828056624531746,4.8,159.49,0.04574421583674848
1299,42598400,18213.061,575,20.46,0.0,231.4,-0.006300824694335461,10.397016525268555,0.5040526390075684,0.002513114206180944,0.02420806884765625,0.0003,0.23532653623587765,0.8157894736842105,3.09,0.52,1.34,5.87,0.24,0.0,0.0,0.24,0.0,0.16906412914395333,5.34,179.39,0.045821780688129365
1300,42631168,18267.185,575,19.35,0.0,208.21,-0.006237015128135681,12.719619750976562,0.4976902902126312,0.0021339176824994865,0.020477294921875,0.0003,0.19969924812030077,0.86558516801854,3.53,0.41,1.24,5.21,0.18,0.0,0.0,0.18,0.0,0.14466316163539886,4.93,167.59,0.04271876206621528
1301,42663936,18323.021,575,17.68,0.0,203.1,-0.007411171682178974,14.16838264465332,0.5193091630935669,0.0036596102045223233,0.0347442626953125,0.0003,0.210880195599022,0.8533333333333334,2.99,0.32,1.07,4.86,0.1,0.0,0.0,0.1,0.0,0.05498433381319046,4.37,161.87,0.040286347386427224
1302,42696704,18375.485,575,19.1,0.0,213.86,-0.008962029591202736,9.579227447509766,0.5153124332427979,0.005184264765944135,0.036865234375,0.0003,0.20919128618322888,0.8309705561613958,2.48,0.54,1.18,5.3,0.19,0.0,0.0,0.19,0.01,0.15811397403478622,4.91,165.82,0.04178111592773348
1303,42729472,18432.211,575,19.78,0.0,218.8,-0.003949909470975399,12.788488388061523,0.48968833684921265,0.003625797902486738,0.0328521728515625,0.0003,0.18960511033681765,0.8632385120350109,3.54,0.63,1.21,5.22,0.18,0.0,0.0,0.18,0.0,0.12766795501112937,5.11,168.55,0.036610212991945446
1304,42762240,18485.837,576,18.17,0.0,201.84,-0.010235903784632683,12.694987297058105,0.5096932649612427,0.0033166303206257908,0.02910614013671875,0.0003,0.19713038053649407,0.8512396694214877,3.41,0.4,1.12,5.08,0.08,0.0,0.0,0.08,0.01,0.05537499964237213,4.63,158.19,0.04003991384524852
1305,42795008,18543.286,576,18.56,0.0,202.87,-0.009166731499135494,12.36154556274414,0.5331610441207886,0.003166946363705847,0.02991485595703125,0.0003,0.23318527918781726,0.8710059171597633,3.73,0.45,1.02,5.05,0.11,0.0,0.0,0.11,0.0,0.07912173300981522,4.84,160.61,0.04225539043545723
1306,42827776,18600.367,576,19.81,0.0,217.12,-0.006065010093152523,13.955835342407227,0.4875858426094055,0.0033209889364798073,0.0254669189453125,0.0003,0.24212655301935856,0.8126338329764454,2.98,0.51,1.25,5.34,0.2,0.0,0.0,0.2,0.0,0.138651365339756,5.1,172.74,0.043216309626586735
1307,42860544,18652.05,576,18.49,0.0,204.66,-0.008584916591644287,12.240488052368164,0.5048950910568237,0.003222806058943206,0.0301971435546875,0.0003,0.22939178758876197,0.8766157461809636,3.39,0.44,1.01,4.85,0.19,0.0,0.0,0.19,0.0,0.14993753977119922,4.62,162.04,0.038363146129995584
1308,42893312,18707.866,576,19.15,0.0,219.35,-0.005566451698541641,14.006763458251953,0.4893186688423157,0.0032347338089948607,0.03533935546875,0.0003,0.22231784279977052,0.8695175438596491,3.5,0.48,1.11,5.1,0.19,0.0,0.0,0.19,0.01,0.14338691130280495,4.79,164.86,0.047596848919056356
1309,42926080,18760.637,576,18.59,0.0,260.97,-0.008854677900671959,12.47738265991211,0.496010422706604,0.0023880182978928133,0.02336883544921875,0.0003,0.21217494089834515,0.8595505617977528,3.2,0.39,1.28,5.02,0.18,0.0,0.0,0.18,0.0,0.12065491795539857,4.84,161.21,0.04107183718588203
1310,42958848,18817.343,576,18.79,0.0,208.52,-0.011072561144828796,13.383279800415039,0.47492673993110657,0.002799845334436668,0.026214599609375,0.0003,0.2048044348629504,0.8845700824499411,3.87,0.44,1.23,4.95,0.2,0.0,0.0,0.2,0.01,0.15513191640377044,4.85,159.94,0.03706279897596687
1311,42991616,18872.159,576,19.22,0.0,216.33,-0.007883884012699127,12.018600463867188,0.4803836941719055,0.003991230173653548,0.03524017333984375,0.0003,0.1644956073916995,0.8774795799299884,3.21,0.5,1.24,5.12,0.27,0.0,0.0,0.27,0.0,0.1925255300104618,5.01,160.81,0.041944137308746576
1312,43024384,18931.369,576,18.67,0.0,212.64,-0.0071935392916202545,12.562368392944336,0.5068551898002625,0.0025381559743209436,0.02375030517578125,0.0003,0.20694864048338368,0.8698553948832035,3.1,0.41,1.02,5.15,0.23,0.0,0.0,0.23,0.0,0.160276682972908,4.83,165.45,0.043732242891564965
1313,43057152,18987.134,576,17.7,0.0,191.95,-0.007955861277878284,13.482603073120117,0.507209300994873,0.0071729219394569554,0.05605316162109375,0.0003,0.24441566850113305,0.8802395209580839,3.98,0.51,1.07,4.74,0.14,0.0,0.0,0.14,0.0,0.09923284351825715,4.81,155.88,0.04583864950109273
1314,43089920,19046.169,576,16.75,0.0,243.18,-0.008502424694597721,11.457412719726562,0.5166429877281189,0.0034517786913284,0.034912109375,0.0003,0.2628099173553719,0.8853503184713376,3.1,0.3,1.09,4.69,0.22,0.0,0.0,0.22,0.0,0.15053215846419335,4.36,151.06,0.04128771601244807
1315,43122688,19102.685,576,17.86,0.0,197.45,-0.0066249314695596695,11.72566032409668,0.5242902040481567,0.004230815055535686,0.0420684814453125,0.0003,0.19759721783117293,0.8887515451174289,3.28,0.45,1.0,5.03,0.14,0.0,0.0,0.14,0.0,0.10407738000154496,4.49,156.53,0.04143760772421956
1316,43155456,19158.714,576,19.67,0.0,220.49,-0.005951066501438618,13.889910697937012,0.5202738046646118,0.003970974013782325,0.03924560546875,0.0003,0.23987359954036197,0.8914027149321267,3.93,0.42,1.34,5.47,0.24,0.0,0.0,0.24,0.01,0.18057383209466935,5.17,170.71,0.04254705470521003
1317,43188224,19214.841,576,19.08,0.0,216.75,-0.008065009489655495,12.629895210266113,0.5136957764625549,0.006465451935582678,0.0559844970703125,0.0003,0.21221959858323494,0.9133333333333333,3.6,0.51,1.12,5.07,0.13,0.0,0.0,0.13,0.0,0.08022692680358887,4.93,167.47,0.04046728031244129
1318,43220992,19270.361,576,19.77,0.0,223.35,-0.009495213627815247,13.09307861328125,0.49845027923583984,0.0031676597277510155,0.027557373046875,0.0003,0.22928653624856157,0.875268817204301,2.98,0.46,1.36,5.27,0.17,0.0,0.0,0.17,0.0,0.13796463057398797,5.26,168.78,0.04085622890852392
1319,43253760,19327.088,576,19.31,0.0,216.52,-0.005684149917215109,13.777360916137695,0.4927905797958374,0.0038011510656303926,0.0314178466796875,0.0003,0.25718475073313785,0.8741721854304636,3.63,0.46,1.28,5.34,0.21,0.0,0.0,0.21,0.0,0.14798157095909117,5.32,162.55,0.04835279274266213
1320,43286528,19383.46,576,18.53,0.0,205.95,-0.009199578315019608,11.557567596435547,0.5073593854904175,0.002641170985100416,0.024932861328125,0.0003,0.24739423666462293,0.8890147225368064,3.05,0.39,1.08,5.31,0.23,0.0,0.0,0.23,0.0,0.1664993017911911,4.71,151.82,0.04053847072646022
1321,43319296,19437.777,576,17.11,0.0,192.75,-0.0033613722771406174,13.31763744354248,0.5209247469902039,0.002833749796820939,0.029052734375,0.0003,0.21393841166936792,0.8883435582822086,3.31,0.36,1.17,4.63,0.13,0.0,0.0,0.13,0.02,0.0897626107931137,4.43,150.86,0.04332896415144205
1322,43352064,19495.27,576,17.71,0.0,285.81,-0.007816541939973831,12.92085075378418,0.5126924514770508,0.002010312141862869,0.0194091796875,0.0003,0.21670357481809555,0.8914354644149578,3.43,0.34,0.97,4.88,0.17,0.0,0.0,0.17,0.01,0.10909994184970856,4.45,156.42,0.042493157903663814
1323,43384832,19551.862,576,21.39,0.0,338.91,-0.010060612112283707,14.322685241699219,0.4918256402015686,0.0029860567168498164,0.027679443359375,0.0003,0.20849636668529906,0.8758689175769613,3.95,0.58,1.43,6.12,0.2,0.0,0.0,0.2,0.03,0.14031937092542648,5.54,178.05,0.039222003309987485
1324,43417600,19608.621,576,19.07,0.0,211.89,-0.00618009502068162,13.70737075805664,0.5044046640396118,0.0014938085543576562,0.0132293701171875,0.0003,0.183043738765728,0.8897727272727273,3.26,0.42,1.07,4.89,0.14,0.0,0.0,0.14,0.0,0.0992801222205162,4.86,164.56,0.04388344625476748
1325,43450368,19666.076,576,19.99,0.0,224.3,-0.006811607629060745,13.250688552856445,0.4836499094963074,0.001670773439968798,0.01515960693359375,0.0003,0.22422830518345951,0.8842975206611571,3.66,0.43,1.37,5.32,0.16,0.0,0.0,0.16,0.0,0.12614627599716186,5.14,169.12,0.03979590977542102
1326,43483136,19721.934,576,20.0,0.0,220.68,-0.007930854335427284,12.12466049194336,0.4908255338668823,0.003765068945085659,0.03733062744140625,0.0003,0.179860302677532,0.8954741379310345,3.62,0.47,1.44,5.27,0.18,0.0,0.0,0.18,0.03,0.13373386561870576,5.32,170.99,0.037742254324257374
1327,43515904,19779.313,576,18.05,0.0,201.98,-0.007697117514908314,12.878263473510742,0.5167058706283569,0.0020369895339626964,0.01792144775390625,0.0003,0.20055710306406685,0.8979591836734694,3.05,0.4,1.29,5.01,0.15,0.0,0.0,0.15,0.0,0.10873094938695431,4.98,158.93,0.04029698751401156
1328,43548672,19833.832,576,19.55,0.0,220.49,-0.004250175319612026,11.940343856811523,0.4937446713447571,0.0018469149451334488,0.01700592041015625,0.0003,0.2028409090909091,0.8822246455834242,3.58,0.48,1.19,5.3,0.2,0.0,0.0,0.2,0.01,0.1283242566138506,5.24,168.49,0.04118341952562332
1329,43581440,19888.458,576,19.28,0.0,212.41,-0.006612714380025864,13.984481811523438,0.495551198720932,0.0031092022142047426,0.0283050537109375,0.0003,0.21844660194174756,0.8946162657502864,3.84,0.48,1.13,4.83,0.19,0.0,0.0,0.19,0.0,0.15337815880775452,5.12,173.52,0.04441964195575565
1330,43614208,19947.006,576,19.89,0.0,226.16,-0.007380088325589895,12.915377616882324,0.4868175983428955,0.002659869120861913,0.02337646484375,0.0003,0.2079607730025959,0.8703108252947481,3.61,0.48,1.43,5.54,0.28,0.0,0.0,0.28,0.0,0.2077668884396553,5.49,172.32,0.04043736238963902
1331,43646976,20004.223,576,17.61,0.0,194.38,-0.010009262710809708,14.529792785644531,0.5134595632553101,0.002609294012358987,0.0253143310546875,0.0003,0.19216182048040456,0.8791615289765722,2.84,0.3,1.16,4.42,0.14,0.0,0.0,0.14,0.01,0.11194074615836143,4.63,158.6,0.04159746028017253
1332,43679744,20061.509,576,21.6,0.0,232.13,-0.004531041719019413,14.123445510864258,0.49178361892700195,0.0014058096751909943,0.01338958740234375,0.0003,0.22763532763532762,0.8907815631262525,4.6,0.6,1.53,5.91,0.24,0.0,0.0,0.24,0.0,0.15896203085780145,5.84,185.21,0.04353231785353273
1333,43712512,20122.439,576,18.86,0.0,294.87,-0.0059677776880562305,14.2159423828125,0.5061049461364746,0.002569300542120345,0.0229644775390625,0.0003,0.19609637084476975,0.9007803790412486,3.3,0.5,1.3,4.95,0.16,0.0,0.0,0.16,0.0,0.10031632170081138,5.11,171.7,0.04422580904792994
1334,43745280,20180.238,576,18.26,0.0,198.84,-0.011931286193430424,13.837130546569824,0.529630184173584,0.0036538980077125416,0.029541015625,0.0003,0.25554850982878885,0.8987043580683156,2.87,0.33,1.14,5.15,0.24,0.0,0.0,0.24,0.0,0.17126858718693255,4.92,157.78,0.043006475549191236
1335,43778048,20238.24,576,17.92,0.0,202.66,-0.009761086665093899,14.051212310791016,0.5499497652053833,0.003242189517635552,0.02959442138671875,0.0003,0.28728270814272644,0.9068100358422939,3.03,0.33,1.17,4.82,0.14,0.0,0.0,0.14,0.0,0.11422691881656646,4.81,161.37,0.040648651542142034
1336,43810816,20296.216,576,17.9,0.0,206.95,-0.010623786598443985,13.453224182128906,0.5408264994621277,0.003161649382377618,0.02965545654296875,0.0003,0.2561233746598125,0.9125431530494822,2.87,0.46,1.12,4.79,0.16,0.0,0.0,0.16,0.0,0.11846658766269684,4.67,160.1,0.04390591289848089
1337,43843584,20351.768,576,18.57,0.0,207.6,-0.007014719303697348,12.207890510559082,0.5008871555328369,0.003016287806303808,0.029022216796875,0.0003,0.2631578947368421,0.8803716608594657,3.1,0.4,1.26,5.19,0.27,0.0,0.0,0.27,0.0,0.19742910221219062,4.88,164.25,0.04110823490191251
1338,43876352,20409.829,576,17.18,0.0,189.32,-0.009148823097348213,17.53748321533203,0.5325658917427063,0.00361321593845787,0.03464508056640625,0.0003,0.3112033195020747,0.8911729141475212,3.25,0.39,1.11,4.47,0.16,0.0,0.0,0.16,0.0,0.10759098932147027,4.64,154.16,0.045280192513018847
1339,43909120,20470.152,576,16.84,0.0,188.9,-0.004992296919226646,11.940696716308594,0.5428351163864136,0.0036264200882669684,0.0378265380859375,0.0003,0.3265822784810127,0.8916876574307305,2.64,0.33,1.11,4.29,0.25,0.0,0.0,0.25,0.01,0.17624726593494416,4.32,157.73,0.04137592017650604
1340,43941888,20527.852,576,16.96,0.0,187.53,-0.008181357756257057,12.994545936584473,0.5389965176582336,0.0025244636282195643,0.02532958984375,0.0003,0.33418693982074266,0.9210866752910737,2.96,0.38,1.12,4.37,0.16,0.0,0.0,0.16,0.03,0.10918624266982078,4.45,153.56,0.03937335719820112
1341,43974656,20586.48,576,17.1,0.0,189.38,-0.009161543101072311,14.222665786743164,0.539404034614563,0.00221850621807107,0.0242767333984375,0.0003,0.2998059508408797,0.9007633587786259,3.08,0.35,1.1,4.79,0.23,0.0,0.0,0.23,0.0,0.142481210231781,4.6,149.33,0.04233223351184279
1342,44007424,20643.443,576,17.16,0.0,183.97,-0.0033409656025469303,13.939411163330078,0.5391967296600342,0.0033969750261348963,0.035064697265625,0.0003,0.3161692358150213,0.8695106649937264,2.92,0.43,1.05,4.25,0.15,0.0,0.0,0.15,0.01,0.10744390666484832,4.49,148.63,0.037493441021069884
1343,44040192,20702.051,576,17.54,0.0,288.18,-0.007895560935139656,13.084515571594238,0.5257761478424072,0.00252795000506012,0.02600860595703125,0.0003,0.3113238692637834,0.9121019108280255,3.0,0.45,1.11,4.54,0.15,0.0,0.0,0.15,0.02,0.11738062739372253,4.6,153.96,0.04055821360088885
1344,44072960,20760.058,576,17.19,0.0,186.84,-0.011056973598897457,11.143889427185059,0.5285329222679138,0.0035434279067771968,0.03243255615234375,0.0003,0.3248780487804878,0.9006289308176101,3.52,0.38,1.04,4.78,0.17,0.0,0.0,0.17,0.02,0.12687348395586015,4.32,152.99,0.04106837708968669
1345,44105728,20819.505,576,17.75,0.0,205.09,-0.008716649375855923,12.33612060546875,0.5190689563751221,0.003010696115183009,0.03104400634765625,0.0003,0.26037959667852906,0.8826185101580135,2.76,0.4,1.03,4.94,0.21,0.0,0.0,0.21,0.02,0.13891420960426332,4.66,163.99,0.043699023546651006
1346,44138496,20875.034,576,18.73,0.0,202.5,-0.007799861021339893,12.663507461547852,0.5088920593261719,0.0034072280504346963,0.03253936767578125,0.0003,0.23794614902943018,0.8846584546472565,3.63,0.4,1.3,5.19,0.26,0.0,0.0,0.26,0.03,0.18056603595614434,4.93,166.73,0.04003487143199891
1347,44171264,20934.814,576,18.4,0.0,216.8,-0.00851077027618885,12.947011947631836,0.531519889831543,0.0036355307911435375,0.03119659423828125,0.0003,0.2909489508299405,0.8986731001206273,3.47,0.35,1.04,4.65,0.18,0.0,0.0,0.18,0.01,0.15350623786449433,4.8,155.38,0.04148995818104595
1348,44204032,20991.591,576,18.89,0.0,211.67,-0.00782105140388012,14.194610595703125,0.5383964776992798,0.004225115994643147,0.04055023193359375,0.0003,0.2524271844660194,0.8793296089385475,3.66,0.54,0.98,5.13,0.19,0.0,0.0,0.19,0.01,0.12646166615188123,4.81,161.91,0.04007494996767491
1349,44236800,21051.751,575,18.45,0.0,204.48,-0.013124956749379635,14.133642196655273,0.5320491790771484,0.0035847931371790764,0.0330047607421875,0.0003,0.2815384615384615,0.9076212471131639,3.29,0.38,1.02,4.74,0.21,0.0,0.0,0.21,0.02,0.15042711555957794,4.76,166.06,0.040040223277173936
1350,44269568,21106.817,575,19.53,0.0,210.56,-0.00954220537096262,13.107379913330078,0.5124843120574951,0.003441314217582203,0.031982421875,0.0003,0.27422248803827753,0.9090909090909091,3.51,0.53,1.23,5.32,0.19,0.0,0.0,0.19,0.02,0.13762487471103668,5.21,169.25,0.03875769884325564
1351,44302336,21163.962,575,19.15,0.0,212.02,-0.008066865615546703,12.477901458740234,0.5249950885772705,0.003390167823511092,0.03298187255859375,0.0003,0.2842759846017175,0.8896103896103896,3.94,0.49,1.29,5.31,0.21,0.0,0.0,0.21,0.02,0.13672292247414589,5.21,172.85,0.045040572294965386
1352,44335104,21217.135,576,17.33,0.0,195.67,-0.007728980854153633,12.562406539916992,0.543075680732727,0.002833238727362186,0.0280303955078125,0.0003,0.31639650872817954,0.8970944309927361,2.87,0.46,0.96,4.81,0.16,0.0,0.0,0.16,0.01,0.11711166113615036,4.42,156.57,0.04150442127138376
1353,44367872,21275.57,576,18.49,0.0,198.23,-0.009838668629527092,14.106597900390625,0.5398212671279907,0.0037697852892790706,0.03562164306640625,0.0003,0.2945205479452055,0.8895486935866983,3.14,0.42,1.07,5.1,0.24,0.0,0.0,0.24,0.01,0.15741202026605605,4.77,160.86,0.03965091798454523
1354,44400640,21337.382,575,17.56,0.0,185.99,-0.00858515314757824,13.318290710449219,0.5536091923713684,0.0032095668322540405,0.03379058837890625,0.0003,0.32961992136304064,0.9010152284263959,2.8,0.44,0.93,4.68,0.25,0.0,0.0,0.25,0.04,0.17573587253689765,4.28,153.02,0.04463050432968885
1355,44433408,21394.78,575,16.61,0.0,186.59,-0.007812316529452801,16.188438415527344,0.582624077796936,0.002992945301855343,0.02779388427734375,0.0003,0.38803088803088803,0.9093298291721419,3.07,0.41,1.04,4.72,0.13,0.0,0.0,0.13,0.01,0.10038088232278825,4.24,150.5,0.042078219004906714
1356,44466176,21449.648,575,18.3,0.0,200.81,-0.006191766355186701,15.442395210266113,0.5531948804855347,0.002415136588098221,0.0276031494140625,0.0003,0.3537313432835821,0.8888888888888888,3.85,0.47,1.19,4.91,0.15,0.0,0.0,0.15,0.0,0.0976464356482029,4.68,157.41,0.041411164798773825
1357,44498944,21507.437,575,15.33,0.0,171.53,-0.011699597351253033,14.549737930297852,0.5592935085296631,0.003449408910512375,0.0287322998046875,0.0003,0.3464187327823691,0.9013698630136986,2.97,0.3,0.88,3.96,0.14,0.0,0.0,0.14,0.01,0.11517344623804092,3.85,141.17,0.04041937971487641
1358,44531712,21566.344,575,17.25,0.0,199.86,-0.008607863448560238,16.572694778442383,0.5343241095542908,0.003941649187595431,0.03684234619140625,0.0003,0.3867334167709637,0.8849557522123894,2.9,0.39,1.07,4.64,0.16,0.0,0.0,0.16,0.01,0.12596841245889664,4.51,156.0,0.03976137354038656
1359,44564480,21622.554,575,17.08,0.0,193.44,-0.009509546682238579,15.524955749511719,0.5450897216796875,0.0036156551350927657,0.035491943359375,0.0003,0.3143211407315561,0.8975609756097561,3.53,0.43,1.13,4.58,0.15,0.0,0.0,0.15,0.0,0.09596591234207154,4.3,151.54,0.0390410702675581
1360,44597248,21678.325,575,18.11,0.0,196.29,-0.007816297002136707,14.962068557739258,0.5508652329444885,0.0025154448408102326,0.026031494140625,0.0003,0.3659987476518472,0.8851674641148325,2.95,0.42,1.17,4.8,0.21,0.0,0.0,0.21,0.0,0.15299812197685242,4.67,160.73,0.03926078462973237
1361,44630016,21735.69,575,17.7,0.0,192.72,-0.00662305299192667,13.723220825195312,0.5500352382659912,0.0025986423940480563,0.02599334716796875,0.0003,0.34260429835651074,0.8745341614906832,2.53,0.43,0.94,4.45,0.2,0.0,0.0,0.2,0.02,0.1450047728419304,4.77,159.98,0.04528640944045037
1362,44662784,21792.341,575,17.6,0.0,197.11,-0.009988428093492985,14.587275505065918,0.5741042494773865,0.0019701315463294122,0.01805877685546875,0.0003,0.2882991556091677,0.9136868064118372,3.04,0.37,1.13,4.83,0.17,0.0,0.0,0.17,0.0,0.11736806631088256,4.69,155.79,0.0426943632774055
1363,44695552,21850.259,575,17.62,0.0,192.95,-0.005702054128050804,13.567928314208984,0.5728753209114075,0.001871183061894044,0.0193939208984375,0.0003,0.30704225352112674,0.8968058968058968,3.23,0.36,0.99,4.55,0.09,0.0,0.0,0.09,0.0,0.06384754985570908,4.7,149.54,0.04451372101902962
1364,44728320,21907.216,575,18.28,0.0,301.35,-0.008612509816884995,12.655458450317383,0.5268301963806152,0.005618678934240506,0.04979705810546875,0.0003,0.2604103802051901,0.8993939393939394,2.86,0.43,1.19,4.69,0.24,0.0,0.0,0.24,0.02,0.16304580450057984,4.94,161.55,0.03789472463540733
1365,44761088,21964.486,575,19.94,0.0,216.51,-0.006011005491018295,15.86229133605957,0.526477038860321,0.002175776079923253,0.02166748046875,0.0003,0.2503617945007236,0.8962162162162162,3.93,0.38,1.17,5.14,0.18,0.0,0.0,0.18,0.01,0.13577222377061843,5.38,170.02,0.0385762476362288
1366,44793856,22020.348,575,20.18,0.0,226.19,-0.007626566104590893,13.368846893310547,0.49889013171195984,0.002579008212478584,0.025360107421875,0.0003,0.238431151241535,0.8964781216648879,3.04,0.36,1.22,5.14,0.31,0.0,0.0,0.31,0.01,0.21673908740282058,5.42,170.78,0.036576109123416245
1367,44826624,22077.198,575,18.31,0.0,198.73,-0.009275110438466072,14.26755142211914,0.4774564802646637,0.003264314955741199,0.027557373046875,0.0003,0.24945295404814005,0.8975903614457831,3.43,0.37,1.22,4.29,0.2,0.0,0.0,0.2,0.01,0.14743733882904053,5.06,157.78,0.03700578399002552
1368,44859392,22131.078,575,21.07,0.0,227.16,-0.005026526749134064,12.36336898803711,0.473784476518631,0.0026703380701178503,0.02252197265625,0.0003,0.22594259988745077,0.8761061946902655,3.97,0.62,1.41,5.46,0.19,0.0,0.0,0.19,0.0,0.1482812923192978,5.6,176.11,0.04053482576273382
1369,44892160,22186.336,576,19.8,0.0,215.07,-0.00937882624566555,13.509199142456055,0.477262020111084,0.002609020483959057,0.02295684814453125,0.0003,0.19859884252208346,0.8653637350705755,3.37,0.41,1.25,5.19,0.17,0.0,0.0,0.17,0.0,0.1333884811401367,5.04,168.96,0.03863554249983281
1370,44924928,22243.594,575,19.02,0.0,208.94,-0.007132263854146004,14.529943466186523,0.526875376701355,0.003324668444463441,0.02960968017578125,0.0003,0.20103249316732463,0.8683351468988031,3.8,0.54,1.06,5.29,0.27,0.0,0.0,0.27,0.01,0.2074522218108177,5.06,169.41,0.035220491292420775
1371,44957696,22301.186,575,19.23,0.0,216.55,-0.007332774344831705,13.953435897827148,0.5142714977264404,0.0031615603406009996,0.02812957763671875,0.0003,0.2506619593998235,0.8837471783295711,3.32,0.43,1.27,4.89,0.21,0.0,0.0,0.21,0.02,0.1605173486471176,5.28,170.14,0.03919937461614609
1372,44990464,22357.007,576,18.21,0.0,199.32,-0.007638498209416866,13.32283878326416,0.5199486613273621,0.0036193829611192996,0.03437042236328125,0.0003,0.20069422530766803,0.868421052631579,3.19,0.56,1.25,4.65,0.15,0.0,0.0,0.15,0.0,0.08925667703151703,5.1,158.98,0.03893016336951405
1373,45023232,22414.824,575,19.11,0.0,202.69,-0.0095101622864604,13.188846588134766,0.49599456787109375,0.0025019873016560723,0.02204132080078125,0.0003,0.21326276463262764,0.8712984054669703,3.52,0.42,1.28,4.67,0.13,0.0,0.0,0.13,0.01,0.09273376554250717,5.06,160.74,0.038513097795657814
1374,45056000,22473.541,575,16.95,0.0,187.35,-0.010692872107028961,15.802274703979492,0.5051883459091187,0.0032302031879432036,0.029266357421875,0.0003,0.22972525653757034,0.9128205128205128,3.36,0.49,0.97,4.45,0.1,0.0,0.0,0.1,0.01,0.054191918671131135,4.59,151.75,0.035563918005209416
1375,45088768,22531.961,575,18.36,0.0,205.47,-0.01030016504228115,15.796631813049316,0.5012806057929993,0.003748049821552968,0.035430908203125,0.0003,0.26291653928462244,0.9192399049881235,3.28,0.48,1.33,4.87,0.15,0.0,0.0,0.15,0.05,0.10563237376511098,5.09,162.59,0.03907013451680541
1376,45121536,22589.183,575,17.68,0.0,188.33,-0.00845586508512497,14.00927734375,0.4917577803134918,0.0032581666876012605,0.02811431884765625,0.0003,0.24857811977249916,0.8959608323133414,3.34,0.36,1.16,4.39,0.1,0.0,0.0,0.1,0.02,0.0815719884634018,4.73,149.4,0.03871940076351166
1377,45154304,22645.976,575,17.66,0.0,191.29,-0.007659015245735645,13.799762725830078,0.5176953077316284,0.0023844184511290223,0.02254486083984375,0.0003,0.23519571763131483,0.9075215782983971,3.23,0.4,1.24,4.68,0.11,0.0,0.0,0.11,0.01,0.07868089199066162,4.84,154.92,0.040830775862559676
1378,45187072,22700.213,575,19.28,0.0,208.91,-0.010957594029605389,14.488959312438965,0.5132611989974976,0.004323198831741593,0.0381317138671875,0.0003,0.27630402384500746,0.8770949720670391,3.78,0.39,1.23,4.89,0.19,0.0,0.0,0.19,0.0,0.14710993587970733,5.16,169.42,0.037980282155331224
1379,45219840,22757.08,575,17.6,0.0,191.06,-0.009509038180112839,13.483343124389648,0.4830001890659332,0.0034258845316799125,0.032623291015625,0.0003,0.23717739300882065,0.9075425790754258,3.38,0.53,1.03,4.68,0.23,0.0,0.0,0.23,0.02,0.1716814488172531,4.73,150.09,0.040308511233888566
1380,45252608,22815.433,575,16.98,0.0,183.86,-0.009332782588899136,14.060380935668945,0.5171709060668945,0.004456113471974277,0.04267120361328125,0.0003,0.3141650422352177,0.8778220451527224,3.08,0.42,0.89,4.2,0.1,0.0,0.0,0.1,0.02,0.06847036436200142,4.31,153.17,0.040190658532083035
1381,45285376,22872.423,575,17.96,0.0,192.54,-0.005649361293762922,14.589765548706055,0.4880513548851013,0.002063491222315861,0.02199554443359375,0.0003,0.31338028169014087,0.8679706601466992,2.93,0.39,1.1,4.56,0.13,0.0,0.0,0.13,0.03,0.10693101316690445,4.62,154.4,0.04045508033595979
1382,45318144,22929.253,575,18.37,0.0,216.8,-0.007314982824027538,14.788094520568848,0.5103941559791565,0.002962807462772332,0.0287628173828125,0.0003,0.2746650426309379,0.875725900116144,3.17,0.41,1.24,4.68,0.15,0.0,0.0,0.15,0.01,0.11184626519680023,5.01,160.06,0.041798185557127
1383,45350912,22989.249,575,16.91,0.0,281.68,-0.009999602101743221,15.816208839416504,0.5053837299346924,0.0029339021859300374,0.025909423828125,0.0003,0.3354077956108745,0.881979695431472,3.02,0.37,0.96,4.29,0.12,0.0,0.0,0.12,0.06,0.09809556812047958,4.4,153.47,0.04116302286274731
1384,45383680,23046.635,575,17.57,0.0,196.78,-0.00824558362364769,13.414811134338379,0.5203244090080261,0.0036286825443880844,0.0305633544921875,0.0003,0.25045759609518,0.9028776978417267,3.17,0.45,1.03,4.8,0.11,0.0,0.0,0.11,0.02,0.07351785778999329,4.58,157.69,0.04020856192801148
1385,45416448,23103.826,575,18.39,0.0,198.3,-0.008024533279240131,15.257844924926758,0.5001059770584106,0.00356134356985649,0.033538818359375,0.0003,0.29362101313320826,0.8877314814814815,3.7,0.49,1.11,4.66,0.11,0.0,0.0,0.11,0.0,0.06282279372215271,4.73,158.88,0.04267087671905756
1386,45449216,23160.941,575,18.49,0.0,209.63,-0.008237853646278381,11.179178237915039,0.5390996932983398,0.004544016895238201,0.0403594970703125,0.0003,0.2958122958122958,0.8795045045045045,2.62,0.32,1.27,4.71,0.18,0.0,0.0,0.18,0.01,0.1482327574491501,5.27,163.24,0.040358953294344246
1387,45481984,23218.551,575,17.45,0.0,194.96,-0.011375908739864826,12.463871002197266,0.505817174911499,0.003014908023146745,0.02803802490234375,0.0003,0.24748110831234257,0.8838323353293414,3.08,0.39,1.0,4.4,0.18,0.0,0.0,0.18,0.01,0.13085465878248215,4.6,154.8,0.03902220563031733
1388,45514752,23276.099,575,17.38,0.0,198.61,-0.010063860565423965,14.865739822387695,0.4869457185268402,0.0031844157814475693,0.02622222900390625,0.0003,0.24269455552137803,0.8740554156171285,3.61,0.39,1.04,4.52,0.11,0.0,0.0,0.11,0.01,0.09195748209953308,4.57,157.5,0.044004459050484
1389,45547520,23335.475,575,18.32,0.0,230.44,-0.0052332887426018715,13.852972030639648,0.4938942790031433,0.002093697888369661,0.02045440673828125,0.0003,0.22444581280788178,0.8795749704840614,3.16,0.44,1.1,4.76,0.21,0.0,0.0,0.21,0.0,0.14174178332090379,4.77,168.88,0.043639934388920665
1390,45580288,23390.578,575,19.71,0.0,211.51,-0.012429062277078629,16.378925323486328,0.4677101969718933,0.0032029730687668234,0.0248260498046875,0.0003,0.2187779433681073,0.8865406006674083,2.97,0.43,1.36,5.05,0.24,0.0,0.0,0.24,0.03,0.18491972744464874,5.14,171.95,0.04065146099310368
1391,45613056,23449.171,575,18.98,0.0,204.07,-0.007066646590828896,12.857959747314453,0.4525039792060852,0.002854035367818142,0.02928924560546875,0.0003,0.23692501575299307,0.8723897911832946,3.13,0.48,1.27,5.02,0.14,0.0,0.0,0.14,0.02,0.10008424893021584,5.26,164.85,0.044751672190614045
1392,45645824,23506.671,575,17.67,0.0,193.87,-0.006636597216129303,13.633479118347168,0.4742428660392761,0.001712382802850243,0.01573944091796875,0.0003,0.29027163613392293,0.8454773869346733,2.8,0.43,1.0,4.42,0.14,0.0,0.0,0.14,0.02,0.10188255786895752,4.41,159.75,0.04655480268411338
1393,45678592,23560.718,575,17.88,0.0,196.77,-0.011155643500387669,12.170467376708984,0.4933849573135376,0.0021601773512429645,0.01786041259765625,0.0003,0.2833333333333333,0.8880778588807786,3.42,0.4,1.23,4.62,0.17,0.0,0.0,0.17,0.01,0.13365301996469497,4.9,159.45,0.04033141571562737
1394,45711360,23614.665,575,15.81,0.0,172.52,-0.00787055678665638,15.044620513916016,0.46708381175994873,0.002300544135948712,0.01894378662109375,0.0003,0.3160978972768011,0.8581363004172462,3.14,0.35,1.13,4.24,0.11,0.0,0.0,0.11,0.02,0.07793154537677766,4.2,143.1,0.03756853146478534
1395,45744128,23669.987,575,18.89,0.0,206.57,-0.004715476650744677,12.116909980773926,0.46131646633148193,0.0038622794427283225,0.03557586669921875,0.0003,0.24241513968158607,0.8820160366552119,4.07,0.39,1.33,4.73,0.2,0.0,0.0,0.2,0.02,0.15093741290271281,5.18,167.69,0.03864977555349469
1396,45776896,23724.611,575,18.88,0.0,231.35,-0.006982584483921528,12.140121459960938,0.4746539294719696,0.0014647470833608622,0.0131072998046875,0.0003,0.2602945596633604,0.8404133180252583,3.37,0.46,1.26,4.96,0.15,0.0,0.0,0.15,0.01,0.11116135776042939,5.01,163.0,0.04003251646645367
1397,45809664,23778.163,576,18.21,0.0,207.06,-0.009140301495790482,12.939477920532227,0.4729805886745453,0.0026196691183599796,0.02219390869140625,0.0003,0.2508710801393728,0.8613396004700352,3.03,0.4,1.19,4.45,0.18,0.0,0.0,0.18,0.01,0.12690177783370019,4.74,165.75,0.041479257051832974
1398,45842432,23833.919,576,17.36,0.0,190.01,-0.005382081493735313,12.760809898376465,0.5087029933929443,0.002128140437946513,0.0209808349609375,0.0003,0.2926208651399491,0.8770186335403727,3.45,0.43,1.08,4.52,0.11,0.0,0.0,0.11,0.01,0.08765838548541069,4.57,151.54,0.04032237106002867
1399,45875200,23887.541,576,19.92,0.0,218.78,-0.005196284502744675,14.003849029541016,0.4692041873931885,0.0011429311622350724,0.01003265380859375,0.0003,0.2406989853438557,0.88470066518847,4.61,0.43,1.3,5.05,0.13,0.0,0.0,0.13,0.01,0.0844320011883974,5.5,175.5,0.042187164537608624
1400,45907968,23946.713,576,18.94,0.0,210.2,-0.0066317603923380375,11.603355407714844,0.4768412709236145,0.0016355543739905443,0.01583099365234375,0.0003,0.24084834398605462,0.8910675381263616,3.31,0.48,1.19,4.94,0.19,0.0,0.0,0.19,0.01,0.1440214616060257,4.91,168.82,0.03913490509148687
1401,45940736,24002.174,576,18.28,0.0,204.96,-0.006328093819320202,13.269669532775879,0.4862487316131592,0.001499907254185473,0.0128936767578125,0.0003,0.25758513931888544,0.8925233644859814,3.34,0.38,1.06,4.69,0.16,0.0,0.0,0.16,0.01,0.1053161770105362,4.73,156.7,0.03507959918351844
1402,45973504,24058.394,576,18.94,0.0,208.64,-0.005961131304502487,11.76800537109375,0.48213067650794983,0.0019221871617105535,0.019073486328125,0.0003,0.20976491862567812,0.8783185840707964,3.11,0.43,1.25,5.31,0.17,0.0,0.0,0.17,0.02,0.1345813962817192,4.97,163.03,0.04147276165895164
1403,46006272,24113.884,576,19.26,0.0,214.35,-0.010640804655849934,14.408016204833984,0.46877533197402954,0.0027443335836778715,0.0248260498046875,0.0003,0.23609898107714702,0.8737650933040615,3.65,0.5,1.17,4.95,0.15,0.0,0.0,0.15,0.03,0.10350240886211395,5.29,177.6,0.04887844913173467
1404,46039040,24167.505,576,19.42,0.0,219.74,-0.007554741110652685,10.96531867980957,0.4724847078323364,0.002645386121201909,0.02524566650390625,0.0003,0.22483407079646017,0.8864864864864865,3.07,0.54,1.12,5.31,0.23,0.0,0.0,0.23,0.01,0.18236677199602128,5.12,170.84,0.04199242370668799
1405,46071808,24223.398,576,18.75,0.0,214.63,-0.011070823296904564,13.487794876098633,0.4703807830810547,0.0037540510144822292,0.0339508056640625,0.0003,0.2632807939287799,0.8926096997690531,3.82,0.52,1.16,4.81,0.1,0.0,0.0,0.1,0.01,0.0730631959438324,4.93,163.67,0.04231874621473253
1406,46104576,24278.388,576,17.63,0.0,290.42,-0.01132950372993946,13.289750099182129,0.5106772780418396,0.0038115260196889267,0.036468505859375,0.0003,0.2603931679020303,0.875,3.97,0.34,0.99,4.7,0.16,0.0,0.0,0.16,0.03,0.12261955320835113,4.44,151.57,0.043529353686608374
1407,46137344,24334.798,576,16.7,0.0,184.87,-0.006286121439188719,15.14653491973877,0.5113124251365662,0.0033521393468021188,0.02974700927734375,0.0003,0.3197452229299363,0.8593350383631714,2.79,0.32,1.04,4.27,0.12,0.0,0.0,0.12,0.01,0.09086063265800476,4.33,148.37,0.039476365549489856
1408,46170112,24388.876,576,17.36,0.0,196.06,-0.010959414765238762,11.599578857421875,0.5188497304916382,0.0040927219237687495,0.03620147705078125,0.0003,0.2823785803237858,0.8477722772277227,3.01,0.51,1.14,4.64,0.24,0.0,0.0,0.24,0.07,0.1790687282383442,4.46,160.26,0.04077524854801595
1409,46202880,24446.281,576,17.75,0.0,190.15,-0.0064057656563818455,14.863691329956055,0.4949008524417877,0.0038483012708638853,0.03768157958984375,0.0003,0.3052030456852792,0.8283313325330132,3.13,0.41,1.04,4.64,0.09,0.0,0.0,0.09,0.04,0.06714682102203369,4.68,165.18,0.0412492185132578
1410,46235648,24503.045,576,18.45,0.0,210.43,-0.007795208133757114,14.604469299316406,0.47152116894721985,0.0032242251273828515,0.03448486328125,0.0003,0.267883867105657,0.8554083885209713,2.86,0.42,1.3,4.69,0.14,0.0,0.0,0.14,0.01,0.10380739256739617,4.89,164.17,0.04624404094647616
1411,46268416,24559.131,576,18.93,0.0,209.62,-0.010082211345434189,16.19439125061035,0.48550593852996826,0.002519297836215628,0.02207183837890625,0.0003,0.28134909195733643,0.8509719222462203,2.76,0.52,1.4,5.06,0.17,0.0,0.0,0.17,0.01,0.12948626652359962,5.16,171.31,0.04014745040331036
1412,46301184,24613.155,576,17.51,0.0,192.31,-0.003774233628064394,15.062261581420898,0.49667614698410034,0.00238134039148008,0.0196533203125,0.0003,0.35732565579014713,0.8508014796547472,3.33,0.29,1.05,4.97,0.1,0.0,0.0,0.1,0.03,0.07000000014901162,4.57,155.18,0.03881630511023104
1413,46333952,24668.413,576,18.04,0.0,196.11,-0.004396267235279083,17.66736602783203,0.49122822284698486,0.004650073315644931,0.038604736328125,0.0003,0.3534925914726338,0.8163265306122449,3.3,0.42,0.9,4.76,0.13,0.0,0.0,0.13,0.02,0.09245000079274178,4.52,161.99,0.04625023889821023
1414,46366720,24722.235,576,18.05,0.0,200.72,-0.007616687566041946,14.908766746520996,0.4693068861961365,0.003757642698985819,0.0273284912109375,0.0003,0.2503835532371893,0.8053927315357562,2.98,0.49,1.25,4.74,0.14,0.0,0.0,0.14,0.02,0.09220688924193382,4.89,162.2,0.04145796818193048
1415,46399488,24778.57,576,17.46,0.0,192.94,-0.012318232096731663,12.982290267944336,0.5032103657722473,0.0034476526350601944,0.0322418212890625,0.0003,0.30759728227300803,0.8506024096385543,2.3,0.44,1.07,4.96,0.08,0.0,0.0,0.08,0.01,0.05536274865269661,4.5,158.77,0.04289295198395848
1416,46432256,24834.598,576,16.27,0.0,183.31,-0.010862894356250763,15.53070068359375,0.49291014671325684,0.0028169150236294627,0.0238800048828125,0.0003,0.3029733959311424,0.8117326057298773,3.11,0.33,0.98,4.1,0.08,0.0,0.0,0.08,0.03,0.05923903182148933,4.4,146.77,0.04069480986800045
1417,46465024,24888.432,576,17.95,0.0,206.27,-0.009049334563314915,14.68069076538086,0.5005095601081848,0.0035735746613454467,0.030914306640625,0.0003,0.30686567164179107,0.8176470588235294,3.06,0.37,1.29,5.1,0.13,0.0,0.0,0.13,0.0,0.10181894838809967,4.93,165.59,0.04309499089140445
1418,46497792,24944.564,576,18.05,0.0,212.0,-0.008856687694787979,13.686564445495605,0.4930868148803711,0.00287011627500533,0.023956298828125,0.0003,0.305829596412556,0.821640903686088,3.08,0.42,1.22,5.24,0.1,0.0,0.0,0.1,0.01,0.07900876313447952,4.73,163.45,0.0406364364316687
1419,46530560,24999.917,576,18.04,0.0,199.68,-0.010079272091388702,13.631426811218262,0.48068898916244507,0.0038502211146465015,0.03447723388671875,0.0003,0.29072990452725594,0.8404384896467723,3.42,0.41,1.24,4.81,0.11,0.0,0.0,0.11,0.02,0.08050759643316269,4.8,159.43,0.04141518019605428
1420,46563328,25054.932,576,17.65,0.0,215.13,-0.009401338174939156,11.610509872436523,0.5008710026741028,0.003887940631557285,0.0362396240234375,0.0003,0.2975030450669915,0.7995079950799509,3.27,0.39,1.19,4.84,0.12,0.0,0.0,0.12,0.0,0.09214365005493164,4.7,157.33,0.03577647602651268
1421,46596096,25114.959,576,19.35,0.0,212.06,-0.006939541082829237,14.142870903015137,0.5016882419586182,0.002440006983732701,0.0210418701171875,0.0003,0.2702307917031843,0.8294573643410853,3.72,0.47,1.39,5.16,0.11,0.0,0.0,0.11,0.02,0.09123706877231598,5.39,172.47,0.041128755430690944
1422,46628864,25170.991,576,18.45,0.0,309.9,-0.010226468555629253,14.093995094299316,0.5181795954704285,0.002185200183532743,0.01873779296875,0.0003,0.31973570812984775,0.8220436280137773,3.54,0.35,1.17,4.69,0.2,0.0,0.0,0.2,0.04,0.15009611666202546,4.86,162.17,0.037659146008081734
1423,46661632,25226.407,576,17.28,0.0,197.55,-0.008595547638833523,17.152324676513672,0.5151920318603516,0.0034192808748230163,0.02880096435546875,0.0003,0.27200236266981687,0.8287841191066998,3.32,0.34,1.13,4.52,0.1,0.0,0.0,0.1,0.0,0.06662552893161773,4.61,156.93,0.04366715915966779
1424,46694400,25283.828,576,18.4,0.0,208.3,-0.007171778008341789,14.320792198181152,0.5407038927078247,0.0038682665300768804,0.03897857666015625,0.0003,0.24246008279124778,0.851808634772462,2.51,0.46,1.33,4.97,0.18,0.0,0.0,0.18,0.01,0.12705531001091003,4.77,164.0,0.04024619539268315
1425,46727168,25341.18,576,19.24,0.0,210.92,-0.009085682220757008,12.958104133605957,0.5275828242301941,0.006921076941125648,0.05240631103515625,0.0003,0.3271375464684015,0.8460648148148148,3.09,0.4,1.24,5.09,0.11,0.0,0.0,0.11,0.02,0.07655896782875062,4.99,172.85,0.041759538115002215
1426,46759936,25398.972,576,17.43,0.0,192.27,-0.008248149417340755,13.79153060913086,0.5175410509109497,0.0022854500991229543,0.024169921875,0.0003,0.2917321596982081,0.8633540372670807,3.47,0.37,1.03,4.49,0.14,0.0,0.0,0.14,0.02,0.11112458884716034,4.67,157.81,0.03914612077642232
1427,46792704,25457.473,576,16.77,0.0,185.41,-0.008431573398411274,15.266222953796387,0.5235517024993896,0.0022169957782125493,0.0193023681640625,0.0003,0.25545780384490063,0.8425584255842559,2.93,0.47,0.94,4.64,0.11,0.0,0.0,0.11,0.0,0.0862713822722435,4.34,155.58,0.04360797896515578
1428,46825472,25514.157,576,18.65,0.0,208.5,-0.008176158182322979,13.322851181030273,0.5181349515914917,0.0023607518985500064,0.02341461181640625,0.0003,0.2685749086479903,0.8508670520231214,3.0,0.43,1.2,5.17,0.13,0.0,0.0,0.13,0.0,0.08774134874343872,4.66,161.46,0.04324435058515519
1429,46858240,25571.814,576,18.82,0.0,209.45,-0.004870392382144928,13.80130386352539,0.514114260673523,0.0022730484414523744,0.02501678466796875,0.0003,0.20618863433501933,0.8582677165354331,3.27,0.49,1.28,5.19,0.1,0.0,0.0,0.1,0.0,0.08545512855052947,4.67,166.35,0.04171817656606436
1430,46891008,25630.132,576,18.65,0.0,202.97,-0.009746888652443886,12.270742416381836,0.5089942812919617,0.00216166653729033,0.0201416015625,0.0003,0.26317347542924807,0.8143021914648212,3.49,0.45,1.1,4.83,0.11,0.0,0.0,0.11,0.02,0.08280569463968276,4.54,163.38,0.04206351225730032
1431,46923776,25688.237,576,17.68,0.0,289.83,-0.00792812928557396,16.071197509765625,0.5085811018943787,0.0036695273317945976,0.03696441650390625,0.0003,0.2754165249914995,0.8345959595959596,2.99,0.43,1.05,4.24,0.18,0.0,0.0,0.18,0.01,0.14123631954193117,4.78,148.3,0.03500667924527079
1432,46956544,25744.281,576,18.1,0.0,196.59,-0.009452076628804207,12.462697982788086,0.4939030706882477,0.0023112415991022317,0.021240234375,0.0003,0.2770313499680102,0.8196125907990315,3.33,0.53,1.14,4.68,0.13,0.0,0.0,0.13,0.01,0.09086425252258777,4.6,161.45,0.03940821310970932
1433,46989312,25804.389,576,18.26,0.0,201.47,-0.007892768830060959,12.73597526550293,0.4867362380027771,0.002307974889504294,0.0188446044921875,0.0003,0.24694002447980415,0.8152562574493445,3.26,0.32,1.33,4.97,0.12,0.0,0.0,0.12,0.01,0.09814045965671539,4.95,161.33,0.04189586138818413
1434,47022080,25859.593,576,19.62,0.0,220.2,-0.006346210837364197,13.115198135375977,0.46698030829429626,0.0024022907689982276,0.0215911865234375,0.0003,0.27082692898862587,0.8114478114478114,3.61,0.47,1.19,5.12,0.14,0.0,0.0,0.14,0.01,0.09977635994553566,5.06,165.54,0.03836988063994795
1435,47054848,25915.493,576,18.56,0.0,225.97,-0.0046796840615570545,14.373432159423828,0.5036216974258423,0.0032298554988301476,0.0333404541015625,0.0003,0.20906567992599445,0.8294930875576036,3.65,0.4,1.32,4.75,0.13,0.0,0.0,0.13,0.01,0.08862607389688491,4.99,163.31,0.03974749182816595
1436,47087616,25972.816,576,17.65,0.0,228.41,-0.008767610415816307,12.414761543273926,0.518865168094635,0.002967076421384718,0.02753448486328125,0.0003,0.24427480916030533,0.7911001236093943,3.25,0.43,0.92,4.8,0.2,0.0,0.0,0.2,0.0,0.13668493434786796,4.26,155.28,0.04044034576509148
1437,47120384,26028.041,576,20.41,0.0,224.13,-0.005841108504682779,15.709806442260742,0.49445420503616333,0.0032639103877727393,0.0312652587890625,0.0003,0.2461408925063149,0.7967479674796748,3.84,0.48,1.17,5.4,0.24,0.0,0.0,0.24,0.02,0.18444329738616944,5.39,178.64,0.04029929230455309
1438,47153152,26086.67,576,17.35,0.0,186.47,-0.00410678144544363,13.919158935546875,0.5003660917282104,0.0016089389563376244,0.016510009765625,0.0003,0.23586810228802155,0.8331226295828066,3.65,0.34,1.0,4.35,0.11,0.0,0.0,0.11,0.02,0.07962499976158142,4.5,151.27,0.04144117736723274
1439,47185920,26146.576,576,17.61,0.0,194.72,-0.006400128826498985,12.609733581542969,0.5081593990325928,0.0018780084878926573,0.01808929443359375,0.0003,0.22671931556433036,0.8228004956629492,3.49,0.34,1.0,4.78,0.14,0.0,0.0,0.14,0.03,0.10402327835559845,4.25,151.43,0.041338860522955656
1440,47218688,26202.996,576,19.44,0.0,208.22,-0.008561400696635246,13.704448699951172,0.4923374354839325,0.002154789429170023,0.02072906494140625,0.0003,0.22730042656916513,0.8221258134490239,3.32,0.42,1.19,5.13,0.16,0.0,0.0,0.16,0.01,0.12223352402448655,5.28,162.25,0.03722252673469484
1441,47251456,26261.227,576,18.98,0.0,206.48,-0.004675449337810278,14.298820495605469,0.4838690161705017,0.0012367533223596183,0.01197052001953125,0.0003,0.22394881170018283,0.8277456647398844,3.3,0.37,1.23,5.17,0.17,0.0,0.0,0.17,0.01,0.11450693041086196,4.97,162.61,0.04250138264615089
1442,47284224,26316.345,576,22.23,0.0,241.78,-0.0035551879554986954,14.765663146972656,0.44347262382507324,0.0027130752114601364,0.02123260498046875,0.0003,0.18310626702997276,0.8452611218568665,4.13,0.56,1.58,6.29,0.26,0.0,0.0,0.26,0.02,0.19669184908270837,6.36,190.51,0.04322306998074055
1443,47316992,26373.569,576,17.9,0.0,192.25,-0.008748306892812252,15.645415306091309,0.4796808660030365,0.0024035911144437705,0.0202484130859375,0.0003,0.19812540400775694,0.8416075650118203,3.87,0.44,1.05,4.8,0.12,0.0,0.0,0.12,0.0,0.0818857604265213,4.5,158.11,0.03838408051524311
1444,47349760,26428.616,576,19.72,0.0,226.05,-0.009629638865590096,12.582409858703613,0.45336711406707764,0.003041511488163451,0.02390289306640625,0.0003,0.24275256222547584,0.8303094983991463,3.4,0.41,1.46,5.24,0.21,0.0,0.0,0.21,0.01,0.12666765868663787,5.48,172.83,0.03561364987399429
1445,47382528,26482.875,576,18.29,0.0,199.35,-0.008992234244942665,12.795608520507812,0.4676516652107239,0.0028767841016588136,0.02790069580078125,0.0003,0.1831964624131396,0.8306818181818182,2.94,0.42,1.13,4.78,0.12,0.0,0.0,0.12,0.0,0.08175059229135513,4.6,159.01,0.0405146045377478
1446,47415296,26541.646,576,17.84,0.0,196.61,-0.009404723532497883,13.361785888671875,0.4607413411140442,0.0027325995337719178,0.025390625,0.0003,0.23730501161632925,0.860774818401937,2.96,0.35,1.18,5.04,0.12,0.0,0.0,0.12,0.02,0.08924233376979827,4.66,156.41,0.04069134779274464
1447,47448064,26599.011,576,18.63,0.0,206.22,-0.00867555197328329,16.911972045898438,0.4601019620895386,0.00302927466498204,0.03067779541015625,0.0003,0.2442159383033419,0.8745603751465416,3.45,0.35,1.31,4.85,0.18,0.0,0.0,0.18,0.01,0.12166992485523224,5.04,164.11,0.042755068629048765
1448,47480832,26655.058,576,18.73,0.0,214.62,-0.009179175831377506,14.91965103149414,0.48556822538375854,0.003642788815454878,0.0332794189453125,0.0003,0.2813865423827556,0.8181818181818182,3.44,0.4,1.28,5.0,0.12,0.0,0.0,0.12,0.02,0.08058969050645828,4.91,166.25,0.04129775438923389
1449,47513600,26715.247,576,19.24,0.0,213.06,-0.008007115684449673,13.103130340576172,0.4836634695529938,0.005220223494006859,0.0430145263671875,0.0003,0.29404797157240153,0.8164627363737486,3.22,0.33,1.26,4.88,0.18,0.0,0.0,0.18,0.01,0.13439047187566758,5.11,171.94,0.0411054213764146
1450,47546368,26772.358,576,15.84,0.0,173.75,-0.008232592605054379,16.378910064697266,0.5095019936561584,0.003244842491255895,0.02962493896484375,0.0003,0.27751358695652173,0.8171896316507503,2.8,0.38,1.09,4.14,0.09,0.0,0.0,0.09,0.0,0.06402380883693695,4.05,145.23,0.04085480549838394
1451,47579136,26830.064,576,15.71,0.0,175.29,-0.0064660366624593735,14.00484848022461,0.5152313709259033,0.002907672113508397,0.0294189453125,0.0003,0.31593312862504264,0.8430079155672823,2.45,0.26,0.77,4.19,0.06,0.0,0.0,0.06,0.01,0.03786350578069687,3.78,146.54,0.04042165423743427
1452,47611904,26886.771,576,17.68,0.0,195.77,-0.009623362682759762,12.800455093383789,0.523469090461731,0.0034414775224149707,0.0342864990234375,0.0003,0.32652439024390245,0.8241626794258373,3.34,0.5,0.99,4.61,0.11,0.0,0.0,0.11,0.0,0.07837172120809555,4.52,158.01,0.041942794690839946
1453,47644672,26945.454,576,19.0,0.0,203.66,-0.009515324607491493,12.81981086730957,0.47809624671936035,0.005453564482991169,0.04836273193359375,0.0003,0.2863891349276646,0.8199767711962834,3.48,0.46,1.08,4.84,0.08,0.0,0.0,0.08,0.0,0.052924731075763704,4.71,166.36,0.038231550832279027
1454,47677440,27002.264,576,16.56,0.0,176.94,-0.007018428295850754,14.437849044799805,0.49933362007141113,0.003943056725816518,0.0376129150390625,0.0003,0.34861766689143625,0.836241610738255,3.22,0.38,0.84,4.33,0.16,0.0,0.0,0.16,0.0,0.11379425793886185,4.08,148.39,0.040741855977103114
1455,47710208,27057.301,576,17.41,0.0,191.09,-0.006944836117327213,14.453054428100586,0.5070882439613342,0.002443423334000272,0.02392578125,0.0003,0.3018159048215404,0.8345588235294118,2.48,0.35,1.15,4.81,0.13,0.0,0.0,0.13,0.01,0.09042308509349822,4.55,163.4,0.04245310847181827
1456,47742976,27116.799,576,16.23,0.0,181.23,-0.00989077053964138,12.610116958618164,0.49303725361824036,0.00252044052260203,0.02364349365234375,0.0003,0.30317040951122853,0.8527918781725888,2.56,0.23,1.13,4.44,0.04,0.0,0.0,0.04,0.0,0.021781608760356903,4.23,151.06,0.04107881395611912
1457,47775744,27172.896,576,20.42,0.0,218.44,-0.0072812228463590145,14.50262451171875,0.4501395523548126,0.003203545132180352,0.027252197265625,0.0003,0.2296636964645013,0.8539325842696629,4.06,0.46,1.38,5.34,0.1,0.0,0.0,0.1,0.0,0.07398027420043946,5.43,181.96,0.04392136400565505
1458,47808512,27232.843,576,19.41,0.0,305.91,-0.007969792000949383,13.261589050292969,0.47231894731521606,0.004335413058669246,0.0339508056640625,0.0003,0.24480578139114725,0.8542600896860987,2.73,0.45,1.35,5.36,0.1,0.0,0.0,0.1,0.04,0.07935552328824996,5.08,170.81,0.043643961544148624
1459,47841280,27288.207,576,18.93,0.0,199.66,-0.006368750706315041,15.923513412475586,0.45458728075027466,0.0034983022684400567,0.03084564208984375,0.0003,0.22823678379233936,0.8712984054669703,3.11,0.48,1.36,5.18,0.17,0.0,0.0,0.17,0.0,0.1323709824681282,4.91,166.73,0.04495738563127816
1460,47874048,27343.869,576,18.3,0.0,292.67,-0.009897073730826378,13.56697940826416,0.48250600695610046,0.002499342195449117,0.02242279052734375,0.0003,0.21126302083333334,0.8810939357907254,3.06,0.36,1.22,4.9,0.15,0.0,0.0,0.15,0.0,0.0997562213242054,4.63,157.81,0.038735139882192016
1461,47906816,27399.638,576,18.95,0.0,202.21,-0.006797670386731625,13.24792766571045,0.4785388112068176,0.0019854443870599425,0.01848602294921875,0.0003,0.21371463714637146,0.8565121412803532,3.77,0.46,1.17,5.2,0.11,0.0,0.0,0.11,0.01,0.07911435127258301,4.97,166.61,0.04231248889118433
1462,47939584,27458.278,576,17.41,0.0,288.13,-0.0075337630696594715,13.476293563842773,0.4966687858104706,0.001767851376030194,0.01683807373046875,0.0003,0.2059202059202059,0.8614457831325302,3.13,0.51,0.98,4.82,0.14,0.0,0.0,0.14,0.03,0.0829626702517271,4.52,152.94,0.04152631864417344
1463,47972352,27516.903,576,19.34,0.0,306.8,-0.004805494099855423,14.719898223876953,0.46976757049560547,0.0019898042209547384,0.01749420166015625,0.0003,0.21843928894245254,0.8534675615212528,3.07,0.46,1.05,4.84,0.18,0.0,0.0,0.18,0.02,0.12830326355993749,4.6,175.3,0.04214864852838218
1464,48005120,27571.482,576,18.69,0.0,207.21,-0.010500483214855194,13.676863670349121,0.4901426136493683,0.0016790597052818157,0.0143585205078125,0.0003,0.21787208607292288,0.8464203233256351,2.94,0.42,1.38,5.3,0.2,0.0,0.0,0.2,0.0,0.14529165655374526,5.06,167.19,0.04161575646139681
1465,48037888,27629.926,576,18.49,0.0,207.63,-0.008225026540458202,13.465142250061035,0.48785871267318726,0.002451271853004755,0.02099609375,0.0003,0.18516209476309228,0.8643101482326112,3.65,0.43,1.29,4.87,0.17,0.0,0.0,0.17,0.01,0.11018957041203975,4.82,162.25,0.03840166551526636
1466,48070656,27687.16,576,19.65,0.0,214.03,-0.009268717840313911,15.222822189331055,0.4805757999420166,0.0027396635958325533,0.0267486572265625,0.0003,0.2029197080291971,0.8810754912099276,3.03,0.38,1.34,5.6,0.1,0.0,0.0,0.1,0.01,0.071539888381958,5.33,177.32,0.04008433036506176
1467,48103424,27745.226,576,17.95,0.0,189.43,-0.009590611793100834,15.733807563781738,0.47597816586494446,0.002334115339181153,0.02216339111328125,0.0003,0.1851488387307818,0.8637992831541219,2.78,0.34,1.16,4.63,0.11,0.0,0.0,0.11,0.0,0.08687812685966492,4.73,161.09,0.03850522928405553
1468,48136192,27803.111,576,19.88,0.0,209.49,-0.009175572544336319,14.469115257263184,0.48328959941864014,0.002286480778082023,0.02176666259765625,0.0003,0.1574873474248288,0.8696120689655172,3.38,0.62,1.33,5.23,0.15,0.0,0.0,0.15,0.0,0.11995694369077682,5.42,171.02,0.03940461471211165
1469,48168960,27859.363,576,20.95,0.0,226.85,-0.0041268616914749146,16.803213119506836,0.4700005054473877,0.002214828522824064,0.0205535888671875,0.0003,0.20815632965165676,0.8903420523138833,4.46,0.54,1.37,5.61,0.15,0.0,0.0,0.15,0.01,0.1089882892370224,5.55,180.88,0.04313489072956145
1470,48201728,27915.12,576,19.09,0.0,205.6,-0.008494142442941666,17.027175903320312,0.4867877662181854,0.0033076287271569527,0.02678680419921875,0.0003,0.24413004214328718,0.8675496688741722,3.5,0.42,1.19,5.01,0.12,0.0,0.0,0.12,0.0,0.0850787653028965,4.91,164.45,0.03830198070500046
1471,48234496,27970.278,576,18.46,0.0,199.0,-0.008503773249685764,14.307908058166504,0.4752258062362671,0.003610347587994056,0.03195953369140625,0.0003,0.23110831234256926,0.8640661938534279,3.4,0.46,1.19,5.11,0.16,0.0,0.0,0.16,0.0,0.12347027719020844,4.74,157.7,0.04273410572204739
1472,48267264,28026.926,576,19.13,0.0,204.82,-0.00944119319319725,14.269107818603516,0.4615003764629364,0.004009655711826099,0.03682708740234375,0.0003,0.23708206686930092,0.8651933701657458,3.2,0.48,1.33,5.12,0.11,0.0,0.0,0.11,0.0,0.07753391474485398,5.06,166.21,0.04149439057800919
1473,48300032,28082.629,576,17.27,0.0,190.46,-0.0056337229907512665,11.847433090209961,0.43836289644241333,0.002227322012231525,0.019439697265625,0.0003,0.2264212947748932,0.8689320388349514,2.7,0.36,1.22,4.6,0.09,0.0,0.0,0.09,0.02,0.07048706829547882,4.66,157.8,0.037324907490983605
1474,48332800,28139.812,576,19.5,0.0,209.86,-0.010017702355980873,13.627084732055664,0.4780101776123047,0.002915077929060317,0.0254974365234375,0.0003,0.20999704229517893,0.8622222222222222,2.8,0.38,1.29,5.13,0.11,0.0,0.0,0.11,0.0,0.07481769762933255,5.37,170.54,0.041706962743774056
1475,48365568,28193.933,576,19.6,0.0,210.53,-0.007329144980758429,13.538665771484375,0.46114540100097656,0.0029655856085923915,0.02983856201171875,0.0003,0.22094395280235987,0.88,3.7,0.44,1.14,5.36,0.09,0.0,0.0,0.09,0.0,0.07094556376338006,4.98,171.19,0.04454508109483868
1476,48398336,28247.745,576,21.14,0.0,230.74,-0.005747341085225344,13.201416969299316,0.45634394884109497,0.002144783581769616,0.0198516845703125,0.0003,0.19585635359116021,0.8501945525291829,3.65,0.52,1.55,5.86,0.13,0.0,0.0,0.13,0.0,0.08923714011907577,5.79,178.07,0.039663533796556294
1477,48431104,28306.052,576,18.94,0.0,204.51,-0.008952814154326916,13.515865325927734,0.47101733088493347,0.0020498286364158957,0.018829345703125,0.0003,0.18462007934086055,0.8627002288329519,2.84,0.34,1.47,5.02,0.11,0.0,0.0,0.11,0.0,0.08222087264060975,5.34,166.49,0.038793472573161125
1478,48463872,28361.067,576,19.87,0.0,210.52,-0.010396362282335758,13.519776344299316,0.4549739360809326,0.0025696613580521444,0.02256011962890625,0.0003,0.20801700576981477,0.86084142394822,3.29,0.52,1.4,5.22,0.17,0.0,0.0,0.17,0.01,0.12123777002096175,5.31,173.7,0.03685432649217546
1479,48496640,28418.29,576,19.56,0.0,207.32,-0.009720183908939362,13.306665420532227,0.4488793611526489,0.003284729299821265,0.0280303955078125,0.0003,0.19353836595215906,0.8476605005440696,3.43,0.47,1.33,5.13,0.09,0.0,0.0,0.09,0.01,0.07563970640301704,4.94,164.1,0.03548213711474091
1480,48529408,28477.7,576,19.52,0.0,208.07,-0.009701540693640709,14.81454849243164,0.4646317958831787,0.0026887882504524896,0.02613067626953125,0.0003,0.23120694818808027,0.8353591160220994,3.43,0.53,1.17,5.25,0.08,0.0,0.0,0.08,0.0,0.0613720640540123,4.94,170.52,0.042875057202763855
1481,48562176,28535.088,576,21.26,0.0,228.85,-0.006040567997843027,14.919650077819824,0.43450337648391724,0.004394618392211669,0.02260589599609375,0.0003,0.21838440111420612,0.8575757575757575,3.76,0.57,1.66,5.87,0.25,0.0,0.0,0.25,0.01,0.20397890061140062,6.06,190.66,0.04123865719884634
1482,48594944,28594.254,576,20.96,0.0,230.85,-0.0058004469610750675,13.430919647216797,0.44178831577301025,0.003082762638314307,0.0274505615234375,0.0003,0.173371104815864,0.8474747474747475,4.26,0.59,1.35,5.53,0.16,0.0,0.0,0.16,0.0,0.10565756320953369,5.48,180.35,0.04268241371028125
1483,48627712,28653.451,576,18.97,0.0,203.8,-0.008047958835959435,16.22310447692871,0.4412336051464081,0.002239531448310572,0.02053070068359375,0.0003,0.1931748933577087,0.859465737514518,3.51,0.44,1.29,4.85,0.13,0.0,0.0,0.13,0.0,0.09891152083873749,5.0,162.43,0.04230973089579493
1484,48660480,28711.566,576,20.36,0.0,222.57,-0.007317814510315657,14.587448120117188,0.4529925584793091,0.0023455167885231276,0.02178955078125,0.0003,0.17229536348025187,0.8667366211962224,3.13,0.46,1.35,5.38,0.17,0.0,0.0,0.17,0.01,0.13386323422193527,5.52,177.03,0.04177168617025018
1485,48693248,28768.93,576,20.81,0.0,225.95,-0.004941699095070362,12.542747497558594,0.44510146975517273,0.002871693001281983,0.02251434326171875,0.0003,0.18575851393188855,0.8485158648925282,3.05,0.56,1.41,5.81,0.08,0.0,0.0,0.08,0.0,0.05519147604703903,5.48,175.9,0.0410538628930226
1486,48726016,28827.588,576,20.0,0.0,221.02,-0.006365400273352861,18.551084518432617,0.4702562391757965,0.005578246903013451,0.0425262451171875,0.0003,0.2249645390070922,0.8513089005235602,4.16,0.45,1.42,5.54,0.09,0.0,0.0,0.09,0.0,0.06984600126743316,5.5,177.04,0.037693533464334905
1487,48758784,28885.184,576,19.01,0.0,206.77,-0.00956568494439125,15.125444412231445,0.4778118133544922,0.002831546879576763,0.0265655517578125,0.0003,0.17014742014742015,0.8758241758241758,3.15,0.51,1.21,4.66,0.15,0.0,0.0,0.15,0.0,0.11274143666028977,4.69,165.42,0.03788892400916666
1488,48791552,28943.8,576,18.77,0.0,200.97,-0.0059592099860310555,14.563154220581055,0.46734195947647095,0.0033310127991512672,0.028656005859375,0.0003,0.18992850481815357,0.8776896942242356,2.74,0.35,1.22,5.03,0.09,0.0,0.0,0.09,0.0,0.07015096217393875,4.89,169.41,0.04290644882712513
1489,48824320,29000.76,576,20.18,0.0,315.97,-0.008445215411484241,13.858732223510742,0.4951537847518921,0.002986298121868458,0.0291900634765625,0.0003,0.19129438717067582,0.8768115942028986,3.33,0.46,1.35,5.33,0.12,0.0,0.0,0.12,0.03,0.07603117048740388,5.49,171.66,0.036912538460455835
1490,48857088,29055.459,576,19.02,0.0,203.57,-0.008215624839067459,13.22739028930664,0.4847862422466278,0.002642611722166066,0.02330780029296875,0.0003,0.24225697638761115,0.8589164785553047,2.96,0.39,1.24,5.22,0.16,0.0,0.0,0.16,0.01,0.1303982013463974,5.04,166.94,0.04164107423275709
1491,48889856,29113.307,576,19.68,0.0,212.63,-0.009874904528260231,13.272724151611328,0.4812600612640381,0.003086615619508848,0.028594970703125,0.0003,0.2,0.8588235294117647,3.69,0.46,1.34,5.4,0.09,0.0,0.0,0.09,0.0,0.060679484903812406,5.09,168.16,0.045132344821467996
1492,48922624,29171.316,576,17.32,0.0,208.22,-0.007866879925131798,11.651714324951172,0.49065443873405457,0.002985680302572291,0.02796173095703125,0.0003,0.20682730923694778,0.867080745341615,3.13,0.37,1.12,4.49,0.13,0.0,0.0,0.13,0.0,0.10004780381917953,4.43,153.46,0.04055990104097873
1493,48955392,29229.265,576,20.24,0.0,219.32,-0.010167738422751427,13.501036643981934,0.499628484249115,0.003565748425046422,0.0313873291015625,0.0003,0.20908577878103837,0.9017951425554382,3.51,0.52,1.28,5.4,0.08,0.0,0.0,0.08,0.0,0.062325550019741056,5.36,176.93,0.0379923926666379
1494,48988160,29286.795,576,19.52,0.0,214.33,-0.008641267195343971,16.249149322509766,0.4867890775203705,0.003305517642331779,0.03279876708984375,0.0003,0.3056668574699485,0.8681672025723473,3.71,0.43,1.35,5.34,0.14,0.0,0.0,0.14,0.0,0.11135928958654404,5.35,180.6,0.038309606607072055
1495,49020928,29340.985,576,19.92,0.0,217.03,-0.009111128747463226,13.699110984802246,0.4926024079322815,0.0025005479363926497,0.02416229248046875,0.0003,0.22897876054698865,0.8895966029723992,3.91,0.43,1.24,5.39,0.13,0.0,0.0,0.13,0.0,0.09686271488666534,5.36,172.99,0.04048580047674477
1496,49053696,29396.402,576,18.76,0.0,298.69,-0.006998072378337383,15.804409980773926,0.47414129972457886,0.0019190481658597491,0.0207977294921875,0.0003,0.2030360531309298,0.8677685950413223,3.43,0.56,1.37,4.79,0.1,0.0,0.0,0.1,0.02,0.08539772808551788,5.14,162.8,0.04360210103914142
1497,49086464,29453.614,576,19.43,0.0,212.17,-0.007975617423653603,13.131729125976562,0.47886914014816284,0.0031929272957995636,0.02950286865234375,0.0003,0.1885833831440526,0.8491189427312775,3.01,0.44,1.37,5.56,0.15,0.0,0.0,0.15,0.0,0.09389627575874329,5.38,168.55,0.04245258425362408
1498,49119232,29509.628,576,18.21,0.0,197.69,-0.010647553019225597,13.576623916625977,0.507901132106781,0.0024328908959034834,0.02324676513671875,0.0003,0.2366248853561602,0.8762135922330098,3.24,0.37,1.22,4.92,0.13,0.0,0.0,0.13,0.0,0.091693414747715,4.86,159.31,0.03663581470027566
1499,49152000,29565.583,576,20.04,0.0,218.76,-0.008571465499699116,16.015222549438477,0.45753544569015503,0.0022486747460561674,0.0190887451171875,0.0003,0.22635431918008786,0.8520518358531317,3.49,0.46,1.48,5.23,0.17,0.0,0.0,0.17,0.0,0.11726103328168393,5.59,174.8,0.037958487402647734
1500,49184768,29620.125,576,18.5,0.0,203.86,-0.007551893591880798,11.848333358764648,0.47961780428886414,0.0020123062922721147,0.0196533203125,0.0003,0.29122701236056675,0.8776470588235294,3.57,0.41,1.26,5.08,0.15,0.0,0.0,0.15,0.0,0.11266091853380203,4.93,164.55,0.03861692419741303
1501,49217536,29678.692,576,18.92,0.0,216.56,-0.00981985405087471,13.705865859985352,0.4966592490673065,0.002975712142529119,0.02591705322265625,0.0003,0.24188034188034188,0.8737316798196166,2.78,0.4,1.07,5.33,0.11,0.0,0.0,0.11,0.03,0.071738960146904,4.66,170.63,0.04213153105229139
1502,49250304,29736.65,576,19.77,0.0,221.77,-0.009082266129553318,16.10702896118164,0.45115482807159424,0.0029195645592494657,0.02611541748046875,0.0003,0.23688711516533636,0.8577586206896551,4.32,0.57,1.24,5.52,0.07,0.0,0.0,0.07,0.0,0.05008578419685364,5.19,177.45,0.04250973684247583
1503,49283072,29791.519,576,19.78,0.0,218.92,-0.003748655319213867,14.853273391723633,0.44837987422943115,0.0017831029335866333,0.0176544189453125,0.0003,0.28214804063860666,0.8664459161147903,3.64,0.51,1.33,5.05,0.02,0.0,0.0,0.02,0.02,0.01600000023841858,5.63,175.93,0.04475636687129736
1504,49315840,29846.311,576,18.09,0.0,229.25,-0.006092472467571497,12.64113998413086,0.47937947511672974,0.0019873718779308547,0.01886749267578125,0.0003,0.24286152901443045,0.8517200474495848,3.13,0.36,1.15,4.93,0.15,0.0,0.0,0.15,0.0,0.10869785144925118,4.61,164.43,0.04625483264680952
1505,49348608,29904.15,576,17.57,0.0,237.13,-0.004791603423655033,14.388246536254883,0.47616782784461975,0.0022655587144981837,0.02130126953125,0.0003,0.2778654878433849,0.8728179551122195,3.04,0.43,1.19,4.95,0.09,0.0,0.0,0.09,0.0,0.06570656388998032,4.62,160.24,0.04409585730172694
1506,49381376,29960.633,576,19.58,0.0,220.1,-0.006890548393130302,10.950677871704102,0.5006557703018188,0.0018269006497462215,0.0177001953125,0.0003,0.26360304482661406,0.8792165397170838,3.85,0.54,1.25,5.38,0.18,0.0,0.0,0.18,0.01,0.13722321271896362,5.14,179.11,0.04079886351246387
1507,49414144,30016.516,576,20.8,0.0,231.11,-0.008607449941337109,14.723053932189941,0.48203808069229126,0.0023956398705422544,0.02182769775390625,0.0003,0.2600272851296044,0.8756319514661274,4.18,0.55,1.31,5.79,0.08,0.0,0.0,0.08,0.01,0.05492120072245598,5.59,179.78,0.03751879988703877
1508,49446912,30068.189,576,18.74,0.0,206.32,-0.005973252933472395,13.630854606628418,0.4764629006385803,0.0051166131794389,0.04126739501953125,0.0003,0.22588448745086182,0.855621301775148,3.29,0.42,1.18,4.9,0.1,0.0,0.0,0.1,0.0,0.06592806875705719,4.79,161.66,0.045321852318011224
1509,49479680,30126.764,576,19.07,0.0,218.99,-0.011653855443000793,11.825644493103027,0.48300307989120483,0.002566626256452764,0.02371978759765625,0.0003,0.2623456790123457,0.8640350877192983,2.89,0.38,1.22,5.18,0.14,0.0,0.0,0.14,0.0,0.0996431890130043,4.83,172.93,0.04052521812263876
1510,49512448,30183.732,576,19.21,0.0,341.45,-0.005370907485485077,13.375386238098145,0.47974148392677307,0.002756623637253597,0.02873992919921875,0.0003,0.24322732626619553,0.8548571428571429,3.61,0.45,1.4,4.81,0.13,0.0,0.0,0.13,0.0,0.08545462101697922,5.15,166.63,0.03761930228210986
1511,49545216,30239.555,576,20.13,0.0,221.31,-0.010848425328731537,14.620530128479004,0.45268726348876953,0.004253733404794957,0.03609466552734375,0.0003,0.2410213243546577,0.8266522210184182,3.97,0.54,1.3,5.4,0.11,0.0,0.0,0.11,0.01,0.08835221767425537,5.3,176.21,0.03873939742334187
1512,49577984,30294.6,576,20.09,0.0,221.21,-0.007141436450183392,12.473331451416016,0.47271794080734253,0.0025491688679721847,0.023895263671875,0.0003,0.21846064814814814,0.8520130576713819,3.4,0.46,1.3,5.24,0.09,0.0,0.0,0.09,0.0,0.07001149386167527,5.24,167.12,0.04394362203311175
1513,49610752,30351.6,576,20.61,0.0,229.42,-0.007324825040996075,12.48304557800293,0.4993826150894165,0.0027158285731729848,0.0249481201171875,0.0003,0.20669023660592875,0.8775933609958506,3.38,0.55,1.36,5.66,0.09,0.0,0.0,0.09,0.0,0.06769973635673524,5.67,177.08,0.041323406738229096
1514,49643520,30405.956,576,18.39,0.0,226.35,-0.010869239456951618,14.68865966796875,0.4878755211830139,0.002738048167998386,0.02121734619140625,0.0003,0.20556745182012848,0.8655172413793103,3.48,0.52,1.3,5.03,0.11,0.0,0.0,0.11,0.0,0.08570905044674873,4.87,165.43,0.039621379459276795
1515,49676288,30462.045,576,19.12,0.0,313.55,-0.010161347687244415,12.279549598693848,0.5055273771286011,0.00419512293990465,0.0338134765625,0.0003,0.24251235824367548,0.8530092592592593,3.15,0.54,1.27,5.03,0.1,0.0,0.0,0.1,0.02,0.06905141711235047,5.0,172.86,0.03970584680791944
1516,49709056,30517.416,576,18.85,0.0,214.38,-0.010796449147164822,12.730113983154297,0.506770670413971,0.002635831503312147,0.024993896484375,0.0003,0.2416261093615803,0.8164835164835165,3.15,0.47,1.13,5.09,0.09,0.0,0.0,0.09,0.01,0.07081132531166076,5.14,171.47,0.041772560914978385
1517,49741824,30573.264,576,17.67,0.0,198.84,-0.010013086721301079,14.229613304138184,0.5043679475784302,0.003709417724138575,0.03543853759765625,0.0003,0.24961288324558686,0.854916067146283,2.82,0.46,1.14,4.98,0.14,0.0,0.0,0.14,0.01,0.1110575619339943,4.71,161.89,0.04352419008500874
1518,49774592,30630.005,576,18.05,0.0,211.78,-0.010304238647222519,13.126280784606934,0.5159510374069214,0.0026464101800343087,0.024993896484375,0.0003,0.258007640317367,0.7983193277310925,3.26,0.48,0.96,4.84,0.07,0.0,0.0,0.07,0.0,0.043991688489913944,4.49,161.79,0.036074063449632376
1519,49807360,30685.225,576,18.62,0.0,205.15,-0.011362481862306595,13.963990211486816,0.5089794993400574,0.004818182674569016,0.045745849609375,0.0003,0.21950492096629884,0.8413793103448276,3.75,0.4,0.95,4.83,0.07,0.0,0.0,0.07,0.0,0.06630232572555542,4.53,159.79,0.04217546433210373
1520,49840128,30739.975,576,18.39,0.0,204.97,-0.008507577702403069,14.629241943359375,0.5218560695648193,0.003622846212465447,0.035247802734375,0.0003,0.28601190476190474,0.8225255972696246,3.98,0.49,1.02,4.93,0.21,0.0,0.0,0.21,0.0,0.16809298679232598,4.76,158.56,0.0432370868511498
1521,49872896,30797.208,576,18.19,0.0,200.41,-0.008255792781710625,13.604814529418945,0.5204426050186157,0.0036838317088268013,0.0325469970703125,0.0003,0.3053731343283582,0.8238702201622248,3.11,0.42,1.14,4.72,0.11,0.0,0.0,0.11,0.01,0.07257831633090973,4.89,162.03,0.04165572952479124
1522,49905664,30853.229,576,17.72,0.0,193.66,-0.010593060404062271,14.003202438354492,0.5249186754226685,0.0051936977064315215,0.04048919677734375,0.0003,0.3179502547198082,0.8108776266996292,3.07,0.44,1.01,4.79,0.08,0.0,0.0,0.08,0.01,0.05943247109651566,4.49,156.5,0.03652079415041953
1523,49938432,30908.553,576,19.34,0.0,213.97,-0.004612234886735678,15.049395561218262,0.5152318477630615,0.0036530769654632422,0.0380706787109375,0.0003,0.39618276460381724,0.8153153153153153,3.35,0.52,1.09,5.08,0.1,0.0,0.0,0.1,0.0,0.07996317267417907,5.17,171.33,0.04157322330866009
1524,49971200,30964.312,576,17.26,0.0,198.26,-0.007134394720196724,15.819921493530273,0.5088362693786621,0.004001873360380159,0.03748321533203125,0.0003,0.32936626004165426,0.8035928143712575,3.53,0.34,0.99,4.55,0.12,0.0,0.0,0.12,0.02,0.09408549860119819,4.51,155.18,0.0404518818249926
1525,50003968,31020.389,576,18.64,0.0,203.42,-0.008436878211796284,15.912485122680664,0.5206971168518066,0.0031488685827056884,0.03052520751953125,0.0003,0.30259281084266354,0.8135198135198135,4.15,0.56,1.03,4.71,0.1,0.0,0.0,0.1,0.0,0.08059278666973115,4.73,160.57,0.04190800082869828
1526,50036736,31078.281,576,17.27,0.0,196.91,-0.010831333696842194,12.844924926757812,0.5045349597930908,0.0037338484609676925,0.02864837646484375,0.0003,0.25260960334029225,0.8031026252983293,2.75,0.37,1.04,4.73,0.09,0.0,0.0,0.09,0.01,0.061547688245773315,4.24,158.6,0.04016697674524039
1527,50069504,31134.068,576,17.94,0.0,196.58,-0.010693373158574104,12.049474716186523,0.5150848627090454,0.004249779761096306,0.03791046142578125,0.0003,0.2807125307125307,0.801920768307323,3.37,0.4,1.02,4.72,0.13,0.0,0.0,0.13,0.0,0.0775216206908226,4.66,155.67,0.03937250503804535
1528,50102272,31190.396,576,16.06,0.0,179.09,-0.009452017955482006,13.158614158630371,0.5400333404541016,0.003993548581320283,0.03630828857421875,0.0003,0.3331143232588699,0.8199481865284974,2.58,0.29,0.96,4.29,0.09,0.0,0.0,0.09,0.01,0.07424025237560272,4.01,144.38,0.04140620562247932
1529,50135040,31246.645,576,17.14,0.0,288.88,-0.011165865696966648,16.06371307373047,0.5088205337524414,0.003409815898010038,0.03270721435546875,0.0003,0.3285401688027509,0.8331193838254172,3.27,0.43,1.1,4.6,0.12,0.0,0.0,0.12,0.02,0.07404176600277423,4.71,156.21,0.043929918319918215
1530,50167808,31303.937,576,15.55,0.0,180.78,-0.006083878688514233,16.495132446289062,0.5370006561279297,0.003090036548314856,0.0321502685546875,0.0003,0.3723440134907251,0.8234501347708895,2.77,0.44,0.85,4.17,0.08,0.0,0.0,0.08,0.02,0.05966886430978775,3.73,146.73,0.041143321548588574
1531,50200576,31363.162,576,16.14,0.0,178.65,-0.011972385458648205,13.586064338684082,0.5354583859443665,0.004108918502538472,0.0392913818359375,0.0003,0.2847267939433838,0.8397932816537468,2.93,0.31,0.86,4.16,0.08,0.0,0.0,0.08,0.0,0.055225609838962554,4.13,150.48,0.038080819766037166
1532,50233344,31418.507,576,17.81,0.0,197.86,-0.011547258123755455,14.492685317993164,0.5154552459716797,0.0038931970506155267,0.03820037841796875,0.0003,0.3776160145586897,0.8295042321644498,3.11,0.42,1.02,4.55,0.13,0.0,0.0,0.13,0.01,0.10894852966070175,4.75,159.42,0.03978864965029061
1533,50266112,31475.069,576,19.45,0.0,211.91,-0.01016298122704029,15.388270378112793,0.5102091431617737,0.002457944058846806,0.02254486083984375,0.0003,0.2971078001752848,0.8320441988950277,3.47,0.51,1.24,5.03,0.05,0.0,0.0,0.05,0.0,0.03837077975273132,5.26,166.98,0.04071850667241961
1534,50298880,31533.15,576,17.7,0.0,191.02,-0.007746556308120489,12.785118103027344,0.5215278267860413,0.002567447210807927,0.0229034423828125,0.0003,0.2694077938017797,0.8337349397590361,3.3,0.6,0.86,4.48,0.13,0.0,0.0,0.13,0.0,0.09900000035762786,4.61,157.55,0.03807852929458022
1535,50331648,31593.182,576,16.13,0.0,178.51,-0.009734121151268482,12.918539047241211,0.5268243551254272,0.003385410538726319,0.0288848876953125,0.0003,0.3411107459743674,0.8389715832205683,2.89,0.4,0.8,4.11,0.11,0.0,0.0,0.11,0.0,0.08818247139453889,3.89,145.15,0.037787054548971355
1536,50364416,31652.107,576,17.53,0.0,186.5,-0.004451654851436615,15.66366958618164,0.5194849967956543,0.002485015411821223,0.021484375,0.0003,0.3366463610131452,0.8582183186951067,3.57,0.46,0.84,4.56,0.12,0.0,0.0,0.12,0.0,0.08704374372959137,4.38,155.83,0.03792281344067305
1537,50397184,31709.917,576,17.32,0.0,191.58,-0.007388783618807793,16.90666961669922,0.5106415748596191,0.0029355723600588135,0.02640533447265625,0.0003,0.29020866773675763,0.8641975308641975,3.33,0.51,0.96,4.12,0.14,0.0,0.0,0.14,0.01,0.09937810659408569,4.35,160.64,0.03753160231281072
1538,50429952,31768.354,576,17.86,0.0,201.41,-0.009213287383317947,12.617464065551758,0.5150266885757446,0.0039268563274390544,0.03543853759765625,0.0003,0.3570343360680644,0.847001223990208,2.45,0.4,1.0,4.75,0.14,0.0,0.0,0.14,0.0,0.10430187344551087,4.66,156.25,0.040176476119086146
1539,50462720,31823.847,576,18.72,0.0,301.42,-0.006472740322351456,15.568864822387695,0.5007683038711548,0.004083488855826545,0.0405120849609375,0.0003,0.3262812872467223,0.8494749124854143,3.87,0.43,1.06,4.98,0.12,0.0,0.0,0.12,0.04,0.08853549867868424,4.9,171.83,0.04066573618911207
1540,50495488,31880.519,576,19.02,0.0,212.77,-0.010140880011022091,12.839427947998047,0.5020425319671631,0.002427758099827315,0.02074432373046875,0.0003,0.26398852223816355,0.8438864628820961,3.12,0.48,1.23,5.12,0.05,0.0,0.0,0.05,0.01,0.037897059321403505,5.03,165.9,0.037664067232981324
1541,50528256,31938.01,576,19.43,0.0,207.57,-0.009982755407691002,14.995980262756348,0.49728816747665405,0.003956142570757493,0.031280517578125,0.0003,0.2381807301017355,0.8416856492027335,4.15,0.63,1.07,5.0,0.16,0.0,0.0,0.16,0.01,0.09369890831410885,4.94,171.79,0.041255973279476166
1542,50561024,31996.28,576,19.56,0.0,210.35,-0.008446970023214817,13.67080020904541,0.4699954688549042,0.0036190391361401453,0.03432464599609375,0.0003,0.2433471318746304,0.8681192660550459,3.89,0.44,1.07,5.16,0.17,0.0,0.0,0.17,0.0,0.13447004646062852,4.99,165.77,0.0403420093934983
1543,50593792,32055.281,576,17.52,0.0,192.78,-0.00651110615581274,12.01047420501709,0.492517352104187,0.003059491644080481,0.03182220458984375,0.0003,0.2903828197945845,0.8671586715867159,3.33,0.4,0.95,4.47,0.1,0.0,0.0,0.1,0.0,0.06337209194898605,4.22,156.01,0.04232368036173284
1544,50626560,32109.137,576,18.82,0.0,210.64,-0.0081099858507514,12.869218826293945,0.49725276231765747,0.003706465218840549,0.032867431640625,0.0003,0.28071199299679017,0.8822857142857143,3.61,0.45,1.13,5.1,0.15,0.0,0.0,0.15,0.01,0.10990151762962341,4.74,169.22,0.03689668909646571
1545,50659328,32167.32,576,17.66,0.0,197.38,-0.011974910274147987,14.37275505065918,0.507413387298584,0.004419544211955895,0.03908538818359375,0.0003,0.27494787012213284,0.8962264150943396,2.92,0.47,1.07,4.73,0.17,0.0,0.0,0.17,0.0,0.11554892227053642,4.73,164.5,0.04051808675285429
1546,50692096,32223.871,576,18.88,0.0,204.55,-0.005552248563617468,15.177154541015625,0.48266369104385376,0.002425871526213541,0.023101806640625,0.0003,0.29530791788856303,0.8770491803278688,3.53,0.4,1.11,4.61,0.11,0.0,0.0,0.11,0.0,0.08753034003078937,4.78,166.33,0.041187405586242676
1547,50724864,32279.677,576,18.37,0.0,209.74,-0.007974410429596901,13.173652648925781,0.47875508666038513,0.0023188261012592193,0.01596832275390625,0.0003,0.27249283667621776,0.8778538812785388,3.24,0.39,1.19,5.12,0.18,0.0,0.0,0.18,0.0,0.13634463354945184,4.91,165.75,0.041874925955198705
1548,50757632,32335.702,576,17.19,0.0,190.52,-0.004929471295326948,16.286380767822266,0.49665820598602295,0.0017354425508528948,0.01343536376953125,0.0003,0.3238653905526397,0.8404384896467723,3.14,0.4,1.0,4.45,0.14,0.0,0.0,0.14,0.0,0.09523899108171463,4.22,159.13,0.04167017026338726
1549,50790400,32392.364,576,18.69,0.0,214.46,-0.010478322394192219,13.835771560668945,0.5148578882217407,0.0025690285173709526,0.02117156982421875,0.0003,0.31519274376417233,0.827313769751693,3.18,0.49,1.2,5.01,0.13,0.0,0.0,0.13,0.0,0.09308951288461685,4.95,164.35,0.03892597951926291
1550,50823168,32450.036,576,19.99,0.0,223.6,-0.009010895155370235,14.506669998168945,0.4739813208580017,0.0022863763028482254,0.02071380615234375,0.0003,0.26480263157894735,0.8367346938775511,3.56,0.52,1.36,5.15,0.16,0.0,0.0,0.16,0.01,0.11346674874424935,5.4,176.76,0.04312187840696424
1551,50855936,32505.885,576,17.78,0.0,195.57,-0.010532064363360405,15.714054107666016,0.4741802215576172,0.0031819013501603877,0.02500152587890625,0.0003,0.23039064903106737,0.8573170731707317,3.72,0.47,0.95,4.55,0.14,0.0,0.0,0.14,0.0,0.10124680429697036,4.63,159.36,0.040362298605032265
1552,50888704,32559.92,576,19.82,0.0,219.91,-0.011881455779075623,12.093477249145508,0.49504661560058594,0.0042274442911320875,0.03326416015625,0.0003,0.25083333333333335,0.8492063492063492,3.08,0.42,1.31,5.6,0.19,0.0,0.0,0.19,0.0,0.13841205924749375,5.21,174.12,0.03605727636022493
1553,50921472,32615.206,576,19.1,0.0,214.65,-0.006107487715780735,12.63290023803711,0.4799036979675293,0.003031047675335685,0.02622222900390625,0.0003,0.2002301495972382,0.8616557734204793,3.21,0.52,1.2,4.81,0.21,0.0,0.0,0.21,0.01,0.1612068983912468,4.95,163.24,0.037749005132354796
1554,50954240,32670.871,576,19.88,0.0,221.59,-0.006793119013309479,15.023262977600098,0.48571914434432983,0.003067036013874258,0.024627685546875,0.0003,0.2105115233277122,0.8432203389830508,3.65,0.58,1.21,5.21,0.19,0.0,0.0,0.19,0.0,0.12861617505550385,5.07,173.4,0.04506397806107998
1555,50987008,32723.844,576,18.1,0.0,301.65,-0.01053449884057045,12.936776161193848,0.5044004321098328,0.004269405852710406,0.03470611572265625,0.0003,0.21501809408926417,0.7889800703399765,3.64,0.57,1.11,4.81,0.15,0.0,0.0,0.15,0.04,0.12294151484966279,4.55,160.46,0.03940471867099404
1556,51019776,32779.276,576,18.83,0.0,216.58,-0.0120187196880579,13.27627944946289,0.4530487060546875,0.0033244588520915386,0.02686309814453125,0.0003,0.19084628670120898,0.8176795580110497,3.41,0.44,1.17,5.04,0.13,0.0,0.0,0.13,0.01,0.10791052550077439,4.73,171.06,0.04384236899204552
1557,51052544,32834.774,576,18.04,0.0,213.68,-0.009795436635613441,14.601021766662598,0.4808086156845093,0.0034472260317102155,0.02729034423828125,0.0003,0.2084848484848485,0.8119858989424207,3.29,0.4,1.19,4.84,0.09,0.0,0.0,0.09,0.02,0.06620258569717408,4.69,162.98,0.04427594819571823
1558,51085312,32891.638,576,19.28,0.0,238.05,-0.012353155761957169,12.36751937866211,0.4725034832954407,0.0037670045035724797,0.03063201904296875,0.0003,0.22875436554132714,0.8064876957494407,3.79,0.37,1.28,4.89,0.11,0.0,0.0,0.11,0.02,0.0931627893447876,5.19,165.67,0.03764280176255852
1559,51118080,32950.259,576,18.07,0.0,198.16,-0.009158485569059849,14.568248748779297,0.5095171928405762,0.002489938814278503,0.02266693115234375,0.0003,0.24036418816388466,0.8078291814946619,2.58,0.43,0.98,4.98,0.12,0.0,0.0,0.12,0.0,0.09225555077195167,4.42,158.48,0.04410417308099568
1560,51150848,33006.192,576,19.22,0.0,211.07,-0.011522626504302025,12.22398853302002,0.4804157614707947,0.00296492683335714,0.024322509765625,0.0003,0.21890243902439024,0.8316498316498316,3.57,0.55,1.12,4.89,0.18,0.0,0.0,0.18,0.0,0.15211376249790193,5.02,159.02,0.039333778782747686
1561,51183616,33062.167,576,18.03,0.0,209.46,-0.010440897196531296,13.760453224182129,0.504788339138031,0.003705161194147877,0.028778076171875,0.0003,0.2539450613676213,0.8283410138248848,3.46,0.48,1.1,4.74,0.15,0.0,0.0,0.15,0.0,0.11046882227063179,4.46,158.99,0.039702567155472934
1562,51216384,33118.589,576,19.26,0.0,217.39,-0.006461821496486664,14.273195266723633,0.48959529399871826,0.003158803017356604,0.02947235107421875,0.0003,0.2342316513761468,0.8296460176991151,3.23,0.4,1.06,4.94,0.08,0.0,0.0,0.08,0.0,0.05989021837711334,4.82,164.27,0.04662522836588323
1563,51249152,33174.194,576,18.13,0.0,205.95,-0.012841848656535149,11.017038345336914,0.5014556646347046,0.0029134249940341306,0.02596282958984375,0.0003,0.2250146113383986,0.8062283737024222,3.17,0.4,1.05,4.59,0.14,0.0,0.0,0.14,0.0,0.10190441206097603,4.57,159.51,0.041020066710188985
1564,51281920,33231.167,576,17.92,0.0,203.24,-0.009715612977743149,11.348672866821289,0.4956408739089966,0.0032674335587898895,0.03133392333984375,0.0003,0.2498533724340176,0.7990430622009569,3.02,0.55,1.04,4.55,0.06,0.0,0.0,0.06,0.0,0.03850657895207405,4.65,159.07,0.03598319354932755
1565,51314688,33285.752,576,17.21,0.0,193.32,-0.007388283032923937,12.666729927062988,0.5239315032958984,0.005188063298589896,0.042266845703125,0.0003,0.2880336740829826,0.7801242236024845,2.78,0.4,1.01,4.49,0.12,0.0,0.0,0.12,0.0,0.0904155844449997,4.37,154.22,0.0404672184959054
1566,51347456,33340.87,576,19.62,0.0,220.07,-0.005390094127506018,12.167851448059082,0.500954806804657,0.004600914843990722,0.032989501953125,0.0003,0.26699972245351095,0.7902330743618202,3.44,0.44,1.13,5.05,0.07,0.0,0.0,0.07,0.0,0.057215102910995484,4.9,171.15,0.0408910505939275
1567,51380224,33397.053,576,18.37,0.0,201.98,-0.005539950914680958,17.786069869995117,0.48237332701683044,0.0017996301039602258,0.01718902587890625,0.0003,0.24290030211480362,0.8063754427390791,3.31,0.37,1.08,4.57,0.1,0.0,0.0,0.1,0.0,0.08302847504615783,4.77,162.08,0.047727822442539036
1568,51412992,33452.493,576,17.1,0.0,192.87,-0.00780946109443903,13.832077980041504,0.5090979337692261,0.002678735069302718,0.02342987060546875,0.0003,0.24992209411031474,0.7919293820933165,2.7,0.31,0.93,4.46,0.1,0.0,0.0,0.1,0.0,0.06497937828302383,4.39,152.83,0.04270113818347454
1569,51445760,33513.996,576,17.87,0.0,294.7,-0.008793523535132408,13.90938949584961,0.5082398653030396,0.0021590021847259777,0.019317626953125,0.0003,0.2707672796448954,0.8063725490196079,3.25,0.31,0.99,4.64,0.14,0.0,0.0,0.14,0.0,0.10583298563957215,4.62,156.38,0.0461946107679978
1570,51478528,33571.025,576,19.12,0.0,211.38,-0.0055802688002586365,15.316415786743164,0.5219470262527466,0.003070165999545793,0.0290985107421875,0.0003,0.3629500580720093,0.816933638443936,3.46,0.46,1.14,5.03,0.15,0.0,0.0,0.15,0.0,0.10128175556659698,4.84,167.96,0.04377812263555825
1571,51511296,33625.393,576,20.72,0.0,227.96,-0.007319998927414417,15.050226211547852,0.4977954030036926,0.002520732619359478,0.02106475830078125,0.0003,0.2936966694192128,0.8183613030602171,4.38,0.37,1.5,5.53,0.17,0.0,0.0,0.17,0.0,0.12893862783908844,5.53,182.17,0.03900653729215264
1572,51544064,33683.946,576,18.88,0.0,213.85,-0.008823320269584656,14.106204986572266,0.5114328861236572,0.003467349798768282,0.0268402099609375,0.0003,0.2796343901742359,0.8147727272727273,3.58,0.43,1.12,5.15,0.15,0.0,0.0,0.15,0.0,0.11670823842287063,4.9,166.2,0.03943302424158901
1573,51576832,33741.473,576,17.48,0.0,200.61,-0.004950809758156538,13.239496231079102,0.5316843390464783,0.0035025225577669516,0.03272247314453125,0.0003,0.3115770821027761,0.8265550239234449,2.85,0.42,0.91,4.45,0.15,0.0,0.0,0.15,0.0,0.12135093033313751,4.4,155.66,0.03882014285773039
1574,51609600,33798.465,576,18.14,0.0,206.76,-0.008837497793138027,14.454486846923828,0.5140752792358398,0.003426122334246884,0.0298919677734375,0.0003,0.3160458452722063,0.8051948051948052,3.45,0.5,0.97,4.78,0.09,0.0,0.0,0.09,0.02,0.07582394361495971,4.63,155.79,0.03872032789513469
1575,51642368,33856.22,576,19.76,0.0,221.65,-0.006848681718111038,12.592327117919922,0.4988800287246704,0.0045673602422766635,0.03839874267578125,0.0003,0.30387868183143774,0.803921568627451,3.7,0.53,1.11,5.34,0.17,0.0,0.0,0.17,0.01,0.12294090360403061,4.81,162.68,0.03930973040405661
1576,51675136,33911.926,576,19.06,0.0,276.44,-0.010984507389366627,14.009692192077637,0.5262491703033447,0.0032790343970816593,0.03118133544921875,0.0003,0.29797237731413456,0.84,3.69,0.43,1.12,5.12,0.09,0.0,0.0,0.09,0.0,0.06731246836483479,4.9,162.02,0.03994213114492595
1577,51707904,33967.241,576,17.11,0.0,235.81,-0.009298219345510006,16.05440902709961,0.5302338004112244,0.0025484789282472775,0.020477294921875,0.0003,0.23736743605739238,0.8347934918648311,2.86,0.46,1.06,4.76,0.12,0.0,0.0,0.12,0.0,0.09609476052224636,4.23,152.04,0.04038459889125079
1578,51740672,34024.462,576,18.49,0.0,205.78,-0.006999710574746132,12.720152854919434,0.5350099205970764,0.0030519450162955764,0.02834320068359375,0.0003,0.2642517814726841,0.8645833333333334,2.79,0.48,1.03,5.03,0.08,0.0,0.0,0.08,0.01,0.058919117748737336,4.73,159.38,0.036966932471841574
1579,51773440,34078.866,576,18.37,0.0,203.93,-0.0078377490863204,13.34884262084961,0.4994867444038391,0.0031312102507854433,0.02593994140625,0.0003,0.25673583152678847,0.8258877434135166,3.23,0.43,0.97,4.76,0.12,0.0,0.0,0.12,0.01,0.09577597379684448,4.47,156.27,0.040975543088279665
1580,51806208,34138.045,576,19.36,0.0,212.96,-0.00894109345972538,14.941490173339844,0.5061124563217163,0.0029176591073110103,0.02664947509765625,0.0003,0.23146002317497102,0.8070374574347332,3.06,0.43,1.22,5.28,0.1,0.0,0.0,0.1,0.01,0.07687324583530426,4.87,166.1,0.040571533376351
1581,51838976,34196.133,576,18.1,0.0,198.09,-0.011737886816263199,12.707051277160645,0.5512564182281494,0.002970302983669626,0.0216522216796875,0.0003,0.2563467492260062,0.7931844888366627,3.56,0.43,1.13,4.79,0.1,0.0,0.0,0.1,0.01,0.0783925113081932,4.63,151.68,0.0424189978512004
1582,51871744,34250.038,576,17.96,0.0,198.09,-0.009601190686225891,12.715715408325195,0.526443362236023,0.0033732037321101416,0.03260040283203125,0.0003,0.2773907536415453,0.7905325443786982,3.34,0.38,1.12,4.82,0.11,0.0,0.0,0.11,0.0,0.08005603462457657,4.69,152.74,0.036417105817236006
1583,51904512,34306.568,576,17.44,0.0,192.04,-0.0069015733897686005,17.288959503173828,0.5199762582778931,0.002628695583808849,0.0244293212890625,0.0003,0.25850785340314136,0.8128140703517588,3.45,0.46,1.03,4.54,0.09,0.0,0.0,0.09,0.01,0.07299999952316284,4.39,149.9,0.03629851096775383
1584,51937280,34362.018,576,19.76,0.0,308.66,-0.006554768420755863,15.95029067993164,0.5005838871002197,0.0019595857385468207,0.016998291015625,0.0003,0.25535714285714284,0.786096256684492,3.7,0.38,1.13,5.31,0.17,0.0,0.0,0.17,0.03,0.11938705772161484,5.08,169.5,0.041507693473249674
1585,51970048,34421.233,576,19.17,0.0,202.97,-0.006399172358214855,17.050838470458984,0.5290719270706177,0.002764318274529387,0.026397705078125,0.0003,0.28593652769135036,0.8067796610169492,3.38,0.51,1.32,4.8,0.13,0.0,0.0,0.13,0.0,0.08953475579619408,5.27,164.29,0.03900350141339004
