iter,global_step,wall_seconds,sps,ep_ret,win,ep_len,pg,v,ent,kl,clipfrac,lr,energy_unspent,card_take,upgrades,removes,elites,potions_got,potions_used,potions_used_elite,potions_used_boss,potions_used_normal,potions_expired,potion_use_hp,relics,hp_lost,aux,potion_ent
2318,75988992,50.612,647,18.75,0.0,201.57,-0.00034865550696849823,15.788232803344727,0.5084006786346436,0.00044075671439713915,0.00360107421875,0.0003,0.15297805642633228,0.8931818181818182,4.35,0.45,1.31,5.09,5.17,0.95,0.64,3.58,0.0,3.952677991390228,5.25,158.18,0.03851248975843191,nan
2319,76021760,107.413,610,20.2,0.0,215.29,-0.00019245222210884094,14.245607376098633,0.46125099062919617,9.321299557996099e-05,0.00054168701171875,0.0003,0.17039689644882125,0.8756698821007503,4.2,0.43,1.53,5.54,5.5,1.03,0.81,3.66,0.0,4.14342949166894,5.7,170.3,0.04256200999952853,nan
2320,76054528,164.661,597,19.36,0.0,207.86,0.00014498841483145952,13.945878982543945,0.4796522855758667,9.088602544693458e-05,0.00051116943359375,0.0003,0.19256756756756757,0.8848684210526315,4.72,0.53,1.33,5.17,5.47,0.96,0.64,3.87,0.01,4.225675202012062,5.19,161.34,0.03842566709499806,nan
2321,76087296,223.141,587,19.95,0.0,205.01,-4.299776628613472e-05,15.412338256835938,0.47245264053344727,0.0001602177918016423,0.00121307373046875,0.0003,0.17765042979942694,0.8987485779294653,4.06,0.32,1.36,5.58,5.73,1.09,0.71,3.93,0.0,4.347953380644322,5.43,165.71,0.032292481046169996,nan
2322,76120064,280.116,584,20.2,0.0,218.24,1.858733594417572e-05,16.24231719970703,0.4823400676250458,8.914777133384177e-05,0.00048828125,0.0003,0.19801691455234763,0.8836967808930426,4.95,0.51,1.31,5.53,6.26,1.14,0.72,4.4,0.0,4.702709261476993,5.34,170.53,0.04131642170250416,nan
2323,76152832,338.786,580,19.55,0.0,202.98,0.0005769841372966766,14.426456451416016,0.46882501244544983,9.907051742175099e-05,0.00054931640625,0.0003,0.15524520948359857,0.9019396551724138,4.82,0.51,1.28,5.35,5.44,1.02,0.65,3.77,0.0,4.130593558847904,5.08,159.39,0.03769050701521337,nan
2324,76185600,395.464,580,19.25,0.0,205.21,-0.00028736330568790436,13.64068603515625,0.505582332611084,0.00010303261660737917,0.000640869140625,0.0003,0.17854909318323953,0.8969422423556059,4.83,0.5,1.03,5.06,4.94,0.92,0.52,3.5,0.01,3.7326231133937835,4.86,157.67,0.0378555478528142,nan
2325,76218368,454.897,576,19.69,0.0,212.56,-0.0002354665193706751,14.213780403137207,0.48916155099868774,0.00013930032925912883,0.0008544921875,0.0003,0.16165299301124278,0.880085653104925,4.7,0.35,1.3,5.71,5.64,0.98,0.69,3.97,0.0,4.17418525159359,5.35,168.45,0.03691956796683371,nan
2326,76251136,515.875,571,19.86,0.0,207.98,-0.004620024934411049,14.044276237487793,0.4725271165370941,0.0023966764970282384,0.02459716796875,0.0003,0.1642615904206325,0.881767955801105,4.56,0.49,1.42,5.01,5.28,1.09,0.75,3.44,0.0,3.8801831662654878,5.49,169.0,0.03492471715435386,nan
2327,76283904,572.378,572,20.13,0.0,213.85,-0.004499569069594145,13.582637786865234,0.48436880111694336,0.0027211971831775372,0.02204132080078125,0.0003,0.16401468788249693,0.8916309012875536,4.57,0.53,1.34,5.94,6.53,1.11,0.8,4.62,0.0,5.041790686845779,5.48,163.83,0.0361958269495517,nan
2328,76316672,627.058,574,19.84,0.0,210.87,-0.006958510261029005,14.4580659866333,0.4789872169494629,0.003318803497677436,0.02982330322265625,0.0003,0.1661528976572133,0.902127659574468,4.78,0.38,1.37,5.23,5.5,1.06,0.75,3.69,0.0,4.138329285681248,5.44,168.73,0.03293585852952674,nan
2329,76349440,682.985,575,19.88,0.0,207.9,-0.003504084423184395,14.012197494506836,0.43932557106018066,0.004026720258480054,0.03516387939453125,0.0003,0.15073185923388352,0.8751279426816786,4.35,0.45,1.42,5.49,5.62,1.06,0.58,3.98,0.0,4.2222910374403,5.5,167.77,0.03784405149053782,nan
2330,76382208,740.995,574,19.82,0.0,208.72,-0.008421278558671474,12.20089340209961,0.4880584478378296,0.0024514821641901108,0.0205078125,0.0003,0.16514320536258378,0.9100877192982456,4.05,0.55,1.26,5.38,5.2,0.93,0.72,3.55,0.0,4.015136659145355,5.05,163.83,0.03606477007269859,nan
2331,76414976,798.268,574,19.34,0.0,204.1,-0.00889488123357296,12.695858001708984,0.49010294675827026,0.0023669390177758487,0.0203704833984375,0.0003,0.11723920579892846,0.8997747747747747,4.35,0.49,1.15,5.06,5.07,0.68,0.63,3.76,0.0,3.9132642906904223,5.01,162.11,0.03762463154271245,nan
2332,76447744,854.754,575,19.58,0.0,230.17,-0.0040272315964102745,14.793834686279297,0.4573419690132141,0.0023798031706689926,0.01996612548828125,0.0003,0.19857717290442314,0.9184782608695652,4.4,0.53,1.25,5.36,5.48,1.0,0.77,3.71,0.0,4.2279875010252,5.2,162.42,0.03824478748720139,nan
2333,76480512,912.045,574,20.57,0.0,215.88,-0.008472584187984467,14.73024845123291,0.47757238149642944,0.002093748289780706,0.016937255859375,0.0003,0.14250839182178823,0.9036269430051813,5.34,0.57,1.25,5.62,5.86,0.99,0.62,4.25,0.0,4.515902042984963,5.51,167.94,0.040683519444428384,nan
2334,76513280,968.576,575,19.39,0.0,205.85,-0.0097994739189744,14.091588973999023,0.4564569592475891,0.007301713723194325,0.04888916015625,0.0003,0.17670682730923695,0.9041394335511983,4.73,0.45,1.22,5.42,5.59,0.88,0.69,4.02,0.0,4.3645777261257175,5.33,162.38,0.03448266052873805,nan
2335,76546048,1025.433,575,19.98,0.0,227.83,-0.008215425536036491,16.591938018798828,0.4691145420074463,0.00454822009965028,0.03571319580078125,0.0003,0.18606755126658625,0.8880753138075314,4.27,0.31,1.41,5.75,5.9,1.21,0.7,3.99,0.0,4.524686496257782,5.51,162.09,0.03626658068969846,nan
2336,76578816,1081.216,575,18.76,0.0,206.53,-0.004595424048602581,12.30931282043457,0.48420897126197815,0.002210818515777646,0.01981353759765625,0.0003,0.186819830713422,0.889763779527559,4.09,0.36,1.25,5.32,5.38,1.08,0.66,3.64,0.0,4.070996560454368,4.99,159.12,0.04002116119954735,nan
2337,76611584,1135.928,576,21.64,0.0,226.08,-0.010338064283132553,13.166378021240234,0.45217379927635193,0.00259513001248024,0.02025604248046875,0.0003,0.16461494417406242,0.8859649122807017,5.19,0.57,1.66,5.64,5.86,1.1,0.83,3.93,0.0,4.470773061811924,6.11,177.13,0.03634730482008308,nan
2338,76644352,1198.671,574,19.17,0.0,197.63,-0.008205709978938103,17.518489837646484,0.4719858467578888,0.0058343524529504975,0.041168212890625,0.0003,0.17814419657290656,0.9305239179954442,4.63,0.44,1.2,5.44,5.61,1.0,0.64,3.97,0.01,4.20669354736805,5.03,163.15,0.04201379755977541,nan
2339,76677120,1254.214,574,20.38,0.0,208.14,-0.0071733081713318825,14.719585418701172,0.4812069535255432,0.003427226177677767,0.03182220458984375,0.0003,0.17270721714465806,0.8957446808510638,5.25,0.55,1.32,5.33,5.36,0.91,0.67,3.78,0.0,4.1958620661497115,5.32,164.91,0.04065494774840772,nan
2340,76709888,1312.218,574,20.34,0.0,216.34,-0.005900762975215912,16.559173583984375,0.46546971797943115,0.00213112610614985,0.01911163330078125,0.0003,0.15666178623718888,0.8878600823045267,4.35,0.41,1.42,5.59,5.45,1.0,0.69,3.76,0.0,4.209082628488541,5.75,170.95,0.03823669208213687,nan
2341,76742656,1368.617,574,21.36,0.0,229.22,-0.00447092205286026,13.902681350708008,0.465215265750885,0.0016869728583515098,0.0151519775390625,0.0003,0.16657334826427772,0.8790560471976401,4.52,0.53,1.53,5.66,5.77,0.94,0.77,4.06,0.01,4.40158871024847,5.9,179.91,0.036114917253144085,nan
2342,76775424,1424.668,575,19.4,0.0,207.88,-0.006918479222804308,15.21474838256836,0.484272837638855,0.0018930098333385104,0.01519775390625,0.0003,0.1840320591861899,0.9059734513274337,4.81,0.5,1.28,5.2,5.14,0.8,0.57,3.77,0.0,3.83980577647686,5.03,164.68,0.04122256184928119,nan
2343,76808192,1485.752,573,20.25,0.0,216.62,-0.0025640535168349743,13.322400093078613,0.47912973165512085,0.004263650456493906,0.0399322509765625,0.0003,0.175789168838691,0.8943436499466382,4.41,0.41,1.55,5.14,5.12,1.1,0.53,3.49,0.02,3.710524170547724,5.86,170.12,0.039290683809667826,nan
2344,76840960,1542.353,573,17.92,0.0,190.68,-0.005091358907520771,14.271368980407715,0.4912668764591217,0.0014060373904243306,0.0142364501953125,0.0003,0.18685233160621761,0.9087591240875912,3.93,0.4,1.18,4.9,4.98,0.91,0.57,3.5,0.0,3.732285069823265,4.89,150.22,0.038581098429858685,nan
2345,76873728,1598.6,573,20.96,0.0,224.86,-0.008534993976354599,16.636951446533203,0.4666828513145447,0.001736482412411533,0.01538848876953125,0.0003,0.18723282986605871,0.890927624872579,5.04,0.38,1.41,5.7,5.63,1.11,0.64,3.88,0.0,4.351925750970841,5.68,172.66,0.03286886680871248,nan
2346,76906496,1656.5,573,19.79,0.0,206.24,-0.00840927753597498,14.642889976501465,0.450918972492218,0.0028127365555974393,0.02508544921875,0.0003,0.20401234567901236,0.8892508143322475,4.27,0.45,1.45,5.43,5.68,1.21,0.68,3.79,0.0,4.271066014766693,5.61,161.87,0.03453626611735672,nan
2347,76939264,1709.303,575,18.9,0.0,198.66,-0.010446500033140182,12.74605941772461,0.4479433298110962,0.0038959074427111773,0.03299713134765625,0.0003,0.1753943217665615,0.9133333333333333,3.91,0.58,1.21,5.35,5.25,1.03,0.71,3.51,0.01,3.9859978944063186,5.09,157.85,0.035927719553001225,nan
2348,76972032,1764.758,575,19.76,0.0,223.27,-0.010645173490047455,13.685547828674316,0.4545353949069977,0.004016570948635945,0.03403472900390625,0.0003,0.19388672460293677,0.9040348964013086,4.14,0.28,1.23,5.71,5.72,0.93,0.66,4.13,0.0,4.437252146005631,5.21,167.42,0.03979067679028958,nan
2349,77004800,1822.408,575,19.13,0.0,206.27,-0.010421733371913433,13.755754470825195,0.48735368251800537,0.0031214314032013135,0.0271148681640625,0.0003,0.20773243326173674,0.911504424778761,4.32,0.44,1.22,5.13,5.35,1.0,0.61,3.74,0.0,4.219307022988796,5.09,160.9,0.03604352043475956,nan
2350,77037568,1876.899,576,18.87,0.0,202.42,-0.009002487175166607,16.15015983581543,0.45364871621131897,0.004125505155911924,0.03310394287109375,0.0003,0.19695557626592108,0.9086908690869087,4.36,0.46,1.32,5.33,5.43,0.99,0.7,3.74,0.0,4.066087647676468,5.23,162.61,0.03813612344674766,nan
2351,77070336,1930.898,576,20.62,0.0,218.02,-0.008919931948184967,15.706714630126953,0.4652799367904663,0.0038848969348350693,0.034149169921875,0.0003,0.22064896755162242,0.9093782929399368,4.15,0.45,1.56,5.53,5.79,1.17,0.74,3.88,0.0,4.379151335209608,5.66,168.73,0.03892949956934899,nan
2352,77103104,1984.925,577,20.15,0.0,210.98,-0.00910121388733387,14.759787559509277,0.44286489486694336,0.0034519012352234313,0.02773284912109375,0.0003,0.17981927710843373,0.9088050314465409,3.88,0.45,1.5,5.86,5.75,1.09,0.68,3.98,0.0,4.456363032609224,5.55,167.21,0.04071212781127542,nan
2353,77135872,2042.59,577,21.51,0.0,263.35,-0.008431480266153812,16.882078170776367,0.4391193091869354,0.003706376850061588,0.02979278564453125,0.0003,0.19187554019014694,0.8777335984095428,4.98,0.46,1.43,5.8,5.93,1.03,0.75,4.15,0.0,4.539005553843453,6.1,178.45,0.04014130053110421,nan
2354,77168640,2097.037,578,19.68,0.0,214.37,-0.009489351883530617,11.148984909057617,0.4599037170410156,0.004678413245756019,0.036712646484375,0.0003,0.19192825112107623,0.8836712913553896,4.19,0.59,1.32,5.56,5.64,1.09,0.61,3.94,0.0,4.355128167867661,5.37,164.52,0.03597135213203728,nan
2355,77201408,2153.767,578,19.84,0.0,214.97,-0.010546010918915272,14.228289604187012,0.48286664485931396,0.004828084695986945,0.03395843505859375,0.0003,0.20346320346320346,0.8853503184713376,5.11,0.51,1.18,5.41,5.35,0.87,0.7,3.78,0.01,4.165124777853489,5.16,166.42,0.03662122483365238,nan
2356,77234176,2213.256,577,23.06,0.0,243.36,-0.003415423445403576,13.81175422668457,0.45560652017593384,0.007530168706296081,0.0498046875,0.0003,0.21636801283765714,0.8725581395348837,4.46,0.61,1.5,6.31,6.2,1.09,0.76,4.35,0.0,4.769936929345131,6.61,193.06,0.04193591058719903,nan
2357,77266944,2272.114,576,20.05,0.0,215.63,-0.011206569150090218,13.787240982055664,0.4742400050163269,0.003277910900862935,0.02516937255859375,0.0003,0.18903868698710433,0.8772112382934444,3.82,0.4,1.26,5.55,5.6,1.0,0.75,3.85,0.0,4.3156930321455,5.33,166.91,0.03604415396694094,nan
2358,77299712,2332.785,575,19.0,0.0,201.09,-0.010350705124437809,14.985921859741211,0.4932278096675873,0.005239883469357665,0.03656005859375,0.0003,0.20293474867311895,0.875,4.06,0.47,1.41,5.17,5.41,0.93,0.69,3.79,0.0,4.041410548985004,5.19,157.28,0.03864013310521841,nan
2359,77332480,2389.198,576,20.46,0.0,216.88,-0.011646328493952751,15.009149551391602,0.47477877140045166,0.005488095884714994,0.04058074951171875,0.0003,0.21126349576889408,0.8580441640378549,4.54,0.48,1.29,5.67,6.13,0.98,0.67,4.48,0.0,4.737688752710819,5.71,168.4,0.040518069406971335,nan
2360,77365248,2445.676,576,19.94,0.0,213.11,-0.010631872341036797,12.932540893554688,0.4931960701942444,0.004678581842398444,0.0408935546875,0.0003,0.21251441753171857,0.8689581095596133,4.07,0.45,1.08,5.41,5.38,0.87,0.5,4.01,0.0,4.156234799325466,5.12,168.33,0.03812948742415756,nan
2361,77398016,2503.152,575,18.86,0.0,201.93,-0.008797894231975079,14.470481872558594,0.4988943934440613,0.002708085868391663,0.02497100830078125,0.0003,0.2132600061106019,0.8620296465222349,4.05,0.54,1.18,5.14,5.01,0.84,0.61,3.56,0.01,3.67554507791996,5.01,160.24,0.039873006171546876,nan
2362,77430784,2560.829,575,19.96,0.0,225.51,-0.005530571565032005,16.268938064575195,0.48982691764831543,0.001958190272119964,0.01844024658203125,0.0003,0.2141855901317634,0.8665254237288136,3.87,0.5,1.1,5.33,5.33,0.79,0.68,3.86,0.0,4.023188268244266,5.23,170.43,0.04315219272393733,nan
2363,77463552,2619.576,575,18.6,0.0,196.69,-0.01041440013796091,15.785097122192383,0.49982577562332153,0.003817562438484856,0.03350067138671875,0.0003,0.20548376930349826,0.874133949191686,3.62,0.4,1.18,4.89,5.15,0.96,0.54,3.65,0.0,3.8757387784123423,4.92,159.78,0.035630088415928185,nan
2364,77496320,2678.871,574,18.94,0.0,301.68,-0.01112634502351284,14.777294158935547,0.516645073890686,0.004000409601871979,0.033233642578125,0.0003,0.19748928352725045,0.8607734806629834,3.85,0.32,1.05,5.35,5.35,0.82,0.73,3.8,0.02,4.021532496064902,4.91,159.79,0.03810189291834831,nan
2365,77529088,2735.951,574,20.69,0.0,225.6,-0.005318136885762215,16.617450714111328,0.49937283992767334,0.003571633937212937,0.03621673583984375,0.0003,0.19658590308370044,0.840122199592668,4.45,0.63,1.25,5.63,5.63,0.91,0.63,4.09,0.0,4.200471257865429,5.52,166.39,0.038400569697842,nan
2366,77561856,2794.087,574,18.13,0.0,200.67,-0.01228073425590992,16.499095916748047,0.5226870179176331,0.004008213224665269,0.033905029296875,0.0003,0.25511717591219224,0.8431818181818181,3.76,0.39,1.04,4.44,4.58,0.82,0.55,3.21,0.0,3.3195788984000685,4.69,150.34,0.037829885724931955,nan
2367,77594624,2848.236,575,19.82,0.0,218.94,-0.009985245764255524,14.2879638671875,0.5189087986946106,0.004653077839634534,0.0400543212890625,0.0003,0.2445793581960104,0.8209424083769633,3.93,0.51,1.3,5.41,5.61,0.88,0.61,4.12,0.02,4.243607702255249,5.18,169.27,0.039878312731161714,nan
2368,77627392,2906.901,574,19.3,0.0,203.28,-0.008641407825052738,16.825361251831055,0.488798052072525,0.006507802740998159,0.049652099609375,0.0003,0.23074553296364755,0.838452787258248,4.37,0.47,1.15,5.04,5.06,0.82,0.59,3.65,0.0,3.787977873086929,5.17,156.47,0.036651932168751955,nan
2369,77660160,2959.321,575,19.21,0.0,214.81,0.005034941248595715,13.990468978881836,0.48997068405151367,0.017818138145594277,0.0778564453125,0.0003,0.20980449372629123,0.8209745762711864,3.98,0.44,1.26,5.16,5.42,1.0,0.59,3.83,0.0,4.037041589319706,5.25,162.99,0.03996431939303875,nan
2370,77692928,3014.331,576,17.6,0.0,188.04,-0.007761439308524132,12.752288818359375,0.4907475709915161,0.004078781763041661,0.03693389892578125,0.0003,0.18283093053735255,0.82063305978898,3.06,0.4,1.17,4.83,4.94,0.88,0.6,3.46,0.0,3.569160250425339,4.87,147.38,0.03711518947966397,nan
2371,77725696,3068.507,576,20.85,0.0,224.17,-0.006224429700523615,13.816040992736816,0.4738297760486603,0.0029065278193343147,0.028411865234375,0.0003,0.17362887183859052,0.8164300202839757,4.53,0.46,1.42,5.77,5.8,0.95,0.77,4.08,0.0,4.405584146678447,5.66,173.17,0.03460167290177196,nan
2372,77758464,3126.006,576,19.25,0.0,203.39,-0.01117918360978365,16.724544525146484,0.48104292154312134,0.004504300349537971,0.03517913818359375,0.0003,0.17413091136861886,0.822742474916388,4.05,0.38,1.2,4.88,4.76,0.83,0.77,3.16,0.0,3.5538191297650337,5.19,159.76,0.03926370991393924,nan
2373,77791232,3184.558,576,20.29,0.0,214.94,-0.007034409791231155,13.860896110534668,0.47235551476478577,0.0036645033651723224,0.03284454345703125,0.0003,0.18077601410934743,0.8012486992715921,4.15,0.54,1.3,5.37,5.31,0.9,0.7,3.71,0.0,4.054777607917786,5.32,168.93,0.03452675568405539,nan
2374,77824000,3244.346,575,19.03,0.0,205.37,-0.007819369435310364,17.444496154785156,0.48765504360198975,0.00295301203669851,0.02565765380859375,0.0003,0.2001207364926049,0.8249158249158249,3.8,0.46,1.28,4.86,5.05,0.89,0.67,3.49,0.0,3.8170658901333807,5.02,162.46,0.038021568674594164,nan
2375,77856768,3299.19,576,20.08,0.0,210.47,-0.010786855593323708,18.31601333618164,0.47495949268341064,0.0035261761174467665,0.02658843994140625,0.0003,0.17813157104235505,0.8167202572347267,4.48,0.42,1.4,5.18,5.12,0.84,0.62,3.66,0.0,3.8573168897628785,5.55,163.31,0.035256776958703995,nan
2376,77889536,3358.417,575,20.13,0.0,211.88,-0.011277405545115471,15.311208724975586,0.47864317893981934,0.005209253947356274,0.03679656982421875,0.0003,0.20543445804717828,0.8329764453961456,3.55,0.46,1.43,5.36,5.28,1.01,0.73,3.54,0.0,3.8812166905403136,5.39,167.33,0.035372491693124175,nan
2377,77922304,3414.51,575,17.8,0.0,211.58,-0.009267310611903667,13.914112091064453,0.5047942399978638,0.0032297652650186137,0.02698516845703125,0.0003,0.1877358490566038,0.8037166085946573,3.14,0.46,1.24,4.69,4.63,0.88,0.56,3.19,0.0,3.386356008052826,4.56,150.48,0.03860386728774756,nan
2378,77955072,3471.741,575,19.9,0.0,219.15,-0.010137803852558136,15.331615447998047,0.49680984020233154,0.0035333121906546694,0.03055572509765625,0.0003,0.20445765230312035,0.825531914893617,4.1,0.47,1.31,4.89,5.29,0.9,0.76,3.63,0.0,3.9547213995456696,5.35,167.26,0.04094900959171355,nan
2379,77987840,3529.494,575,18.05,0.0,195.98,-0.008799044415354729,14.119640350341797,0.5185195803642273,0.004068967675038948,0.0323333740234375,0.0003,0.1494106403313157,0.8263403263403264,3.42,0.44,1.13,4.87,4.94,0.82,0.61,3.51,0.0,3.647543254196644,4.57,147.07,0.038239152752794325,nan
2380,78020608,3592.282,574,19.26,0.0,199.4,-0.00830261129885912,14.040078163146973,0.507621169090271,0.006994811492859299,0.05063629150390625,0.0003,0.1829152111781518,0.8424507658643327,4.25,0.48,1.21,5.05,5.28,0.81,0.56,3.91,0.0,3.8940047097206114,5.18,157.03,0.03477061295416206,nan
2381,78053376,3648.904,574,19.19,0.0,206.1,-0.006616950035095215,16.057430267333984,0.4854017496109009,0.0028840722005440966,0.02596282958984375,0.0003,0.16819852941176472,0.8455467869222097,3.92,0.43,1.32,5.16,5.3,1.1,0.65,3.55,0.0,3.9795681911706926,5.12,159.21,0.039607361890375614,nan
2382,78086144,3705.611,574,19.11,0.0,201.74,-0.005486718378961086,16.884998321533203,0.5101625323295593,0.005279403644095737,0.04195404052734375,0.0003,0.18981772470144564,0.8356756756756757,3.81,0.43,1.23,5.06,4.88,0.92,0.49,3.47,0.01,3.515203968882561,5.14,158.94,0.036124325823038816,nan
2383,78118912,3763.279,574,17.97,0.0,190.83,-0.004914912860840559,15.036739349365234,0.5098684430122375,0.004521536813513194,0.041412353515625,0.0003,0.23051735428945644,0.8531139835487661,3.56,0.46,1.19,4.93,4.86,1.03,0.52,3.31,0.0,3.599862756729126,4.78,153.71,0.039296642993576825,nan
2384,78151680,3819.79,574,19.1,0.0,204.39,-0.012164151296019554,16.910099029541016,0.48464226722717285,0.002544953656439475,0.02005767822265625,0.0003,0.2221882640586797,0.8553530751708428,3.87,0.43,1.36,5.17,5.08,1.02,0.65,3.41,0.0,3.878366202712059,5.3,165.68,0.038084267638623714,nan
2385,78184448,3878.213,574,20.89,0.0,218.2,-0.009988225065171719,14.450331687927246,0.49365973472595215,0.003693954666744048,0.0309906005859375,0.0003,0.15859669469411425,0.860248447204969,4.44,0.55,1.24,5.57,5.65,0.89,0.59,4.17,0.02,4.268433048725128,5.5,170.84,0.033731461327988654,nan
2386,78217216,3935.297,574,19.27,0.0,202.59,-0.00937915500253439,14.481996536254883,0.48886966705322266,0.0031407169254293876,0.0280914306640625,0.0003,0.2,0.8439955106621774,3.87,0.34,1.08,5.28,5.63,0.95,0.65,4.03,0.0,4.124199909865856,4.71,162.93,0.0380679591326043,nan
2387,78249984,3990.49,574,18.27,0.0,218.55,-0.005961863324046135,16.06524658203125,0.5135693550109863,0.008425379844084091,0.0559234619140625,0.0003,0.1917145449047475,0.8338870431893688,3.17,0.47,1.3,4.98,5.02,0.88,0.58,3.56,0.0,3.798095704764128,4.86,154.57,0.036809214507229626,nan
2388,78282752,4046.277,574,21.16,0.0,222.8,-0.007438343018293381,15.009344100952148,0.4814155101776123,0.004259806934442167,0.03223419189453125,0.0003,0.23514431239388794,0.8567164179104477,4.61,0.65,1.33,5.55,5.62,0.85,0.66,4.11,0.0,4.408533968031406,5.75,175.99,0.04279123153537512,nan
2389,78315520,4105.392,574,19.68,0.0,274.36,-0.006874971557408571,16.186058044433594,0.49158036708831787,0.0055203390889460024,0.04111480712890625,0.0003,0.24396135265700483,0.8642384105960265,4.32,0.57,1.02,5.02,5.11,0.85,0.57,3.69,0.01,3.8418238820135593,5.05,162.59,0.03426377783762291,nan
2390,78348288,4161.968,574,20.39,0.0,220.07,-0.010045662522315979,17.83536148071289,0.5067472457885742,0.006849296097470869,0.04225921630859375,0.0003,0.20278503046127067,0.8490759753593429,4.66,0.37,1.42,5.25,5.27,0.96,0.66,3.65,0.0,3.9294666697084906,5.81,169.74,0.03907101333606988,nan
2391,78381056,4220.255,574,19.47,0.0,211.43,-0.009534108452498913,16.07813835144043,0.5171061754226685,0.0030907247330560494,0.02692413330078125,0.0003,0.26318981200727715,0.8478027867095391,4.08,0.54,1.29,5.16,5.31,0.89,0.77,3.65,0.0,3.98432412981987,5.2,167.73,0.03596034005749971,nan
2392,78413824,4278.081,574,18.44,0.0,198.69,-0.008294944651424885,15.539119720458984,0.5095162987709045,0.0045447845744774895,0.04132843017578125,0.0003,0.23699059561128527,0.8640552995391705,4.71,0.43,1.1,4.83,4.78,0.92,0.52,3.34,0.0,3.522548156827688,4.8,159.48,0.04091330070514232,nan
2393,78446592,4336.707,574,18.12,0.0,191.45,-0.01203648280352354,12.974237442016602,0.514799952507019,0.003839081219702223,0.0312042236328125,0.0003,0.2684752104770814,0.8686131386861314,3.2,0.45,1.15,4.63,4.53,0.92,0.57,3.04,0.01,3.2923854061961175,4.62,155.2,0.03982079995330423,nan
2394,78479360,4397.336,573,19.15,0.0,204.87,-0.010964585468173027,14.67829418182373,0.5282639265060425,0.005135950069529827,0.04210662841796875,0.0003,0.2552736166309997,0.8825581395348837,3.89,0.55,1.07,4.79,4.77,0.67,0.6,3.5,0.01,3.533361289203167,5.29,165.56,0.034901162376627326,nan
2395,78512128,4468.713,571,17.71,0.0,190.05,-0.004865609109401703,17.579002380371094,0.52604079246521,0.0024849707097018836,0.024688720703125,0.0003,0.2842787682333874,0.8847497089639115,3.44,0.39,1.14,4.83,4.88,0.88,0.5,3.5,0.01,3.609121218174696,4.68,156.15,0.0432686508866027,nan
2396,78544896,4530.425,571,20.3,0.0,214.95,-0.00894816592335701,16.313934326171875,0.4828101396560669,0.003334432618018468,0.02669525146484375,0.0003,0.26292725679228746,0.8834745762711864,4.41,0.42,1.21,5.3,5.43,0.88,0.65,3.9,0.01,4.054908301383257,5.29,169.88,0.04123265447560698,nan
2397,78577664,4591.997,570,18.42,0.0,192.01,-0.011637912131845951,15.924153327941895,0.5079588890075684,0.004255988074760353,0.0316925048828125,0.0003,0.23826481061832308,0.8600237247924081,3.44,0.37,1.16,4.64,4.64,0.83,0.55,3.26,0.0,3.4595263522863386,4.83,156.67,0.0374801957514137,nan
2398,78610432,4648.044,571,18.6,0.0,192.05,-0.008495120331645012,13.719005584716797,0.5111405253410339,0.003753789078132286,0.0333404541015625,0.0003,0.2707652060170046,0.8649289099526066,4.04,0.29,1.14,4.54,4.47,0.78,0.46,3.23,0.0,3.299302703887224,4.74,154.28,0.037142759771086276,nan
2399,78643200,4703.444,571,19.52,0.0,199.61,-0.010983346030116081,12.112167358398438,0.4748784005641937,0.00317108263254795,0.02722930908203125,0.0003,0.23642676767676768,0.8503937007874016,4.13,0.49,1.09,5.07,4.9,0.84,0.63,3.43,0.0,3.676235694885254,5.17,163.63,0.03915123862680048,nan
2400,78675968,4760.915,571,20.08,0.0,213.82,-0.007272243499755859,15.422569274902344,0.48116737604141235,0.003037434161285546,0.0256805419921875,0.0003,0.23463356973995272,0.8556149732620321,4.13,0.46,1.39,5.01,4.98,0.92,0.5,3.56,0.02,3.793898386955261,5.45,166.08,0.03557194129098207,nan
2401,78708736,4816.587,571,20.78,0.0,226.95,-0.00811902154237032,15.084607124328613,0.4706255793571472,0.003779979515542209,0.02740478515625,0.0003,0.237660485021398,0.8774869109947644,4.38,0.46,1.46,5.47,5.57,0.96,0.78,3.83,0.0,4.098897209167481,5.53,174.39,0.03587284713285044,nan
2402,78741504,4873.373,571,18.77,0.0,198.98,-0.005221838131546974,12.502143859863281,0.4927549660205841,0.004407496925978194,0.04015350341796875,0.0003,0.2122991347342398,0.8807870370370371,3.76,0.42,1.31,4.91,5.07,0.97,0.64,3.46,0.0,3.7985059839487074,4.91,152.89,0.03753647115081549,nan
2403,78774272,4929.512,571,18.68,0.0,203.71,-0.009025607258081436,14.251556396484375,0.47972995042800903,0.003895613856855107,0.02828216552734375,0.0003,0.22906091370558376,0.8488372093023255,4.11,0.5,1.09,4.97,5.04,0.8,0.53,3.71,0.01,3.7650062388181684,4.71,158.86,0.04123328591231257,nan
2404,78807040,4986.141,571,19.49,0.0,208.85,-0.008581755682826042,17.00446891784668,0.5075303316116333,0.003596796922693102,0.0298309326171875,0.0003,0.24446439257929384,0.8448844884488449,4.64,0.5,1.23,5.36,5.48,0.96,0.57,3.95,0.0,4.007152832150459,5.22,166.86,0.03938556287903339,nan
2405,78839808,5039.477,572,19.48,0.0,207.77,-0.00893787294626236,14.146162033081055,0.5002838969230652,0.00548574468160723,0.04462432861328125,0.0003,0.20354523227383864,0.847682119205298,4.32,0.52,1.2,5.4,5.43,0.92,0.69,3.82,0.01,4.02416376799345,5.02,158.98,0.039686123142018914,nan
2406,78872576,5097.747,572,20.93,0.0,219.92,-0.008635686710476875,17.890338897705078,0.4750021696090698,0.0024730922355615803,0.02242279052734375,0.0003,0.1963916001183082,0.8370672097759674,4.56,0.51,1.39,5.49,5.6,1.01,0.65,3.94,0.0,4.220075217783451,5.53,164.55,0.0348641611635685,nan
2407,78905344,5154.257,572,20.5,0.0,213.96,-0.00946086272597313,17.137161254882812,0.5009634494781494,0.0034116192423425673,0.02591705322265625,0.0003,0.22652096869462493,0.8586609989373007,4.81,0.5,1.4,5.43,5.37,0.94,0.68,3.75,0.0,4.105098072737455,5.74,167.32,0.03771261253859848,nan
2408,78938112,5210.964,572,19.67,0.0,208.92,-0.011970004066824913,18.399213790893555,0.49818676710128784,0.003924590332758271,0.0321502685546875,0.0003,0.1899524375743163,0.84375,4.05,0.54,1.12,5.07,5.0,0.79,0.6,3.61,0.0,3.7389504048228264,5.07,165.62,0.03567389107774943,nan
2409,78970880,5266.699,572,19.72,0.0,215.7,-0.009525200352072716,15.198227882385254,0.5091918706893921,0.003850703630746466,0.032135009765625,0.0003,0.19125843355822822,0.8437821171634121,4.69,0.43,1.26,5.27,5.14,0.79,0.48,3.87,0.0,3.7205932499468326,5.13,165.13,0.035390542121604085,nan
2410,79003648,5320.625,572,20.16,0.0,220.72,-0.01114471536129713,14.821295738220215,0.49612945318222046,0.005226685221714433,0.0387420654296875,0.0003,0.183123351889833,0.8314014752370916,4.33,0.48,1.27,5.4,5.22,0.89,0.6,3.73,0.0,3.900080176591873,5.28,166.0,0.03693198401015252,nan
2411,79036416,5374.911,573,19.14,0.0,209.66,-0.01079334132373333,14.407608032226562,0.5284022092819214,0.0035868536394616513,0.02997589111328125,0.0003,0.24147058823529413,0.8562019758507134,4.1,0.38,1.09,5.09,5.04,0.83,0.49,3.72,0.0,3.711789801567793,5.03,165.47,0.03616563184186816,nan
2412,79069184,5430.19,573,20.12,0.0,218.89,-0.009524042718112469,14.880145072937012,0.5131224989891052,0.0033590137904866424,0.0265655517578125,0.0003,0.2139917695473251,0.8412863070539419,4.38,0.5,1.36,5.19,5.03,0.92,0.49,3.62,0.0,3.8077660878002644,5.31,165.51,0.03698796557728201,nan
2413,79101952,5482.0,573,20.62,0.0,223.4,-0.004396132193505764,13.95913028717041,0.49017056822776794,0.0035773971086996426,0.0329742431640625,0.0003,0.2126618705035971,0.8586171310629515,4.52,0.51,1.28,5.08,5.31,0.79,0.64,3.88,0.0,4.026074121594429,5.3,167.68,0.03871599037665874,nan
2414,79134720,5539.851,573,19.07,0.01,202.15,-0.005988014861941338,17.681230545043945,0.4786261320114136,0.005598605784399524,0.04784393310546875,0.0003,0.20293474867311895,0.8503325942350333,4.39,0.4,1.32,4.99,5.04,1.03,0.56,3.45,0.0,3.73070820748806,5.19,159.38,0.03646318905521184,nan
2415,79167488,5594.85,573,19.76,0.0,207.16,-0.009989526122808456,13.617210388183594,0.48644956946372986,0.004431646917737453,0.034423828125,0.0003,0.2087878787878788,0.8099447513812155,4.12,0.52,1.25,4.93,5.35,0.91,0.72,3.72,0.0,4.151622200906277,5.33,162.59,0.034529835742432624,nan
2416,79200256,5651.174,574,19.16,0.0,214.2,-0.00566342007368803,15.618156433105469,0.48176151514053345,0.003930154528518415,0.03658294677734375,0.0003,0.19798552093169658,0.7918552036199095,4.59,0.36,1.33,5.05,5.15,0.83,0.65,3.67,0.0,3.869762439727783,5.17,160.6,0.036418063566088676,nan
2417,79233024,5706.6,574,18.88,0.0,207.47,-0.006641653832048178,17.11235809326172,0.4893541634082794,0.002765132700005779,0.02777099609375,0.0003,0.22761305780173705,0.8181818181818182,3.88,0.43,1.28,4.89,4.96,1.02,0.58,3.36,0.0,3.8017128252983095,5.13,163.54,0.04164279857650399,nan
2418,79265792,5761.994,574,17.24,0.0,191.84,-0.00563646387308836,18.109766006469727,0.514157772064209,0.0033233996872397142,0.0315399169921875,0.0003,0.25558071821417017,0.7844311377245509,4.0,0.35,1.1,4.33,4.6,0.69,0.41,3.5,0.01,3.4053285655379297,4.44,151.27,0.03966726083308458,nan
2419,79298560,5819.816,574,19.08,0.0,205.88,-0.007893463596701622,15.341711044311523,0.5209015011787415,0.0032305402237398084,0.03061676025390625,0.0003,0.2402457757296467,0.7944572748267898,4.08,0.52,1.27,4.8,4.75,0.83,0.56,3.36,0.01,3.5285328869894146,5.27,157.54,0.041162152658216655,nan
2420,79331328,5875.39,574,18.14,0.0,195.33,-0.00500000175088644,15.07147216796875,0.5041437149047852,0.003086083179709931,0.0261383056640625,0.0003,0.20725552050473187,0.7867730900798175,3.47,0.48,1.11,4.71,4.64,0.63,0.53,3.48,0.01,3.401760565042496,4.58,152.63,0.031053197977598757,nan
2421,79364096,5934.372,574,19.33,0.0,209.33,-0.011018127202987671,14.616191864013672,0.4955679178237915,0.004333518190492214,0.0369415283203125,0.0003,0.19058893163657886,0.787027027027027,3.98,0.48,1.2,5.02,4.92,0.89,0.55,3.48,0.0,3.613247592076659,5.19,165.94,0.03909967769868672,nan
2422,79396864,5987.695,574,20.08,0.0,288.53,-0.008960798382759094,17.0308780670166,0.510162353515625,0.004656132860020534,0.03812408447265625,0.0003,0.22812683499706402,0.7918410041841004,4.57,0.37,1.16,5.29,5.27,0.71,0.62,3.94,0.01,3.9545258474349976,5.27,167.94,0.038815339328721166,nan
2423,79429632,6046.453,574,19.54,0.0,205.85,-0.009036676958203316,16.018903732299805,0.49984902143478394,0.0034084398648985825,0.02967071533203125,0.0003,0.2463038691412394,0.7768969422423556,4.13,0.44,1.29,5.05,4.98,0.86,0.63,3.49,0.0,3.657327166497707,4.85,161.22,0.03553557861596346,nan
2424,79462400,6100.249,574,18.82,0.0,216.4,-0.008816835470497608,14.291011810302734,0.5189762115478516,0.004130035422917899,0.03387451171875,0.0003,0.18631778058007567,0.8056872037914692,4.42,0.41,1.14,4.82,4.65,0.85,0.63,3.17,0.0,3.4517778664827348,4.96,155.65,0.03886919317301363,nan
2425,79495168,6156.212,574,18.5,0.0,198.11,-0.008062606677412987,15.893940925598145,0.5144704580307007,0.004478611607225957,0.03511810302734375,0.0003,0.22797600252604988,0.8080094228504122,4.37,0.25,1.25,4.9,4.97,0.97,0.62,3.38,0.01,3.5999219369888307,4.71,156.36,0.04216109402477741,nan
2426,79527936,6212.012,574,20.78,0.0,214.64,-0.004414666909724474,16.321189880371094,0.454492449760437,0.0036253339759468872,0.03427886962890625,0.0003,0.2208872458410351,0.7894190871369294,4.28,0.53,1.21,5.07,5.06,0.91,0.53,3.62,0.0,3.7446237510442733,5.21,165.03,0.0357976759551093,nan
2427,79560704,6264.587,575,19.81,0.0,214.89,-0.009886018931865692,14.501272201538086,0.47005826234817505,0.0035735677123511778,0.02923583984375,0.0003,0.2015868351454599,0.8200431034482759,4.66,0.43,1.39,5.14,5.03,0.94,0.61,3.48,0.02,3.703757290840149,5.33,171.26,0.034234790538903326,nan
2428,79593472,6317.884,575,19.72,0.0,215.41,-0.006719363387674093,16.72589874267578,0.4581722617149353,0.004164287454841542,0.03830718994140625,0.0003,0.18298261665141813,0.8182807399347116,4.88,0.49,1.46,5.11,4.97,0.98,0.62,3.37,0.0,3.8218046098947527,5.53,162.83,0.03743894107174128,nan
2429,79626240,6372.384,575,19.12,0.0,201.8,-0.008620018139481544,16.13469123840332,0.4794532060623169,0.0027752947302701614,0.021087646484375,0.0003,0.1894370651486401,0.8260869565217391,4.43,0.4,1.44,5.36,5.45,1.04,0.63,3.78,0.0,3.9237217354774474,5.26,154.52,0.03162818035343662,nan
2430,79659008,6430.276,575,21.39,0.0,223.24,-0.008573397062718868,14.810523986816406,0.4450574517250061,0.00411542744002702,0.0334320068359375,0.0003,0.18039895923677363,0.8205645161290323,5.54,0.56,1.44,5.48,5.47,0.87,0.69,3.91,0.0,4.068233590126038,6.0,173.51,0.0392912644892931,nan
2431,79691776,6485.315,576,20.07,0.0,224.86,-0.009459201246500015,14.666285514831543,0.48100948333740234,0.0041663790795496425,0.03497314453125,0.0003,0.19800235017626322,0.8008342022940563,4.78,0.61,1.42,5.19,5.34,0.94,0.61,3.79,0.04,3.9661952313780784,5.6,162.63,0.03336587978992611,nan
2432,79724544,6540.454,576,18.81,0.0,301.04,-0.008966492488980293,14.879484176635742,0.47450774908065796,0.004128270715170856,0.0375213623046875,0.0003,0.24346456692913385,0.8102272727272727,3.71,0.4,1.24,4.9,4.86,0.78,0.57,3.51,0.02,3.532457467466593,5.09,153.37,0.03699728776700795,nan
2433,79757312,6598.343,576,19.46,0.0,206.25,-0.003954647108912468,17.21259117126465,0.4966942071914673,0.003605854697752875,0.03089141845703125,0.0003,0.1946329426280074,0.8387824126268321,4.67,0.37,1.38,5.07,5.27,0.92,0.59,3.76,0.0,3.930781685113907,5.2,159.27,0.03484207484871149,nan
2434,79790080,6652.471,576,19.08,0.0,201.5,-0.00977687630802393,14.112071990966797,0.46544149518013,0.0032549829622325888,0.02463531494140625,0.0003,0.19714374417882646,0.8176733780760627,3.77,0.53,1.32,4.99,5.16,0.95,0.55,3.66,0.01,3.875926945954561,5.0,157.42,0.03927405073773116,nan
2435,79822848,6706.926,576,18.03,0.0,195.3,-0.009367300197482109,13.69946002960205,0.47547686100006104,0.002962299147156955,0.026092529296875,0.0003,0.19226989846053064,0.8048192771084337,3.46,0.34,1.24,4.65,4.68,0.9,0.55,3.23,0.0,3.455535796880722,4.8,151.51,0.0381610922049731,nan
2436,79855616,6761.835,576,19.23,0.0,206.2,-0.010042612440884113,16.90484619140625,0.45909279584884644,0.0032118709479220797,0.0251617431640625,0.0003,0.20573408947700064,0.7894736842105263,5.06,0.53,1.47,5.15,5.23,1.14,0.53,3.56,0.0,3.817164805531502,5.4,158.02,0.03504285938106477,nan
2437,79888384,6818.269,576,19.29,0.0,199.16,-0.0066617196425795555,15.470226287841797,0.45524075627326965,0.0046821218923014385,0.03752899169921875,0.0003,0.1862000660283922,0.756601607347876,5.1,0.59,1.29,4.68,4.81,0.9,0.69,3.22,0.01,3.5895038455724717,5.08,150.36,0.037209279369562864,nan
2438,79921152,6875.545,576,18.59,0.0,258.73,-0.009277816861867905,15.699405670166016,0.4675704836845398,0.0029175380702781695,0.0214691162109375,0.0003,0.22215046819502746,0.7713270142180095,4.36,0.34,1.29,4.71,5.04,1.03,0.62,3.39,0.0,3.865206152200699,4.86,155.64,0.031710642913822085,nan
2439,79953920,6928.297,577,20.05,0.0,217.32,-0.005356560926884413,15.412663459777832,0.46891796588897705,0.004145080673424673,0.03729248046875,0.0003,0.19640787949015065,0.7456896551724138,4.45,0.41,1.47,4.99,5.01,0.85,0.6,3.56,0.02,3.734291588962078,5.55,164.54,0.043039027601480484,nan
2440,79986688,6987.834,576,18.89,0.0,201.19,-0.008129909634590149,14.640787124633789,0.470842182636261,0.003644748894089389,0.02886199951171875,0.0003,0.17486681291131306,0.7756041426927502,3.76,0.45,1.39,4.75,4.69,0.93,0.55,3.21,0.01,3.4667237317562103,5.09,157.49,0.03507112443912774,nan
2441,80019456,7043.0,576,20.27,0.0,228.51,-0.008595168590545654,14.810867309570312,0.45307213068008423,0.003224085987909575,0.02657318115234375,0.0003,0.16472642607683352,0.782791185729276,4.42,0.38,1.41,5.29,5.24,1.09,0.51,3.64,0.0,3.751842061281204,5.41,165.16,0.032703863573260605,nan
2442,80052224,7100.049,576,20.85,0.0,223.41,-0.00785023346543312,17.881738662719727,0.457216739654541,0.0026547501564664344,0.02404022216796875,0.0003,0.18604651162790697,0.7902892561983471,4.57,0.39,1.7,4.94,5.02,0.99,0.68,3.35,0.0,3.6383190336823463,5.75,168.35,0.037559055839665234,nan
2443,80084992,7156.268,576,18.19,0.0,196.55,-0.00731470063328743,15.269898414611816,0.4823967218399048,0.0032639117602002443,0.0249481201171875,0.0003,0.18287692791942084,0.7796407185628742,3.72,0.41,1.46,4.66,4.55,1.03,0.55,2.97,0.0,3.4154886949807404,4.83,149.18,0.03716252057347447,nan
2444,80117760,7211.963,577,19.15,0.0,216.94,-0.002253022976219654,16.521793365478516,0.4545360207557678,0.0034867672452492116,0.02881622314453125,0.0003,0.2021777516185992,0.77209797657082,4.0,0.5,1.59,5.33,5.36,0.99,0.63,3.74,0.0,4.003159030973912,5.32,160.09,0.03719840350095183,nan
2445,80150528,7268.465,577,19.09,0.01,211.86,-0.007586671970784664,16.41592025756836,0.4655281901359558,0.0021192704963937103,0.0186920166015625,0.0003,0.15396024918421833,0.7644539614561028,4.47,0.3,1.41,4.57,4.77,0.94,0.58,3.25,0.0,3.4360932862758635,5.24,155.48,0.03385056962724775,nan
2446,80183296,7328.18,576,18.5,0.0,191.27,-0.005459542851895094,16.193349838256836,0.4557371139526367,0.002679965115135019,0.0228118896484375,0.0003,0.18561484918793503,0.8040865384615384,4.59,0.4,1.25,4.55,4.64,0.89,0.52,3.23,0.01,3.458414800465107,4.88,145.43,0.038237139699049294,nan
2447,80216064,7382.843,576,18.79,0.0,201.81,-0.010440479964017868,17.061426162719727,0.47350937128067017,0.003661199299017426,0.03372955322265625,0.0003,0.1585133418043202,0.7833333333333333,3.93,0.44,1.37,4.87,5.1,0.94,0.65,3.51,0.0,3.651814406067133,5.07,151.93,0.032622736995108426,nan
2448,80248832,7438.588,577,19.91,0.0,210.69,-0.010762400925159454,16.79863166809082,0.4544600248336792,0.0033438844685065305,0.02838134765625,0.0003,0.18688423645320196,0.8115942028985508,4.25,0.54,1.5,4.98,5.11,1.13,0.63,3.35,0.0,3.6787939608097076,5.4,155.61,0.033517188392579556,nan
2449,80281600,7492.037,577,19.92,0.0,218.0,-0.009191903285682201,16.097929000854492,0.47737550735473633,0.0030790919524861238,0.024932861328125,0.0003,0.20074992789154888,0.7857142857142857,4.62,0.42,1.33,5.42,5.24,0.93,0.64,3.67,0.01,3.862405506372452,5.15,160.74,0.03247584594646469,nan
2450,80314368,7546.212,577,19.98,0.0,221.31,-0.010841337032616138,15.81169319152832,0.47988149523735046,0.003981935794513447,0.027130126953125,0.0003,0.17139479905437352,0.7770767613038907,3.96,0.47,1.42,5.41,5.52,1.09,0.55,3.88,0.0,4.307564790844918,5.53,166.86,0.03567534720059484,nan
2451,80347136,7605.398,577,18.48,0.0,201.16,-0.00756106898188591,17.534374237060547,0.48061007261276245,0.0031513690255451365,0.02787017822265625,0.0003,0.18682710576314124,0.7920673076923077,4.32,0.43,1.27,4.88,4.84,0.99,0.59,3.26,0.02,3.672706200480461,4.84,151.56,0.03612943389452994,nan
2452,80379904,7661.34,577,19.13,0.0,205.71,-0.00542251393198967,15.837955474853516,0.4444303810596466,0.002675673095723141,0.0265045166015625,0.0003,0.17226231565735803,0.8071593533487298,4.11,0.46,1.4,4.83,4.83,0.92,0.42,3.49,0.0,3.7019070130586624,5.38,157.28,0.03816186438780278,nan
2453,80412672,7719.813,577,18.8,0.0,204.43,-0.007879511453211308,15.938913345336914,0.48286205530166626,0.004909990142138554,0.03759765625,0.0003,0.17341576506955178,0.8040540540540541,3.69,0.5,1.27,5.26,5.26,1.01,0.68,3.57,0.0,3.9479977148771286,5.01,157.71,0.03706070873886347,nan
2454,80445440,7778.01,577,19.95,0.0,320.02,-0.010580651462078094,14.746321678161621,0.4668016731739044,0.0044907943445196,0.0367584228515625,0.0003,0.1731859410430839,0.8082627118644068,3.96,0.35,1.56,5.44,5.81,1.04,0.73,4.04,0.02,4.3605411140620705,5.45,169.66,0.035201396502088755,nan
2455,80478208,7835.456,577,19.35,0.0,207.02,-0.00900435820221901,13.74342155456543,0.4673738479614258,0.003714868488884804,0.03058624267578125,0.0003,0.1682013505217925,0.8126385809312638,3.75,0.51,1.44,5.16,5.41,1.2,0.64,3.57,0.01,4.024270465075969,5.14,160.94,0.03627740545198321,nan
2456,80510976,7893.027,577,18.94,0.01,204.23,-0.010953782126307487,17.570232391357422,0.4796273708343506,0.0030288936922033827,0.02767181396484375,0.0003,0.20401757689893282,0.8020247469066367,4.05,0.37,1.45,4.73,4.61,1.09,0.5,3.02,0.01,3.410001539289951,5.31,161.71,0.03506066859699786,nan
2457,80543744,7948.622,577,17.71,0.0,193.1,-0.008621231652796268,15.263792991638184,0.4760737419128418,0.0044710430645977794,0.03751373291015625,0.0003,0.20536569786010858,0.8033980582524272,3.22,0.37,1.21,4.82,4.8,0.92,0.52,3.36,0.0,3.5645789569616317,4.87,149.87,0.03495397622464225,nan
2458,80576512,8007.045,577,19.39,0.0,207.0,-0.006118167191743851,15.212526321411133,0.4911624789237976,0.005043835338938152,0.03742218017578125,0.0003,0.20251177394034536,0.8227272727272728,4.6,0.41,1.46,5.14,5.43,1.2,0.55,3.68,0.0,4.051902060508728,5.37,152.66,0.03992305870633572,nan
2459,80609280,8065.37,576,20.3,0.0,221.66,-0.0015115300193428993,16.449806213378906,0.4803006052970886,0.0065862860864172035,0.0493927001953125,0.0003,0.18925166136954638,0.8161157024793388,4.3,0.39,1.5,5.25,5.35,0.96,0.57,3.82,0.01,4.0404328659176825,5.75,166.53,0.04091828514356166,nan
2460,80642048,8123.404,576,18.71,0.0,199.25,-0.00589341763406992,18.530574798583984,0.47742247581481934,0.003868774972659139,0.0354461669921875,0.0003,0.1940203562340967,0.798175598631699,3.73,0.48,1.28,5.16,5.16,0.91,0.57,3.68,0.0,3.9189459043741226,5.03,160.1,0.039547773892991245,nan
2461,80674816,8180.948,576,18.22,0.0,202.09,-0.00998376589268446,16.0687198638916,0.5073776245117188,0.0032596772264241736,0.0229644775390625,0.0003,0.21614013137316235,0.7547846889952153,3.45,0.38,1.27,5.21,5.19,1.0,0.58,3.61,0.0,3.9570708855986596,4.81,156.22,0.03692419175058603,nan
2462,80707584,8235.717,576,19.14,0.0,305.66,-0.006718600168824196,14.763591766357422,0.5213949084281921,0.0036101525082585795,0.0301361083984375,0.0003,0.21432889963724305,0.7740112994350282,3.39,0.48,1.26,5.18,5.22,0.93,0.58,3.71,0.02,3.9766890957951544,5.12,158.88,0.03772167977876961,nan
2463,80740352,8292.297,576,19.45,0.0,225.87,-0.008380603976547718,15.245492935180664,0.5099027156829834,0.004420169978729405,0.03673553466796875,0.0003,0.24705560120514927,0.7810140237324703,3.9,0.45,1.61,5.16,5.04,1.26,0.6,3.18,0.0,3.7238018172979355,5.58,173.2,0.03663957049138844,nan
2464,80773120,8349.78,576,19.28,0.01,224.34,-0.004905201494693756,17.659130096435547,0.5009387731552124,0.004416288816798897,0.0362548828125,0.0003,0.2582513028372901,0.7738748627881449,3.83,0.48,1.29,5.36,5.33,0.97,0.66,3.7,0.0,3.9159861321747305,5.17,166.65,0.0389639250934124,nan
2465,80805888,8404.559,577,17.92,0.0,199.47,-0.009892200119793415,13.838376998901367,0.522161602973938,0.0022530083165577253,0.02178955078125,0.0003,0.24765364819860733,0.7515225334957369,3.19,0.44,1.06,4.79,4.92,0.93,0.44,3.55,0.0,3.6950066190958024,4.54,158.28,0.03732409898657352,nan
2466,80838656,8466.729,576,18.91,0.0,211.74,-0.009458155371248722,16.511037826538086,0.477953165769577,0.0036772902822121978,0.03235626220703125,0.0003,0.23524176802135865,0.7527716186252772,4.4,0.53,1.32,5.29,5.51,1.08,0.71,3.72,0.0,4.055303902626037,5.21,160.77,0.034596838406287134,nan
2467,80871424,8529.85,576,18.63,0.0,218.83,-0.006239686626940966,14.420565605163574,0.5161808729171753,0.0031492790610627708,0.028167724609375,0.0003,0.21904188008436276,0.7570422535211268,4.09,0.33,1.39,5.05,4.95,1.06,0.53,3.36,0.0,3.6608474237471818,5.19,157.16,0.03998473403044045,nan
2468,80904192,8598.569,575,19.87,0.0,220.81,-0.007614770904183388,16.56298828125,0.5215562582015991,0.00202137273987546,0.018280029296875,0.0003,0.27864506627393226,0.753125,3.65,0.56,1.24,5.4,5.61,1.01,0.56,4.04,0.0,4.1856483381986616,5.15,165.88,0.033393101184628904,nan
2469,80936960,8661.446,575,18.61,0.0,207.49,-0.0109712528064847,13.878150939941406,0.5341463088989258,0.0037833687173645103,0.03372955322265625,0.0003,0.2302136623532952,0.744131455399061,3.46,0.44,1.3,5.16,5.02,0.89,0.66,3.47,0.02,3.713891661763191,5.06,160.64,0.03965455654542893,nan
2470,80969728,8721.919,574,18.31,0.0,197.63,-0.008258340880274773,17.570295333862305,0.49281442165374756,0.003914613096753783,0.0356903076171875,0.0003,0.2088050314465409,0.7388235294117647,3.62,0.43,1.22,4.94,5.03,1.07,0.6,3.36,0.01,3.732398746907711,4.89,155.32,0.03773910377640277,nan
2471,81002496,8783.047,574,19.62,0.0,212.72,-0.00901058316230774,15.518129348754883,0.502303957939148,0.004251513443762178,0.03345489501953125,0.0003,0.25189911880887267,0.7748571428571429,4.0,0.48,1.39,4.69,4.79,0.93,0.53,3.33,0.0,3.455081657767296,5.48,170.45,0.03646633541211486,nan
2472,81035264,8838.994,574,17.61,0.0,200.29,-0.008323321118950844,14.144500732421875,0.533659815788269,0.0028493942343743583,0.02793121337890625,0.0003,0.24286581663630843,0.7436208991494532,2.94,0.33,1.14,4.64,4.56,0.9,0.47,3.19,0.03,3.327316255867481,4.6,152.65,0.041684610536322,nan
2473,81068032,8898.309,574,18.16,0.0,206.5,-0.011875396594405174,18.867210388183594,0.5276281237602234,0.004521026521274507,0.04137420654296875,0.0003,0.24451219512195121,0.7476635514018691,3.37,0.42,1.28,5.02,4.97,1.02,0.65,3.3,0.0,3.77170091971755,4.9,157.74,0.03541276586474851,nan
2474,81100800,8959.437,574,18.53,0.0,214.81,-0.008320511318743229,15.102956771850586,0.527281641960144,0.003974550944860766,0.03692626953125,0.0003,0.2489070241911979,0.7160919540229885,3.87,0.46,1.27,5.36,5.26,0.99,0.57,3.7,0.0,3.9091020704060795,4.8,157.67,0.03815420588944107,nan
2475,81133568,9018.034,574,19.05,0.0,210.81,-0.009535041637718678,16.03791618347168,0.5018836855888367,0.002818395198005419,0.02635955810546875,0.0003,0.23927101704879483,0.7276785714285714,3.65,0.48,1.28,5.06,4.87,1.05,0.56,3.26,0.02,3.6796643741149455,4.87,168.41,0.0383108175592497,nan
2476,81166336,9076.757,574,19.12,0.0,208.59,-0.007314273156225681,15.460372924804688,0.502671480178833,0.0033335145905653008,0.029144287109375,0.0003,0.19828858070227207,0.6942823803967327,4.17,0.45,1.25,5.07,5.02,0.97,0.58,3.47,0.0,3.7911620070040226,4.88,155.3,0.03454820066690445,nan
2477,81199104,9136.717,573,19.33,0.0,214.54,-0.009860510937869549,14.407546043395996,0.4963223338127136,0.002379219663424692,0.022186279296875,0.0003,0.20802596636175863,0.7437020810514786,3.47,0.49,1.46,5.23,5.19,1.05,0.64,3.5,0.0,3.9636406627297402,5.29,164.55,0.03291772003285587,nan
2478,81231872,9197.76,573,18.7,0.0,214.07,-0.010767607018351555,13.556158065795898,0.4998580813407898,0.003154920345764367,0.024566650390625,0.0003,0.2140796306982112,0.740782122905028,3.76,0.42,1.28,5.05,4.97,1.01,0.56,3.4,0.01,3.5217968410253526,4.9,160.32,0.03664240357466042,nan
2479,81264640,9254.411,573,18.51,0.0,205.19,-0.008228728547692299,15.274030685424805,0.49940118193626404,0.003106460305161818,0.02626800537109375,0.0003,0.21882494004796163,0.7313953488372092,3.98,0.41,1.23,4.71,4.6,0.92,0.56,3.12,0.0,3.4606748405098915,4.95,157.81,0.03773163666483015,nan
2480,81297408,9314.672,573,19.92,0.0,222.16,-0.006728070788085461,14.841507911682129,0.4944688081741333,0.004273418170981813,0.03830718994140625,0.0003,0.2544529262086514,0.7289823008849557,4.02,0.39,1.23,4.81,4.77,0.94,0.6,3.23,0.0,3.4467136479914187,5.29,164.45,0.03629794006701559,nan
2481,81330176,9372.533,573,18.16,0.0,200.86,-0.006895504891872406,15.110103607177734,0.5025662183761597,0.0028071324147731502,0.026214599609375,0.0003,0.18903940886699508,0.7384066587395958,3.62,0.47,1.3,4.84,4.85,0.89,0.53,3.43,0.01,3.5449608635902403,4.77,152.95,0.03868359897751361,nan
2482,81362944,9429.977,573,19.44,0.0,207.32,-0.0056426916271448135,15.738443374633789,0.48241662979125977,0.0023342353142652428,0.0233612060546875,0.0003,0.22079116835326587,0.7486033519553073,4.31,0.48,1.35,5.0,5.18,0.99,0.67,3.52,0.0,3.97415904045105,5.36,165.39,0.038135156384669244,nan
2483,81395712,9488.25,573,20.46,0.0,318.69,-0.007923467084765434,13.219051361083984,0.4942878484725952,0.0031661741125503795,0.02603912353515625,0.0003,0.17681671079729333,0.7638297872340426,4.92,0.5,1.46,5.62,5.92,1.14,0.89,3.89,0.02,4.387856106460094,5.39,163.7,0.03614361211657524,nan
2484,81428480,9544.729,573,18.05,0.0,198.99,-0.005752566736191511,17.480663299560547,0.48508089780807495,0.00213882743821614,0.01920318603515625,0.0003,0.20567154876908694,0.7514384349827388,3.42,0.49,1.14,4.98,4.82,1.03,0.51,3.28,0.0,3.5037815389037132,4.7,154.56,0.034518226282671094,nan
2485,81461248,9600.609,573,20.32,0.0,225.0,-0.01187395304441452,13.713399887084961,0.5143039226531982,0.003759124363966748,0.0307769775390625,0.0003,0.19881389438011862,0.7737068965517241,4.53,0.53,1.25,5.01,5.06,1.05,0.68,3.33,0.0,3.6505066192150117,5.38,160.5,0.032679138297680765,nan
2486,81494016,9656.632,573,20.6,0.0,232.55,-0.007925068028271198,12.510456085205078,0.5020724534988403,0.004078302222524144,0.0259857177734375,0.0003,0.25269687162891047,0.7709437963944857,4.01,0.44,1.39,5.4,5.5,0.98,0.77,3.75,0.0,4.081868703365326,5.83,170.22,0.037560004624538124,nan
2487,81526784,9717.992,573,19.29,0.0,210.8,-0.009727811440825462,14.537614822387695,0.4959329664707184,0.004265267291089003,0.033599853515625,0.0003,0.21213924427253794,0.75,4.48,0.45,1.43,5.15,5.2,1.05,0.8,3.35,0.0,3.8825263017416,5.17,159.53,0.035986973147373646,nan
2488,81559552,9776.514,573,19.36,0.0,223.6,-0.006555140949785709,14.582342147827148,0.4692835807800293,0.0031248623137116738,0.02886962890625,0.0003,0.17914438502673796,0.7513873473917869,4.04,0.55,1.29,4.83,4.82,1.02,0.64,3.16,0.0,3.5271747502684594,4.96,161.32,0.03906922985333949,nan
2489,81592320,9832.665,573,20.62,0.0,229.15,-0.009233077056705952,12.337335586547852,0.46714073419570923,0.0026179198282534344,0.02100372314453125,0.0003,0.23267326732673269,0.7661795407098121,3.66,0.48,1.44,5.12,5.21,0.97,0.65,3.59,0.01,3.9413504779338835,5.44,174.77,0.042308275238610804,nan
2490,81625088,9889.432,573,20.22,0.0,218.0,-0.007857521995902061,15.956567764282227,0.4536775052547455,0.0028060341587092807,0.023040771484375,0.0003,0.2057374674007534,0.7452025586353944,4.68,0.49,1.55,5.1,5.08,1.09,0.67,3.32,0.0,3.9110921435058117,5.65,169.19,0.038401042111217976,nan
2491,81657856,9946.039,573,20.11,0.0,321.36,-0.01114047784358263,12.96906566619873,0.4976760149002075,0.0031378681422324917,0.02880859375,0.0003,0.26848249027237353,0.7460148777895855,3.83,0.41,1.46,5.51,5.43,1.04,0.65,3.74,0.02,3.981803507208824,5.23,173.36,0.03982310474384576,nan
2492,81690624,10000.606,573,18.2,0.0,281.5,-0.008630406111478806,17.610015869140625,0.4824414849281311,0.003321431896551985,0.02468109130859375,0.0003,0.20169851380042464,0.7729411764705882,3.17,0.46,1.12,4.91,4.9,0.82,0.44,3.64,0.0,3.6767741617560388,4.66,158.19,0.04054833541158587,nan
2493,81723392,10059.242,573,19.54,0.0,218.27,-0.006934141740202904,16.121784210205078,0.4847727417945862,0.002976675213062663,0.02793121337890625,0.0003,0.23801320700545506,0.7609649122807017,4.0,0.5,1.42,4.88,4.88,0.99,0.56,3.33,0.01,3.6468217577040196,5.35,165.73,0.039025146397762,nan
2494,81756160,10123.28,572,18.27,0.0,205.41,-0.006752893328666687,15.261547088623047,0.4768679141998291,0.004966985234261756,0.04013824462890625,0.0003,0.2252797097066828,0.8,4.2,0.45,1.42,4.78,4.67,1.05,0.53,3.09,0.0,3.360487113147974,4.76,156.0,0.03958759387023747,nan
2495,81788928,10184.308,572,20.31,0.0,230.48,-0.008960976265370846,16.5897216796875,0.49233365058898926,0.0025218609080752685,0.02254486083984375,0.0003,0.2353266888150609,0.7669801462904912,4.49,0.44,1.54,5.43,5.48,1.13,0.77,3.58,0.01,4.012633482515812,5.58,166.21,0.03770393447484821,nan
2496,81821696,10241.508,572,18.85,0.0,208.63,-0.00909770280122757,16.42253875732422,0.5076781511306763,0.0030753806738630374,0.02817535400390625,0.0003,0.2309043020193152,0.771850170261067,3.8,0.52,1.24,5.0,4.96,0.88,0.57,3.51,0.0,3.7051665860414507,4.98,159.0,0.03825789620168507,nan
2497,81854464,10299.711,572,19.14,0.0,212.36,-0.005504402332007885,13.337685585021973,0.49030864238739014,0.0024771526099129915,0.023651123046875,0.0003,0.194,0.7640086206896551,3.61,0.42,1.41,5.15,5.35,0.98,0.63,3.74,0.01,4.071812528222799,5.19,159.25,0.03709763765800744,nan
2498,81887232,10355.689,572,18.43,0.0,216.38,-0.0076508657075464725,15.979272842407227,0.49455857276916504,0.0023251723569330807,0.0235748291015625,0.0003,0.22586520947176686,0.7855450236966824,3.54,0.38,1.41,5.03,4.89,1.05,0.61,3.23,0.01,3.6848001781105997,4.84,157.12,0.036391321453265846,nan
2499,81920000,10412.515,572,19.01,0.0,207.95,-0.006578247062861919,15.083269119262695,0.49274343252182007,0.0016249958955114607,0.01378631591796875,0.0003,0.22914147521160821,0.789838337182448,3.74,0.4,1.37,5.05,4.88,1.08,0.62,3.18,0.02,3.6044505153596402,4.93,160.87,0.04011297400575131,nan
2500,81952768,10470.225,572,19.71,0.0,214.71,-0.008615583181381226,14.240852355957031,0.4947132468223572,0.002845849685570556,0.02039337158203125,0.0003,0.2106038291605302,0.7524752475247525,4.41,0.44,1.41,5.19,5.0,0.92,0.56,3.52,0.0,3.9170782254636287,5.35,167.14,0.042492555687204,nan
2501,81985536,10528.999,572,18.36,0.0,202.23,-0.006739427335560322,13.552105903625488,0.49294406175613403,0.0030615579746609,0.02959442138671875,0.0003,0.26269912834385334,0.7741935483870968,3.0,0.47,1.12,4.83,4.81,0.97,0.54,3.3,0.0,3.585483129620552,4.56,156.58,0.03528794914018363,nan
2502,82018304,10582.341,572,19.81,0.0,221.68,-0.00761083560064435,13.834396362304688,0.4969301223754883,0.0026638337105282517,0.02448272705078125,0.0003,0.2239099859353024,0.7668508287292818,4.64,0.61,1.29,5.48,5.39,1.02,0.63,3.74,0.01,4.047932025790215,5.37,165.8,0.03802252362947911,nan
2503,82051072,10643.054,572,19.23,0.0,228.08,-0.00712064653635025,14.93558120727539,0.46938514709472656,0.004036599157700493,0.03433990478515625,0.0003,0.2029026750142288,0.7698324022346369,3.58,0.49,1.33,4.95,4.95,0.83,0.72,3.4,0.01,3.620209561884403,4.94,167.23,0.03934278432279825,nan
2504,82083840,10697.658,572,20.49,0.0,231.99,-0.009991797618567944,10.850984573364258,0.4934156537055969,0.0030455837541865094,0.0265655517578125,0.0003,0.232899473829964,0.7433808553971487,3.84,0.48,1.37,5.48,5.68,1.05,0.65,3.98,0.0,4.206099360883236,5.33,174.28,0.03603913029655814,nan
2505,82116608,10755.478,572,20.5,0.0,221.63,-0.010372312739491463,13.50973129272461,0.47709858417510986,0.003101318399245656,0.02817535400390625,0.0003,0.1763360960274364,0.7716942148760331,4.61,0.55,1.48,5.18,5.18,0.93,0.61,3.64,0.0,3.7698070707917215,5.4,167.06,0.03670485474867746,nan
2506,82149376,10811.756,572,18.84,0.0,214.51,-0.004047108814120293,12.14901351928711,0.44720423221588135,0.00326438162610998,0.03157806396484375,0.0003,0.17341040462427745,0.7948139797068771,3.93,0.51,1.38,4.93,5.06,1.12,0.64,3.3,0.0,3.800791984200478,4.98,151.24,0.03355939802713692,nan
2507,82182144,10871.193,572,19.83,0.0,230.84,-0.006455698981881142,13.818399429321289,0.47160157561302185,0.0014024179504303902,0.01174163818359375,0.0003,0.1618599175985874,0.7760252365930599,4.11,0.48,1.55,5.1,5.02,0.9,0.5,3.62,0.0,3.765330409705639,5.34,168.71,0.04278823884669691,nan
2508,82214912,10929.993,572,19.26,0.0,215.32,-0.0128733329474926,14.065006256103516,0.4820285737514496,0.0034551298863902957,0.026153564453125,0.0003,0.20405727923627684,0.8076086956521739,3.55,0.43,1.57,5.26,5.36,1.15,0.63,3.58,0.0,4.036844416856765,5.33,162.5,0.03395913110580295,nan
2509,82247680,10988.042,572,20.34,0.0,222.14,-0.01081898994743824,14.617830276489258,0.4866310954093933,0.003818119966069844,0.03536224365234375,0.0003,0.2253440366972477,0.8051546391752578,4.02,0.49,1.44,5.4,5.28,0.96,0.63,3.69,0.0,3.9920964069664477,5.48,166.34,0.038472195621579885,nan
2510,82280448,11048.159,572,18.99,0.0,212.75,-0.009368696250021458,14.041242599487305,0.4836459755897522,0.0035473083520400905,0.03440093994140625,0.0003,0.16143234517170532,0.8021857923497268,3.81,0.42,1.4,5.14,5.22,1.09,0.68,3.45,0.0,3.8435119274258613,5.09,159.29,0.03542835084954277,nan
2511,82313216,11106.058,572,19.71,0.0,233.13,-0.007712462451308966,14.739702224731445,0.4995563328266144,0.0027006089738392802,0.02474212646484375,0.0003,0.18616874135546335,0.790356394129979,3.83,0.46,1.59,5.39,5.5,1.14,0.73,3.63,0.0,4.122749910056591,5.5,165.06,0.03477966727223247,nan
2512,82345984,11162.002,572,19.09,0.0,210.77,-0.008183494210243225,16.018430709838867,0.49220097064971924,0.00244284284309515,0.0216827392578125,0.0003,0.19283919597989949,0.771889400921659,4.01,0.42,1.3,4.68,4.72,0.88,0.52,3.32,0.02,3.608878070116043,5.1,158.2,0.041650838567875326,nan
2513,82378752,11222.396,572,18.38,0.0,213.53,-0.006583420094102621,15.2673921585083,0.5004321336746216,0.0031248152136527096,0.028167724609375,0.0003,0.15752802181157224,0.8104426787741204,3.53,0.39,1.44,4.86,4.8,1.05,0.62,3.13,0.0,3.6267498138546945,4.89,158.32,0.038394044851884246,nan
2514,82411520,11280.787,572,20.53,0.0,232.83,-0.010579060763120651,16.015174865722656,0.4922132194042206,0.004045116374697955,0.028961181640625,0.0003,0.21188340807174888,0.7786885245901639,3.85,0.48,1.58,5.69,5.86,1.27,0.66,3.93,0.0,4.403169033825398,5.64,175.03,0.038191792787984014,nan
2515,82444288,11338.733,572,20.25,0.0,213.4,-0.0023562582209706306,15.595202445983887,0.498223215341568,0.00269345630567841,0.0282135009765625,0.0003,0.19550428867199054,0.8041349292709467,4.49,0.33,1.5,5.17,5.17,0.9,0.76,3.51,0.0,3.868133336156607,5.55,164.34,0.040114539791829884,nan
2516,82477056,11398.656,572,20.91,0.0,305.03,-0.005339976865798235,15.980677604675293,0.4920831322669983,0.0013330308536296798,0.011810302734375,0.0003,0.21282633371169127,0.7614107883817427,5.01,0.48,1.48,5.32,5.71,1.07,0.73,3.91,0.02,4.329784134626388,5.81,171.05,0.03567803790792823,nan
2517,82509824,11460.686,571,21.12,0.0,231.7,-0.010446589440107346,14.417461395263672,0.4841161072254181,0.0021181200378634912,0.01731109619140625,0.0003,0.21830985915492956,0.7782258064516129,4.9,0.52,1.48,5.46,5.36,1.02,0.87,3.47,0.0,4.028956366330386,5.94,170.49,0.036860630731098354,nan
2518,82542592,11519.658,571,19.09,0.0,212.84,-0.007156784180551767,14.491935729980469,0.48643678426742554,0.001763438501257042,0.01622772216796875,0.0003,0.205659276546091,0.8068181818181818,3.46,0.46,1.43,5.33,5.38,1.19,0.64,3.55,0.0,3.8589078302681448,5.18,162.6,0.0368785037426278,nan
2519,82575360,11578.562,571,19.32,0.0,210.36,-0.00930853933095932,15.284037590026855,0.4850764274597168,0.0033106228955830375,0.0254058837890625,0.0003,0.17690930787589498,0.7880085653104925,4.14,0.51,1.33,5.28,5.27,0.99,0.71,3.57,0.0,3.989129641056061,5.14,165.58,0.03981161257252097,nan
2520,82608128,11637.226,571,21.94,0.0,237.66,-0.007652719505131245,15.187288284301758,0.4450235962867737,0.0031605992630403534,0.02634429931640625,0.0003,0.18483160965261203,0.7920978363123237,5.03,0.49,1.75,5.86,5.9,1.26,0.77,3.87,0.01,4.227713734507561,6.24,181.13,0.03651869960594922,nan
2521,82640896,11698.421,571,19.32,0.0,205.02,-0.007533752825111151,15.747960090637207,0.4485904276371002,0.0036527550260530006,0.03033447265625,0.0003,0.17734909769757312,0.8231368186874305,4.4,0.45,1.4,4.82,4.76,0.95,0.52,3.29,0.0,3.4641016399860383,5.23,158.74,0.04044785012956709,nan
2522,82673664,11756.754,571,19.45,0.0,243.77,-0.009336976334452629,14.684557914733887,0.4926683306694031,0.0031677643729608462,0.02683258056640625,0.0003,0.18906064209274673,0.8119565217391305,3.92,0.46,1.47,4.92,5.08,0.94,0.7,3.44,0.0,3.6773112830519676,5.25,163.52,0.03937308071181178,nan
2523,82706432,11816.262,571,20.7,0.0,235.5,-0.00866647157818079,14.795570373535156,0.4995403289794922,0.0024761618918489603,0.0218353271484375,0.0003,0.2298757428417072,0.7916666666666666,4.43,0.48,1.36,5.25,5.34,0.91,0.65,3.78,0.0,3.9325536209344865,5.49,173.54,0.03511578886536881,nan
2524,82739200,11877.598,571,19.54,0.0,216.31,-0.009268846362829208,14.68725299835205,0.48841387033462524,0.0031511590659079047,0.03040313720703125,0.0003,0.22506963788300835,0.8002159827213823,3.89,0.43,1.28,5.02,5.18,0.81,0.62,3.75,0.0,3.912046014368534,5.23,164.9,0.04040762747172266,nan
2525,82771968,11938.342,570,19.28,0.0,212.28,-0.008972903713583946,15.145586967468262,0.49006760120391846,0.00404618127976164,0.0356597900390625,0.0003,0.19436288901937757,0.8253079507278835,4.87,0.37,1.39,5.09,5.06,0.92,0.6,3.54,0.0,3.8764652851223946,5.49,160.4,0.03309445607010275,nan
2526,82804736,12000.753,570,19.58,0.0,212.85,-0.008886095136404037,13.700483322143555,0.5129013657569885,0.003451903204222617,0.028900146484375,0.0003,0.21897810218978103,0.8002207505518764,4.07,0.6,1.28,5.03,5.23,0.94,0.63,3.66,0.05,4.003886153101921,5.23,157.06,0.03248310188064352,nan
2527,82837504,12061.649,570,19.57,0.0,216.93,-0.005924219265580177,17.82937240600586,0.4633773863315582,0.003163757420082902,0.0268707275390625,0.0003,0.16467153284671532,0.8395196506550219,4.39,0.57,1.31,4.84,4.82,0.9,0.66,3.26,0.0,3.5177762535214425,5.15,161.01,0.03660178801510483,nan
2528,82870272,12117.037,570,18.94,0.0,212.63,-0.010447860695421696,13.691049575805664,0.48173296451568604,0.0034039278600914713,0.02740478515625,0.0003,0.1623222748815166,0.8378995433789954,4.5,0.39,1.27,4.72,4.76,0.87,0.59,3.3,0.01,3.542401995062828,4.96,162.04,0.035675291263032705,nan
2529,82903040,12175.45,570,20.07,0.0,225.62,-0.011021606624126434,15.390979766845703,0.5043431520462036,0.004682833414278775,0.04190826416015625,0.0003,0.17150027886224206,0.7845659163987139,4.17,0.51,1.39,5.13,5.4,1.09,0.68,3.63,0.01,4.079814019948244,5.49,168.11,0.040085962624289095,nan
2530,82935808,12235.227,570,18.7,0.0,213.59,-0.009814716875553131,16.12395668029785,0.5035361051559448,0.0032206580356159975,0.03234100341796875,0.0003,0.205761316872428,0.7811791383219955,3.87,0.4,1.3,4.93,4.89,0.87,0.61,3.41,0.01,3.584692108631134,5.23,153.85,0.03645209351088852,nan
2531,82968576,12297.799,570,18.8,0.0,204.75,-0.006719149649143219,18.461444854736328,0.5189889669418335,0.002884897150920551,0.026031494140625,0.0003,0.21997621878715815,0.8307174887892377,3.88,0.47,1.26,5.32,5.28,0.85,0.64,3.79,0.01,3.9867010655999184,5.01,165.87,0.04362396080978215,nan
2532,83001344,12354.886,570,19.14,0.0,216.91,-0.009345254860818386,14.641624450683594,0.5235487818717957,0.003316435137890039,0.02935028076171875,0.0003,0.2080092192451743,0.8127090301003345,3.9,0.39,1.12,5.17,5.3,0.92,0.57,3.81,0.03,3.9370024017989635,4.77,160.68,0.0375856994651258,nan
2533,83034112,12416.655,570,19.34,0.0,216.27,-0.009742483496665955,13.488250732421875,0.5050009489059448,0.0024126519353444564,0.019775390625,0.0003,0.22408223201174743,0.8078602620087336,4.0,0.39,1.24,5.01,4.91,0.69,0.72,3.5,0.04,3.7258201880473645,4.86,161.19,0.037823356105946004,nan
2534,83066880,12475.043,569,19.82,0.0,223.89,-0.007018596399575472,13.452210426330566,0.5097736120223999,0.004650830866694378,0.0429534912109375,0.0003,0.2600440286186021,0.8390191897654584,3.95,0.47,1.3,5.05,5.21,0.98,0.73,3.5,0.02,3.9372971539944412,5.22,166.24,0.03979112720116973,nan
2535,83099648,12532.098,570,18.4,0.0,207.56,-0.011753440834581852,14.582782745361328,0.5386768579483032,0.005600374331365288,0.05303192138671875,0.0003,0.2565905096660808,0.8157894736842105,3.79,0.39,1.17,4.72,4.62,0.86,0.58,3.18,0.01,3.5162487165629863,4.71,156.66,0.03500026877736673,nan
2536,83132416,12594.034,569,20.64,0.0,231.45,-0.011101783253252506,15.87065601348877,0.49958574771881104,0.005062294083273855,0.04509735107421875,0.0003,0.2362116991643454,0.8014783526927138,4.52,0.49,1.35,5.45,5.42,0.91,0.64,3.87,0.05,3.977059541940689,5.61,170.35,0.03730129438918084,nan
2537,83165184,12654.493,569,20.01,0.0,259.07,-0.007546634413301945,14.559670448303223,0.5253648161888123,0.0023188781691487748,0.02071380615234375,0.0003,0.2695334457560427,0.7894168466522679,4.71,0.46,1.34,5.31,5.28,0.96,0.69,3.63,0.0,3.9137020428478717,5.22,170.32,0.03886467276606709,nan
2538,83197952,12716.975,569,18.96,0.0,217.35,-0.00735378498211503,17.43372344970703,0.5318915843963623,0.0023396325805720153,0.02230072021484375,0.0003,0.257928711759753,0.8063806380638063,4.8,0.45,1.25,4.86,4.75,0.8,0.58,3.37,0.0,3.5251743844896555,5.0,167.03,0.03970706067048013,nan
2539,83230720,12779.316,569,17.61,0.0,194.48,-0.005985444411635399,15.661623001098633,0.5129891633987427,0.0032139599417178033,0.02500152587890625,0.0003,0.22513252260679764,0.8053204353083434,3.65,0.39,1.17,4.55,4.72,0.83,0.51,3.38,0.01,3.480802141427994,4.54,153.51,0.03879137896001339,nan
2540,83263488,12841.061,569,19.85,0.0,212.65,-0.009055813774466515,21.411754608154297,0.5208333134651184,0.004785831404433338,0.04450225830078125,0.0003,0.25213549337260677,0.7942157953281423,4.71,0.51,1.34,5.08,5.22,0.93,0.66,3.63,0.01,4.084835264831781,5.32,166.63,0.03783342579845339,nan
2541,83296256,12903.192,568,17.85,0.0,198.71,-0.00941453780978918,16.569454193115234,0.5166664123535156,0.0047405585891056035,0.0437774658203125,0.0003,0.27724900214921705,0.8112773302646721,3.39,0.5,1.14,4.63,4.59,0.78,0.43,3.38,0.01,3.2582600702345372,4.72,153.05,0.037186554400250316,nan
2542,83329024,12963.96,568,16.61,0.0,280.59,-0.006838682573288679,14.022238731384277,0.5355648994445801,0.002755727108819883,0.02663421630859375,0.0003,0.27878587924777304,0.818523153942428,3.43,0.27,1.09,4.3,4.36,0.81,0.53,3.02,0.01,3.1550648664310574,4.65,146.08,0.037261661840602756,nan
2543,83361792,13031.06,568,19.52,0.0,212.22,-0.008544288575649261,13.556859970092773,0.5269007682800293,0.0029396226588929153,0.0289764404296875,0.0003,0.24912075029308323,0.7942477876106194,3.77,0.47,1.27,4.9,4.83,0.94,0.65,3.24,0.0,3.598403362333775,5.09,165.97,0.03858061134815216,nan
2544,83394560,13097.229,567,19.58,0.0,217.1,-0.008148785680532455,15.02847671508789,0.4980895519256592,0.0027669501814528985,0.02667999267578125,0.0003,0.26188418323249785,0.8131041890440387,3.48,0.46,1.36,5.27,5.31,0.91,0.7,3.7,0.01,3.935071789622307,5.32,163.05,0.03684484411496669,nan
2545,83427328,13166.686,567,20.04,0.0,232.64,-0.008693093433976173,14.069818496704102,0.507612943649292,0.0019208656065075047,0.0185089111328125,0.0003,0.2245810055865922,0.7993596584845251,4.12,0.56,1.3,5.25,5.22,0.96,0.61,3.65,0.01,3.9579064950346945,5.41,168.92,0.04116682650055736,nan
2546,83460096,13231.941,567,19.77,0.0,220.74,-0.007634863723069429,15.748882293701172,0.49902933835983276,0.002583707889471043,0.0209808349609375,0.0003,0.2665529980107985,0.8028953229398663,3.66,0.5,1.36,5.0,5.68,1.05,0.79,3.84,0.0,4.319622949063778,5.44,168.64,0.04119956900831312,nan
2547,83492864,13294.046,566,18.32,0.0,197.62,-0.008595633320510387,14.977871894836426,0.4846739172935486,0.002635851287436708,0.0236663818359375,0.0003,0.2181372549019608,0.7797001153402537,3.67,0.24,1.48,4.95,5.13,1.07,0.63,3.43,0.0,3.803599434196949,5.21,158.55,0.038822379196062684,nan
2548,83525632,13368.934,566,19.48,0.0,229.59,-0.009751372039318085,11.68299674987793,0.49269938468933105,0.003247871037757477,0.0287017822265625,0.0003,0.24534250501576382,0.8054054054054054,3.68,0.5,1.38,5.2,5.29,0.97,0.6,3.72,0.02,3.9531302979588507,4.98,168.63,0.04153952049091458,nan
2549,83558400,13447.067,565,18.47,0.0,235.61,-0.011915851384401321,14.279356002807617,0.5026174783706665,0.002819114621956942,0.02483367919921875,0.0003,0.23997532387415177,0.8190148911798396,3.16,0.42,1.11,4.48,4.5,0.69,0.59,3.22,0.01,3.402320911064744,4.65,156.38,0.036904578446410596,nan
2550,83591168,13521.259,564,19.55,0.0,241.77,-0.00942201353609562,13.7980318069458,0.48548778891563416,0.003235563003926245,0.02729034423828125,0.0003,0.22472247224722472,0.8063112078346029,3.66,0.42,1.38,5.15,5.4,1.15,0.69,3.56,0.0,4.115298555791378,5.4,168.81,0.04010118416044861,nan
2550,83591168,65.561,499,19.26,0.0,208.7,-0.008159969002008438,16.435026168823242,0.5257182121276855,0.0029723942487294153,0.0266876220703125,0.0003,0.19844357976653695,0.8116883116883117,4.23,0.38,1.3,5.06,4.97,0.84,0.47,3.66,0.0,3.750223020017147,5.23,164.15,0.03469115972984582,nan
2551,83623936,140.413,466,19.53,0.0,213.17,-0.007864967919886112,15.942852020263672,0.5167664289474487,0.002608205322900403,0.02478790283203125,0.0003,0.2103104862331576,0.7937915742793792,4.22,0.42,1.46,5.22,5.32,1.1,0.58,3.64,0.0,3.9791426980495452,5.25,161.87,0.04110630427021533,nan
2552,83656704,213.385,460,19.95,0.0,216.15,-0.009010403417050838,16.02957534790039,0.5187312364578247,0.003291446129509268,0.03104400634765625,0.0003,0.1735251798561151,0.8047982551799345,4.26,0.47,1.4,5.11,5.08,0.83,0.73,3.52,0.01,3.924181460738182,5.34,171.57,0.03720079641789198,nan
2553,83689472,280.14,467,20.09,0.0,227.94,-0.006003142334520817,18.460542678833008,0.5064510107040405,0.0043856755491447075,0.04419708251953125,0.0003,0.2430727023319616,0.8072164948453608,4.13,0.51,1.46,5.31,5.16,0.97,0.67,3.52,0.0,3.8248160925507544,5.54,173.28,0.03680688084568828,nan
2554,83722240,343.818,476,19.48,0.0,223.72,-0.004275819286704063,13.989221572875977,0.5041340589523315,0.0034872248489818958,0.0336761474609375,0.0003,0.2204724409448819,0.8306364617044228,4.01,0.47,1.37,5.21,5.5,0.97,0.76,3.77,0.01,4.129627956449985,5.32,169.38,0.03824936714954674,nan
2555,83755008,406.466,483,20.0,0.0,225.97,-0.006851259618997574,15.787251472473145,0.47051167488098145,0.002519089615077519,0.02532958984375,0.0003,0.2359046283309958,0.8389923329682366,3.29,0.4,1.44,4.84,4.88,0.86,0.84,3.18,0.0,3.704992491602898,5.59,170.64,0.03442632034420967,nan
2556,83787776,468.642,489,19.84,0.0,218.79,-0.007502373307943344,13.254806518554688,0.5082876682281494,0.0020958322194815082,0.02127838134765625,0.0003,0.25524769101595296,0.8449612403100775,4.04,0.5,1.22,5.01,4.99,0.9,0.75,3.34,0.01,3.80888111628592,5.37,169.71,0.03795814863406122,nan
2557,83820544,532.405,492,18.79,0.0,224.43,-0.008597739040851593,15.587363243103027,0.49042263627052307,0.003936773463124155,0.03275299072265625,0.0003,0.24438534278959811,0.8457207207207207,4.26,0.43,1.05,4.79,5.01,0.71,0.74,3.56,0.0,3.811438031643629,4.74,163.63,0.03955666604451835,nan
2558,83853312,596.836,494,20.84,0.0,230.01,-0.006211227271705866,13.772283554077148,0.48876553773880005,0.0026323703577872948,0.0234375,0.0003,0.2975116215477167,0.8562628336755647,4.43,0.47,1.25,5.7,5.88,0.91,0.79,4.18,0.0,4.44796369433403,5.46,177.51,0.03815280529670417,nan
2559,83886080,658.655,497,20.51,0.0,224.94,-0.009338833391666412,10.800185203552246,0.48725807666778564,0.0068659333084895025,0.04811859130859375,0.0003,0.24369063772048846,0.8521739130434782,4.56,0.46,1.28,5.27,5.34,0.89,0.7,3.75,0.0,3.979704881384969,5.37,173.74,0.036771309678442776,nan
2560,83918848,720.63,500,19.19,0.0,214.03,-0.0061220391653478146,15.950329780578613,0.4651876986026764,0.007144471036781397,0.0554962158203125,0.0003,0.2661698956780924,0.8689655172413793,4.12,0.32,1.33,4.87,4.89,0.89,0.7,3.3,0.0,3.6068544488400223,5.23,157.61,0.0381039121421054,nan
2561,83951616,782.582,502,19.35,0.0,211.99,-0.010767045430839062,14.399744987487793,0.49013203382492065,0.0029171473763085487,0.026153564453125,0.0003,0.2399883923389437,0.8550561797752809,3.68,0.48,1.4,5.21,5.18,0.96,0.59,3.63,0.0,3.955444056764245,5.54,164.01,0.03874969086609781,nan
2562,83984384,849.458,501,19.94,0.0,216.03,-0.00889290776103735,15.927444458007812,0.4936162829399109,0.002702631048606463,0.02651214599609375,0.0003,0.25174621653084983,0.8653421633554084,4.41,0.48,1.25,5.15,5.24,0.93,0.69,3.62,0.0,3.8341364553570747,5.37,171.69,0.039981044828891754,nan
2563,84017152,908.728,504,19.48,0.0,223.97,-0.009138910099864006,14.598165512084961,0.4937017560005188,0.0032904959581969706,0.03156280517578125,0.0003,0.2362846279196089,0.8609913793103449,3.85,0.41,1.24,5.0,5.15,0.78,0.59,3.78,0.0,3.8804305136203765,5.19,166.59,0.037125017028301954,nan
2564,84049920,973.085,505,18.4,0.0,207.76,-0.006299401167780161,13.894845008850098,0.5060859322547913,0.0044349880717504675,0.04215240478515625,0.0003,0.2576210400478183,0.8348837209302326,3.79,0.34,1.29,5.03,4.97,0.94,0.6,3.43,0.0,3.5870240852236748,4.97,156.33,0.03909393842332065,nan
2565,84082688,1037.027,505,19.01,0.0,222.79,-0.01010465994477272,12.858747482299805,0.5037039518356323,0.002690642506081531,0.02573394775390625,0.0003,0.2843273231622746,0.8377483443708609,3.75,0.42,1.22,5.26,5.23,0.81,0.56,3.86,0.0,3.8916632229834796,4.94,164.97,0.04005013802088797,nan
2566,84115456,1098.216,507,18.25,0.0,217.31,-0.009947294369339943,13.363927841186523,0.5319111347198486,0.0043079311758731365,0.04088592529296875,0.0003,0.29446978335233753,0.8335329341317366,3.42,0.43,1.29,5.08,5.28,0.96,0.73,3.59,0.0,3.882958836853504,4.93,158.16,0.03893161902669817,nan
2567,84148224,1161.342,507,17.95,0.0,251.55,-0.006184734404087067,12.896478652954102,0.5168975591659546,0.0030363308528649213,0.028167724609375,0.0003,0.30698809887091855,0.8357843137254902,3.46,0.35,1.26,4.83,4.87,0.93,0.52,3.42,0.01,3.6568141251802446,4.71,154.12,0.038484248449094594,nan
2568,84180992,1223.729,508,18.06,0.0,214.34,-0.005195030942559242,13.608689308166504,0.48832517862319946,0.0025533754592856894,0.0234375,0.0003,0.27236397171841376,0.8370197904540163,3.2,0.33,1.02,4.59,4.58,0.73,0.52,3.33,0.0,3.3564571218192576,4.65,157.99,0.03795076324604452,nan
2569,84213760,1286.244,509,19.83,0.0,225.61,-0.011769283562898636,13.4471435546875,0.4691306948661804,0.0024960894891137286,0.01990509033203125,0.0003,0.27932351336606653,0.8372093023255814,4.04,0.32,1.21,5.43,5.46,0.79,0.58,4.09,0.0,4.134544065594673,5.09,169.34,0.038253629696555436,nan
2570,84246528,1349.614,509,19.81,0.0,217.83,-0.011384421959519386,18.996417999267578,0.4711682200431824,0.0038431647852803508,0.0330047607421875,0.0003,0.28371027769825363,0.8114224137931034,3.9,0.4,1.36,5.38,5.34,0.87,0.67,3.8,0.0,3.921981143653393,5.5,164.26,0.041492065880447626,nan
2571,84279296,1411.545,510,18.71,0.0,295.16,-0.008435956202447414,13.40800952911377,0.48202788829803467,0.003539069427006325,0.0337677001953125,0.0003,0.24848484848484848,0.8351001177856302,3.54,0.45,1.28,4.98,4.88,1.0,0.57,3.31,0.0,3.579026984274387,4.82,159.79,0.03624234418384731,nan
2572,84312064,1473.783,511,18.34,0.0,248.67,-0.004790758714079857,14.192986488342285,0.5079667568206787,0.0027155378226098037,0.0263519287109375,0.0003,0.272539166420337,0.7962747380675204,4.12,0.48,1.17,4.95,5.02,0.94,0.6,3.48,0.0,3.7551485216617584,4.63,157.07,0.04032283462584019,nan
2573,84344832,1543.227,509,18.77,0.0,208.19,-0.007911667227745056,15.854166030883789,0.4979904294013977,0.0028565154465240994,0.02834320068359375,0.0003,0.274179494626779,0.807909604519774,3.89,0.43,1.2,4.8,5.08,0.84,0.65,3.59,0.0,3.7815576153993606,5.03,155.98,0.040786148398183286,nan
2574,84377600,1607.456,509,17.88,0.0,197.44,-0.01124296523630619,13.743032455444336,0.5037719011306763,0.003994821802905335,0.0277862548828125,0.0003,0.2314674735249622,0.8125727590221188,3.84,0.4,1.18,5.05,5.19,0.89,0.59,3.71,0.0,3.7981445914506913,4.66,152.56,0.03537914220942184,nan
2575,84410368,1675.46,508,18.71,0.0,215.87,-0.005073556676506996,14.0863618850708,0.5008664727210999,0.0031561384023746086,0.03420257568359375,0.0003,0.2643083117630141,0.8125714285714286,3.88,0.37,1.19,5.17,5.16,0.91,0.55,3.7,0.01,3.8051683467626574,5.04,160.89,0.038844790775328875,nan
2576,84443136,1739.937,508,18.98,0.0,211.46,-0.009093819186091423,13.942024230957031,0.49191710352897644,0.0022415288810861966,0.02079010009765625,0.0003,0.23932651834034877,0.7953281423804227,3.57,0.48,1.2,4.99,4.88,0.86,0.59,3.43,0.0,3.5977895197272303,4.92,161.87,0.04126034362707287,nan
2577,84475904,1804.426,508,20.7,0.0,328.28,-0.007931305095553398,14.220354080200195,0.46302568912506104,0.002574352784506573,0.02529144287109375,0.0003,0.25189766657295476,0.7929969104016478,3.8,0.55,1.31,5.53,5.63,1.12,0.61,3.9,0.0,4.195065975189209,5.56,172.39,0.03883387055248022,nan
2578,84508672,1867.748,508,18.48,0.0,213.81,-0.009651636704802513,14.181708335876465,0.5001139044761658,0.0047675176818984255,0.0413970947265625,0.0003,0.24797001873828858,0.8050239234449761,4.02,0.44,0.88,4.86,4.79,0.62,0.57,3.6,0.0,3.5813480269908906,4.52,153.55,0.0364063837332651,nan
2579,84541440,1928.759,509,19.7,0.0,223.2,-0.009168568067252636,12.156996726989746,0.4988786578178406,0.0037535306378231326,0.033050537109375,0.0003,0.24806629834254143,0.7786970010341262,4.36,0.4,1.22,5.02,5.22,0.82,0.5,3.9,0.02,3.8700314503908158,5.11,167.36,0.040429221582598984,nan
2580,84574208,1993.352,509,20.14,0.0,220.68,-0.0085088349878788,12.927011489868164,0.4889618456363678,0.0038988863573479193,0.0351715087890625,0.0003,0.21920548728208059,0.780564263322884,3.97,0.5,1.22,5.52,5.51,0.96,0.6,3.95,0.02,4.036313267946244,5.17,167.17,0.03619226801674813,nan
2581,84606976,2068.756,506,19.33,0.0,212.08,-0.008729739114642143,13.845612525939941,0.480330228805542,0.003208649165571842,0.0297393798828125,0.0003,0.2561362980075079,0.7744107744107744,3.64,0.46,1.22,5.21,5.25,1.09,0.69,3.47,0.0,4.0615285108238455,4.97,165.93,0.03823758475482464,nan
2582,84639744,2143.807,504,18.79,0.0,218.61,-0.010618790052831173,14.052560806274414,0.4988172650337219,0.0034276121371590307,0.032012939453125,0.0003,0.24585950885208452,0.7554038680318543,3.42,0.47,1.07,4.85,4.88,0.68,0.69,3.51,0.0,3.5939430713653566,4.91,163.29,0.04016245622187853,nan
2583,84672512,2218.794,502,18.8,0.0,213.12,-0.007744415197521448,15.808633804321289,0.4935109615325928,0.002378198548854016,0.02260589599609375,0.0003,0.20121247113163973,0.7591564927857936,3.74,0.35,1.04,4.96,5.25,0.77,0.77,3.71,0.0,3.8606349870562555,4.65,162.51,0.04020495305303484,nan
2584,84705280,2290.487,500,19.22,0.0,217.09,-0.008198363706469536,14.914217948913574,0.5167993307113647,0.0035732019805152504,0.03261566162109375,0.0003,0.2571588994946659,0.7706013363028953,4.28,0.46,1.01,5.02,4.96,0.66,0.67,3.63,0.0,3.57876694701612,4.81,163.87,0.033977997314650565,nan
2585,84738048,2359.23,500,20.53,0.0,242.45,-0.010402092710137367,14.691093444824219,0.49403655529022217,0.0027021037266763415,0.02278900146484375,0.0003,0.24383561643835616,0.8075742067553736,4.81,0.43,1.31,5.55,5.58,0.97,0.78,3.83,0.0,4.174148395657539,5.58,169.71,0.037554819602519274,nan
2586,84770816,2426.128,499,20.24,0.0,323.58,-0.007266825530678034,13.446778297424316,0.4834766983985901,0.002862094255078773,0.03110504150390625,0.0003,0.2549126637554585,0.8064853556485355,3.89,0.56,1.26,5.36,5.96,1.01,0.7,4.25,0.02,4.611911972165108,5.25,167.27,0.03346785582834855,nan
2587,84803584,2505.367,497,17.89,0.0,194.85,-0.007000619545578957,15.1647310256958,0.504109263420105,0.0018733355542508434,0.0167694091796875,0.0003,0.25724976613657624,0.793398533007335,3.37,0.39,1.0,4.44,4.42,0.72,0.48,3.22,0.0,3.2791729962825773,4.51,152.37,0.038583868998102844,nan
2588,84836352,2575.564,496,18.74,0.0,206.68,-0.009157131426036358,13.759819030761719,0.4906367063522339,0.0026972388413355475,0.02597808837890625,0.0003,0.22264818637570039,0.7794117647058824,4.23,0.36,1.07,5.19,5.09,0.89,0.51,3.69,0.0,3.7149725657701493,4.75,160.66,0.03678041021339595,nan
2589,84869120,2645.124,495,19.55,0.0,220.98,-0.008440493606030941,13.66125202178955,0.5028777122497559,0.0035903576976465956,0.0311126708984375,0.0003,0.2585034013605442,0.8086763070077865,3.56,0.43,1.3,5.4,5.37,1.12,0.65,3.6,0.0,3.9881811240315437,5.11,170.03,0.0416532444069162,nan
2590,84901888,2713.795,495,19.34,0.0,313.62,-0.00720930052921176,14.303659439086914,0.4999176859855652,0.0027269917846410863,0.02581024169921875,0.0003,0.25882020886254586,0.7918410041841004,3.75,0.54,1.14,5.31,5.57,0.8,0.62,4.15,0.0,4.221400433182716,4.94,164.07,0.03975954407360405,nan
2591,84934656,2786.147,493,19.86,0.0,218.64,-0.009449209086596966,15.727651596069336,0.460229754447937,0.0030221895201520965,0.02762603759765625,0.0003,0.2394325419803127,0.8026030368763557,3.78,0.36,1.27,5.26,5.25,0.84,0.72,3.69,0.0,3.9031780895590784,5.35,173.76,0.03855743235908449,nan
2592,84967424,2859.493,492,19.48,0.0,215.0,-0.005096109118312597,13.670724868774414,0.47965091466903687,0.0025607808411791666,0.0268402099609375,0.0003,0.24992700729927006,0.7932203389830509,3.95,0.57,1.13,5.06,5.2,0.91,0.56,3.73,0.0,4.056503224372864,4.92,163.19,0.041444082162342966,nan
2593,85000192,2928.079,492,21.47,0.0,240.66,-0.008273551240563393,14.292512893676758,0.44798988103866577,0.0026939906512097878,0.02684783935546875,0.0003,0.2582134129785501,0.8031341821743389,5.2,0.55,1.43,5.78,6.05,0.98,0.79,4.28,0.0,4.693051066845656,5.93,177.15,0.041813769727014005,nan
2594,85032960,3002.773,491,19.84,0.0,214.3,-0.009057808667421341,16.11200523376465,0.4560844898223877,0.002771215922450665,0.02321624755859375,0.0003,0.25636574074074076,0.8019271948608137,4.13,0.38,1.21,5.22,5.49,0.86,0.64,3.99,0.0,3.995675750374794,5.18,163.21,0.03733152931090444,nan
2595,85065728,3072.29,490,19.11,0.0,207.6,-0.006853869650512934,16.003190994262695,0.48742374777793884,0.003354461345566051,0.03250885009765625,0.0003,0.2465753424657534,0.7822120866590649,3.49,0.45,1.21,4.95,5.16,0.9,0.58,3.68,0.0,4.150046606361866,4.97,158.85,0.04060662921983749,nan
2596,85098496,3145.737,489,19.88,0.0,213.44,-0.0064096031710505486,14.972529411315918,0.5063143372535706,0.004854710008430629,0.03762054443359375,0.0003,0.2830518345952242,0.819910514541387,4.62,0.37,1.03,5.29,5.24,0.81,0.76,3.67,0.0,4.081029678359628,5.15,168.59,0.03627461788710207,nan
2597,85131264,3217.752,488,19.62,0.0,216.77,-0.0059379348531365395,14.828275680541992,0.4834461212158203,0.0018592143431988006,0.0171661376953125,0.0003,0.21083284799068142,0.8384615384615385,3.91,0.46,1.26,5.14,5.19,0.99,0.63,3.57,0.0,4.1050370532274245,5.32,166.54,0.03376870712963864,nan
2598,85164032,3289.8,488,19.45,0.0,209.67,-0.006776268128305674,12.824899673461914,0.48007938265800476,0.002651437119197908,0.0268096923828125,0.0003,0.1910420475319927,0.8424657534246576,4.2,0.53,1.15,5.42,5.38,0.86,0.73,3.79,0.0,4.253026502728463,4.79,162.48,0.03762576880399138,nan
2599,85196800,3359.458,487,19.34,0.0,212.23,-0.010764802806079388,15.3787841796875,0.4884326457977295,0.006282608443427762,0.03643035888671875,0.0003,0.25576456310679613,0.8187995469988675,4.24,0.34,1.08,5.38,5.31,0.78,0.7,3.83,0.0,4.060390996932983,4.81,160.6,0.04231317527592182,nan
2600,85229568,3430.943,487,19.95,0.0,221.42,-0.00711137056350708,16.502527236938477,0.4767668843269348,0.0020735907766606942,0.02001953125,0.0003,0.16057553956834533,0.8217616580310881,4.04,0.45,1.31,5.64,5.79,1.05,0.64,4.1,0.0,4.383875121474266,5.16,171.46,0.039330389932729304,nan
2600,85229568,67.93,482,18.99,0.0,210.95,-0.011389391496777534,13.165388107299805,0.5030838847160339,0.003535094314258913,0.03086090087890625,0.0003,0.22663897953129636,0.8129175946547884,3.56,0.51,1.05,5.38,5.49,0.76,0.69,4.04,0.0,4.318427436202764,4.77,158.04,0.03426400135504082,nan
2601,85262336,140.621,466,21.95,0.0,240.26,-0.009480039589107037,16.08015251159668,0.4857589602470398,0.004121704700082773,0.03482818603515625,0.0003,0.2227589908749329,0.8277227722772277,5.0,0.64,1.33,5.78,5.75,0.98,0.75,4.02,0.0,4.354512241482735,5.88,179.62,0.039323715842328966,nan
2602,85295104,215.036,457,19.48,0.0,214.03,-0.006951277144253254,15.715780258178711,0.5020581483840942,0.0029052165573233424,0.02674102783203125,0.0003,0.18846611177170036,0.8081140350877193,3.85,0.54,1.26,5.35,5.3,0.96,0.67,3.67,0.0,4.022900842726231,5.03,168.07,0.03763078432530165,nan
2603,85327872,285.586,458,19.4,0.0,210.8,-0.006695001386106014,14.823526382446289,0.5030767917633057,0.0022361589283832473,0.02120208740234375,0.0003,0.20931621379516274,0.8205689277899344,4.41,0.43,0.97,4.92,4.89,0.77,0.54,3.58,0.0,3.670717236492783,4.93,164.79,0.0370542659657076,nan
2604,85360640,361.539,453,19.89,0.0,221.52,-0.010226285085082054,15.481287956237793,0.49688565731048584,0.0027370662119210465,0.023468017578125,0.0003,0.21841359773371105,0.8155650319829424,4.04,0.48,1.25,5.47,5.73,1.03,0.81,3.89,0.0,4.360243483781814,5.24,167.76,0.038760503637604415,nan
2605,85393408,426.812,460,19.78,0.0,221.34,-0.005374179221689701,16.891075134277344,0.4658728837966919,0.00272911562575473,0.02600860595703125,0.0003,0.24025049814972957,0.8354297693920335,3.96,0.56,1.29,5.42,5.33,0.98,0.5,3.85,0.01,3.859901233613491,5.36,171.4,0.03939378366339952,nan
2606,85426176,485.413,472,20.83,0.0,227.77,-0.002978092059493065,15.050716400146484,0.4815359115600586,0.0024174609112179724,0.02252960205078125,0.0003,0.23484201537147736,0.8306451612903226,4.21,0.54,1.36,5.41,5.89,1.0,0.72,4.17,0.01,4.534256325960159,5.59,174.7,0.03969455708283931,nan
2607,85458944,542.982,482,20.97,0.0,224.73,-0.007222538813948631,14.383661270141602,0.4854786992073059,0.0011251302748860326,0.00970458984375,0.0003,0.19632606199770378,0.8360655737704918,4.65,0.5,1.24,5.73,6.0,0.95,0.71,4.34,0.0,4.689323886632919,5.64,177.18,0.03552810475230217,nan
2608,85491712,602.121,489,19.39,0.0,214.9,-0.009272527880966663,16.58755874633789,0.49070608615875244,0.002445691831894692,0.02056884765625,0.0003,0.19714024946759964,0.8222222222222222,3.75,0.49,1.2,5.32,5.2,0.87,0.57,3.76,0.0,3.9937348610162733,5.15,168.35,0.04184104991145432,nan
2609,85524480,655.863,499,19.96,0.0,218.17,-0.011072792112827301,13.107841491699219,0.4814397692680359,0.0027539098866782297,0.0228729248046875,0.0003,0.16170839469808543,0.8187772925764192,4.27,0.5,1.25,5.41,5.41,1.04,0.62,3.75,0.0,4.130729278326035,5.12,167.67,0.03904386097565293,nan
2610,85557248,712.151,506,20.79,0.0,228.66,-0.007997313514351845,13.076103210449219,0.48445799946784973,0.003995852705145353,0.0346221923828125,0.0003,0.2068380898558915,0.7930672268907563,4.44,0.46,1.38,5.97,6.14,1.23,0.72,4.19,0.0,4.740030674338341,5.52,173.45,0.04275096533820033,nan
2611,85590016,768.374,511,18.61,0.0,202.05,-0.007623637560755014,14.133893966674805,0.49751031398773193,0.0025421335929536326,0.0191802978515625,0.0003,0.2109771573604061,0.7868480725623582,3.87,0.51,1.11,5.1,5.27,0.79,0.61,3.87,0.0,4.076932140886783,4.78,159.33,0.04216987662948668,nan
2612,85622784,825.376,516,21.84,0.0,241.79,-0.009766273200511932,14.815162658691406,0.5035333633422852,0.002836347068807754,0.0258636474609375,0.0003,0.2144571885836223,0.8009661835748793,4.47,0.57,1.37,6.01,6.27,1.08,0.78,4.41,0.0,4.801842141747475,5.8,188.61,0.036961095058359206,nan
2613,85655552,883.465,519,19.57,0.0,216.2,-0.008787288330495358,11.695625305175781,0.49764421582221985,0.0027083263481131326,0.02347564697265625,0.0003,0.17137860682016906,0.8034744842562432,3.8,0.56,1.21,5.14,5.01,0.83,0.64,3.54,0.0,3.883086594194174,5.01,166.65,0.041340873460285366,nan
2614,85688320,939.421,523,19.62,0.0,213.46,-0.005884341895580292,17.04424285888672,0.49572086334228516,0.005054175001077965,0.0435028076171875,0.0003,0.23567440493682046,0.8276231263383298,3.14,0.5,1.48,5.45,5.53,1.08,0.57,3.88,0.0,4.209377353191376,5.55,166.92,0.03977091039996594,nan
2615,85721088,995.95,526,21.77,0.0,238.95,-0.004006713628768921,14.667696952819824,0.4845551550388336,0.0032775812792351644,0.03032684326171875,0.0003,0.20518244315177156,0.8112094395280236,4.6,0.55,1.55,6.16,6.35,1.2,0.74,4.41,0.0,4.75434467561543,5.9,180.64,0.038966367836110294,nan
2616,85753856,1052.185,529,20.75,0.0,220.22,-0.009895019233226776,16.48819351196289,0.4757686257362366,0.0030401438473859344,0.0225982666015625,0.0003,0.1789722386296515,0.7914937759336099,4.48,0.45,1.28,5.46,5.32,0.9,0.57,3.85,0.01,4.00420247912407,5.35,174.58,0.03725079901050776,nan
2617,85786624,1106.795,532,19.42,0.0,211.81,-0.006199255120009184,13.209198951721191,0.4916040897369385,0.0027456859684775736,0.02597808837890625,0.0003,0.2063910876575784,0.7851772287862513,4.28,0.44,1.3,4.78,4.92,0.71,0.66,3.55,0.0,3.6454236191511153,5.11,168.31,0.04087045241612941,nan
2618,85819392,1160.481,536,19.8,0.0,209.99,-0.0064638834446668625,14.711101531982422,0.4765373766422272,0.004323338307699487,0.0343017578125,0.0003,0.18951858622790982,0.8100686498855835,4.22,0.52,1.27,5.4,5.53,1.0,0.74,3.79,0.0,4.174167597591877,5.38,166.68,0.035753457457758486,nan
2619,85852160,1213.93,539,20.94,0.0,239.23,-0.010351377539336681,13.147356033325195,0.4797106981277466,0.004069206252026447,0.03273773193359375,0.0003,0.17830109335576114,0.8117408906882592,4.27,0.52,1.28,5.88,5.85,0.91,0.72,4.22,0.0,4.335757566690445,5.42,179.95,0.040038766455836594,nan
2620,85884928,1266.848,543,20.71,0.0,241.47,-0.0067331865429878235,15.32313346862793,0.48106804490089417,0.0038989616060689514,0.03446197509765625,0.0003,0.18907929131571305,0.8101659751037344,5.13,0.44,1.31,5.85,5.83,1.04,0.81,3.98,0.0,4.430798178613186,5.68,179.39,0.041742273373529315,nan
2621,85917696,1320.88,545,19.91,0.0,243.46,-0.00864403322339058,13.975069046020508,0.48022207617759705,0.00427230496836728,0.0346221923828125,0.0003,0.18419540229885056,0.8158697863682605,4.11,0.42,1.3,5.6,5.55,0.91,0.59,4.05,0.01,4.109649691283703,5.27,169.13,0.0404000289272517,nan
2622,85950464,1377.733,547,21.12,0.0,222.64,-0.01304834894835949,13.792423248291016,0.47948095202445984,0.005307600512537647,0.04034423828125,0.0003,0.2430970680330202,0.8442871587462083,4.25,0.46,1.37,5.61,5.8,1.07,0.61,4.12,0.02,4.315941184461117,5.78,173.44,0.033026332792360336,nan
2623,85983232,1434.693,548,19.04,0.0,204.41,-0.006575072184205055,13.5399808883667,0.5168147087097168,0.003935441941564477,0.03433990478515625,0.0003,0.2376847290640394,0.8098987626546682,3.37,0.47,1.16,5.39,5.62,1.05,0.6,3.97,0.0,4.1160370975732805,5.19,155.66,0.03919082530774176,nan
2624,86016000,1490.646,549,19.67,0.0,217.67,-0.007909292355179787,14.4716215133667,0.5165601968765259,0.0034649432170681393,0.02989959716796875,0.0003,0.21029668411867364,0.8279914529914529,4.34,0.45,1.09,5.62,5.73,0.88,0.81,4.04,0.0,4.351551982760429,5.02,168.21,0.035750217852182686,nan
2625,86048768,1545.802,551,18.55,0.0,203.66,-0.006114701274782419,14.659632682800293,0.5145395994186401,0.0025910012827807805,0.0254058837890625,0.0003,0.2120361708762083,0.8168028004667445,3.97,0.36,1.07,4.98,5.12,0.88,0.73,3.51,0.02,3.894827524423599,4.77,162.66,0.03995161026250571,nan
2626,86081536,1603.267,551,21.14,0.0,231.15,-0.007080765441060066,16.297163009643555,0.49088674783706665,0.0046062311477044204,0.0399322509765625,0.0003,0.21398364815336904,0.8124373119358074,4.5,0.64,1.16,5.77,5.76,0.92,0.68,4.16,0.0,4.3817685604095455,5.55,178.28,0.043551665847189724,nan
2627,86114304,1657.472,553,20.0,0.0,231.87,-0.009547082707285881,14.413345336914062,0.48655223846435547,0.003621087432748027,0.028961181640625,0.0003,0.20642593119135627,0.8052356020942408,3.68,0.48,1.29,5.94,5.84,0.99,0.85,4.0,0.01,4.402400082647801,5.44,175.24,0.03559247276280075,nan
2628,86147072,1717.423,553,18.86,0.0,202.14,-0.010774155147373676,14.471500396728516,0.4934946298599243,0.0029811987908487936,0.025054931640625,0.0003,0.1958961205514588,0.7986348122866894,3.48,0.36,1.08,5.37,5.36,1.0,0.57,3.79,0.02,4.128047364354134,4.68,160.64,0.03917973209172487,nan
2629,86179840,1783.15,551,20.29,0.0,216.86,-0.007306833751499653,14.583467483520508,0.4745117425918579,0.004863946286548071,0.0440826416015625,0.0003,0.2078939439590238,0.8512221041445271,4.73,0.4,1.54,5.57,5.45,1.09,0.66,3.7,0.0,4.194893118739128,5.4,170.6,0.03697125636972487,nan
2630,86212608,1854.939,547,22.97,0.0,252.95,-0.010760649107396603,12.336727142333984,0.5079710483551025,0.00470508291294891,0.04125213623046875,0.0003,0.18064685774388642,0.8119891008174387,5.02,0.48,1.36,6.75,6.93,1.09,0.8,5.04,0.02,5.267310314774513,5.68,191.8,0.045450527453795075,nan
2631,86245376,1925.653,544,19.22,0.0,276.3,-0.0047837719321250916,16.162677764892578,0.4976678192615509,0.002745125691319572,0.02808380126953125,0.0003,0.1991844416562108,0.8407367280606717,3.77,0.47,1.31,5.42,5.7,1.06,0.76,3.88,0.0,4.4303333503007885,4.95,162.93,0.040764374076388776,nan
2632,86278144,1990.632,543,19.52,0.0,218.73,-0.004975283518433571,16.826053619384766,0.5009074211120605,0.0034865522359837087,0.03437042236328125,0.0003,0.2345132743362832,0.8107255520504731,3.9,0.56,1.18,5.68,5.71,1.01,0.79,3.91,0.03,4.315715625584126,5.12,173.36,0.04415207379497588,nan
2633,86310912,2050.683,543,20.23,0.0,219.0,-0.007280901074409485,11.885950088500977,0.5203653573989868,0.0018703281029956997,0.0146942138671875,0.0003,0.23791606367583212,0.809573361082206,3.6,0.44,1.18,5.76,5.81,0.86,0.71,4.24,0.0,4.543955206274986,5.06,174.66,0.03886374447029084,nan
2634,86343680,2110.719,543,20.14,0.0,209.04,-0.011524324305355549,12.913008689880371,0.5022122859954834,0.0037071201448952706,0.02864837646484375,0.0003,0.1870347394540943,0.8277777777777777,4.24,0.4,1.15,5.44,5.63,0.85,0.74,4.04,0.01,4.240098615586757,5.16,170.07,0.040643536020070314,nan
2635,86376448,2172.235,543,19.41,0.0,214.02,-0.00985606200993061,15.888837814331055,0.5004980564117432,0.0037514084741587794,0.03151702880859375,0.0003,0.20831979200519987,0.8620309050772627,4.5,0.45,1.13,5.03,5.05,0.93,0.61,3.51,0.0,3.8823697327077387,4.95,160.83,0.037278145900927484,nan
2636,86409216,2235.869,542,20.68,0.0,217.15,-0.011253893375396729,13.60403060913086,0.44935691356658936,0.0026554429642828836,0.02129364013671875,0.0003,0.1811637672465507,0.8252234359483615,4.28,0.51,1.39,5.66,5.6,1.01,0.67,3.92,0.0,4.207205217182636,5.68,175.44,0.031463168445043266,nan
2637,86441984,2298.23,541,21.34,0.0,279.99,-0.009403297677636147,15.28171157836914,0.48790574073791504,0.0025406787286783583,0.02112579345703125,0.0003,0.21193232413178986,0.8196392785571143,4.63,0.53,1.35,5.95,6.14,1.02,0.83,4.29,0.0,4.662043956518173,5.64,178.41,0.03993631270714104,nan
2638,86474752,2356.84,542,21.81,0.0,234.37,-0.007045486941933632,14.432241439819336,0.4731612205505371,0.0029057508504024554,0.02669525146484375,0.0003,0.20520716685330348,0.8174681059862611,4.58,0.59,1.37,6.08,6.07,1.11,0.78,4.18,0.0,4.640962622761727,5.83,180.9,0.0388734006555751,nan
2639,86507520,2421.391,541,20.76,0.0,223.33,-0.006879463791847229,13.682472229003906,0.4924556016921997,0.002497112153150738,0.0239410400390625,0.0003,0.21523081446633344,0.8329979879275654,4.87,0.51,1.29,5.58,5.55,0.95,0.76,3.84,0.0,4.210246869921685,5.39,173.15,0.04138318810146302,nan
2640,86540288,2481.79,541,20.52,0.0,217.25,-0.008762875571846962,15.145182609558105,0.4856833219528198,0.00167275621734575,0.01584625244140625,0.0003,0.2518796992481203,0.8256784968684759,3.98,0.62,1.26,5.45,5.27,0.92,0.69,3.66,0.01,3.7733603985607624,5.26,175.58,0.035283810808323324,nan
2641,86573056,2542.037,541,20.08,0.0,239.16,-0.009319530799984932,16.338665008544922,0.4979926347732544,0.0036149612545273158,0.03017425537109375,0.0003,0.22338784325825362,0.8423373759647188,4.66,0.48,1.4,5.26,5.28,1.12,0.66,3.5,0.0,3.996254420876503,5.53,168.67,0.03882069839164615,nan
2642,86605824,2600.523,541,20.93,0.0,234.84,-0.007654075510799885,16.326175689697266,0.48316073417663574,0.0027123346718553876,0.02620697021484375,0.0003,0.24247735904177622,0.819838056680162,4.33,0.54,1.37,5.86,6.0,0.99,0.7,4.31,0.02,4.453791672885418,5.64,181.79,0.03778764384333044,nan
2643,86638592,2663.261,541,20.13,0.0,216.85,-0.007824220694601536,15.832170486450195,0.480937123298645,0.0034361589661671132,0.0308685302734375,0.0003,0.2329896907216495,0.8173374613003096,3.91,0.53,1.24,5.38,5.35,0.96,0.57,3.82,0.0,3.8423450729250908,5.07,168.2,0.04010198765899986,nan
2644,86671360,2723.599,541,19.17,0.0,197.14,-0.004700189922004938,15.329946517944336,0.46488243341445923,0.00128002167411978,0.0113067626953125,0.0003,0.21994134897360704,0.8513189448441247,4.17,0.42,1.25,4.79,4.74,0.99,0.59,3.16,0.0,3.615155688226223,5.05,159.13,0.04256884939968586,nan
2645,86704128,2785.423,541,18.01,0.0,315.57,-0.006351744756102562,14.401611328125,0.48515191674232483,0.0012780902904978575,0.0110015869140625,0.0003,0.24570337364735836,0.8694638694638694,3.23,0.45,1.2,4.59,4.46,0.85,0.58,3.03,0.04,3.3109428392350675,4.58,155.78,0.039683797978796065,nan
2646,86736896,2845.694,541,19.5,0.0,207.98,-0.0033162180334329605,15.567136764526367,0.4925369918346405,0.0008924864438881741,0.00766754150390625,0.0003,0.21388888888888888,0.8563656147986942,3.88,0.5,1.15,5.21,5.37,1.03,0.52,3.82,0.02,3.9095547805726527,4.9,164.94,0.04476821830030531,nan
2647,86769664,2909.783,540,19.97,0.0,212.3,-0.010129985399544239,16.11141586303711,0.4563572406768799,0.00211738702898856,0.0194091796875,0.0003,0.2172043010752688,0.8449197860962567,3.49,0.55,1.31,5.36,5.33,0.95,0.51,3.87,0.0,3.8336352021992206,5.57,166.92,0.038305143476463854,nan
2648,86802432,2974.117,539,21.89,0.0,241.6,-0.00648807967081666,15.652325630187988,0.4307529628276825,0.003786930076671524,0.03072357177734375,0.0003,0.2064273306311523,0.8483091787439614,4.62,0.52,1.57,5.33,5.52,1.2,0.65,3.67,0.0,4.18073765695095,6.1,183.15,0.03947870689444244,nan
2649,86835200,3036.374,539,20.93,0.0,227.18,-0.007892921566963196,16.767704010009766,0.4755815863609314,0.0031025131478372714,0.02696990966796875,0.0003,0.1936842105263158,0.8717683557394003,4.77,0.43,1.27,5.63,5.67,0.97,0.72,3.98,0.0,4.30991989582777,5.45,168.63,0.03907793411053717,nan
2650,86867968,3096.318,539,19.72,0.0,202.67,-0.006006577052175999,13.837620735168457,0.47142958641052246,0.0021440670923880134,0.0179595947265625,0.0003,0.17921259842519685,0.8700114025085519,3.63,0.46,1.25,5.21,4.99,0.89,0.63,3.47,0.01,3.712925723195076,5.11,162.67,0.035864783567376435,nan
2651,86900736,3157.929,539,19.95,0.0,206.61,-0.007295704446732998,16.263595581054688,0.4838424623012543,0.002779585796815809,0.0266265869140625,0.0003,0.201765447667087,0.8729641693811075,4.09,0.46,1.25,5.08,5.29,0.99,0.68,3.62,0.0,3.865966256856918,5.22,167.16,0.03489871940109879,nan
2652,86933504,3222.243,538,20.65,0.0,229.77,-0.004765406716614962,14.256872177124023,0.4852355718612671,0.0031513928677782133,0.03186798095703125,0.0003,0.24906850100315275,0.8762376237623762,4.04,0.5,1.48,5.54,5.87,1.08,0.66,4.13,0.0,4.301743747144937,5.53,174.05,0.03741666174028069,nan
2653,86966272,3283.404,538,21.78,0.0,240.94,-0.005521886050701141,17.32288360595703,0.46223726868629456,0.0022978943908356086,0.02062225341796875,0.0003,0.1574074074074074,0.8542274052478134,5.56,0.59,1.46,5.93,6.23,1.06,0.7,4.47,0.0,4.70991224527359,5.89,179.02,0.03728772117756307,nan
2654,86999040,3344.953,538,20.03,0.0,213.68,-0.009026778861880302,13.821734428405762,0.4785453975200653,0.003948886961197218,0.03534698486328125,0.0003,0.14899369179933913,0.8715498938428875,4.05,0.51,1.22,5.19,5.23,0.8,0.68,3.75,0.0,3.7287398120760917,5.02,166.76,0.03588547231629491,nan
2655,87031808,3403.944,539,21.28,0.0,238.74,-0.00457022013142705,13.856107711791992,0.4900616705417633,0.0018983854920406884,0.019744873046875,0.0003,0.16178861788617885,0.8289224952741021,4.52,0.48,1.45,5.56,5.94,1.06,0.73,4.15,0.02,4.518770669549704,5.54,180.12,0.036662907572463155,nan
2656,87064576,3464.287,539,20.82,0.0,244.89,-0.007591309025883675,15.049637794494629,0.47591114044189453,0.003536061485533537,0.01581573486328125,0.0003,0.19552110249784668,0.8284854563691073,4.55,0.53,1.4,5.3,5.37,1.02,0.61,3.74,0.03,3.9740043446421622,5.7,173.85,0.03440033440710977,nan
2657,87097344,3525.861,539,20.05,0.0,213.74,-0.008847515098750591,17.604202270507812,0.47873374819755554,0.003236987746475961,0.030426025390625,0.0003,0.19122541603630863,0.8695175438596491,4.4,0.43,1.2,5.21,5.08,1.05,0.65,3.38,0.0,3.7150286436080933,5.2,165.94,0.03516268206294626,nan
2658,87130112,3586.439,539,21.0,0.0,224.11,-0.010774753987789154,15.087770462036133,0.48089903593063354,0.0037207847527156446,0.0310211181640625,0.0003,0.17840512223515717,0.8581706063720452,4.71,0.52,1.34,5.76,5.75,1.14,0.65,3.96,0.0,4.347164741754532,5.51,171.04,0.03496885485947132,nan
2659,87162880,3650.513,538,20.81,0.0,218.18,-0.006772655062377453,17.464115142822266,0.5117501020431519,0.0027696693131264993,0.0259857177734375,0.0003,0.1786556603773585,0.8539778449144008,4.7,0.39,1.32,5.51,5.68,0.99,0.74,3.95,0.0,4.294002552628517,5.49,171.2,0.03772270877379924,nan
2660,87195648,3713.732,538,20.37,0.0,238.46,-0.012454004026949406,15.490447044372559,0.5018270611763,0.006136068034265918,0.04657745361328125,0.0003,0.21148899685624464,0.8591408591408591,3.88,0.54,1.36,5.29,5.57,0.96,0.66,3.95,0.0,4.0918271066993475,5.47,167.0,0.036065643769688904,nan
2661,87228416,3773.589,538,19.33,0.0,208.35,-0.007104938384145498,15.913256645202637,0.4920445382595062,0.004422683856148524,0.0355072021484375,0.0003,0.16450617283950617,0.8435072142064373,4.21,0.39,1.21,4.98,4.98,0.96,0.66,3.36,0.01,3.722524359226227,4.88,157.65,0.03788957162760198,nan
2662,87261184,3832.561,538,20.64,0.0,222.71,-0.003406740725040436,14.330924987792969,0.4532548785209656,0.002177058438945778,0.01869964599609375,0.0003,0.1517599538372764,0.857727737973388,4.16,0.54,1.41,5.33,5.3,1.04,0.7,3.56,0.0,3.897651927769184,5.46,163.52,0.0386557683814317,nan
2663,87293952,3891.742,538,20.21,0.0,221.5,-0.007532929070293903,14.585164070129395,0.4936428964138031,0.002896705459960458,0.0232391357421875,0.0003,0.16909620991253643,0.8444902162718847,4.03,0.43,1.54,5.16,5.27,1.15,0.68,3.44,0.0,3.8757761907577515,5.48,168.46,0.035949048411566764,nan
2664,87326720,3951.878,538,22.48,0.0,244.85,-0.006725244224071503,14.731636047363281,0.47746020555496216,0.00716691490725907,0.05142974853515625,0.0003,0.2141119221411192,0.8331762488218661,5.24,0.52,1.48,5.61,6.06,1.11,0.74,4.21,0.0,4.448015682697296,6.24,184.85,0.03772927226964384,nan
2665,87359488,4016.091,538,18.59,0.0,197.3,-0.0006171353161334991,13.298681259155273,0.4966598451137543,0.002569964940562386,0.02069091796875,0.0003,0.14285714285714285,0.844671201814059,3.77,0.41,1.13,4.75,4.67,0.84,0.45,3.38,0.0,3.351511029154062,4.58,154.29,0.04051453503780067,nan
2666,87392256,4077.087,538,20.56,0.0,227.27,-0.01207769475877285,14.180608749389648,0.4971582293510437,0.002327573891591328,0.020904541015625,0.0003,0.15523781733294426,0.8095238095238095,4.56,0.4,1.14,5.16,5.38,0.85,0.59,3.94,0.0,4.125633576512337,5.34,164.01,0.03686751390341669,nan
2667,87425024,4138.821,538,20.5,0.0,225.92,-0.011148720979690552,16.898117065429688,0.46636223793029785,0.003573635254497276,0.0307464599609375,0.0003,0.20559114735002912,0.8309128630705395,4.55,0.47,1.44,5.56,5.79,1.15,0.78,3.86,0.0,4.371281211972237,5.44,166.72,0.03939647984225303,nan
2668,87457792,4197.727,538,20.16,0.0,228.14,-0.008616008795797825,15.918581008911133,0.47885677218437195,0.0031100962621621875,0.0280609130859375,0.0003,0.18815826928551097,0.8354700854700855,3.88,0.47,1.32,5.34,5.67,1.05,0.74,3.88,0.0,4.09129575304687,5.15,165.83,0.03846687567420304,nan
2669,87490560,4259.619,538,19.53,0.0,212.43,-0.00796775333583355,15.989096641540527,0.4855400025844574,0.002829625905121702,0.02611541748046875,0.0003,0.1529770992366412,0.8,4.51,0.41,1.39,5.24,5.3,0.99,0.68,3.63,0.0,3.949328938126564,5.3,160.7,0.03698682610411197,nan
2670,87523328,4320.301,538,19.34,0.0,214.69,-0.009296068921685219,14.289634704589844,0.48013627529144287,0.0038005269655343454,0.03122711181640625,0.0003,0.17338952438290187,0.8166666666666667,4.02,0.44,1.27,5.42,5.31,1.06,0.6,3.65,0.0,3.814407858848572,5.03,157.61,0.0352008908521384,nan
2671,87556096,4384.331,538,19.02,0.0,203.95,-0.006255759857594967,16.735715866088867,0.464110404253006,0.0028588058685556916,0.02684783935546875,0.0003,0.17722328854766475,0.8076923076923077,4.43,0.5,1.38,5.16,5.11,1.0,0.66,3.45,0.0,3.6554306934773924,4.99,150.24,0.03538751183077693,nan
2672,87588864,4441.35,538,22.09,0.0,232.31,-0.010222877375781536,19.147912979125977,0.44263648986816406,0.002540568656627329,0.02008819580078125,0.0003,0.162,0.8148873653281097,5.96,0.56,1.71,5.56,5.46,1.2,0.73,3.53,0.0,4.08744316637516,6.24,178.09,0.03803521243389696,nan
2673,87621632,4503.374,538,18.38,0.0,203.04,-0.007212173193693161,15.088834762573242,0.47405481338500977,0.0036498114776577495,0.0335693359375,0.0003,0.14431347562918126,0.8282828282828283,3.98,0.43,1.44,4.75,4.93,1.01,0.56,3.36,0.0,3.4995583578385414,4.88,151.64,0.03616531647276133,nan
2674,87654400,4565.136,538,20.59,0.0,255.41,-0.005889668129384518,17.465713500976562,0.4615498185157776,0.0029592642023885674,0.02680206298828125,0.0003,0.1492361927144536,0.7881981032665965,4.75,0.38,1.43,5.57,5.48,1.01,0.65,3.82,0.0,4.042564125955105,5.35,163.14,0.03506528394063935,nan
2675,87687168,4625.294,538,18.98,0.0,205.0,-0.006514711305499077,14.871437072753906,0.47720465064048767,0.002047255512081847,0.0191192626953125,0.0003,0.13851874806321662,0.798876404494382,4.33,0.44,1.13,4.73,4.88,0.83,0.62,3.43,0.01,3.571205989420414,4.68,150.01,0.03335503744892776,nan
2676,87719936,4682.259,538,18.29,0.0,203.63,-0.008989665657281876,14.689023971557617,0.49004799127578735,0.0025910401814712714,0.0236358642578125,0.0003,0.125,0.7703180212014135,3.95,0.42,1.24,4.71,4.69,1.01,0.67,3.01,0.0,3.419657924473286,4.81,148.3,0.037370108999311924,nan
2677,87752704,4738.902,539,20.52,0.0,222.99,-0.009760782122612,16.930267333984375,0.48205819725990295,0.003467953950575975,0.02978515625,0.0003,0.13475591932183573,0.7721123829344433,4.93,0.42,1.43,4.88,4.8,0.93,0.61,3.26,0.0,3.531490429788828,5.39,162.9,0.03578178817406297,nan
2678,87785472,4798.54,539,20.37,0.0,217.96,-0.005828304681926966,19.066146850585938,0.494205504655838,0.0034010523898473366,0.0270843505859375,0.0003,0.12679425837320574,0.7983281086729362,4.9,0.52,1.26,4.89,4.88,1.03,0.7,3.15,0.0,3.6107203595340254,5.24,157.2,0.0327839779201895,nan
2679,87818240,4855.746,539,19.76,0.0,211.66,-0.006571055389940739,15.914702415466309,0.4972373843193054,0.0034520746938255797,0.03296661376953125,0.0003,0.17722308892355695,0.7760869565217391,4.9,0.5,1.29,5.37,5.36,1.0,0.63,3.73,0.0,3.9119507645070555,5.06,153.12,0.03390879975631833,nan
2680,87851008,4915.321,539,18.8,0.0,204.06,-0.008516812697052956,14.570954322814941,0.5058358311653137,0.003136651036669491,0.02851104736328125,0.0003,0.13526119402985073,0.79041248606466,3.96,0.41,1.24,5.05,5.38,0.98,0.67,3.73,0.0,4.09171419262886,4.95,154.66,0.03958440001588315,nan
2681,87883776,4971.651,540,20.29,0.0,222.84,-0.004221819341182709,17.714740753173828,0.5227165818214417,0.0025240693897501387,0.02581024169921875,0.0003,0.15090423954936258,0.7747196738022426,4.67,0.55,1.27,5.08,5.12,0.94,0.63,3.55,0.0,3.775831269621849,5.15,163.2,0.037743229418992996,nan
2682,87916544,5028.791,540,20.17,0.0,219.06,-0.002878422848880291,18.689739227294922,0.5021542906761169,0.0009571935361236683,0.00823974609375,0.0003,0.15162347333929102,0.7884816753926701,4.43,0.49,1.36,5.39,5.68,1.07,0.62,3.99,0.0,4.326609808802605,5.41,164.8,0.04404998279642314,nan
2683,87949312,5085.798,541,20.69,0.0,229.34,-0.010237963870167732,15.587051391601562,0.48462286591529846,0.0018754111777354865,0.016357421875,0.0003,0.14964028776978416,0.8139079333986288,4.62,0.43,1.5,5.82,5.97,1.12,0.73,4.12,0.0,4.308582280874252,5.63,166.83,0.03362499800277874,nan
2684,87982080,5144.873,541,19.41,0.0,211.62,-0.0022043464705348015,16.67955780029297,0.5016623735427856,0.0039012953232031577,0.037322998046875,0.0003,0.15606758832565285,0.8153153153153153,4.19,0.4,1.24,5.2,5.14,0.95,0.62,3.57,0.0,3.7479520812630653,4.69,156.27,0.03589649626519531,nan
2685,88014848,5202.624,541,19.97,0.0,223.63,-0.009113725274801254,13.948761940002441,0.48355674743652344,0.00267688149583023,0.025909423828125,0.0003,0.13506261180679785,0.7945945945945946,4.24,0.41,1.41,5.51,5.65,1.09,0.76,3.8,0.0,4.258794637024403,5.19,160.42,0.038277511834166944,nan
2686,88047616,5260.744,541,20.27,0.01,226.57,-0.00645140465348959,15.929749488830566,0.4910106956958771,0.0023357490870523634,0.02307891845703125,0.0003,0.1867874890382929,0.7902892561983471,3.99,0.58,1.53,5.58,5.88,1.16,0.71,4.01,0.0,4.42793770968914,5.64,168.2,0.03719494061078876,nan
2687,88080384,5320.98,541,21.11,0.0,231.42,-0.005878505762666464,14.135337829589844,0.4846086800098419,0.002018977844500114,0.019805908203125,0.0003,0.15,0.8166491043203372,4.6,0.51,1.57,5.47,5.63,1.1,0.6,3.93,0.0,4.297134810090065,5.5,169.25,0.038532964303158224,nan
2688,88113152,5377.527,542,19.77,0.0,217.39,-0.008258727379143238,14.574241638183594,0.4936332404613495,0.002921379677900404,0.02550506591796875,0.0003,0.1580060422960725,0.8169456066945606,4.02,0.52,1.5,5.4,5.53,0.98,0.73,3.82,0.0,4.232749049663544,5.29,159.89,0.03341956017538905,nan
2689,88145920,5433.665,542,21.48,0.0,238.47,-0.0075414227321743965,18.851747512817383,0.48136383295059204,0.002151369635186029,0.01877593994140625,0.0003,0.18394455674270863,0.8066132264529058,4.59,0.52,1.37,5.97,6.1,1.15,0.84,4.11,0.0,4.50694834202528,5.68,177.19,0.040962371160276234,nan
2690,88178688,5489.737,543,21.52,0.0,236.77,-0.006467313505709171,15.722352027893066,0.4821409285068512,0.0030505260613438168,0.02721405029296875,0.0003,0.19555555555555557,0.8167487684729065,4.33,0.43,1.48,5.72,5.75,1.03,0.64,4.08,0.0,4.28908868253231,5.56,179.65,0.0362227379810065,nan
2691,88211456,5549.347,543,21.26,0.0,233.1,-0.009950789622962475,15.215288162231445,0.46339845657348633,0.0029175758909332217,0.026611328125,0.0003,0.1435252850043847,0.8277945619335347,4.65,0.58,1.46,5.48,5.39,0.97,0.69,3.73,0.0,3.9423000428080557,5.73,169.15,0.036428577615879476,nan
2692,88244224,5607.268,543,20.73,0.0,229.92,-0.009646805003285408,14.139267921447754,0.5074049234390259,0.0030123979318545935,0.0260009765625,0.0003,0.2029731275014294,0.8451882845188284,4.18,0.55,1.38,5.5,5.5,1.01,0.72,3.77,0.0,4.22833317399025,5.5,167.76,0.040397909353487194,nan
2693,88276992,5671.183,543,18.39,0.0,207.24,-0.00910614337772131,17.60347557067871,0.5007890462875366,0.002724128288434713,0.0277252197265625,0.0003,0.1618705035971223,0.8632768361581921,3.54,0.42,1.26,5.03,5.13,0.91,0.59,3.63,0.0,3.7599867963790894,4.73,158.37,0.03877914452459663,nan
2694,88309760,5737.434,542,20.37,0.0,224.7,-0.0033618807792663574,15.701251983642578,0.49808990955352783,0.0021907836105583556,0.0214080810546875,0.0003,0.19536330223353124,0.8094747682801235,4.33,0.37,1.37,5.34,5.64,1.05,0.79,3.8,0.0,4.289277660101652,5.37,171.51,0.03913728368934244,nan
2695,88342528,5798.595,542,21.88,0.0,244.94,-0.003673673840239644,15.428903579711914,0.4772650897502899,0.0015204956850993767,0.0154876708984375,0.0003,0.18072289156626506,0.8214634146341463,4.59,0.54,1.46,5.88,5.79,1.01,0.65,4.13,0.0,4.3608670890331265,5.88,176.38,0.03903940715827048,nan
2696,88375296,5858.426,542,20.97,0.0,232.66,-0.0042615472339093685,14.634369850158691,0.4836428761482239,0.0016908632883314567,0.01790618896484375,0.0003,0.1924036595508733,0.8238993710691824,4.58,0.56,1.4,5.56,5.5,1.1,0.63,3.77,0.0,4.201875708699227,5.49,176.81,0.043562150676734746,nan
2697,88408064,5918.766,542,20.5,0.0,226.04,-0.006367294117808342,15.05875015258789,0.5008729696273804,0.001997896847768743,0.01770782470703125,0.0003,0.181169757489301,0.7895287958115184,4.14,0.58,1.19,5.18,5.07,0.9,0.61,3.56,0.0,3.797641292065382,5.24,167.53,0.0358118376461789,nan
2698,88440832,5975.224,542,20.92,0.0,228.47,-0.008897297084331512,15.41226863861084,0.488644003868103,0.002808102729431994,0.02501678466796875,0.0003,0.18776793369534153,0.7747368421052632,4.07,0.43,1.37,5.5,5.55,1.0,0.79,3.76,0.0,4.068749330341816,5.57,169.97,0.03868247999344021,nan
2699,88473600,6031.16,543,20.29,0.0,223.97,-0.004726069048047066,16.72878074645996,0.4904044568538666,0.0034059202248499787,0.034088134765625,0.0003,0.18563567911960613,0.7764705882352941,4.68,0.42,1.24,4.9,4.79,0.95,0.67,3.17,0.0,3.508276840597391,5.27,167.81,0.036941029131412506,nan
2700,88506368,6088.351,543,20.11,0.0,221.05,-0.006589667871594429,14.66813850402832,0.503624677658081,0.0021568888716672063,0.01996612548828125,0.0003,0.18342857142857144,0.7671673819742489,4.54,0.49,1.36,4.8,5.16,0.98,0.66,3.52,0.0,3.785027079284191,5.43,169.09,0.03997266269288957,nan
2701,88539136,6143.247,544,19.63,0.0,217.18,-0.010867856442928314,16.34695816040039,0.4933852553367615,0.0032919136837676888,0.026702880859375,0.0003,0.18922811059907835,0.7429193899782135,4.36,0.37,1.26,5.13,5.16,0.96,0.54,3.66,0.0,3.928555726110935,5.2,164.64,0.03902044065762311,nan
2702,88571904,6218.331,542,20.12,0.0,224.8,-0.011333642527461052,15.797439575195312,0.5070353746414185,0.0032986711499916055,0.028778076171875,0.0003,0.19943582510578278,0.7895833333333333,4.56,0.44,1.36,5.31,5.27,1.01,0.58,3.68,0.0,3.87332640260458,5.27,164.62,0.03317922563292086,nan
2703,88604672,6291.488,541,19.22,0.0,208.02,-0.0066437190398573875,17.90402603149414,0.5092326402664185,0.004146002911966207,0.04294586181640625,0.0003,0.18822100789313903,0.782051282051282,3.96,0.4,1.19,4.91,5.31,1.14,0.65,3.52,0.0,3.8960762423276902,4.94,159.34,0.04326877975836396,nan
2704,88637440,6368.136,540,20.36,0.0,231.02,-0.007581923622637987,15.771686553955078,0.5211436152458191,0.00435142772545305,0.03589630126953125,0.0003,0.20533043241773186,0.7909371781668383,3.87,0.46,1.34,5.24,5.41,0.92,0.76,3.73,0.0,4.0230776804685595,5.2,164.2,0.03518718486884609,nan
2705,88670208,6423.658,540,19.12,0.0,218.26,-0.006551537662744522,14.245645523071289,0.5219767093658447,0.003176875924992828,0.02912139892578125,0.0003,0.2455638236977676,0.7716535433070866,4.08,0.48,1.32,4.71,4.6,0.89,0.52,3.19,0.0,3.438693252056837,5.07,161.45,0.037842495017684996,nan
2706,88702976,6479.311,541,19.12,0.0,231.03,-0.008059179410338402,15.324792861938477,0.5400247573852539,0.0033919407593998585,0.0335693359375,0.0003,0.22290847838293093,0.7785087719298246,3.87,0.53,1.24,5.01,4.94,0.85,0.6,3.49,0.0,3.508221894800663,5.13,161.6,0.037189671536907554,nan
2707,88735744,6535.672,541,20.62,0.0,233.42,-0.007418494205921888,14.536391258239746,0.5068931579589844,0.0027318720783569006,0.024749755859375,0.0003,0.23997847726661287,0.797752808988764,4.56,0.61,1.4,5.34,5.36,1.09,0.62,3.65,0.0,3.9293341773748396,5.44,170.34,0.037223022314719856,nan
2708,88768512,6588.622,542,18.13,0.0,230.83,-0.009155151434242725,16.253437042236328,0.5267484188079834,0.0020316369434567605,0.015899658203125,0.0003,0.23816612086930633,0.7479768786127168,3.48,0.38,1.22,4.22,4.24,0.76,0.49,2.99,0.0,3.0923085552453995,4.61,151.17,0.03807564778253436,nan
2709,88801280,6644.907,542,18.47,0.0,207.16,-0.004821194335818291,17.33867645263672,0.517363429069519,0.005238018571617431,0.0391998291015625,0.0003,0.20717829004960606,0.7835648148148148,3.57,0.37,1.2,4.79,5.02,0.91,0.65,3.46,0.01,3.706650903970003,4.81,159.91,0.040092028328217566,nan
2710,88834048,6704.835,542,18.38,0.0,209.76,-0.0075780730694532394,15.648679733276367,0.5435417890548706,0.003332640634027939,0.03185272216796875,0.0003,0.21667628390075014,0.7927823050058207,3.41,0.38,1.13,4.5,4.62,0.77,0.5,3.35,0.01,3.3738706696778538,4.78,154.33,0.03680399979930371,nan
2711,88866816,6762.259,542,20.85,0.0,237.0,-0.0064847939647734165,15.325277328491211,0.5328569412231445,0.00516777048790118,0.04547119140625,0.0003,0.24591918651324593,0.7857857857857858,4.47,0.51,1.61,5.13,5.03,1.09,0.7,3.24,0.02,3.6851695662736894,5.81,174.32,0.038883841363713145,nan
2712,88899584,6818.807,543,19.96,0.0,222.42,-0.01006001140922308,17.91304588317871,0.532132625579834,0.003248263186094391,0.03050994873046875,0.0003,0.21786922209695603,0.7955271565495208,4.41,0.47,1.47,5.07,4.91,0.91,0.64,3.36,0.01,3.658112641572952,5.35,164.93,0.03995555092114955,nan
2713,88932352,6874.658,543,20.47,0.0,226.53,-0.00742972269654274,13.672901153564453,0.5125184059143066,0.0028170160620675233,0.0244140625,0.0003,0.18034140969162996,0.7905759162303665,4.65,0.55,1.61,5.24,5.1,1.13,0.63,3.34,0.0,3.6963226133584977,5.67,172.03,0.03456497372826561,nan
2714,88965120,6928.545,543,20.53,0.0,229.23,-0.0045230272226035595,15.600812911987305,0.5197075009346008,0.002977166369646511,0.0274505615234375,0.0003,0.21160130718954248,0.7718940936863544,4.24,0.53,1.4,5.22,5.38,1.07,0.66,3.65,0.0,3.92511169731617,5.53,169.68,0.03825787897221744,nan
2715,88997888,6987.144,544,19.41,0.0,215.04,-0.010661307722330093,17.750171661376953,0.527315080165863,0.004038826829003028,0.0351104736328125,0.0003,0.25807398708162066,0.8013172338090011,3.96,0.41,1.49,5.2,5.29,1.16,0.69,3.44,0.0,3.8463525342941285,5.36,163.2,0.03513916791416705,nan
2716,89030656,7040.063,544,20.75,0.0,228.45,-0.010326133109629154,14.187761306762695,0.5403164625167847,0.0034800465626858568,0.03403472900390625,0.0003,0.23566703417861082,0.783484390735146,4.3,0.56,1.34,5.31,5.2,0.97,0.53,3.7,0.0,3.9221880048513413,5.34,169.51,0.034651248482987285,nan
2717,89063424,7097.094,544,19.68,0.0,215.45,-0.008959637954831123,17.55963134765625,0.5463754534721375,0.003672549591499319,0.033111572265625,0.0003,0.275036075036075,0.7664864864864865,4.54,0.52,1.28,4.73,4.99,0.96,0.64,3.39,0.01,3.550610994398594,5.14,169.68,0.0394411546876654,nan
2718,89096192,7152.308,545,17.92,0.0,203.75,-0.009787512943148613,16.784748077392578,0.5201501250267029,0.003579267699308275,0.03202056884765625,0.0003,0.268003646308113,0.7897142857142857,3.31,0.43,1.27,4.8,4.7,1.08,0.64,2.98,0.0,3.3574494557082653,4.8,149.55,0.035756582976318896,nan
2719,89128960,7206.617,545,20.04,0.0,215.44,-0.007228044793009758,16.01755142211914,0.5020838379859924,0.0023969685026372645,0.02243804931640625,0.0003,0.2308605341246291,0.7821466524973433,4.97,0.47,1.37,4.97,5.18,0.97,0.7,3.51,0.0,3.921981521844864,5.54,159.79,0.03933975438121706,nan
2720,89161728,7262.541,545,18.13,0.0,199.7,-0.009992290288209915,16.46015739440918,0.5132395029067993,0.0025294400571169717,0.023590087890625,0.0003,0.24680983504512916,0.7995226730310262,4.0,0.4,1.31,4.51,4.51,0.82,0.61,3.08,0.0,3.3607626754045485,4.86,148.51,0.03542683192063123,nan
2721,89194496,7316.395,546,19.39,0.0,208.53,-0.008691072463989258,13.406105041503906,0.5138317346572876,0.004454590182632501,0.03954315185546875,0.0003,0.2388955582232893,0.7986577181208053,4.59,0.43,1.22,4.92,4.91,0.74,0.57,3.6,0.01,3.609339247047901,4.82,155.73,0.030942270706873387,nan
2722,89227264,7369.003,546,17.73,0.0,206.85,-0.008554155938327312,14.923227310180664,0.5365782380104065,0.0034978318477669745,0.0341644287109375,0.0003,0.29117990654205606,0.8317422434367542,3.6,0.46,1.31,4.93,4.85,0.87,0.57,3.41,0.02,3.5518877640366555,4.74,153.61,0.03754285885952413,nan
2723,89260032,7424.899,547,17.79,0.0,201.85,-0.008123232051730156,14.757600784301758,0.5287375450134277,0.003236901135892367,0.0259552001953125,0.0003,0.22346876895087933,0.8082026537997588,3.73,0.36,1.22,4.6,4.52,0.84,0.56,3.12,0.0,3.3204473647475243,4.65,151.99,0.03584477456752211,nan
2724,89292800,7478.833,547,20.5,0.0,230.63,-0.0052487412467598915,15.822990417480469,0.5115659236907959,0.004217585284379766,0.03986358642578125,0.0003,0.22104978354978355,0.845100105374078,4.45,0.56,1.64,5.34,5.34,1.14,0.71,3.49,0.01,3.834282525777817,5.7,169.91,0.037072247825562954,nan
2725,89325568,7535.247,547,19.42,0.0,215.93,-0.007856765761971474,12.35755729675293,0.5197386145591736,0.004024759539959177,0.03626251220703125,0.0003,0.20945558739255013,0.8293216630196937,4.39,0.38,1.39,5.12,5.17,1.02,0.65,3.5,0.0,3.8068385219573972,5.28,156.85,0.030910742178093642,nan
2726,89358336,7589.346,548,15.53,0.0,175.9,-0.00680524343624711,14.271171569824219,0.539331316947937,0.00381530524612117,0.03668212890625,0.0003,0.21707235745248415,0.8489010989010989,3.07,0.35,1.01,4.07,4.11,0.8,0.49,2.82,0.02,3.0188613024353983,3.95,134.9,0.03838409669697285,nan
2727,89391104,7643.733,548,20.63,0.0,230.03,-0.007078169845044613,15.243024826049805,0.49981844425201416,0.004599474131623538,0.03952789306640625,0.0003,0.2016241949033884,0.8067729083665338,4.57,0.66,1.37,4.99,5.21,1.02,0.54,3.65,0.0,3.613842086195946,5.52,172.48,0.040760561591014266,nan
2728,89423872,7698.702,549,20.13,0.0,220.49,-0.009904416278004646,15.52353572845459,0.5055422186851501,0.0024565034096895033,0.020050048828125,0.0003,0.2348247363921345,0.8,4.56,0.45,1.41,4.83,4.89,1.03,0.65,3.21,0.01,3.6330951879918576,5.59,160.46,0.03644572710618377,nan
2729,89456640,7756.651,549,17.71,0.0,196.78,-0.013115832582116127,17.31231689453125,0.5268844962120056,0.0038862718261043483,0.03466033935546875,0.0003,0.20709876543209876,0.8283582089552238,3.74,0.41,1.07,4.18,4.29,0.64,0.45,3.2,0.01,3.167175704836845,4.63,145.22,0.036454180313739926,nan
2730,89489408,7811.577,549,19.39,0.0,207.82,-0.0048104580491781235,14.503509521484375,0.4936402440071106,0.0047223916564007595,0.04412841796875,0.0003,0.2495500899820036,0.8251986379114642,5.04,0.4,1.34,4.91,5.0,0.97,0.62,3.41,0.01,3.6901317140460015,5.06,158.68,0.03794661327265203,nan
2731,89522176,7868.398,549,20.65,0.0,225.05,-0.009809122420847416,13.221135139465332,0.5208727717399597,0.003386884694236869,0.03137969970703125,0.0003,0.21786310517529214,0.8295819935691319,4.87,0.57,1.32,5.37,5.34,0.99,0.68,3.67,0.01,4.0932002323865895,5.27,171.25,0.03746399166993797,nan
2732,89554944,7935.887,549,18.36,0.0,201.96,-0.00932409055531025,15.272823333740234,0.5028406381607056,0.0033016015597695514,0.03107452392578125,0.0003,0.2463855421686747,0.8426453819840365,3.97,0.46,1.19,4.6,4.61,1.01,0.46,3.14,0.0,3.385928989127278,4.92,152.09,0.039034959161654115,nan
2733,89587712,7997.153,549,20.16,0.0,219.04,-0.004296915140002966,13.365461349487305,0.5202887654304504,0.003185376496730896,0.025299072265625,0.0003,0.23302074452969593,0.8201892744479495,3.81,0.48,1.21,5.16,5.11,0.79,0.69,3.63,0.02,3.752711458802223,5.25,163.54,0.03787879238370806,nan
2734,89620480,8061.307,548,20.9,0.0,230.03,-0.006400512531399727,13.179924964904785,0.5180621147155762,0.0012195575635587375,0.0112457275390625,0.0003,0.24096720400222346,0.8462301587301587,4.36,0.58,1.26,5.48,5.38,0.94,0.54,3.9,0.0,4.111975142359734,5.41,169.3,0.04135584307368845,nan
2735,89653248,8124.708,548,19.16,0.0,286.97,-0.004958764649927616,14.530302047729492,0.520998477935791,0.0019806039382501694,0.01757049560546875,0.0003,0.20683506686478453,0.8682170542635659,3.86,0.5,1.33,5.08,5.17,1.02,0.59,3.56,0.01,3.7909581565856936,4.99,163.27,0.040365842753089964,nan
2736,89686016,8185.315,548,18.96,0.0,205.99,-0.005748006980866194,15.871500015258789,0.5049947500228882,0.00533026364860234,0.04399871826171875,0.0003,0.2261904761904762,0.8503937007874016,3.81,0.33,1.28,4.84,4.97,1.03,0.52,3.42,0.0,3.6548716273903845,5.02,154.98,0.036516701453365386,nan
2737,89718784,8242.839,548,18.17,0.0,293.2,-0.010717705823481083,13.890856742858887,0.5388302206993103,0.003369279317595897,0.0308990478515625,0.0003,0.2893303428388337,0.85,3.43,0.41,1.15,4.7,4.79,0.82,0.5,3.47,0.02,3.61223335865885,4.85,148.35,0.034892478259280324,nan
2738,89751552,8302.505,548,19.51,0.0,212.66,-0.01215972751379013,14.613773345947266,0.5379279255867004,0.0026324823963363997,0.02327728271484375,0.0003,0.25874530211043656,0.8465011286681715,4.29,0.47,1.22,5.13,5.05,1.0,0.61,3.44,0.0,3.722807157039642,4.93,159.87,0.038732634391635656,nan
2739,89784320,8358.971,548,19.44,0.0,208.72,-0.010524678975343704,15.897510528564453,0.5387512445449829,0.00362813810551188,0.02881622314453125,0.0003,0.2507471607890018,0.8647450110864745,4.1,0.35,1.3,4.81,4.92,0.95,0.52,3.45,0.02,3.623189658820629,5.4,161.49,0.03808363142888993,nan
2740,89817088,8419.349,548,20.15,0.0,218.57,-0.005290793254971504,15.981800079345703,0.5001926422119141,0.0026718256095819015,0.0265045166015625,0.0003,0.20770128354725786,0.8490364025695931,4.38,0.64,1.4,5.26,5.51,1.03,0.61,3.87,0.0,4.146280584484339,5.31,164.57,0.03685780835803598,nan
2741,89849856,8476.47,548,19.61,0.0,210.03,-0.008734121918678284,13.756351470947266,0.5041477680206299,0.0036810621428458035,0.03258514404296875,0.0003,0.22111312764670296,0.8432432432432433,4.35,0.39,1.29,4.97,5.03,1.08,0.69,3.26,0.01,3.7767932596057654,5.09,160.93,0.03671572625171393,nan
2742,89882624,8535.56,548,19.55,0.0,215.01,-0.008236085996031761,13.5205659866333,0.5134721398353577,0.004075188920182882,0.036468505859375,0.0003,0.25216387766878245,0.8405951115834219,3.66,0.51,1.28,4.78,4.78,0.87,0.52,3.39,0.02,3.55262355029583,5.17,164.67,0.03704078949522227,nan
2743,89915392,8592.625,549,17.87,0.0,191.15,-0.009517987258732319,13.69724178314209,0.5513869524002075,0.004431856676717416,0.0433807373046875,0.0003,0.22335348393254853,0.8578255675029869,3.22,0.34,1.29,4.47,4.56,1.01,0.4,3.15,0.03,3.3914208954572675,4.95,152.7,0.035173335927538574,nan
2744,89948160,8649.019,549,21.34,0.0,233.65,-0.009495977312326431,15.190938949584961,0.5120114088058472,0.0034237046698137874,0.03243255615234375,0.0003,0.20580186097427478,0.8458498023715415,4.01,0.57,1.41,5.84,5.82,1.03,0.74,4.05,0.0,4.251364649534225,5.44,174.03,0.03789672360289842,nan
2745,89980928,8706.605,549,19.05,0.0,205.29,-0.003571639768779278,13.275388717651367,0.4943946897983551,0.0018458103214697985,0.016387939453125,0.0003,0.2261904761904762,0.8497175141242937,3.85,0.52,1.28,4.89,5.14,1.03,0.62,3.49,0.01,3.9355550980567933,4.86,159.7,0.039579948177561164,nan
2746,90013696,8764.378,549,20.54,0.01,223.01,-0.005293749272823334,18.018970489501953,0.49287211894989014,0.0012891012180773487,0.012054443359375,0.0003,0.23020153278455863,0.8335035750766088,4.85,0.61,1.42,5.36,5.35,1.07,0.63,3.65,0.01,4.123611637949944,5.54,169.16,0.04222929466050118,nan
2747,90046464,8820.477,549,20.08,0.0,237.31,-0.009442104026675224,14.597010612487793,0.4962594509124756,0.0030706352352964927,0.02552032470703125,0.0003,0.23926868044515104,0.8652263374485597,4.45,0.61,1.65,5.35,5.44,1.35,0.65,3.44,0.03,3.9238263800740243,5.4,169.37,0.03810589318163693,nan
2748,90079232,8878.332,549,18.83,0.0,204.47,-0.007578050717711449,15.03154468536377,0.5273512601852417,0.0034349876226968945,0.03282928466796875,0.0003,0.2065015479876161,0.8495575221238938,3.75,0.39,1.19,4.86,4.72,0.9,0.5,3.32,0.0,3.379927014186978,4.79,162.12,0.03803004382643849,nan
2749,90112000,8933.35,550,22.25,0.0,238.91,-0.010289691388607025,14.25487232208252,0.5126819014549255,0.003499502413319533,0.028717041015625,0.0003,0.2342629482071713,0.8393378773125608,5.04,0.57,1.47,5.53,5.54,1.03,0.79,3.72,0.0,4.167139501869679,5.75,172.35,0.035045751312281936,nan
2750,90144768,8989.181,550,20.08,0.0,222.83,-0.00449984660372138,15.087238311767578,0.5019708275794983,0.0033853064861375515,0.0364837646484375,0.0003,0.20695504664970313,0.847084708470847,4.78,0.56,1.24,5.15,4.95,0.86,0.59,3.5,0.01,3.843310010880232,5.38,170.05,0.04112608160357922,nan
2751,90177536,9044.013,550,18.88,0.0,210.6,-0.009233785793185234,14.374771118164062,0.505718469619751,0.004159399026605115,0.03264617919921875,0.0003,0.21583986074847694,0.8608893956670467,3.93,0.36,1.11,4.82,4.73,0.83,0.6,3.3,0.01,3.4499553164839742,4.69,157.65,0.03182560106506571,nan
2752,90210304,9099.001,550,20.51,0.0,225.36,-0.007701314520090818,15.972237586975098,0.5123622417449951,0.003796484341876294,0.02700042724609375,0.0003,0.24299583911234396,0.8530655391120507,4.68,0.52,1.47,4.89,4.89,0.9,0.62,3.37,0.0,3.8200476068258284,5.52,171.41,0.03559256996959448,nan
2753,90243072,9152.487,551,20.17,0.0,234.68,-0.00745947752147913,12.875032424926758,0.5061538219451904,0.003124736388542715,0.02597808837890625,0.0003,0.25914477073673364,0.8587628865979381,4.33,0.52,1.38,5.6,5.64,1.15,0.6,3.89,0.01,4.124131295979023,5.14,176.08,0.03741893731057644,nan
2754,90275840,9206.052,551,19.68,0.0,232.12,-0.009558284655213356,15.507850646972656,0.5382002592086792,0.003491751296962775,0.0347137451171875,0.0003,0.27997900813434795,0.8609341825902336,4.48,0.41,1.33,5.38,5.26,0.91,0.53,3.82,0.01,4.153252946510911,5.33,169.51,0.03756752656772733,nan
2755,90308608,9262.363,551,18.62,0.0,210.58,-0.008452223613858223,15.217052459716797,0.5463497638702393,0.004260802130488628,0.03398895263671875,0.0003,0.3317388857625211,0.8531139835487661,3.58,0.47,1.21,4.93,4.96,0.78,0.6,3.58,0.01,3.645053681433201,4.95,160.93,0.03923849400598556,nan
2756,90341376,9315.359,552,18.69,0.0,210.96,-0.005642784293740988,15.24765396118164,0.513398289680481,0.005159829511569569,0.0460357666015625,0.0003,0.29857022708158115,0.8656542056074766,3.93,0.46,1.17,4.77,4.75,0.92,0.6,3.23,0.01,3.5222035793960096,4.91,165.39,0.037108766846358776,nan
2757,90374144,9371.014,552,18.06,0.0,204.22,-0.011453253217041492,16.188119888305664,0.5125678181648254,0.003448759333025464,0.0257110595703125,0.0003,0.19988084599344652,0.8677884615384616,3.95,0.36,1.23,4.4,4.51,0.87,0.58,3.06,0.0,3.428437248170376,4.7,154.99,0.0387671859934926,nan
2758,90406912,9428.622,552,19.4,0.0,220.77,-0.006766827777028084,16.109233856201172,0.5425367951393127,0.0023529452273010065,0.02239990234375,0.0003,0.26451053999422464,0.8640883977900552,4.06,0.39,1.33,4.9,4.89,0.84,0.66,3.39,0.0,3.6643889942765235,5.1,167.03,0.04274035675916821,nan
2759,90439680,9487.53,552,19.71,0.0,220.43,-0.014412266202270985,16.20651626586914,0.544937252998352,0.005027678855526574,0.04575347900390625,0.0003,0.2874251497005988,0.8306878306878307,4.36,0.55,1.09,5.21,5.06,0.81,0.64,3.61,0.02,3.7940483421087263,4.83,162.9,0.03461932443315163,nan
2760,90472448,9540.045,553,18.84,0.0,206.71,-0.008651905693113804,13.6923828125,0.5378814339637756,0.003994133593494098,0.04192352294921875,0.0003,0.23502036067481094,0.8564760793465578,3.24,0.36,1.06,4.92,5.19,0.77,0.56,3.86,0.0,3.891172193735838,4.87,159.37,0.037647017277777195,nan
2761,90505216,9595.455,553,20.0,0.0,227.36,-0.005880859214812517,13.59385871887207,0.5398984551429749,0.0025859274727793036,0.02500152587890625,0.0003,0.23133116883116883,0.8569948186528498,3.5,0.47,1.32,5.14,5.1,0.94,0.6,3.56,0.0,3.8794823035597803,5.13,173.01,0.03427850530715659,nan
2762,90537984,9648.56,553,20.4,0.0,229.7,-0.010938595049083233,13.061347007751465,0.5357065796852112,0.003171880072670774,0.024139404296875,0.0003,0.23408845738942827,0.8198198198198198,4.09,0.5,1.13,5.19,5.1,0.78,0.67,3.65,0.01,3.879813857674599,5.0,168.64,0.035306335135828704,nan
2763,90570752,9707.159,553,19.95,0.0,225.22,-0.007310571148991585,13.697011947631836,0.5021658539772034,0.004374463160331743,0.03946685791015625,0.0003,0.2472617743702081,0.8360488798370672,3.34,0.48,1.39,4.83,4.78,0.79,0.62,3.37,0.01,3.48713992446661,5.35,172.47,0.037948608631268144,nan
2764,90603520,9763.559,553,20.99,0.0,225.24,-0.01071637962013483,16.09952735900879,0.5216102600097656,0.004377282600103172,0.03325653076171875,0.0003,0.24082889946793615,0.8184584178498986,4.41,0.56,1.37,5.73,6.15,1.15,0.73,4.27,0.0,4.573387756049633,5.63,171.09,0.03485812549479306,nan
2765,90636288,9819.127,553,20.44,0.0,230.58,-0.005766365677118301,18.86383819580078,0.5293889045715332,0.0018516347004151612,0.01819610595703125,0.0003,0.24576043068640646,0.8288288288288288,4.5,0.57,1.35,5.26,5.61,1.01,0.69,3.91,0.0,4.254261257052422,5.32,171.1,0.03839430131483823,nan
2766,90669056,9875.862,554,17.16,0.0,195.92,-0.00903795100748539,15.561979293823242,0.5487217307090759,0.003155835927429962,0.03043365478515625,0.0003,0.29081334113516677,0.8669833729216152,2.98,0.4,0.97,4.48,4.31,0.67,0.43,3.21,0.0,3.1188201010227203,4.26,156.23,0.0389771421905607,nan
2767,90701824,9936.244,554,21.0,0.0,228.96,-0.008146114647388458,16.37837791442871,0.5168625116348267,0.00310954107857242,0.02852630615234375,0.0003,0.2512834369089435,0.8390918065153011,4.17,0.56,1.25,4.77,4.92,0.81,0.6,3.51,0.0,3.7166858220100405,5.53,174.48,0.04137100593652576,nan
2760,90472448,63.746,514,19.13,0.0,206.46,-0.0054532308131456375,14.500484466552734,0.5269250273704529,0.004032514120567043,0.04387664794921875,0.0003,0.23297491039426524,0.859075535512965,3.67,0.39,1.23,4.81,5.1,0.82,0.56,3.72,0.0,3.85401325404644,4.9,159.01,0.03740913874935359,nan
2761,90505216,140.434,466,21.69,0.0,249.93,-0.012053614482283592,15.140305519104004,0.5194731950759888,0.003140302419950558,0.02533721923828125,0.0003,0.22641509433962265,0.8370731707317073,4.4,0.62,1.38,5.38,5.49,1.1,0.7,3.69,0.0,4.1402401749044655,5.9,181.34,0.03840794030111283,nan
2762,90537984,202.533,485,19.9,0.0,222.03,-0.00997723825275898,15.556899070739746,0.5343007445335388,0.003032998607309878,0.0275726318359375,0.0003,0.2654690618762475,0.8363064008394544,3.84,0.53,1.4,5.25,5.25,0.98,0.65,3.62,0.0,3.9368997149914504,5.38,166.66,0.03500391339184716,nan
2763,90570752,263.016,498,19.35,0.0,217.46,-0.010728709399700165,13.098111152648926,0.5272277593612671,0.003229164597293277,0.0260772705078125,0.0003,0.21718443884690736,0.8555798687089715,3.98,0.36,1.09,5.37,5.34,0.84,0.61,3.89,0.0,3.9717324051260947,5.01,165.99,0.03328971465816721,nan
2764,90603520,324.459,504,21.67,0.0,239.69,-0.007433615159243345,16.767271041870117,0.522606611251831,0.0039044454327950007,0.0372772216796875,0.0003,0.25907014243482934,0.8428853754940712,4.43,0.66,1.39,5.74,5.66,0.96,0.8,3.9,0.0,4.345617959499359,5.71,183.61,0.03816324647050351,nan
2765,90636288,391.005,502,19.9,0.0,218.97,-0.013727083802223206,14.633081436157227,0.5555875301361084,0.003979889882941734,0.03667449951171875,0.0003,0.27285318559556787,0.8294829482948295,3.59,0.47,1.11,5.21,5.17,0.87,0.56,3.74,0.04,4.023333693146705,5.13,166.04,0.036973899230360985,nan
2766,90669056,451.715,507,19.23,0.0,218.79,-0.007222338579595089,14.398719787597656,0.5707708597183228,0.0034560148080231556,0.03708648681640625,0.0003,0.2899229074889868,0.8401323042998897,4.27,0.53,1.17,5.7,5.68,1.01,0.72,3.95,0.01,4.179585554599762,4.99,169.72,0.036458900081925094,nan
2767,90701824,514.112,509,18.13,0.0,196.88,-0.009061147458851337,13.688714981079102,0.5655664801597595,0.0036306546520279426,0.035247802734375,0.0003,0.24498611539648257,0.8352803738317757,3.36,0.44,1.07,4.79,4.85,1.04,0.49,3.32,0.0,3.6474496778845786,4.43,153.99,0.037966180592775345,nan
2768,90734592,574.438,513,17.13,0.0,196.47,-0.006788808386772871,16.15494728088379,0.5662011504173279,0.0030398785241914084,0.03006744384765625,0.0003,0.291319857312723,0.8349633251833741,2.99,0.39,1.01,4.19,4.02,0.66,0.52,2.84,0.0,2.9975275844335556,4.37,153.02,0.043609924032352865,nan
2769,90767360,631.189,519,20.37,0.0,225.4,-0.008878204971551895,13.534175872802734,0.5561580657958984,0.001925509305522155,0.01906585693359375,0.0003,0.29221491228070173,0.8215031315240083,4.05,0.5,1.1,5.46,5.39,0.82,0.67,3.9,0.0,4.077326028347016,5.19,170.88,0.0392160986084491,nan
2770,90800128,692.302,520,17.47,0.0,200.31,-0.007111158687621355,18.501747131347656,0.536957323551178,0.0026248864592446353,0.02349090576171875,0.0003,0.2803628914252268,0.8251833740831296,3.28,0.31,0.96,4.78,5.02,0.85,0.55,3.62,0.01,3.770256305336952,4.4,155.79,0.03929723147302866,nan
2771,90832896,748.876,525,18.81,0.0,210.88,-0.007851492613554,14.938497543334961,0.524660050868988,0.0025207219795220226,0.0227813720703125,0.0003,0.2393538913362702,0.8269662921348314,3.7,0.37,1.06,5.32,5.33,0.86,0.61,3.86,0.0,4.012845940440894,4.89,161.39,0.04191150073893368,nan
2772,90865664,809.224,526,19.33,0.0,220.24,-0.010777919553220272,15.19224739074707,0.5297335386276245,0.003319185390040502,0.026824951171875,0.0003,0.22931178601281693,0.8415841584158416,4.12,0.47,1.13,5.51,5.67,0.79,0.68,4.2,0.0,4.428282587975263,4.76,162.77,0.035310342675074935,nan
2773,90898432,870.22,527,17.88,0.0,200.46,-0.013279041275382042,13.427053451538086,0.5606860518455505,0.0033482907461461764,0.03078460693359375,0.0003,0.3077148723965972,0.8257839721254355,3.23,0.4,0.97,4.63,4.69,0.67,0.48,3.54,0.0,3.546996562257409,4.26,158.24,0.037685521063394845,nan
2774,90931200,933.011,526,18.96,0.0,213.73,-0.0105458814650774,14.139690399169922,0.5039371252059937,0.0027533221852138468,0.02393341064453125,0.0003,0.2507828067179049,0.8366228070175439,3.43,0.45,1.18,5.1,5.59,1.01,0.7,3.88,0.02,4.240824365317821,4.87,163.72,0.046398302423767745,nan
