iter,global_step,wall_seconds,sps,ep_ret,win,ep_len,pg,v,ent,kl,clipfrac,lr,energy_unspent,card_take,upgrades,removes,elites,potions_got,potions_used,potions_used_elite,potions_used_boss,potions_used_normal,potions_expired,potion_use_hp,relics,hp_lost,aux,potion_ent
2775,90963968,50.288,651,17.6,0.0,192.54,9.205983951687813e-05,17.646942138671875,0.6007464528083801,0.00029044014141099694,0.0020294189453125,0.0003,0.2575107296137339,0.8304455445544554,3.74,0.33,0.84,4.51,2.58,0.19,0.38,2.01,0.01,1.907135852947831,4.29,154.25,0.03767283319029957,nan
2776,90996736,109.7,597,18.67,0.0,209.86,0.0004925975808873773,19.16016387939453,0.5567280054092407,0.00011667739111587139,0.00055694580078125,0.0003,0.25415949512335057,0.8473193473193473,4.12,0.45,0.99,5.24,2.78,0.12,0.56,2.1,0.0,2.0712123534828426,4.66,166.14,0.04111254366580397,nan
2777,91029504,166.554,590,17.8,0.0,198.01,0.000317638274282217,14.347454071044922,0.56681227684021,7.010635796200759e-05,0.0001983642578125,0.0003,0.23289753724536333,0.8443037974683544,3.72,0.41,0.95,5.02,2.4,0.12,0.47,1.81,0.01,1.8490685603022576,4.34,150.76,0.038620082777924836,nan
2778,91062272,224.498,583,17.87,0.0,199.28,0.0003773253411054611,15.942023277282715,0.5756759643554688,0.0001081448254094397,0.00048828125,0.0003,0.24244274809160304,0.8419161676646707,3.61,0.38,0.99,4.78,2.48,0.18,0.42,1.88,0.0,1.7600061640143394,4.4,154.85,0.0375757128931582,nan
2779,91095040,280.185,584,15.72,0.0,174.88,-4.559475928544998e-05,14.18254280090332,0.5680527687072754,4.9919427696387686e-05,0.00017547607421875,0.0003,0.2530967525945765,0.8340306834030683,2.5,0.27,0.74,4.12,2.06,0.11,0.4,1.55,0.0,1.4684027916193008,3.77,141.09,0.03810087300371379,nan
2780,91127808,337.25,582,17.42,0.0,195.29,3.552227281033993e-05,13.598917007446289,0.5562257766723633,0.00010779801291693758,0.0006561279296875,0.0003,0.250229990800368,0.850383631713555,3.29,0.41,0.99,4.52,2.48,0.18,0.55,1.75,0.0,1.8725321513414384,4.44,150.65,0.03890846739523113,nan
2781,91160576,391.207,586,15.94,0.0,182.5,4.586298018693924e-05,15.772493362426758,0.5599603652954102,7.805672235150496e-05,0.00046539306640625,0.0003,0.26317460317460317,0.8369565217391305,2.53,0.32,0.75,4.42,2.42,0.12,0.47,1.83,0.0,1.8008288434147834,3.66,144.05,0.04247952613513917,nan
2782,91193344,445.173,588,17.95,0.0,195.64,0.0002662581391632557,16.56168556213379,0.5591078996658325,0.0002258798359200398,0.0007781982421875,0.0003,0.22717491546264987,0.8107769423558897,3.87,0.54,0.87,4.76,2.42,0.09,0.42,1.91,0.0,1.8212948846817016,4.36,153.5,0.03575317532522604,nan
2783,91226112,502.428,586,17.95,0.0,195.43,-0.009359215386211872,18.07008171081543,0.5556255578994751,0.0036113746159873727,0.03200531005859375,0.0003,0.23971761817065684,0.8168316831683168,4.53,0.4,1.03,4.56,2.59,0.26,0.42,1.91,0.0,2.030177105665207,4.74,151.15,0.038343830150552094,nan
2784,91258880,558.383,586,16.8,0.0,194.26,-0.005740156397223473,12.44920539855957,0.5606976747512817,0.003398449591031749,0.0291748046875,0.0003,0.2598499061913696,0.8273195876288659,2.78,0.4,0.82,4.87,2.69,0.16,0.44,2.09,0.0,1.962971509695053,3.92,149.08,0.03788971109315753,nan
2785,91291648,613.778,587,18.12,0.0,219.44,-0.006833941675722599,12.230043411254883,0.5395835041999817,0.0035191484212191426,0.03339385986328125,0.0003,0.22736970435842732,0.8515337423312883,3.38,0.47,0.95,4.84,2.85,0.15,0.44,2.26,0.0,2.1260972652584313,4.45,153.42,0.03452170768287033,nan
2786,91324416,671.307,585,17.29,0.0,205.21,-0.009151929058134556,13.758363723754883,0.5703279972076416,0.005074610257935319,0.0421905517578125,0.0003,0.27726146220570014,0.8264900662251655,3.08,0.29,0.79,4.45,2.44,0.14,0.37,1.93,0.0,1.829051214158535,4.34,154.96,0.03917703323531896,nan
2787,91357184,730.397,583,17.57,0.0,195.31,-0.00735125970095396,14.734062194824219,0.5710688829421997,0.0022718249745139474,0.023193359375,0.0003,0.25061425061425063,0.8068043742405833,4.17,0.46,1.05,4.74,2.34,0.13,0.31,1.9,0.0,1.781188246011734,4.59,151.23,0.039993129670619965,nan
2788,91389952,785.245,584,16.49,0.0,186.14,-0.008988143876194954,13.339377403259277,0.5643928050994873,0.003249106810358171,0.02950286865234375,0.0003,0.27648,0.8386243386243386,2.97,0.36,0.91,4.26,2.46,0.17,0.39,1.9,0.0,1.8559776657819749,4.31,144.38,0.03667350020259619,nan
2789,91422720,839.696,585,17.41,0.0,193.98,-0.005301308818161488,13.511441230773926,0.5500985383987427,0.0029990906167256526,0.0260162353515625,0.0003,0.2154903185509057,0.8275862068965517,3.54,0.45,0.87,4.56,2.51,0.09,0.54,1.88,0.0,1.8388930167257787,4.18,150.11,0.03871509910095483,nan
2790,91455488,898.042,583,18.5,0.0,198.33,-0.007811292074620724,13.637247085571289,0.558604896068573,0.002990929964028055,0.0293121337890625,0.0003,0.24239602731222842,0.8136363636363636,3.31,0.33,0.99,4.69,2.76,0.19,0.51,2.06,0.0,2.018798161521554,4.64,158.88,0.03696612233761698,nan
2791,91488256,954.436,583,16.97,0.0,196.14,-0.005475908983498812,11.773837089538574,0.5592932105064392,0.0013413214529123252,0.01145172119140625,0.0003,0.22980625931445603,0.8194271481942715,2.71,0.35,1.18,4.71,2.44,0.12,0.47,1.85,0.0,1.7919425665587188,4.38,153.31,0.03867915936280042,nan
2792,91521024,1010.931,583,17.52,0.0,201.89,-0.009004658088088036,13.413970947265625,0.5741007924079895,0.0024570816807027995,0.0242462158203125,0.0003,0.2695078031212485,0.8233830845771144,3.25,0.43,0.94,4.92,2.86,0.18,0.52,2.16,0.0,2.1298722446709872,4.28,149.56,0.04120431316550821,nan
2793,91553792,1067.526,583,17.31,0.0,199.17,-0.010229678824543953,13.573568344116211,0.5608424544334412,0.003287851845186651,0.0259857177734375,0.0003,0.29447115384615385,0.823019801980198,3.7,0.43,0.95,4.59,2.7,0.14,0.41,2.15,0.02,2.0020769710093735,4.43,151.9,0.039074430940672755,nan
2794,91586560,1125.31,582,18.61,0.0,204.14,-0.0045644561760127544,14.14548110961914,0.5510455369949341,0.004780172005951044,0.0488433837890625,0.0003,0.2685459940652819,0.8321342925659473,3.55,0.46,1.06,4.77,2.73,0.19,0.49,2.05,0.0,2.0597210132330654,4.59,160.91,0.04067468934226781,nan
2795,91619328,1183.779,581,16.49,0.0,188.77,-0.00779928732663393,12.832540512084961,0.5778776407241821,0.003622773299809978,0.0346832275390625,0.0003,0.262223606353161,0.8182989690721649,3.16,0.33,0.83,4.61,2.71,0.2,0.52,1.99,0.0,2.085058461949229,4.0,146.6,0.04244531563017517,nan
2796,91652096,1243.327,579,17.25,0.0,197.96,-0.007285633124411106,14.43321418762207,0.5908878445625305,0.0028024571838614065,0.0285186767578125,0.0003,0.30023923444976075,0.8245614035087719,4.19,0.29,0.83,5.27,3.16,0.19,0.57,2.4,0.01,2.382920528948307,4.08,150.87,0.03695447603240609,nan
2797,91684864,1305.161,577,16.71,0.0,191.15,-0.006931987591087818,12.97842025756836,0.5714751482009888,0.003419840216565717,0.0352325439453125,0.0003,0.2818015824710895,0.8192161820480405,3.08,0.36,0.9,4.43,2.68,0.17,0.42,2.09,0.0,1.9651776671409606,4.01,152.59,0.03972520574461669,nan
2798,91717632,1363.847,576,17.65,0.0,206.83,-0.009607065469026566,11.762030601501465,0.5729711651802063,0.0025036351778453536,0.02207183837890625,0.0003,0.2677859988616961,0.8389423076923077,3.1,0.38,1.04,5.1,2.95,0.14,0.55,2.26,0.0,2.128525238186121,4.32,157.2,0.03900992847047746,nan
2799,91750400,1419.725,577,17.73,0.0,199.17,-0.009235940873622894,12.992879867553711,0.572716474533081,0.002395384155818192,0.0215301513671875,0.0003,0.22313048743566455,0.8457831325301205,2.96,0.39,1.02,4.86,2.75,0.16,0.52,2.07,0.0,2.0737842363119126,4.28,154.8,0.038721667136996984,nan
2800,91783168,1479.625,575,17.3,0.0,197.06,-0.004623559303581715,14.169591903686523,0.5877410173416138,0.0022900358698052514,0.02442169189453125,0.0003,0.2727272727272727,0.8310387984981227,3.02,0.4,0.87,4.56,2.51,0.11,0.37,2.03,0.0,1.9002344778180122,4.28,154.88,0.03627549868542701,nan
2801,91815936,1538.655,575,17.65,0.0,196.67,-0.007203172892332077,13.884655952453613,0.5743955969810486,0.002806526407880483,0.02831268310546875,0.0003,0.26871576384662205,0.8300733496332519,3.28,0.45,0.98,4.96,2.8,0.14,0.5,2.16,0.0,2.125018275901675,4.41,152.28,0.0408618455985561,nan
2802,91848704,1594.917,575,17.98,0.0,204.58,-0.00842873752117157,10.85487174987793,0.572993278503418,0.0025220011861506464,0.02475738525390625,0.0003,0.22476525821596244,0.860302677532014,3.4,0.51,0.95,4.85,2.85,0.2,0.5,2.15,0.01,2.053385354578495,4.38,156.58,0.03864061937201768,nan
2803,91881472,1652.54,575,17.45,0.0,195.9,-0.008885251358151436,12.280590057373047,0.5666909217834473,0.002592171673256871,0.0236663818359375,0.0003,0.2704767726161369,0.8268015170670038,3.91,0.38,1.03,4.7,2.77,0.19,0.34,2.24,0.01,2.084688097387552,4.31,152.01,0.03409982507582754,nan
2804,91914240,1708.106,575,17.98,0.0,207.15,-0.006431605201214552,14.300048828125,0.5589196681976318,0.0016641031679682783,0.015350341796875,0.0003,0.22748815165876776,0.8390532544378698,3.48,0.45,1.0,4.83,3.23,0.2,0.47,2.56,0.0,2.4700213293731212,4.26,152.99,0.0378028693376109,nan
2805,91947008,1764.439,575,16.6,0.0,198.18,-0.0052276370115578175,13.424480438232422,0.5577496290206909,0.00324999579879659,0.03214263916015625,0.0003,0.22249020198974978,0.850253807106599,2.45,0.37,0.9,4.57,2.78,0.23,0.45,2.1,0.01,2.0530178764462472,4.02,150.29,0.04020283056888729,nan
2806,91979776,1818.168,576,18.67,0.0,213.54,-0.007492530159652233,12.882593154907227,0.5547583103179932,0.002582799067852193,0.025390625,0.0003,0.24874791318864775,0.8869665513264129,4.33,0.4,0.96,4.91,3.3,0.28,0.5,2.52,0.0,2.5196171164512635,4.52,160.61,0.04031925636809319,nan
2807,92012544,1874.345,576,18.82,0.0,216.66,-0.011292550712823868,11.456121444702148,0.5371658802032471,0.0032950057054108584,0.02520751953125,0.0003,0.25458190148911797,0.8577929465301479,3.42,0.34,1.16,5.44,3.58,0.32,0.53,2.73,0.0,2.834471077024937,4.92,166.67,0.03970214503351599,nan
2808,92045312,1929.49,577,18.6,0.0,220.5,-0.011777481995522976,12.347320556640625,0.5169038772583008,0.003681833610983176,0.02960968017578125,0.0003,0.26712898751733705,0.8238453276047261,3.35,0.47,1.2,5.3,3.75,0.26,0.63,2.86,0.0,2.8204300103336575,4.98,163.94,0.03655415552202612,nan
2809,92078080,1986.54,577,17.99,0.0,203.33,-0.008521316573023796,10.530139923095703,0.5395542979240417,0.004159204074198897,0.0342864990234375,0.0003,0.26295413936867185,0.8727272727272727,3.23,0.48,0.89,4.82,3.42,0.26,0.53,2.63,0.01,2.6484004697203636,4.22,151.99,0.03931439097505063,nan
2810,92110848,2040.717,578,19.04,0.0,212.97,-0.009522663429379463,11.188257217407227,0.5371547937393188,0.004416910025611287,0.04113006591796875,0.0003,0.22955069124423963,0.8724373576309795,4.0,0.39,1.1,5.15,3.95,0.42,0.6,2.93,0.0,3.0731740388274194,4.68,164.53,0.03786875121295452,nan
2811,92143616,2098.322,577,18.46,0.0,210.18,-0.004738365765661001,10.140810012817383,0.5400867462158203,0.0016498439417773625,0.0142364501953125,0.0003,0.22514619883040934,0.8412887828162291,3.16,0.37,0.99,4.6,3.6,0.31,0.58,2.71,0.0,2.689281129986048,4.53,156.51,0.04168411472346634,nan
2812,92176384,2154.061,578,18.49,0.0,226.42,-0.006155815906822681,12.719377517700195,0.513701319694519,0.0030707945019941008,0.02921295166015625,0.0003,0.23032687651331718,0.8218527315914489,3.4,0.4,1.01,4.81,3.6,0.37,0.56,2.67,0.0,2.755784416273236,4.34,159.34,0.04095907718874514,nan
2813,92209152,2211.658,577,17.99,0.0,201.79,-0.005166868679225445,13.062362670898438,0.5294485092163086,0.002189040510529594,0.02222442626953125,0.0003,0.22284122562674094,0.8357142857142857,3.59,0.45,0.97,5.15,3.41,0.32,0.56,2.53,0.0,2.53913393497467,4.35,157.05,0.037201277795247734,nan
2814,92241920,2266.944,578,19.11,0.0,217.3,-0.006822206079959869,11.027576446533203,0.5216017961502075,0.002606558165552997,0.01995086669921875,0.0003,0.20742486741308191,0.8211473565804275,3.72,0.44,0.99,5.24,4.13,0.46,0.6,3.07,0.0,3.1501583570241927,4.81,162.34,0.043464652728289366,nan
2815,92274688,2326.329,577,18.87,0.0,210.23,-0.010816091671586037,10.777143478393555,0.5150786638259888,0.00353379472863935,0.03154754638671875,0.0003,0.19449378330373002,0.8385598141695703,3.56,0.46,0.88,4.84,4.13,0.36,0.6,3.17,0.0,3.0715628486871718,4.37,161.83,0.04167203209362924,nan
2816,92307456,2379.306,578,16.87,0.0,191.44,-0.007575653493404388,10.975744247436523,0.5273149013519287,0.002474498500248501,0.02249908447265625,0.0003,0.18451242829827916,0.8198307134220073,2.76,0.3,0.8,4.98,4.11,0.38,0.55,3.18,0.0,3.0975913818180563,3.81,152.2,0.03759854007512331,nan
2817,92340224,2436.986,578,18.21,0.0,203.91,-0.010102459229528904,11.481864929199219,0.5330138206481934,0.003291806499703398,0.02819061279296875,0.0003,0.18896925858951175,0.84,3.34,0.3,0.94,4.92,4.22,0.5,0.52,3.2,0.0,3.135126644819975,4.58,159.99,0.03715352388098836,nan
2818,92372992,2489.045,579,18.76,0.0,209.22,-0.008707728236913681,13.391782760620117,0.5055109858512878,0.0024608842927023034,0.0183563232421875,0.0003,0.19062119366626065,0.8353591160220994,4.53,0.43,1.04,5.22,4.64,0.47,0.65,3.52,0.0,3.605962889790535,4.57,159.38,0.04365225636865944,nan
2819,92405760,2541.337,580,17.1,0.0,198.24,-0.007467562332749367,12.301501274108887,0.5505152940750122,0.002047799123488403,0.01834869384765625,0.0003,0.18455207344096233,0.8550185873605948,2.96,0.33,0.91,4.62,3.73,0.34,0.42,2.97,0.01,2.8418391034007073,4.02,148.89,0.038797823479399085,nan
2820,92438528,2597.138,580,20.43,0.0,215.84,-0.009563151746988297,16.49215316772461,0.4873439371585846,0.002524258496237053,0.022308349609375,0.0003,0.22238805970149253,0.8043933054393305,4.64,0.62,0.98,5.37,4.57,0.5,0.64,3.43,0.0,3.529766793400049,5.01,167.1,0.0396101048681885,nan
2821,92471296,2655.901,579,18.86,0.0,209.79,-0.004938443191349506,12.765737533569336,0.5204673409461975,0.0034275749703169822,0.0262603759765625,0.0003,0.2172876304023845,0.851258581235698,4.03,0.45,0.94,4.88,3.98,0.4,0.52,3.06,0.02,3.087602868415415,4.71,157.36,0.03869434597436339,nan
2822,92504064,2712.618,579,17.34,0.0,201.69,-0.009796236641705036,10.183717727661133,0.5163918733596802,0.0034603387433662647,0.02921295166015625,0.0003,0.2332089552238806,0.8454987834549879,3.39,0.44,0.97,4.49,3.82,0.46,0.48,2.88,0.01,2.7732983857393263,4.26,150.78,0.0380624053068459,nan
2823,92536832,2771.365,579,19.47,0.0,219.15,-0.007556871511042118,14.371868133544922,0.488061785697937,0.0035942319583455173,0.02886199951171875,0.0003,0.18925302627694124,0.828125,4.33,0.43,1.0,4.68,4.12,0.51,0.49,3.12,0.01,3.138128578364849,4.69,160.45,0.03834334807470441,nan
2824,92569600,2825.922,579,18.12,0.0,197.81,-0.00880485586822033,10.04318904876709,0.5101280212402344,0.0034456196853511756,0.031158447265625,0.0003,0.17367921543815248,0.8709677419354839,4.02,0.34,0.93,4.79,4.27,0.45,0.49,3.33,0.01,3.2319278448820112,4.24,149.44,0.035727787064388394,nan
2825,92602368,2884.163,579,20.31,0.0,400.42,-0.007551562041044235,10.648543357849121,0.4996456205844879,0.002890345647472259,0.0269317626953125,0.0003,0.20745920745920746,0.8633879781420765,4.13,0.59,1.34,5.21,4.57,0.75,0.68,3.14,0.02,3.42079651594162,5.43,166.7,0.034117626666557044,nan
2826,92635136,2939.303,579,19.23,0.0,216.34,-0.0030870214104652405,10.836822509765625,0.5140575170516968,0.0018642837830498138,0.0185699462890625,0.0003,0.2103299856527977,0.8611713665943601,3.58,0.56,1.08,5.05,4.52,0.55,0.61,3.36,0.0,3.332036822512746,4.64,168.36,0.03755042259581387,nan
2827,92667904,2993.611,580,19.46,0.0,217.06,-0.006209142506122589,13.526301383972168,0.5056260228157043,0.003311225520349126,0.0329437255859375,0.0003,0.23527730131503716,0.8625541125541125,4.72,0.4,1.18,5.34,4.86,0.79,0.59,3.48,0.0,3.830524588748813,4.89,164.17,0.04129724495578557,nan
2828,92700672,3049.522,580,19.03,0.0,209.88,-0.004954264499247074,11.916980743408203,0.49645352363586426,0.0033280865858387187,0.031036376953125,0.0003,0.226045683773361,0.8311111111111111,4.05,0.52,1.17,5.15,4.66,0.73,0.52,3.41,0.0,3.5460921850800515,4.77,161.33,0.03953467379324138,nan
2829,92733440,3103.744,580,19.9,0.0,224.36,-0.008337779901921749,12.493144989013672,0.49828726053237915,0.0030721041820243045,0.02918243408203125,0.0003,0.20326779285516478,0.8669438669438669,4.19,0.41,1.19,5.62,5.13,0.84,0.54,3.75,0.0,3.8422437408566474,4.97,168.54,0.036941369879059494,nan
2830,92766208,3157.801,581,19.43,0.0,218.98,-0.007300583645701408,14.098207473754883,0.507917582988739,0.003929488362757638,0.03670501708984375,0.0003,0.17809021675454012,0.8855555555555555,3.74,0.41,1.23,5.25,4.58,0.76,0.64,3.18,0.02,3.524948859959841,5.04,165.23,0.04039772669784725,nan
2831,92798976,3213.89,581,18.12,0.0,199.49,-0.009676926769316196,11.310864448547363,0.49761831760406494,0.00290056590228005,0.02541351318359375,0.0003,0.16725635252492763,0.8859138533178114,3.94,0.46,0.9,4.92,4.58,0.62,0.57,3.39,0.0,3.5048314791917803,4.34,149.23,0.037776472279801965,nan
2832,92831744,3265.495,582,19.76,0.0,224.49,-0.009769679047167301,11.068314552307129,0.4778067469596863,0.003644653747130633,0.02913665771484375,0.0003,0.17767522353619844,0.8755411255411255,4.14,0.54,1.19,5.3,4.98,0.79,0.63,3.56,0.0,3.820736456811428,5.1,166.17,0.04101500764954835,nan
2833,92864512,3322.782,581,19.72,0.0,232.01,-0.0031289570033550262,12.713878631591797,0.4932870864868164,0.0037973315379531414,0.03102874755859375,0.0003,0.19167142042213348,0.8682505399568035,4.22,0.46,1.04,5.35,5.05,0.64,0.61,3.8,0.0,3.8250681087374687,4.65,165.78,0.04018769192043692,nan
2834,92897280,3378.832,581,19.86,0.0,220.13,-0.00623877439647913,14.281112670898438,0.490409255027771,0.00322409072202845,0.028594970703125,0.0003,0.18954623779437105,0.8888888888888888,4.66,0.58,1.13,4.74,4.69,0.75,0.63,3.31,0.0,3.4883095173537733,4.99,164.06,0.037975360406562686,nan
2835,92930048,3435.432,581,18.31,0.0,206.52,-0.01011082623153925,12.725228309631348,0.49559420347213745,0.004201175047853667,0.03487396240234375,0.0003,0.15467950647005718,0.8606271777003485,4.08,0.47,1.17,4.66,4.29,0.72,0.51,3.06,0.03,3.3200090074539186,4.58,158.07,0.03627874288940802,nan
2836,92962816,3494.732,581,19.7,0.0,219.12,-0.008179618045687675,12.51512336730957,0.47908926010131836,0.002288321307503338,0.0242919921875,0.0003,0.20384615384615384,0.8769230769230769,4.15,0.42,1.02,5.34,4.84,0.72,0.73,3.39,0.01,3.648152887523174,4.88,163.03,0.03673941141460091,nan
2837,92995584,3551.595,581,20.12,0.0,230.79,-0.010383503511548042,14.171882629394531,0.512407660484314,0.003082022884939306,0.0233612060546875,0.0003,0.20486985726280438,0.8445807770961146,4.19,0.48,1.32,5.67,5.38,0.92,0.83,3.63,0.01,4.098851294741035,5.28,171.35,0.038594887824729085,nan
2838,93028352,3610.243,580,19.46,0.0,212.6,-0.005671237129718065,13.140746116638184,0.5327592492103577,0.0022043934858970715,0.02152252197265625,0.0003,0.2301043219076006,0.8667400881057269,4.13,0.36,1.04,5.37,5.45,0.73,0.76,3.96,0.0,4.110031622648239,5.04,160.5,0.041863592341542244,nan
2839,93061120,3666.862,580,19.42,0.0,215.95,-0.006042989436537027,14.75118350982666,0.5272327065467834,0.003661093449920827,0.03705596923828125,0.0003,0.24018343364860992,0.8383838383838383,3.78,0.36,1.09,5.33,5.21,0.86,0.65,3.7,0.0,3.8292261376976966,4.71,170.23,0.04103770537767559,nan
2840,93093888,3723.161,580,19.84,0.0,326.75,-0.006813134998083115,12.124698638916016,0.5167457461357117,0.0024179247777738055,0.02123260498046875,0.0003,0.21647774398672934,0.8652037617554859,4.05,0.52,1.21,5.49,5.21,0.79,0.63,3.79,0.0,3.8129742413759233,4.79,171.33,0.04044659994542599,nan
2841,93126656,3779.827,580,20.88,0.0,230.34,-0.005228420719504356,13.15693187713623,0.49080806970596313,0.0018160164198093298,0.01959991455078125,0.0003,0.22128699429812654,0.8799192734611504,4.45,0.51,1.28,5.43,5.13,0.94,0.65,3.54,0.0,3.928264592885971,5.28,174.11,0.039264124585315585,nan
2842,93159424,3836.346,580,19.55,0.0,218.29,-0.005681351758539677,11.53104019165039,0.48695772886276245,0.001074782569958188,0.0092010498046875,0.0003,0.2438953488372093,0.883668903803132,4.54,0.4,1.2,4.93,4.77,0.83,0.64,3.3,0.0,3.716183075606823,5.19,162.91,0.04009906074497849,nan
2843,93192192,3893.544,580,18.55,0.0,203.35,-0.006820785813033581,10.697572708129883,0.49403053522109985,0.0025690797078254946,0.02281951904296875,0.0003,0.21286370597243492,0.8837209302325582,3.72,0.41,1.09,4.89,4.73,0.75,0.57,3.41,0.0,3.5115415432304142,4.62,156.14,0.03719004534650594,nan
2844,93224960,3951.216,580,19.48,0.0,218.31,-0.005161206237971783,11.534299850463867,0.49179309606552124,0.0013081976057947031,0.01241302490234375,0.0003,0.21385281385281385,0.8835978835978836,3.54,0.57,1.22,5.64,5.38,1.08,0.6,3.7,0.0,3.9456512477993964,4.91,163.89,0.03728976380079985,nan
2845,93257728,4008.536,580,19.11,0.0,214.28,-0.004999443888664246,13.864339828491211,0.4897240102291107,0.002235862436180014,0.021728515625,0.0003,0.1957096679400529,0.8842337375964718,4.78,0.45,1.25,5.34,5.17,1.05,0.5,3.62,0.01,4.009437918514013,4.96,161.29,0.03756691503804177,nan
2846,93290496,4062.19,580,20.49,0.0,239.32,-0.01083064079284668,15.268999099731445,0.49088817834854126,0.0026201686166587024,0.02434539794921875,0.0003,0.2161298908703753,0.9001040582726326,4.2,0.45,1.38,5.61,5.1,1.03,0.64,3.43,0.0,3.958581751585007,5.39,176.12,0.04154414846561849,nan
2847,93323264,4119.312,580,21.1,0.0,231.9,-0.0073565226048231125,11.857583045959473,0.4924406409263611,0.002883451879711174,0.02779388427734375,0.0003,0.22508398656215006,0.8898989898989899,4.5,0.51,1.26,5.54,5.22,0.92,0.63,3.67,0.0,3.9248510760068895,5.41,172.72,0.03841443790588528,nan
2848,93356032,4174.265,580,22.1,0.0,249.12,-0.004474584944546223,14.476604461669922,0.4975051283836365,0.002031920105878271,0.02002716064453125,0.0003,0.2521246458923513,0.8956197576887233,4.85,0.5,1.34,5.96,5.94,0.91,0.8,4.23,0.0,4.533938871026039,5.35,180.88,0.04313861858099699,nan
2849,93388800,4229.479,581,20.15,0.0,223.23,-0.005568886175751686,11.882363319396973,0.49045097827911377,0.001804733899234634,0.01349639892578125,0.0003,0.20434298440979956,0.8956989247311828,4.28,0.48,1.28,5.48,5.1,0.97,0.62,3.51,0.01,3.914156131148338,5.1,175.28,0.03951537539251149,nan
2850,93421568,4286.111,581,19.21,0.0,224.62,-0.01101556047797203,11.932071685791016,0.5024962425231934,0.0035678873640563324,0.0286407470703125,0.0003,0.2252941176470588,0.8943355119825708,3.55,0.49,1.15,5.29,5.12,0.75,0.51,3.86,0.0,3.9001967066526415,4.55,166.11,0.041907470556907356,nan
2851,93454336,4338.263,581,19.74,0.0,223.87,-0.009977016597986221,10.946752548217773,0.504248857498169,0.003712176189424099,0.0308990478515625,0.0003,0.19702914798206278,0.8807439824945296,4.44,0.48,1.08,5.56,5.43,0.77,0.73,3.93,0.0,4.10856241479516,4.71,164.62,0.03647508629364893,nan
2852,93487104,4392.581,581,20.58,0.0,224.38,-0.008117995224893093,13.462228775024414,0.5056205987930298,0.00398671230908576,0.03647613525390625,0.0003,0.227759009009009,0.8832807570977917,3.91,0.57,1.17,5.64,5.97,0.98,0.73,4.26,0.0,4.511256040334701,5.06,173.01,0.042553755920380354,nan
2853,93519872,4446.611,582,19.97,0.0,225.19,-0.005862202495336533,12.843085289001465,0.5115826725959778,0.00275759288149402,0.02812957763671875,0.0003,0.22540753232152894,0.8778135048231511,3.78,0.6,1.14,5.59,5.67,0.94,0.78,3.95,0.03,4.330127025395631,4.87,169.08,0.03844436933286488,nan
2854,93552640,4501.081,582,20.86,0.0,243.6,-0.009699413552880287,14.026729583740234,0.5201544761657715,0.002752895656470855,0.021148681640625,0.0003,0.23271825943266317,0.8757763975155279,4.11,0.55,1.23,5.73,5.74,1.08,0.55,4.11,0.0,4.376626992598176,5.19,171.03,0.040852778940461576,nan
2855,93585408,4557.022,582,19.37,0.0,222.99,-0.00760296918451786,14.445589065551758,0.5402835011482239,0.0031183939876200384,0.0278778076171875,0.0003,0.24415083952656208,0.8731182795698925,4.01,0.41,1.27,5.66,5.63,0.86,0.68,4.09,0.01,4.233414190709591,4.98,165.03,0.0387506625847891,nan
2856,93618176,4614.695,582,20.94,0.0,227.03,-0.008137107826769352,14.066457748413086,0.5213332176208496,0.003797856132450761,0.0334625244140625,0.0003,0.20072182121043863,0.8765560165975104,4.21,0.48,1.39,5.78,5.5,0.88,0.66,3.96,0.0,4.083939579129219,5.4,175.75,0.03863178624305874,nan
2857,93650944,4668.471,582,20.56,0.0,225.7,-0.01252768188714981,13.85647964477539,0.5162515640258789,0.003566340215229502,0.030120849609375,0.0003,0.2218140717716869,0.8585961342828077,4.55,0.51,1.25,5.82,5.71,0.96,0.82,3.93,0.0,4.377111047506332,5.38,167.4,0.03605527139734477,nan
2858,93683712,4724.193,582,20.47,0.0,222.13,-0.009715494699776173,14.669988632202148,0.4809356927871704,0.003787719014354707,0.031036376953125,0.0003,0.20318840579710146,0.8679631525076765,4.64,0.41,1.27,5.78,5.48,1.14,0.46,3.88,0.0,4.287541382908821,5.39,172.05,0.039506974746473134,nan
2859,93716480,4777.724,582,20.93,0.0,326.47,-0.011511401273310184,14.450886726379395,0.5120707750320435,0.004007448211595488,0.03397369384765625,0.0003,0.21468926553672316,0.8704081632653061,3.95,0.37,1.18,5.7,5.59,0.82,0.76,4.01,0.03,4.393425050973892,5.24,171.08,0.038063408457674086,nan
2860,93749248,4835.377,582,20.15,0.0,232.94,-0.009302794001996517,14.844289779663086,0.5310084223747253,0.002466518321625699,0.02398681640625,0.0003,0.26063679909833753,0.8671399594320487,4.51,0.53,1.2,5.65,5.68,0.98,0.59,4.11,0.01,4.296764613632113,4.98,172.93,0.043679225258529186,nan
2861,93782016,4887.922,583,19.68,0.0,224.41,-0.0033475393429398537,13.264012336730957,0.5099472999572754,0.0018042784656131516,0.01885986328125,0.0003,0.20523648648648649,0.8532494758909853,3.84,0.57,1.16,5.99,5.92,0.92,0.55,4.45,0.0,4.603727825880051,4.89,170.59,0.0399143643444404,nan
2862,93814784,4943.799,583,20.63,0.0,232.26,-0.00902036763727665,12.648241996765137,0.5055543184280396,0.0025410197825976866,0.023681640625,0.0003,0.16866462224700307,0.8690355329949239,3.59,0.54,1.17,5.98,5.82,0.94,0.58,4.3,0.01,4.4252947282791135,5.17,178.36,0.037489139940589666,nan
2863,93847552,4996.013,583,19.47,0.0,217.54,-0.0061113592237234116,13.237981796264648,0.5226931571960449,0.002844452896141547,0.026580810546875,0.0003,0.224777234837597,0.8846153846153846,4.26,0.52,1.15,5.38,5.3,0.91,0.5,3.89,0.01,4.035602932572365,5.03,165.04,0.04102814372163266,nan
2864,93880320,5050.898,583,20.11,0.0,229.82,-0.008487710729241371,13.083562850952148,0.5253489017486572,0.003490509676680631,0.0322113037109375,0.0003,0.23437933907247988,0.8649214659685864,4.41,0.52,1.07,6.08,6.13,0.97,0.73,4.43,0.02,4.790878610908985,4.97,173.95,0.041241900296881795,nan
2865,93913088,5107.549,583,19.87,0.0,238.02,-0.011608684435486794,13.964632034301758,0.5352752208709717,0.0033058553502769428,0.0308685302734375,0.0003,0.20488775220233021,0.857889237199582,4.25,0.49,1.22,5.88,5.97,1.06,0.76,4.15,0.02,4.683621480092406,5.13,171.89,0.039462409098632634,nan
2866,93945856,5162.964,583,19.52,0.0,219.51,-0.010036756284534931,13.315750122070312,0.5166073441505432,0.003921886676096165,0.0330047607421875,0.0003,0.22929035906135142,0.8805166846071044,3.63,0.4,1.3,5.56,5.69,1.13,0.74,3.82,0.0,4.385158444344998,5.26,166.42,0.03788899019127712,nan
2867,93978624,5219.448,583,18.38,0.0,208.74,-0.012613698840141296,13.067937850952148,0.5301226377487183,0.003707058166327215,0.03229522705078125,0.0003,0.25350467289719625,0.8862343572241184,3.45,0.49,1.04,5.09,5.38,0.89,0.64,3.85,0.0,4.064868761301041,4.44,158.46,0.04100730875506997,nan
2868,94011392,5273.026,584,20.69,0.0,247.78,-0.009444767609238625,14.79263687133789,0.4997412860393524,0.003174314304942527,0.028472900390625,0.0003,0.22440944881889763,0.8530020703933747,4.69,0.5,1.42,5.69,5.55,1.0,0.63,3.92,0.0,4.253756700754166,5.51,172.49,0.03547679842449725,nan
2869,94044160,5326.349,584,19.49,0.0,222.39,-0.00665361899882555,13.697503089904785,0.4772564172744751,0.0033715395939566406,0.02993011474609375,0.0003,0.23862635749926622,0.851528384279476,4.3,0.45,1.47,5.52,5.43,1.17,0.58,3.68,0.0,4.198132681250573,5.39,169.01,0.04177857202012092,nan
2870,94076928,5386.251,584,20.76,0.0,250.18,-0.0038246451877057552,13.910299301147461,0.5230938196182251,0.0012783349619098772,0.01245880126953125,0.0003,0.23666951810664386,0.8412197686645636,4.08,0.53,1.32,6.43,6.31,0.9,0.92,4.49,0.0,4.957333515286446,5.83,177.26,0.03920752671547234,nan
2871,94109696,5442.503,584,20.37,0.0,238.53,-0.009930793195962906,14.040501594543457,0.5410774946212769,0.002309940774466668,0.0189056396484375,0.0003,0.2510928961748634,0.8623188405797102,4.02,0.48,1.16,5.6,5.6,0.89,0.77,3.94,0.0,4.366993818283081,5.31,172.21,0.03729143843520433,nan
2872,94142464,5500.915,583,20.83,0.0,234.92,-0.010183499194681644,15.075949668884277,0.5256582498550415,0.0037333587467855978,0.03284454345703125,0.0003,0.17816404128191202,0.8543307086614174,4.41,0.55,1.3,5.99,5.72,0.98,0.76,3.98,0.0,4.2573845329880715,5.3,175.8,0.037953389692120254,nan
2873,94175232,5558.114,583,18.32,0.0,206.54,-0.009882472455501556,14.090099334716797,0.5247021913528442,0.0038784320315699006,0.03183746337890625,0.0003,0.23007246376811594,0.8597285067873304,3.05,0.42,1.25,4.93,4.85,0.9,0.51,3.44,0.01,3.6614717787504194,4.56,161.2,0.0412415029713884,nan
2874,94208000,5614.428,583,20.41,0.0,219.45,-0.008661497384309769,12.706615447998047,0.5286898612976074,0.003072281703822455,0.02547454833984375,0.0003,0.18385129247749057,0.8381147540983607,3.41,0.57,1.19,5.93,6.08,0.85,0.82,4.41,0.0,4.638636094033718,5.05,174.98,0.03718032129108906,nan
2875,94240768,5668.236,583,20.69,0.01,223.81,-0.009263533167541027,12.230957984924316,0.5111688375473022,0.0067345188481908735,0.04047393798828125,0.0003,0.18217821782178217,0.8567041965199591,4.24,0.49,1.33,5.46,5.37,0.89,0.6,3.88,0.0,4.125957271456718,5.34,178.47,0.03647182369604707,nan
2876,94273536,5726.342,583,19.91,0.0,219.37,-0.010355735197663307,12.251440048217773,0.5325971245765686,0.004255162731794826,0.03707122802734375,0.0003,0.18712787071165296,0.8544303797468354,3.57,0.52,1.2,5.78,5.68,0.97,0.78,3.93,0.0,4.302822349369526,5.32,176.98,0.043377378256991506,nan
2877,94306304,5783.954,583,20.19,0.0,226.76,-0.010318867862224579,14.76815414428711,0.539319634437561,0.002859828910743545,0.02361297607421875,0.0003,0.25448430493273544,0.8904109589041096,3.55,0.46,1.23,6.11,6.25,1.03,0.75,4.47,0.0,4.7675486755371095,5.25,175.6,0.040693581104278564,nan
2878,94339072,5838.51,583,19.65,0.0,214.48,-0.008314216509461403,14.989980697631836,0.4939379394054413,0.0025892037042467564,0.0245361328125,0.0003,0.21471861471861473,0.8583877995642701,4.59,0.42,1.37,5.25,5.27,1.08,0.72,3.47,0.0,3.9840898430347442,5.34,167.51,0.03987850365228951,nan
2879,94371840,5895.529,583,20.46,0.0,215.92,-0.005848836153745651,16.583925247192383,0.5351132154464722,0.0017423127749225387,0.01668548583984375,0.0003,0.2777777777777778,0.86084142394822,4.53,0.55,1.3,5.44,5.58,0.9,0.74,3.94,0.0,4.253686710000038,5.5,168.54,0.042131123947910964,nan
2880,94404608,5951.239,583,18.54,0.0,201.7,-0.006622335407882929,13.748983383178711,0.5518378019332886,0.00282570356213796,0.0206756591796875,0.0003,0.23713235294117646,0.8506787330316742,3.5,0.43,1.23,4.93,4.76,0.77,0.57,3.42,0.0,3.602740747332573,4.82,159.12,0.04357158346101642,nan
2881,94437376,6002.699,584,18.1,0.0,203.69,-0.006741928867995739,12.458795547485352,0.5351327657699585,0.003094851931280118,0.03127288818359375,0.0003,0.21862948679916938,0.8720657276995305,3.53,0.42,1.16,4.8,4.74,0.74,0.54,3.46,0.0,3.5108198887109756,4.66,156.16,0.039210458286106586,nan
2882,94470144,6060.26,583,18.87,0.0,206.32,-0.00911975558847189,12.200801849365234,0.5259507894515991,0.0029553650354898764,0.02681732177734375,0.0003,0.21492805755395683,0.8604118993135011,3.85,0.36,1.09,5.25,5.16,0.91,0.53,3.72,0.0,3.9882938405126334,4.66,161.91,0.03999194269999862,nan
2883,94502912,6117.805,583,20.81,0.0,227.95,-0.00887072179466486,17.02562141418457,0.5317230820655823,0.003617833210256549,0.0313262939453125,0.0003,0.2527849185946872,0.8674203494347379,4.1,0.49,1.47,5.66,5.75,1.13,0.76,3.86,0.0,4.317442875206471,5.91,177.35,0.0407005175948143,nan
2884,94535680,6175.067,583,20.43,0.0,227.43,-0.008383763954043388,13.340056419372559,0.5145226716995239,0.003348878063150096,0.03006744384765625,0.0003,0.24209932279909707,0.8440748440748441,4.36,0.46,1.41,5.63,5.6,1.04,0.65,3.91,0.0,4.268637914359569,5.51,168.82,0.04087748343590647,nan
2885,94568448,6232.104,583,19.85,0.0,217.87,-0.01016689371317625,13.033405303955078,0.5349192023277283,0.002615015907650786,0.02199554443359375,0.0003,0.2236953455571227,0.8520130576713819,3.85,0.58,1.22,5.39,5.46,1.07,0.64,3.75,0.01,4.046397782862186,5.26,167.42,0.034981896344106644,nan
2886,94601216,6288.389,583,20.29,0.0,224.37,-0.0053969696164131165,15.281538963317871,0.5300453901290894,0.0026766442128405288,0.02654266357421875,0.0003,0.28783632286995514,0.8562564632885212,3.64,0.41,1.31,5.79,5.74,1.05,0.57,4.12,0.0,4.310824413895607,5.21,172.52,0.0370502641890198,nan
2887,94633984,6343.756,583,20.95,0.0,230.11,-0.008761757984757423,14.946417808532715,0.5299196243286133,0.004148676431213971,0.0356903076171875,0.0003,0.2681718061674009,0.8634984833164813,4.78,0.58,1.31,5.92,5.93,0.97,0.7,4.26,0.0,4.383888864070177,5.63,174.87,0.03995464730542153,nan
2888,94666752,6400.294,583,19.14,0.0,205.81,-0.009276355616748333,17.338050842285156,0.5234847068786621,0.004623234932495279,0.03658294677734375,0.0003,0.2733333333333333,0.8764434180138568,3.92,0.43,1.37,5.49,5.53,1.2,0.8,3.53,0.0,4.2064370721578594,5.05,159.61,0.04284097894560546,nan
2889,94699520,6454.578,583,20.02,0.0,226.1,-0.006590872537344694,15.21402645111084,0.5339556932449341,0.003089920865818385,0.02614593505859375,0.0003,0.26996850844546233,0.8594249201277955,4.03,0.41,1.22,5.16,5.04,0.82,0.69,3.53,0.0,3.845065719485283,5.01,164.81,0.042030417709611356,nan
2890,94732288,6510.167,583,18.81,0.0,208.66,-0.011327974498271942,14.414216995239258,0.5555213689804077,0.0023693917174796297,0.0226898193359375,0.0003,0.3598374927452118,0.8791079812206573,4.09,0.46,1.13,5.18,5.27,0.96,0.73,3.58,0.0,4.001364775672555,4.95,159.7,0.03433214779943228,nan
2891,94765056,6569.604,583,17.07,0.0,215.16,-0.011974313296377659,16.725820541381836,0.5898945331573486,0.003309998852842,0.030548095703125,0.0003,0.3617021276595745,0.8729351969504447,3.28,0.34,1.07,4.73,4.63,0.75,0.4,3.48,0.01,3.478901185542345,4.5,151.72,0.04112206120043993,nan
2892,94797824,6626.267,583,19.03,0.0,215.37,-0.01042495109140873,18.714462280273438,0.5764356255531311,0.003421082112794238,0.03350830078125,0.0003,0.3380281690140845,0.8628571428571429,3.72,0.39,1.23,5.16,5.09,0.96,0.62,3.51,0.02,3.8242383863031866,5.03,170.93,0.04312729719094932,nan
2893,94830592,6685.33,583,16.05,0.0,176.49,-0.012055141851305962,15.890379905700684,0.5806341171264648,0.00360142005695252,0.0314788818359375,0.0003,0.36752136752136755,0.8936742934051144,3.92,0.41,0.97,4.66,4.72,0.92,0.41,3.39,0.0,3.66164706915617,4.11,146.06,0.04548488976433873,nan
2894,94863360,6742.168,583,19.18,0.0,211.04,-0.007829660549759865,16.494874954223633,0.5574929714202881,0.002967857033809196,0.02411651611328125,0.0003,0.3246567505720824,0.8886389201349831,4.18,0.45,1.32,5.33,5.4,1.06,0.65,3.69,0.01,3.988053460121155,5.14,160.87,0.04153660184238106,nan
2895,94896128,6796.306,583,18.26,0.0,210.9,-0.010825350880622864,16.16216468811035,0.5568654537200928,0.0034229525280267126,0.0278167724609375,0.0003,0.2949101796407186,0.8719512195121951,3.6,0.47,1.1,4.7,4.59,0.63,0.54,3.42,0.0,3.3680757583677767,4.54,158.55,0.03584890381898731,nan
2896,94928896,6850.748,583,17.94,0.0,200.94,-0.013410203158855438,15.549474716186523,0.5660361051559448,0.005893467066357516,0.04634857177734375,0.0003,0.28261533761075464,0.8782816229116945,3.67,0.38,1.26,5.04,5.18,0.96,0.65,3.57,0.0,3.7938514703512194,4.78,155.27,0.03453518700553104,nan
2897,94961664,6906.626,583,18.89,0.0,207.09,-0.007379744667559862,16.41623306274414,0.5491094589233398,0.006604787098623888,0.0592498779296875,0.0003,0.3637440758293839,0.8613396004700352,4.0,0.41,1.3,5.08,4.99,0.96,0.63,3.4,0.0,3.7482342718541624,5.0,167.04,0.045005358289927244,nan
2898,94994432,6964.791,583,19.33,0.0,215.79,-0.011198709718883038,13.792661666870117,0.555662989616394,0.0036413525433545146,0.03221893310546875,0.0003,0.30499561787905344,0.8744292237442922,3.82,0.42,1.15,5.36,5.5,0.77,0.63,4.1,0.0,4.210313604772091,4.95,173.49,0.03735775069799274,nan
2899,95027200,7022.913,583,19.39,0.0,218.64,-0.006974183022975922,16.910308837890625,0.5443775653839111,0.0039589846688841135,0.03653717041015625,0.0003,0.322979659153381,0.8508108108108108,4.17,0.48,1.21,5.18,5.06,0.92,0.59,3.55,0.0,3.7834763065725565,5.02,169.46,0.041305719409137964,nan
2900,95059968,7074.687,583,19.46,0.0,216.34,-0.014038842171430588,14.746891021728516,0.5605069398880005,0.0033915635786456733,0.03125762939453125,0.0003,0.3319327731092437,0.8684782608695653,3.75,0.4,1.23,5.39,5.5,0.98,0.68,3.84,0.0,4.1555048367381096,5.21,167.67,0.03823455446399748,nan
2901,95092736,7131.235,583,17.6,0.0,189.24,-0.008818510919809341,19.71000862121582,0.5583658218383789,0.0027860341238010733,0.023223876953125,0.0003,0.3439873417721519,0.8606356968215159,4.88,0.37,1.03,4.91,4.85,0.79,0.58,3.48,0.0,3.691078393924981,4.45,150.49,0.03935135796200484,nan
2902,95125504,7188.326,583,18.13,0.0,206.75,-0.0071540772914886475,12.482419967651367,0.5896435379981995,0.002167698856624156,0.02013397216796875,0.0003,0.3259109311740891,0.8829915560916767,3.43,0.39,1.06,4.66,4.59,0.66,0.61,3.32,0.01,3.4385331800580023,4.65,158.8,0.03556715790182352,nan
2903,95158272,7244.669,583,19.11,0.0,219.92,-0.008715969510376453,12.783882141113281,0.5572689175605774,0.004677042870866899,0.0458221435546875,0.0003,0.27735152031827226,0.8832199546485261,3.6,0.51,1.08,5.22,5.2,0.84,0.63,3.73,0.0,3.9713851058483125,4.7,169.5,0.04078655585180968,nan
2904,95191040,7302.41,583,17.7,0.0,202.8,-0.00854028295725584,15.468875885009766,0.5858039855957031,0.0023822954484558068,0.02437591552734375,0.0003,0.2999702114983616,0.8866103739445115,3.71,0.44,0.97,5.04,5.07,0.76,0.55,3.76,0.0,3.9397435868531465,4.33,158.02,0.03923597640823573,nan
2905,95223808,7357.03,583,17.83,0.0,199.91,-0.00781162828207016,13.605098724365234,0.5747865438461304,0.003160587827949257,0.02928924560546875,0.0003,0.30683810637054354,0.8848413631022327,3.15,0.39,1.15,4.86,4.7,0.96,0.48,3.26,0.01,3.5672167310118676,4.67,159.34,0.041425659554079175,nan
2906,95256576,7412.843,583,21.09,0.0,232.01,-0.009495602920651436,12.484495162963867,0.5449970960617065,0.003078347580128593,0.0279083251953125,0.0003,0.2854771784232365,0.8776328986960883,4.65,0.6,1.19,6.14,6.28,0.88,0.78,4.62,0.01,4.842701042294502,5.41,174.87,0.044420441961847246,nan
2907,95289344,7469.318,583,18.19,0.0,207.31,-0.007631202228367329,15.376418113708496,0.5670971870422363,0.004195731311369855,0.0375823974609375,0.0003,0.33740546829552065,0.8877314814814815,3.35,0.45,1.11,5.43,5.51,0.94,0.63,3.94,0.01,4.149786801040173,4.6,160.77,0.03949408151675016,nan
2908,95322112,7522.163,583,18.88,0.0,214.47,-0.004747077357023954,13.053024291992188,0.5626136064529419,0.003386425463759224,0.03585052490234375,0.0003,0.3167249417249417,0.8574610244988864,4.2,0.49,1.1,4.76,4.68,0.78,0.55,3.35,0.0,3.4878982704877854,4.67,164.11,0.041953872772865,nan
2909,95354880,7577.665,583,19.12,0.0,218.15,-0.006329110823571682,14.044482231140137,0.5662331581115723,0.0018487130107018857,0.01699066162109375,0.0003,0.3363610559182515,0.8914988814317674,3.9,0.55,1.18,5.29,5.04,0.81,0.65,3.58,0.0,3.673244092911482,5.09,157.25,0.03741946606896818,nan
2910,95387648,7633.548,583,17.72,0.0,194.26,-0.006394513882696629,14.832511901855469,0.6166516542434692,0.0022315285847298583,0.0243682861328125,0.0003,0.3259938837920489,0.8736196319018404,3.13,0.55,0.97,4.79,4.73,0.79,0.58,3.36,0.0,3.567395534813404,4.53,154.58,0.03868666081689298,nan
2911,95420416,7692.112,583,16.78,0.0,187.1,-0.007831655442714691,17.347652435302734,0.5680900812149048,0.0023123070249084776,0.0216522216796875,0.0003,0.35741565881604076,0.8402597402597403,3.34,0.39,1.1,5.0,5.02,0.97,0.55,3.5,0.01,3.761116996407509,4.35,151.59,0.04524525080341846,nan
2912,95453184,7751.146,583,19.68,0.0,273.56,-0.007760422769933939,16.07903289794922,0.5649884939193726,0.0020876198234418553,0.01943206787109375,0.0003,0.3303192992370726,0.8475877192982456,3.54,0.42,1.16,5.63,5.68,1.02,0.57,4.09,0.01,4.249028887152672,5.08,174.13,0.045969436527229846,nan
2913,95485952,7806.413,583,16.45,0.0,190.04,-0.010773113928735256,13.803945541381836,0.601428747177124,0.0033449405424335055,0.036590576171875,0.0003,0.339291313891502,0.8215189873417722,3.02,0.33,0.92,4.64,4.55,0.56,0.49,3.5,0.01,3.4651511663198473,4.08,147.62,0.03493277821689844,nan
2914,95518720,7862.116,583,18.93,0.0,209.07,-0.006395991891622543,15.78110122680664,0.5568959712982178,0.003895534351670449,0.0367889404296875,0.0003,0.3205907906168549,0.824,3.26,0.4,1.25,5.34,5.2,0.84,0.66,3.7,0.01,4.0045075345039365,4.98,159.34,0.04125807946547866,nan
2915,95551488,7917.27,583,19.29,0.01,336.62,-0.007852698676288128,14.101640701293945,0.5764350295066833,0.0027742097436771473,0.02814483642578125,0.0003,0.35183098591549294,0.8394648829431438,3.72,0.43,1.0,5.39,5.17,0.73,0.61,3.83,0.05,4.0199867272377015,4.72,166.62,0.0353991148294881,nan
2916,95584256,7974.44,583,17.88,0.0,198.51,-0.006424008868634701,12.472454071044922,0.5868330001831055,0.0024042406987518916,0.025421142578125,0.0003,0.3182651191203421,0.7975757575757576,3.16,0.43,0.91,5.25,5.13,0.79,0.5,3.84,0.0,3.921160939335823,4.3,160.27,0.035965739749372005,nan
2917,95617024,8029.431,583,16.44,0.0,181.57,-0.005815202835947275,12.873188018798828,0.5840938091278076,0.0025112675248806227,0.024139404296875,0.0003,0.2995937711577522,0.784366576819407,2.8,0.35,1.0,4.6,4.63,0.75,0.49,3.39,0.0,3.6553875225782395,4.13,138.58,0.03951737144961953,nan
2918,95649792,8087.937,583,18.74,0.0,200.62,-0.007333673536777496,14.478887557983398,0.5942849516868591,0.0018040504170357963,0.01738739013671875,0.0003,0.31854103343465046,0.7856328392246295,3.6,0.52,1.06,5.13,5.07,0.9,0.6,3.57,0.0,3.981428017318249,4.93,166.78,0.04366370663046837,nan
2919,95682560,8144.986,583,18.41,0.0,305.02,-0.007351298816502094,14.664131164550781,0.5551615357398987,0.0022552188162450193,0.0208587646484375,0.0003,0.2709739633558341,0.8125727590221188,3.94,0.49,0.95,5.01,5.02,0.72,0.59,3.71,0.02,3.861649203002453,4.71,157.8,0.03919651499018073,nan
2920,95715328,8201.381,583,19.31,0.0,214.55,-0.0037256816867738962,12.775033950805664,0.565434455871582,0.0017454618082410889,0.01657867431640625,0.0003,0.25180288461538464,0.7984234234234234,3.35,0.4,1.06,5.42,5.31,0.81,0.69,3.81,0.0,4.045612261891365,4.86,166.43,0.03869086783379316,nan
2921,95748096,8257.9,583,19.65,0.0,206.86,-0.007114764302968979,16.901241302490234,0.5316792726516724,0.0016807672321874634,0.0152435302734375,0.0003,0.2485442844008581,0.787513691128149,3.62,0.58,1.16,5.66,5.78,0.89,0.67,4.22,0.0,4.3319985552877185,5.08,169.29,0.039572981535457075,nan
2922,95780864,8316.17,583,18.47,0.0,194.95,-0.009460153989493847,15.925358772277832,0.5426382422447205,0.0028163910955925076,0.02236175537109375,0.0003,0.2564904598060682,0.7967289719626168,3.84,0.4,0.92,4.92,4.68,0.64,0.56,3.48,0.0,3.5147653406858446,4.69,158.51,0.035549887688830495,nan
2923,95813632,8373.458,583,19.44,0.0,220.97,-0.0060473112389445305,13.582450866699219,0.5307345390319824,0.003125397442886424,0.02889251708984375,0.0003,0.23040095751047276,0.7842046718576196,3.32,0.55,0.9,5.3,5.4,0.78,0.57,4.05,0.0,4.179388567507267,4.77,168.04,0.0382434509228915,nan
2924,95846400,8426.797,583,20.74,0.0,229.85,-0.006808820180594921,11.694395065307617,0.5505784749984741,0.0026210144508240774,0.020477294921875,0.0003,0.2391549295774648,0.8130745658835546,4.09,0.54,1.33,5.84,5.95,1.05,0.58,4.32,0.0,4.43653205037117,5.37,176.73,0.041308768559247255,nan
2925,95879168,8482.126,583,16.91,0.0,193.07,-0.006817912682890892,13.802642822265625,0.5507827997207642,0.0029961748889206774,0.02817535400390625,0.0003,0.2309217046580773,0.7897435897435897,3.02,0.39,0.98,4.81,4.88,0.87,0.5,3.51,0.0,3.698141464591026,4.11,149.72,0.04108734615147114,nan
2926,95911936,8538.23,583,18.05,0.0,214.49,-0.008579617366194725,13.436501502990723,0.5516434907913208,0.00270196279495849,0.0234222412109375,0.0003,0.21441717791411044,0.8130952380952381,3.02,0.33,1.0,5.24,5.37,0.74,0.67,3.96,0.0,4.186239576786757,4.52,159.48,0.0374613149324432,nan
2927,95944704,8597.648,583,18.22,0.0,205.59,-0.007419046945869923,15.267051696777344,0.5486831665039062,0.002841034046070945,0.0237274169921875,0.0003,0.21572212065813529,0.7796803652968036,3.34,0.38,1.26,5.48,5.6,1.05,0.66,3.89,0.0,4.36465882062912,5.0,161.57,0.038688618573360145,nan
2928,95977472,8654.898,583,19.17,0.0,212.36,-0.006370874121785164,13.56692123413086,0.5478799343109131,0.002580251939093614,0.0257720947265625,0.0003,0.20697742597478747,0.7993273542600897,3.36,0.45,1.18,5.16,5.22,0.92,0.59,3.71,0.0,3.9859578114748,4.98,167.23,0.03998026729095727,nan
2929,96010240,8714.303,582,18.95,0.0,208.42,-0.005017687566578388,12.479375839233398,0.5501365661621094,0.002377514602926567,0.0187530517578125,0.0003,0.22739561429858818,0.8305274971941639,3.26,0.47,1.04,5.57,5.7,0.87,0.52,4.31,0.0,4.272239540815353,4.56,160.65,0.03541120595764369,nan
2930,96043008,8769.065,582,20.62,0.0,226.96,-0.00765435304492712,14.961334228515625,0.5257366299629211,0.002907825094268901,0.02373504638671875,0.0003,0.25242165242165243,0.7905263157894736,4.42,0.73,1.26,5.76,5.77,0.98,0.76,4.03,0.0,4.544780666232109,5.16,177.55,0.04076105426065624,nan
2931,96075776,8823.27,583,22.14,0.0,237.61,-0.0019075199961662292,13.831608772277832,0.5279549956321716,0.004020190800900991,0.03515625,0.0003,0.201212789415656,0.8164251207729468,4.94,0.64,1.42,5.91,5.87,0.91,0.79,4.17,0.0,4.494405837059021,5.87,180.49,0.03973363642580807,nan
2932,96108544,8877.934,583,19.44,0.0,211.95,-0.009857282973825932,10.295801162719727,0.5345079302787781,0.0017107914310372507,0.01529693603515625,0.0003,0.18959976628688285,0.8161290322580645,3.7,0.57,1.14,5.32,5.36,0.8,0.51,4.05,0.0,4.063008334189654,4.92,158.66,0.0372041801456362,nan
2933,96141312,8936.883,582,20.5,0.0,233.74,-0.007175043225288391,14.708381652832031,0.5264513492584229,0.0025647508687995924,0.0225372314453125,0.0003,0.20422736361039703,0.8305263157894737,4.19,0.53,1.3,5.65,5.62,1.0,0.69,3.93,0.0,4.2210926586389546,5.31,174.26,0.04191079153679311,nan
2934,96174080,8995.096,582,19.25,0.0,214.91,-0.008388100191950798,16.119155883789062,0.5292595624923706,0.0031396440589617214,0.0296173095703125,0.0003,0.18663455749548466,0.8556593977154725,4.05,0.52,1.34,5.66,5.8,1.08,0.75,3.97,0.0,4.429105722904206,5.13,164.62,0.040358421858400106,nan
2935,96206848,9054.98,582,20.13,0.0,215.2,-0.005417409352958202,14.448978424072266,0.5166035890579224,0.0039360784388406955,0.033905029296875,0.0003,0.20469897209985316,0.8232104121475055,4.39,0.42,1.18,5.25,5.08,0.84,0.57,3.67,0.01,3.8513945752382277,5.29,169.86,0.04018709238152951,nan
2936,96239616,9113.383,582,20.16,0.0,221.14,-0.008237713947892189,14.732870101928711,0.5222879648208618,0.003082070510970425,0.02498626708984375,0.0003,0.20285714285714285,0.8360655737704918,4.25,0.39,1.32,5.56,5.39,0.92,0.66,3.81,0.0,4.003774256408215,5.39,169.58,0.03908499295357615,nan
2937,96272384,9172.077,582,19.96,0.0,216.49,-0.010426369495689869,15.618901252746582,0.52079176902771,0.0036728038955260445,0.02983856201171875,0.0003,0.23597164796219727,0.8470343392299687,4.3,0.49,1.03,5.57,5.39,0.81,0.61,3.97,0.0,4.011685605347156,4.83,170.85,0.039606381906196475,nan
2938,96305152,9228.585,582,19.14,0.0,200.95,-0.007426176220178604,13.521111488342285,0.5191348791122437,0.003600259065848377,0.03395843505859375,0.0003,0.24748110831234257,0.8272311212814645,4.0,0.47,1.03,5.23,5.14,0.78,0.76,3.6,0.0,3.8626211774349213,4.7,156.97,0.03500987694133073,nan
2939,96337920,9286.3,582,21.21,0.0,235.75,-0.005784687586128712,13.030458450317383,0.5177624225616455,0.0022920906660885976,0.0218353271484375,0.0003,0.2244341423506954,0.8366733466933868,4.68,0.51,1.27,5.62,5.68,0.91,0.78,3.99,0.0,4.2494508647918705,5.47,171.55,0.03620936337392777,nan
2940,96370688,9344.072,582,19.78,0.0,218.01,-0.008949793875217438,11.756087303161621,0.5302059054374695,0.004940618468175728,0.0386505126953125,0.0003,0.24793388429752067,0.8506493506493507,4.33,0.34,1.09,5.34,5.52,0.86,0.58,4.08,0.0,4.2858433380723,5.0,159.95,0.03494650358334184,nan
2941,96403456,9399.254,582,20.3,0.0,222.12,-0.008589621633291245,11.974149703979492,0.5326137542724609,0.003918549348583156,0.036102294921875,0.0003,0.21496130696474636,0.8357438016528925,4.09,0.57,1.33,5.55,5.42,0.97,0.67,3.78,0.0,3.9595721405744553,5.42,169.85,0.03859105461742729,nan
2942,96436224,9455.709,582,19.46,0.0,222.59,-0.01113224122673273,14.093046188354492,0.5385417342185974,0.003477485139512737,0.0287322998046875,0.0003,0.22267679719462302,0.868995633187773,3.85,0.43,1.22,5.25,5.29,0.88,0.73,3.68,0.0,4.034397547841072,4.91,160.94,0.039262453792616725,nan
2943,96468992,9511.21,582,19.81,0.0,214.19,-0.008342016488313675,13.620161056518555,0.5325711369514465,0.0035460714377677505,0.03122711181640625,0.0003,0.16582616434292494,0.8298800436205016,4.22,0.49,1.28,5.37,5.29,1.1,0.6,3.59,0.01,4.028113606572151,5.07,165.7,0.03504267695825547,nan
2944,96501760,9565.145,582,21.69,0.0,237.61,-0.008060349151492119,14.63422966003418,0.552158534526825,0.0037640358137025487,0.034149169921875,0.0003,0.20136798905608755,0.8431952662721893,4.1,0.44,1.33,5.82,6.0,1.07,0.67,4.26,0.0,4.546996546983719,5.78,176.49,0.04002673947252333,nan
2945,96534528,9620.977,582,17.46,0.0,195.92,-0.007398945279419422,13.935226440429688,0.5480165481567383,0.003693136869856062,0.0352325439453125,0.0003,0.24268555589775176,0.8434163701067615,3.28,0.43,1.04,4.7,4.66,0.81,0.53,3.32,0.0,3.5109410427510737,4.34,161.24,0.03802353946957737,nan
2946,96567296,9678.94,582,18.82,0.0,209.62,-0.005620433483272791,13.256739616394043,0.5504096746444702,0.00203027343411577,0.0151824951171875,0.0003,0.24373710580607133,0.8383500557413601,3.93,0.42,1.08,5.17,5.27,0.84,0.54,3.89,0.0,3.985202772170305,4.78,163.47,0.03793231409508735,nan
2947,96600064,9737.083,582,19.37,0.0,209.73,-0.005159847903996706,13.717619895935059,0.5196901559829712,0.0009589302513859366,0.00830078125,0.0003,0.2503015681544029,0.8596300326441785,3.87,0.41,1.2,5.59,5.64,0.95,0.68,4.01,0.0,4.275306352078915,4.89,165.3,0.04177442437503487,nan
2948,96632832,9792.798,582,19.64,0.0,213.97,-0.004472028464078903,11.645344734191895,0.5308358669281006,0.0011043137201056652,0.00921630859375,0.0003,0.22710951526032316,0.8720430107526882,3.54,0.43,1.01,5.28,5.35,0.93,0.7,3.72,0.0,4.054871557950974,4.83,166.2,0.03671831323299557,nan
2949,96665600,9850.684,582,19.35,0.0,213.71,-0.005047652870416641,13.04235553741455,0.5259010195732117,0.002123931932430878,0.01779937744140625,0.0003,0.1851094890510949,0.8565169769989047,3.38,0.42,1.08,5.17,5.21,0.85,0.58,3.78,0.01,3.9644880402088165,4.83,167.78,0.0374960150802508,nan
2950,96698368,9906.081,582,21.13,0.0,229.56,-0.007707160897552967,12.62944507598877,0.5251055359840393,0.002442154915854644,0.019134521484375,0.0003,0.19232907170650362,0.8671328671328671,3.75,0.57,1.21,5.57,5.56,0.94,0.74,3.88,0.0,4.257655001878739,5.35,184.06,0.0400860111694783,nan
2951,96731136,9960.5,582,20.03,0.0,218.6,-0.009432133287191391,14.892967224121094,0.5154660940170288,0.0036926904570009356,0.02938079833984375,0.0003,0.18679734793888728,0.8299681190223167,3.75,0.48,1.38,5.5,5.34,1.07,0.6,3.67,0.0,4.024746008515358,5.09,170.53,0.03906904091127217,nan
2952,96763904,10019.765,582,20.18,0.0,251.35,-0.006538344547152519,12.697673797607422,0.5367519855499268,0.002807297868571368,0.02664947509765625,0.0003,0.17990321662396813,0.8387755102040816,4.14,0.51,1.26,5.72,5.88,1.16,0.79,3.93,0.0,4.433052076995373,5.11,173.52,0.03379365324508399,nan
2953,96796672,10074.594,582,19.04,0.0,209.29,-0.010648149065673351,14.612625122070312,0.5046567916870117,0.003222914800574017,0.02685546875,0.0003,0.20061919504643963,0.854289071680376,4.15,0.41,1.18,4.66,4.88,0.9,0.68,3.3,0.0,3.8853760457038877,5.13,156.49,0.037013656459748745,nan
2954,96829440,10135.058,581,22.82,0.0,238.68,-0.007740629371255636,15.458057403564453,0.4985869526863098,0.004677530657545503,0.035247802734375,0.0003,0.2656886715566422,0.855650522317189,5.35,0.66,1.47,6.12,6.31,0.92,0.94,4.45,0.01,4.801526126861572,6.19,184.66,0.04069810686632991,nan
2955,96862208,10190.724,582,19.35,0.0,212.39,-0.005106723867356777,13.11976432800293,0.5220409631729126,0.0030061389060733745,0.03203582763671875,0.0003,0.22327229769639692,0.8443449048152296,3.7,0.39,1.19,5.17,5.22,0.87,0.76,3.59,0.01,3.9554157158732415,4.92,166.13,0.04208571359049529,nan
2956,96894976,10247.124,581,20.71,0.0,227.04,-0.0038558838423341513,12.736225128173828,0.5264405608177185,0.0029076063109982897,0.0259857177734375,0.0003,0.16629773104593248,0.8545994065281899,4.23,0.61,1.33,5.54,5.45,1.03,0.62,3.8,0.0,4.018106876313686,5.25,176.85,0.03929234528914094,nan
2957,96927744,10303.287,582,19.2,0.0,202.41,-0.005532931536436081,13.929669380187988,0.5306559801101685,0.0017724735176329887,0.01708984375,0.0003,0.17235976183014728,0.8528735632183908,3.44,0.47,1.09,5.23,5.24,0.8,0.48,3.96,0.0,4.0642119470238685,4.88,166.53,0.041730897151865065,nan
2958,96960512,10358.583,582,19.5,0.0,208.41,-0.005575142800807953,14.88884162902832,0.5207141637802124,0.0020014221777273633,0.01876068115234375,0.0003,0.15758694983071714,0.8574585635359117,4.67,0.41,1.38,5.42,5.83,1.2,0.56,4.07,0.03,4.421994308680296,5.08,165.47,0.03994017804507166,nan
2959,96993280,10415.586,582,19.57,0.0,215.31,-0.006189396604895592,14.890575408935547,0.5485285520553589,0.003632549475696578,0.0332794189453125,0.0003,0.1844201829448215,0.8585526315789473,3.4,0.58,1.11,5.41,5.66,0.99,0.65,4.02,0.0,4.302939720153809,4.77,167.41,0.04000663256738335,nan
2960,97026048,10472.771,581,19.19,0.0,210.9,-0.007882274687290192,13.30804443359375,0.534307599067688,0.0033683831408382048,0.030364990234375,0.0003,0.19091186337297958,0.856043956043956,3.69,0.52,1.27,5.31,5.1,1.07,0.53,3.5,0.0,3.8539611381292342,4.95,164.35,0.04377506498713046,nan
2961,97058816,10529.475,581,19.88,0.0,216.05,-0.004354129545390606,14.560850143432617,0.5254760980606079,0.0017366555358364621,0.01488494873046875,0.0003,0.1630170316301703,0.8779193205944799,4.39,0.49,1.3,5.55,5.66,1.14,0.65,3.87,0.0,4.322815974354744,5.23,163.42,0.03871468349825591,nan
2962,97091584,10582.559,582,21.25,0.0,231.37,-0.0043502505868673325,12.861217498779297,0.5108370780944824,0.0021313833764793344,0.01825714111328125,0.0003,0.1726896551724138,0.8716632443531828,4.51,0.41,1.26,5.9,5.92,0.93,0.77,4.22,0.01,4.603183885216713,5.4,174.53,0.0385581225855276,nan
2963,97124352,10636.537,582,20.18,0.0,220.66,-0.008658602833747864,13.163419723510742,0.5024670958518982,0.006022477769477064,0.04315185546875,0.0003,0.1888313183649971,0.8725910064239829,4.58,0.51,1.33,5.43,5.59,1.06,0.67,3.86,0.0,4.254735894799232,5.18,165.49,0.03568410687148571,nan
2964,97157120,10696.163,582,19.85,0.0,216.91,-0.004357527941465378,14.685598373413086,0.4964444041252136,0.0030805546887791024,0.0300750732421875,0.0003,0.2090051718892607,0.8632025450689289,4.26,0.39,1.29,5.57,5.49,0.85,0.63,4.01,0.0,4.2245143884420395,5.19,166.98,0.040544316987507045,nan
2965,97189888,10748.761,582,22.64,0.0,249.34,-0.005356274079531431,14.073878288269043,0.48233187198638916,0.0034667281765621283,0.027252197265625,0.0003,0.19006711409395974,0.8521256931608133,5.32,0.65,1.53,6.15,6.27,1.05,0.91,4.31,0.0,4.841356841921806,5.92,179.47,0.036562979221343994,nan
2966,97222656,10808.734,582,20.42,0.0,228.11,-0.010803214274346828,15.392437934875488,0.5203683972358704,0.004948832256758351,0.036346435546875,0.0003,0.17246376811594202,0.8552361396303901,4.14,0.52,1.48,5.36,5.48,1.0,0.73,3.75,0.0,4.144835037589073,5.5,172.89,0.038439599447883666,nan
2967,97255424,10863.201,582,22.17,0.0,245.0,-0.008121518418192863,13.07358169555664,0.5048940181732178,0.003801320987207646,0.03150177001953125,0.0003,0.1929268936394827,0.878003696857671,4.54,0.61,1.66,6.28,6.24,1.04,0.83,4.37,0.02,4.786158185601234,5.94,183.61,0.042650213348679245,nan
2968,97288192,10920.485,582,20.51,0.0,231.16,-0.01013193279504776,16.290042877197266,0.4938861131668091,0.004085852031607828,0.03008270263671875,0.0003,0.18948824343015214,0.875,4.69,0.46,1.48,5.65,5.53,1.09,0.65,3.79,0.0,4.157315333485603,5.6,180.03,0.037864408921450377,nan
2969,97320960,10973.87,582,19.73,0.0,215.32,-0.009562015533447266,15.03227710723877,0.5001331567764282,0.0030653479644939807,0.0249176025390625,0.0003,0.18956367924528303,0.8773072747014115,4.0,0.59,1.31,4.99,5.09,0.85,0.7,3.54,0.0,3.8607182237505913,5.09,167.91,0.036931651062332094,nan
2970,97353728,11029.313,582,21.03,0.0,229.41,-0.006519513204693794,13.266305923461914,0.483422189950943,0.00225811836247658,0.01927947998046875,0.0003,0.2084942084942085,0.8490945674044266,4.81,0.54,1.4,5.35,5.39,1.03,0.62,3.74,0.0,4.205481060147285,5.66,171.33,0.03866248473059386,nan
2971,97386496,11085.674,582,20.6,0.0,224.95,-0.007219201885163784,14.296871185302734,0.5073108673095703,0.0034948630002489267,0.0302581787109375,0.0003,0.19977362761743067,0.8521199586349535,4.08,0.66,1.3,5.9,5.86,1.02,0.72,4.12,0.01,4.622601566910744,5.22,173.02,0.03733866021502763,nan
2972,97419264,11140.417,582,17.9,0.0,200.43,-0.008449668064713478,14.784513473510742,0.5070227980613708,0.004487199525783581,0.03256988525390625,0.0003,0.1794871794871795,0.8273809523809523,3.67,0.47,1.04,4.94,4.96,0.79,0.51,3.66,0.0,3.8921776741743086,4.53,151.88,0.04163409781176597,nan
2973,97452032,11199.103,582,21.64,0.0,231.05,-0.008626830764114857,15.457565307617188,0.487158864736557,0.004074702426819954,0.03511810302734375,0.0003,0.2339825007056167,0.8660714285714286,5.14,0.67,1.5,6.11,6.09,1.31,0.66,4.12,0.0,4.731178907752037,5.83,176.79,0.03801099339034408,nan
2974,97484800,11255.18,582,21.03,0.0,230.08,-0.012222224846482277,13.606302261352539,0.5072271227836609,0.0030011892123980033,0.0245513916015625,0.0003,0.19522895530573073,0.8418367346938775,4.61,0.57,1.27,5.78,5.65,0.93,0.68,4.04,0.0,4.438143829107284,5.47,174.64,0.03681966080330312,nan
2975,97517568,11309.556,582,20.63,0.0,224.24,-0.006812036037445068,13.611551284790039,0.5213192701339722,0.0038123291033969053,0.0345001220703125,0.0003,0.21829581077229981,0.8471204188481676,4.59,0.56,1.27,5.64,5.72,0.94,0.64,4.14,0.01,4.507979428768158,5.25,173.9,0.0387845867080614,nan
2976,97550336,11363.051,582,21.49,0.0,237.7,-0.008067972026765347,16.851089477539062,0.5106108784675598,0.0041906908469968585,0.0359954833984375,0.0003,0.24629080118694363,0.87,4.58,0.58,1.29,5.85,6.06,0.83,0.71,4.52,0.0,4.695249910950661,5.66,183.12,0.04223324032500386,nan
2977,97583104,11420.857,582,21.86,0.0,242.13,-0.005833485163748264,15.087470054626465,0.48066186904907227,0.0033681385764907645,0.0319061279296875,0.0003,0.2610323615940091,0.8488038277511962,4.57,0.67,1.52,5.82,6.02,1.2,0.61,4.21,0.0,4.637891336679458,6.05,185.63,0.040559645858593285,nan
2978,97615872,11477.286,582,20.25,0.0,229.6,-0.012638647109270096,11.361318588256836,0.5094097852706909,0.004163062661376671,0.03217315673828125,0.0003,0.2158739093723614,0.8830227743271222,4.06,0.46,1.15,5.77,5.66,0.92,0.7,4.04,0.01,4.3212597650289535,4.9,173.27,0.03919116401812062,nan
2979,97648640,11531.362,582,21.85,0.0,240.96,-0.010038886219263077,15.366498947143555,0.4915785789489746,0.003917111072382795,0.0316619873046875,0.0003,0.2725067385444744,0.8862944162436548,4.13,0.45,1.48,6.02,5.97,1.08,0.89,4.0,0.0,4.547282480001449,5.87,186.49,0.04145842278376222,nan
2980,97681408,11585.627,582,21.38,0.0,239.53,-0.011606952175498009,15.26710033416748,0.49221271276474,0.003025692248741052,0.026824951171875,0.0003,0.2288112645545627,0.861900097943193,5.0,0.51,1.57,6.01,6.03,1.23,0.78,4.02,0.0,4.63265397042036,5.66,179.28,0.03895504109095782,nan
2981,97714176,11639.336,582,19.61,0.0,219.33,-0.011046202853322029,13.794309616088867,0.5042852163314819,0.003913421182062393,0.0308380126953125,0.0003,0.26075581395348835,0.8556818181818182,3.77,0.51,1.24,5.67,5.5,0.93,0.77,3.8,0.0,4.262069393098354,5.33,167.14,0.03797519498039037,nan
2982,97746944,11696.093,582,18.52,0.0,205.0,-0.007656279951334,13.270050048828125,0.4986586272716522,0.003204296774811155,0.0261077880859375,0.0003,0.2076386783873901,0.8283062645011601,3.45,0.39,0.99,4.98,5.09,0.69,0.6,3.8,0.0,3.883148912042379,4.61,158.54,0.04485534050036222,nan
2983,97779712,11755.108,582,21.21,0.0,331.41,-0.009952472522854805,12.777612686157227,0.5108797550201416,0.0030844465893693496,0.02782440185546875,0.0003,0.21686746987951808,0.8614583333333333,4.04,0.48,1.33,6.1,6.42,1.11,0.83,4.48,0.0,4.878671565949917,5.65,178.31,0.03837556787766516,nan
2984,97812480,11809.637,582,19.32,0.0,216.94,-0.009555957280099392,13.185728073120117,0.5019359588623047,0.003262148465523751,0.02666473388671875,0.0003,0.18864678899082568,0.8784067085953878,3.43,0.42,1.44,5.69,5.83,1.18,0.68,3.97,0.0,4.32574095621705,5.15,165.82,0.03668744314927608,nan
2985,97845248,11863.77,582,19.52,0.0,240.15,-0.011472022160887718,14.021340370178223,0.509685754776001,0.004607278795560887,0.036224365234375,0.0003,0.23118127995489146,0.8644251626898047,3.5,0.54,1.29,5.79,5.72,0.95,0.7,4.07,0.01,4.418018819689751,4.93,165.55,0.04260219680145383,nan
2986,97878016,11917.828,582,20.96,0.0,231.7,-0.007008520886301994,16.17047882080078,0.48337221145629883,0.003713997033173655,0.030426025390625,0.0003,0.22378976486860305,0.8956692913385826,5.03,0.49,1.48,5.94,6.07,1.05,0.73,4.29,0.0,4.559546635746956,5.54,173.84,0.03830837958958,nan
2987,97910784,11977.048,582,20.69,0.0,228.48,-0.012361472472548485,16.194725036621094,0.5132147669792175,0.006851326723104734,0.0517730712890625,0.0003,0.23281027104136948,0.8736951983298539,4.59,0.61,1.21,5.8,5.79,0.83,0.77,4.19,0.0,4.536073386073112,5.17,171.54,0.041734529891982675,nan
2988,97943552,12033.761,582,20.68,0.0,229.23,-0.010940230451524258,15.000858306884766,0.5340502858161926,0.004969295730347767,0.03588104248046875,0.0003,0.23844214065564584,0.8654661016949152,4.62,0.51,1.45,6.14,6.16,1.17,0.88,4.11,0.0,4.702305834665895,5.21,174.44,0.03771411918569356,nan
2989,97976320,12092.135,582,20.35,0.0,254.65,-0.011008013039827347,16.12225341796875,0.508556604385376,0.004110009280907434,0.03304290771484375,0.0003,0.18441335997716243,0.8674443266171792,3.98,0.64,1.35,5.86,5.99,1.2,0.85,3.94,0.0,4.613781440854073,5.14,167.19,0.03854177915491164,nan
2990,98009088,12150.663,582,21.62,0.0,243.2,-0.010285524651408195,14.099193572998047,0.5116418600082397,0.003945044362893668,0.03359222412109375,0.0003,0.18854415274463007,0.8470705064548163,4.32,0.63,1.53,6.47,6.4,1.25,0.75,4.4,0.0,4.843446244001388,5.73,186.29,0.03479049319867045,nan
2991,98041856,12204.855,582,21.68,0.0,237.97,-0.006094653159379959,13.685298919677734,0.5076860189437866,0.0031932559147094253,0.03049468994140625,0.0003,0.2001078748651564,0.844294003868472,4.69,0.55,1.43,6.59,6.43,1.14,0.76,4.53,0.01,4.832866325974464,5.61,181.07,0.03860741783864796,nan
2992,98074624,12260.093,582,18.32,0.0,204.35,-0.0052160583436489105,14.702581405639648,0.5283545255661011,0.0023252166091651816,0.024383544921875,0.0003,0.17953375719043294,0.8596698113207547,3.77,0.46,1.2,5.31,5.37,1.01,0.53,3.83,0.0,4.035245067328215,4.8,155.47,0.04107097501400858,nan
2993,98107392,12314.283,582,20.18,0.0,239.14,-0.009416752494871616,12.179773330688477,0.5027373433113098,0.0028389587585024856,0.02454376220703125,0.0003,0.17737506864360242,0.8459958932238193,4.13,0.5,1.29,5.77,5.65,0.93,0.65,4.07,0.01,4.380141386389733,5.12,170.31,0.035883339238353074,nan
2994,98140160,12369.828,582,21.15,0.0,240.82,-0.01078014075756073,15.310565948486328,0.5089401602745056,0.003364430385659034,0.02794647216796875,0.0003,0.20955686065136145,0.8598790322580645,5.0,0.66,1.4,6.03,6.04,1.12,0.7,4.22,0.0,4.637704741358757,5.44,180.04,0.03817821270786226,nan
2995,98172928,12427.652,582,20.52,0.0,214.67,-0.007291716523468494,14.104509353637695,0.4947689473628998,0.004714306132541424,0.04192352294921875,0.0003,0.2021339656194428,0.8525641025641025,4.21,0.54,1.27,5.38,5.31,1.0,0.7,3.61,0.0,4.106263557523489,5.5,169.64,0.038696959149092436,nan
2996,98205696,12481.086,582,20.77,0.0,235.72,-0.007493844721466303,16.351909637451172,0.5089725255966187,0.0028243334413673438,0.02588653564453125,0.0003,0.23573825503355705,0.8497607655502393,4.2,0.61,1.24,6.24,6.26,1.01,0.71,4.54,0.01,4.745308328270912,5.24,178.77,0.04008908604737371,nan
2997,98238464,12536.524,582,19.49,0.0,214.14,-0.01273154653608799,15.363207817077637,0.5033597946166992,0.004906626442846118,0.0315093994140625,0.0003,0.19337825959566363,0.8633405639913232,3.5,0.44,1.28,5.5,5.76,1.1,0.73,3.93,0.01,4.344794482588768,4.99,163.91,0.03720170701853931,nan
2998,98271232,12591.694,582,20.03,0.0,222.32,-0.011444635689258575,13.984643936157227,0.5138814449310303,0.004143560175918992,0.0357666015625,0.0003,0.19725949186411648,0.8503937007874016,3.9,0.48,1.2,6.1,6.08,0.95,0.85,4.28,0.0,4.557069849967957,5.15,167.33,0.03586686693597585,nan
2999,98304000,12645.007,583,20.04,0.0,225.55,-0.010901637375354767,12.399550437927246,0.529484212398529,0.003562921553225351,0.0305328369140625,0.0003,0.22505668934240364,0.880675818373812,3.86,0.51,1.11,5.85,5.97,0.96,0.71,4.3,0.0,4.541029105186462,4.97,169.66,0.03682329261209816,nan
3000,98336768,12702.968,582,21.7,0.0,283.13,-0.012746347114443779,12.836793899536133,0.531015932559967,0.003128283053740688,0.02535247802734375,0.0003,0.19516632016632016,0.872865275142315,4.46,0.54,1.26,6.56,6.45,1.04,0.78,4.63,0.0,4.944494796395301,5.46,185.96,0.037630663835443556,nan
3001,98369536,12758.347,583,18.76,0.0,205.89,-0.010348664596676826,14.996307373046875,0.5219191908836365,0.0035557065331204285,0.035736083984375,0.0003,0.19649334945586458,0.8465063001145475,3.65,0.41,0.98,5.32,5.46,0.87,0.75,3.84,0.0,4.140464733093977,4.68,160.6,0.0395584749057889,nan
3002,98402304,12809.552,583,21.3,0.0,247.24,-0.010682934895157814,10.819002151489258,0.5215736627578735,0.0033698470912781886,0.0277252197265625,0.0003,0.2028289298105151,0.8646998982706002,4.46,0.57,1.27,5.91,6.03,1.23,0.67,4.13,0.0,4.7131792646646495,5.58,180.87,0.03656953352037817,nan
3003,98435072,12863.156,583,21.8,0.0,241.42,-0.008837195113301277,14.93850040435791,0.5041168928146362,0.002993507415908425,0.02310943603515625,0.0003,0.2129507765201369,0.8486646884272997,5.15,0.61,1.34,6.27,6.23,1.06,0.8,4.37,0.0,4.787641091942787,5.41,183.1,0.03960884630214423,nan
3004,98467840,12915.735,583,19.8,0.0,227.4,-0.0099411029368639,15.256317138671875,0.516637921333313,0.004203578363785709,0.03790283203125,0.0003,0.20304287690179806,0.8520518358531317,4.08,0.51,1.24,5.87,6.06,0.99,0.78,4.29,0.0,4.648351216092705,5.0,167.64,0.0322384758037515,nan
3005,98500608,12970.22,583,19.13,0.0,213.99,-0.006638440303504467,14.522909164428711,0.527908205986023,0.003591799290262543,0.0275115966796875,0.0003,0.23365825688073394,0.856670341786108,4.02,0.65,1.19,5.12,5.06,0.89,0.52,3.65,0.01,3.894389995932579,5.08,159.74,0.03847290517296642,nan
3006,98533376,13027.124,583,20.78,0.0,242.47,-0.009951049461960793,14.381256103515625,0.521571934223175,0.003435456892930233,0.03055572509765625,0.0003,0.2325962325962326,0.8734817813765182,4.4,0.65,1.24,5.99,5.84,0.94,0.67,4.23,0.02,4.467979868650437,5.36,176.21,0.04064914374612272,nan
3007,98566144,13080.298,583,19.05,0.0,211.54,-0.011982019059360027,15.908093452453613,0.5172958374023438,0.0035250639944024442,0.0296478271484375,0.0003,0.20848161328588374,0.867816091954023,4.42,0.52,1.07,5.21,5.56,0.88,0.75,3.93,0.0,4.15208799123764,4.8,158.42,0.037971004960127175,nan
3008,98598912,13134.016,583,20.79,0.0,238.1,-0.010451629757881165,15.349720001220703,0.5224289298057556,0.002522768868516323,0.020233154296875,0.0003,0.2423580786026201,0.8661899897854954,4.23,0.57,1.16,5.83,5.87,1.02,0.64,4.21,0.01,4.510156680941582,5.11,172.83,0.04052191891241819,nan
3009,98631680,13188.533,583,20.71,0.0,271.2,-0.011708403006196022,14.128141403198242,0.5227543115615845,0.003287210827920717,0.02817535400390625,0.0003,0.2336655592469546,0.8606307222787386,4.06,0.55,1.23,5.69,5.98,0.92,0.72,4.34,0.0,4.455289298295975,5.24,172.26,0.03606016415869817,nan
3010,98664448,13244.59,583,19.78,0.0,323.76,-0.00971788540482521,15.820423126220703,0.5463889837265015,0.006318927819279452,0.04376983642578125,0.0003,0.2542657342657343,0.8412017167381974,4.1,0.52,1.23,5.6,5.61,1.07,0.63,3.91,0.01,4.202601337730885,4.97,166.43,0.03736229590140283,nan
3011,98697216,13304.442,583,18.72,0.0,211.55,-0.010449258610606194,13.617656707763672,0.5658239722251892,0.0029393071145875638,0.02724456787109375,0.0003,0.28935317687464224,0.8668146503884573,3.68,0.74,1.17,5.25,5.2,0.89,0.51,3.8,0.02,3.9408323487639425,4.49,157.34,0.03901699522975832,nan
3012,98729984,13361.827,583,19.42,0.0,222.13,-0.006739753298461437,15.786468505859375,0.5431340932846069,0.0024459022576479583,0.02478790283203125,0.0003,0.24709463198671833,0.8442796610169492,3.67,0.54,1.24,5.54,5.65,1.07,0.7,3.88,0.0,4.167458917349577,4.97,168.12,0.03710820234846324,nan
3013,98762752,13417.011,583,21.77,0.0,243.41,-0.0065509360283613205,14.16163158416748,0.5158649682998657,0.0026168342768642106,0.02486419677734375,0.0003,0.21925272444213803,0.8494094488188977,4.43,0.57,1.3,6.58,6.73,1.12,0.85,4.76,0.0,4.98670699685812,5.57,179.9,0.03615226305555552,nan
3014,98795520,13470.137,583,20.0,0.0,227.39,-0.007139156572520733,17.506717681884766,0.5629713535308838,0.002219473419472706,0.02347564697265625,0.0003,0.2469478357380688,0.8278350515463917,4.99,0.49,1.08,5.82,6.14,1.08,0.78,4.28,0.01,4.83090156108141,5.04,167.53,0.03634061710909009,nan
3015,98828288,13527.196,583,18.74,0.0,209.61,-0.007780212443321943,14.906712532043457,0.5928125381469727,0.0021036351279235532,0.01883697509765625,0.0003,0.261046511627907,0.8196531791907514,4.21,0.49,1.07,5.02,4.96,0.83,0.55,3.58,0.01,3.7179183566570284,4.63,161.64,0.0349345876602456,nan
3016,98861056,13582.176,583,19.95,0.0,219.83,-0.008577167987823486,14.933526992797852,0.5403920412063599,0.0029597675311379135,0.029052734375,0.0003,0.26524741081703107,0.8208955223880597,3.71,0.46,1.14,5.94,5.97,0.95,0.67,4.35,0.02,4.559989377260208,5.0,168.75,0.034919362398795784,nan
3017,98893824,13635.933,583,18.28,0.0,203.32,-0.007534710690379143,14.587271690368652,0.5796116590499878,0.0031568861398056924,0.026824951171875,0.0003,0.26061717079132296,0.8327316486161251,3.48,0.56,1.02,5.18,5.15,0.81,0.59,3.75,0.0,4.005941423773765,4.58,154.5,0.038100424339063466,nan
3018,98926592,13691.177,583,17.29,0.0,194.75,-0.007234858348965645,14.291255950927734,0.573556661605835,0.002882879946355388,0.025115966796875,0.0003,0.25757575757575757,0.8200734394124847,3.29,0.54,0.94,5.04,5.2,0.89,0.7,3.61,0.0,3.922397731542587,4.26,152.82,0.03837410162668675,nan
3019,98959360,13744.573,584,17.35,0.0,201.33,-0.009377224370837212,14.131583213806152,0.5894676446914673,0.002345648556456581,0.02179718017578125,0.0003,0.29005699810006336,0.8327228327228328,3.27,0.5,0.87,4.96,4.98,0.83,0.55,3.6,0.0,3.776474132835865,4.16,150.18,0.034156951354816556,nan
3020,98992128,13797.817,584,19.5,0.0,217.44,-0.011071676388382912,12.065237045288086,0.5703530311584473,0.002912080516466631,0.0266571044921875,0.0003,0.23393316195372751,0.8116545265348595,3.73,0.57,0.98,5.59,5.75,0.9,0.61,4.24,0.0,4.321900202035904,4.39,166.25,0.03663036599755287,nan
3021,99024896,13855.059,584,18.25,0.0,206.57,-0.007010261528193951,14.230010986328125,0.5734872221946716,0.002223148290113386,0.02143096923828125,0.0003,0.25332929782082325,0.8447867298578199,3.83,0.64,1.03,5.2,5.14,0.84,0.62,3.68,0.01,3.8144117918610574,4.52,159.62,0.03626624646130949,nan
3022,99057664,13910.029,584,17.24,0.0,217.94,-0.005926886573433876,16.081199645996094,0.575820803642273,0.0030088687389024926,0.02771759033203125,0.0003,0.23445273631840796,0.8224414303329223,3.64,0.42,0.96,4.86,5.07,0.9,0.54,3.63,0.0,3.753208110630512,4.14,148.93,0.04043716413434595,nan
3023,99090432,13968.454,584,18.94,0.0,214.35,-0.008107513189315796,12.719429969787598,0.5842766761779785,0.003936269406068504,0.03502655029296875,0.0003,0.24831822170225212,0.8335220838052095,4.76,0.6,0.96,5.4,5.49,0.8,0.67,4.02,0.0,4.0595061755180355,4.5,158.29,0.035465908236801624,nan
3024,99123200,14024.298,584,20.41,0.0,249.32,-0.010102938860654831,16.746192932128906,0.5714577436447144,0.0028786146763195575,0.02593994140625,0.0003,0.288758059994393,0.8383733055265902,4.57,0.7,1.09,5.93,5.94,0.98,0.75,4.21,0.0,4.512333892807365,4.94,163.28,0.03387631627265364,nan
3025,99155968,14080.544,584,20.38,0.0,225.15,-0.008514453656971455,16.188446044921875,0.5596661567687988,0.0033374707476241383,0.03209686279296875,0.0003,0.2464415294445995,0.8328173374613003,4.65,0.48,1.0,5.79,5.74,0.9,0.7,4.14,0.01,4.311223146915435,5.01,169.84,0.0379600003361702,nan
3026,99188736,14138.176,584,20.38,0.0,221.68,-0.008491870015859604,13.727958679199219,0.5616099834442139,0.002705046075561768,0.0254058837890625,0.0003,0.2763195032458369,0.8034006376195537,4.18,0.46,1.2,5.75,6.14,1.06,0.81,4.27,0.0,4.627337342500686,5.25,174.59,0.038841695757582784,nan
3027,99221504,14193.69,584,18.22,0.0,207.91,-0.008786933496594429,15.275365829467773,0.5590378046035767,0.003060016889392614,0.02675628662109375,0.0003,0.24412191582002904,0.8272311212814645,3.66,0.4,1.21,5.17,5.08,0.86,0.51,3.71,0.02,3.70898269161582,4.75,158.83,0.0388776088366285,nan
3028,99254272,14257.002,583,20.28,0.0,214.72,-0.009373730048537254,16.983074188232422,0.5498369336128235,0.0030622376789324335,0.0272216796875,0.0003,0.26212471131639725,0.8141304347826087,4.39,0.54,1.08,5.47,5.67,0.96,0.74,3.97,0.01,4.178249512314796,4.98,166.97,0.03367756702937186,nan
3029,99287040,14314.958,583,17.87,0.0,195.24,-0.006425898522138596,17.090171813964844,0.5721201300621033,0.003642135403708835,0.03289794921875,0.0003,0.24666883327916803,0.7607934655775963,3.5,0.4,0.84,4.54,4.51,0.76,0.57,3.18,0.03,3.4334074237942698,4.31,147.68,0.039032324217259884,nan
3030,99319808,14376.853,583,18.32,0.0,196.63,-0.008462715893983841,16.295719146728516,0.5806290507316589,0.001903716748017814,0.01438140869140625,0.0003,0.2673206621704476,0.7995226730310262,3.97,0.57,0.79,4.82,4.67,0.61,0.59,3.47,0.0,3.504943654537201,4.29,154.84,0.03788431570865214,nan
3031,99352576,14432.819,583,19.66,0.0,212.8,-0.009237776510417461,15.716970443725586,0.5534050464630127,0.004670407468040594,0.0399322509765625,0.0003,0.2556785090273733,0.8166127292340885,4.56,0.49,1.17,5.2,5.38,0.94,0.75,3.69,0.0,3.869373399019241,4.91,166.28,0.030980190902482718,nan
3032,99385344,14491.946,583,18.72,0.0,205.42,-0.006798809394240379,14.386798858642578,0.5492372512817383,0.0024366153072321595,0.02294158935546875,0.0003,0.26152930675394226,0.8098987626546682,3.82,0.54,1.1,5.25,5.26,0.97,0.5,3.79,0.01,3.8831490778923037,4.73,156.4,0.03624426503665745,nan
3033,99418112,14546.886,583,20.05,0.0,216.58,-0.007486939430236816,15.10333251953125,0.5411243438720703,0.0028411252759497074,0.0248260498046875,0.0003,0.23285251692670003,0.796875,4.39,0.53,1.26,5.7,5.69,0.91,0.79,3.99,0.0,4.117048526704312,5.01,165.44,0.03740635665599257,nan
3034,99450880,14601.918,583,19.92,0.0,218.73,-0.00687412079423666,16.496105194091797,0.5326402187347412,0.004146739425010537,0.03249359130859375,0.0003,0.27927927927927926,0.7995618838992333,4.4,0.47,1.17,5.12,5.31,0.81,0.71,3.79,0.0,4.004433858171105,4.96,164.35,0.037651340244337916,nan
3035,99483648,14657.725,583,19.56,0.0,212.56,-0.008276911452412605,15.794635772705078,0.5410631895065308,0.003415444516235766,0.02873992919921875,0.0003,0.3027656477438137,0.8096256684491978,3.84,0.55,1.2,5.4,5.64,1.01,0.69,3.94,0.02,4.216313149034977,5.05,167.22,0.041680798633024096,nan
3036,99516416,14711.281,583,19.13,0.0,223.07,-0.008639081381261349,14.353717803955078,0.5455951690673828,0.005478421258999333,0.04248046875,0.0003,0.2623674911660777,0.7947019867549668,3.73,0.41,1.07,5.34,5.6,0.83,0.61,4.16,0.0,3.99188028678298,4.75,157.92,0.033321541908662766,nan
3037,99549184,14767.453,583,19.09,0.0,242.02,-0.008001882582902908,13.772136688232422,0.5201079249382019,0.003164750211624323,0.02948760986328125,0.0003,0.2511990407673861,0.8021621621621622,4.13,0.54,1.2,5.56,5.86,1.09,0.75,4.02,0.0,4.225043803453445,4.9,156.27,0.03085669915890321,nan
3038,99581952,14822.263,583,18.51,0.0,206.31,-0.011039924807846546,14.725686073303223,0.5318897366523743,0.003160591518792444,0.0282745361328125,0.0003,0.2488822652757079,0.7727272727272727,3.99,0.47,1.05,5.23,5.07,0.8,0.57,3.7,0.01,3.6765152564644814,4.57,154.48,0.034091248526237905,nan
3039,99614720,14879.899,583,19.57,0.0,206.32,-0.005987918470054865,15.610300064086914,0.5439096689224243,0.004408703729666286,0.03707122802734375,0.0003,0.19296079036739736,0.792152704135737,4.53,0.51,1.23,5.46,5.46,0.98,0.6,3.88,0.01,3.932385376766324,5.0,151.62,0.038627067231573164,nan
3040,99647488,14937.255,583,21.15,0.0,219.81,-0.005657504312694073,16.727596282958984,0.5018190741539001,0.002032164516094781,0.01793670654296875,0.0003,0.2420774647887324,0.777432712215321,4.57,0.57,1.19,5.8,5.98,1.1,0.84,4.04,0.0,4.467052416205406,5.19,165.9,0.034581699408590794,nan
3041,99680256,14992.566,583,21.15,0.0,229.86,-0.005405792500823736,16.566226959228516,0.514919102191925,0.001809940347442307,0.01726531982421875,0.0003,0.22014714204867006,0.798155737704918,5.2,0.57,1.29,5.97,5.91,1.09,0.63,4.19,0.0,4.202032916545868,5.28,171.36,0.03621633490547538,nan
3042,99713024,15046.41,583,21.09,0.0,219.55,-0.007417512126266956,15.632345199584961,0.5121619701385498,0.001799232237118531,0.0162506103515625,0.0003,0.21268321866586898,0.7977296181630547,5.15,0.42,1.29,5.95,6.27,1.04,0.79,4.44,0.01,4.70294543415308,5.43,168.63,0.03555876587051898,nan
3043,99745792,15100.697,583,20.25,0.0,211.22,-0.007705491967499256,15.77164077758789,0.5125696659088135,0.0026082909534750343,0.02298736572265625,0.0003,0.19056261343012704,0.7818181818181819,4.9,0.59,1.14,5.48,5.55,0.94,0.55,4.06,0.0,4.0330473577976225,5.1,161.26,0.0337708568549715,nan
3044,99778560,15155.81,583,17.41,0.0,190.53,-0.010373806580901146,14.427072525024414,0.5413948893547058,0.0030380730017895985,0.0262451171875,0.0003,0.17382683410442828,0.7777777777777778,3.75,0.43,1.09,4.83,4.96,0.89,0.51,3.56,0.03,3.6671747720241545,4.38,146.06,0.03939640580210835,nan
3045,99811328,15213.628,583,20.7,0.0,225.33,-0.004718741402029991,14.908592224121094,0.5341408252716064,0.002854906669654156,0.02747344970703125,0.0003,0.2299719887955182,0.796969696969697,4.21,0.52,1.43,5.68,5.65,1.09,0.7,3.86,0.02,4.16565626591444,5.53,169.03,0.03175643616123125,nan
3046,99844096,15269.562,583,20.44,0.0,223.08,-0.006119446363300085,15.131608963012695,0.5343601703643799,0.0037511734234669802,0.03436279296875,0.0003,0.22924446997989084,0.8063524590163934,4.68,0.47,1.2,5.85,5.78,1.07,0.7,4.01,0.0,4.2399422317743305,5.34,166.29,0.0341122099198401,nan
3047,99876864,15325.166,583,19.87,0.0,223.93,-0.006452646106481552,14.429048538208008,0.5314147472381592,0.0029351107502293416,0.023681640625,0.0003,0.19512928442573663,0.7935483870967742,4.04,0.38,1.45,5.7,5.88,1.13,0.82,3.93,0.0,4.26158576130867,5.44,164.34,0.03789563733153045,nan
3048,99909632,15380.066,583,19.09,0.0,212.25,-0.008073877543210983,16.401334762573242,0.5431068539619446,0.003145093227999496,0.029266357421875,0.0003,0.18859915100060642,0.8046103183315039,4.1,0.54,1.06,5.64,5.75,1.07,0.56,4.12,0.01,4.1909950751066205,4.72,157.18,0.03384940995601937,nan
3049,99942400,15434.875,583,21.58,0.0,234.75,-0.007225264795124531,15.877076148986816,0.5047452449798584,0.0028266978667943476,0.02506256103515625,0.0003,0.21698930944813638,0.8021653543307087,4.78,0.52,1.33,6.38,6.31,1.01,0.73,4.57,0.0,4.751247363686562,5.51,169.97,0.04012365115340799,nan
3050,99975168,15490.12,583,20.09,0.0,215.3,-0.00676628015935421,15.554887771606445,0.5023559927940369,0.0020640208712165986,0.02187347412109375,0.0003,0.19456878543718292,0.7978260869565217,4.39,0.5,1.03,5.54,5.66,0.78,0.8,4.08,0.0,4.228243551254272,5.02,159.56,0.03735698643140495,nan
3051,100007936,15540.504,584,20.22,0.0,271.85,-0.00685018440708518,12.550495147705078,0.5001314878463745,0.0038395998649889407,0.0255279541015625,0.0003,0.17748538011695905,0.7592008412197687,4.49,0.48,1.27,5.59,5.93,1.03,0.75,4.15,0.0,4.463166722655297,5.19,164.67,0.032902483420912176,nan
3052,100040704,15592.592,584,20.34,0.0,237.99,-0.006026080343872309,15.045160293579102,0.4933856129646301,0.004582762047277811,0.03450775146484375,0.0003,0.21144721233689207,0.7811203319502075,4.47,0.54,1.22,5.81,6.12,0.93,0.81,4.38,0.0,4.741376009881496,5.16,160.17,0.03470054117497057,nan
3053,100073472,15648.624,584,19.1,0.0,213.2,-0.00822664424777031,15.045692443847656,0.5176520347595215,0.003430989570517795,0.0303192138671875,0.0003,0.14736203759854458,0.776431718061674,4.37,0.31,1.27,5.38,5.38,0.96,0.68,3.74,0.01,3.966395917087793,5.08,151.92,0.04046482720877975,nan
3054,100106240,15700.998,584,20.0,0.0,218.72,-0.010145117528736591,13.564569473266602,0.49237364530563354,0.002702186562942188,0.02358245849609375,0.0003,0.17510063254744107,0.7944025834230355,4.05,0.56,1.31,5.48,5.42,1.12,0.54,3.76,0.0,4.059217603057623,4.82,161.6,0.03297242475673556,nan
3055,100139008,15752.744,584,20.04,0.0,241.73,-0.009179558604955673,13.444350242614746,0.5278605222702026,0.0048168176426770515,0.03841400146484375,0.0003,0.21052631578947367,0.7995735607675906,4.22,0.54,1.13,5.55,5.49,1.07,0.69,3.73,0.0,4.059990577399731,5.13,162.93,0.037492252653464675,nan
3056,100171776,15805.741,584,20.49,0.0,236.98,-0.008792190812528133,13.12779426574707,0.5406219959259033,0.004054365762243606,0.03290557861328125,0.0003,0.18031854379977247,0.8314606741573034,4.25,0.57,1.46,5.94,5.8,1.09,0.69,4.02,0.01,4.307743901312351,5.24,168.17,0.03630606608930975,nan
3057,100204544,15858.225,584,20.89,0.0,244.88,-0.0040559470653533936,13.509204864501953,0.5263293981552124,0.004376019252703145,0.04496002197265625,0.0003,0.19282891022021456,0.7837837837837838,4.49,0.53,1.18,6.32,6.46,1.17,0.87,4.42,0.0,4.8101985055208205,5.48,167.59,0.039887394523248076,nan
3058,100237312,15910.038,584,19.7,0.0,230.98,-0.00874566100537777,13.819250106811523,0.5278602838516235,0.002398247146572885,0.0220794677734375,0.0003,0.20652173913043478,0.8068669527896996,4.02,0.54,1.16,5.69,5.83,1.02,0.72,4.09,0.01,4.419855476617813,5.11,165.02,0.040936225675977767,nan
3059,100270080,15959.994,585,19.2,0.0,209.33,-0.011327949352562428,12.245709419250488,0.5560624003410339,0.003096401488818401,0.0261688232421875,0.0003,0.16645807259073842,0.8260393873085339,3.86,0.5,1.13,5.58,5.62,0.93,0.65,4.04,0.0,4.192069607675076,4.75,155.0,0.03082427365006879,nan
3060,100302848,16010.418,585,20.7,0.0,233.42,-0.009268858470022678,12.001477241516113,0.5369484424591064,0.0026209400959942286,0.02165985107421875,0.0003,0.2287467134092901,0.8060796645702306,4.71,0.46,1.2,5.91,6.04,0.98,0.69,4.37,0.0,4.664116386473179,5.14,165.98,0.03298877307679504,nan
3061,100335616,16063.879,585,20.47,0.0,271.45,-0.010919300839304924,16.547557830810547,0.5401812791824341,0.005580957825429778,0.04718780517578125,0.0003,0.17988956698634118,0.7820383451059536,4.84,0.53,1.39,5.94,5.81,1.12,0.66,4.03,0.01,4.186200403869152,5.33,166.0,0.03693606302840635,nan
3062,100368384,16119.689,585,19.15,0.0,210.82,-0.0036114081740379333,14.505182266235352,0.5632064342498779,0.003366794476050927,0.02771759033203125,0.0003,0.18942189421894218,0.804661487236404,3.96,0.45,1.03,5.59,5.73,0.93,0.63,4.17,0.01,4.274504740834236,4.9,155.53,0.0372690602671355,nan
3063,100401152,16176.629,585,20.44,0.0,234.94,-0.0005969423800706863,15.3001127243042,0.5468817949295044,0.004385936190260509,0.0366973876953125,0.0003,0.21563034797490016,0.801255230125523,4.32,0.42,1.29,5.77,5.7,0.93,0.61,4.16,0.0,4.225332639813423,5.38,170.87,0.03897914907429367,nan
3064,100433920,16234.555,585,19.24,0.01,208.61,-0.009460540488362312,15.069847106933594,0.543512225151062,0.002174322451367061,0.0196380615234375,0.0003,0.19833436150524367,0.8031674208144797,4.51,0.37,1.22,5.73,5.77,1.03,0.55,4.19,0.02,4.362569032311439,5.21,156.85,0.03511155606247485,nan
3065,100466688,16288.475,585,22.54,0.0,252.09,-0.009901667013764381,16.9464111328125,0.5375051498413086,0.0033232460042995626,0.03301239013671875,0.0003,0.24868559411146163,0.801660516605166,5.31,0.57,1.55,6.66,6.64,1.46,0.89,4.29,0.01,4.98326021194458,6.15,183.4,0.036399623029865324,nan
3066,100499456,16345.34,585,19.82,0.0,219.78,-0.008867260068655014,17.566768646240234,0.5551220178604126,0.0033515936366370624,0.0297393798828125,0.0003,0.2510109763142692,0.7762605042016807,4.15,0.52,1.15,6.02,6.01,0.97,0.77,4.27,0.02,4.419911627173423,4.92,164.8,0.034310756193008274,nan
3067,100532224,16402.178,585,20.9,0.0,228.96,-0.00638414965942502,18.370342254638672,0.5414600968360901,0.0025849681364888966,0.0219268798828125,0.0003,0.25131042516016305,0.792,5.34,0.56,1.3,6.2,6.19,1.14,0.68,4.37,0.02,4.641965450644493,5.35,170.89,0.03307876019971445,nan
3068,100564992,16457.076,585,19.24,0.0,212.63,-0.009209809824824333,14.51417350769043,0.5732691287994385,0.0028969080459546603,0.02397918701171875,0.0003,0.21664233576642336,0.7997823721436343,4.35,0.44,1.14,5.54,5.84,0.96,0.55,4.33,0.01,4.218769404888153,4.65,157.0,0.0339877400547266,nan
3069,100597760,16513.65,585,20.29,0.0,233.68,-0.009715503081679344,14.692195892333984,0.5857071876525879,0.0022696508449939756,0.019744873046875,0.0003,0.2754893368390301,0.7817258883248731,4.54,0.56,1.15,5.95,6.11,0.92,0.77,4.42,0.0,4.56036550194025,5.13,163.28,0.03653206513263285,nan
3070,100630528,16566.792,585,19.8,0.0,313.64,-0.009518841281533241,15.785490989685059,0.5522662401199341,0.004232220485874905,0.03466033935546875,0.0003,0.22461351924825704,0.8127615062761506,4.54,0.46,1.25,5.89,5.87,0.89,0.7,4.28,0.04,4.406909836530685,5.1,161.17,0.032866957946680486,nan
3071,100663296,16624.549,585,19.1,0.0,218.84,-0.004716442432254553,15.376263618469238,0.5524843335151672,0.005192177991602875,0.05855560302734375,0.0003,0.276675294794363,0.7912946428571429,3.8,0.39,1.23,5.49,5.37,0.96,0.53,3.88,0.04,4.055674729347229,4.92,156.98,0.03581163287162781,nan
3072,100696064,16679.542,585,18.88,0.0,208.93,-0.005591133143752813,17.309467315673828,0.5424153208732605,0.003148105264699552,0.02812957763671875,0.0003,0.2672782874617737,0.7976744186046512,4.02,0.45,1.2,5.46,5.66,1.22,0.61,3.83,0.0,4.293310086131096,4.73,155.02,0.03552061726804823,nan
3073,100728832,16733.207,585,20.42,0.0,234.29,-0.010258125141263008,14.448385238647461,0.5658524036407471,0.003673232080473099,0.029693603515625,0.0003,0.22412807318467695,0.7921940928270043,4.83,0.47,1.12,5.92,5.95,0.94,0.72,4.29,0.01,4.5098306116461755,5.11,164.44,0.03429869102546945,nan
3074,100761600,16788.972,585,19.21,0.0,210.39,-0.010673110373318195,14.952795028686523,0.563923716545105,0.003237235366839286,0.03038787841796875,0.0003,0.23171860536871336,0.8081725312145289,4.26,0.49,1.02,5.34,5.28,0.91,0.71,3.66,0.04,3.8662537145614624,4.88,156.09,0.03973789035808295,nan
3075,100794368,16845.77,585,19.19,0.0,209.24,-0.004174443893134594,17.57067108154297,0.5702879428863525,0.003719190996037014,0.0350799560546875,0.0003,0.1947779111644658,0.8237885462555066,5.09,0.39,1.23,5.59,5.57,1.19,0.69,3.69,0.02,4.061929237246513,4.86,159.97,0.03638049855362624,nan
3076,100827136,16903.151,585,19.53,0.0,256.53,-0.00912275817245245,14.16796875,0.5462588667869568,0.002670075512838821,0.0263519287109375,0.0003,0.2769721577726218,0.843400447427293,4.42,0.42,1.1,5.77,5.76,0.97,0.66,4.13,0.0,4.342386079058051,4.92,159.92,0.03705661464482546,nan
3077,100859904,16961.583,585,18.65,0.0,202.73,-0.010112295858561993,18.074256896972656,0.5712108612060547,0.003266500341680967,0.0323944091796875,0.0003,0.20297029702970298,0.7943820224719101,4.43,0.35,0.93,5.28,5.26,0.82,0.72,3.72,0.02,3.933092521429062,4.65,149.78,0.03468313254415989,nan
3078,100892672,17019.266,585,19.35,0.0,211.03,-0.009650210849940777,15.4079008102417,0.5420249700546265,0.0027981218811987674,0.0252685546875,0.0003,0.1945361753227259,0.8117386489479512,4.17,0.36,1.23,5.47,5.56,0.96,0.57,4.03,0.0,4.151714439988137,4.96,159.27,0.03500103409169242,nan
3079,100925440,17073.917,585,20.48,0.0,224.11,-0.0068344371393322945,14.89378833770752,0.5457141399383545,0.002897360986480635,0.0278778076171875,0.0003,0.2386066763425254,0.8214285714285714,4.61,0.55,1.37,5.53,5.48,1.05,0.61,3.82,0.0,4.0641004177927975,5.39,166.28,0.035646629286929965,nan
3080,100958208,17131.363,585,20.54,0.0,225.53,-0.0027281902730464935,14.142682075500488,0.5477410554885864,0.0019608490956386504,0.0194549560546875,0.0003,0.22694627980465384,0.8239583333333333,4.17,0.54,1.19,5.77,5.69,1.03,0.64,4.02,0.02,4.196517957895995,5.16,161.5,0.03870640997774899,nan
3081,100990976,17187.675,585,19.38,0.0,207.75,-0.007812115363776684,14.278081893920898,0.5484322309494019,0.0022450130031757,0.01818084716796875,0.0003,0.21046191495870298,0.8235942668136714,4.61,0.53,1.15,5.38,5.4,1.17,0.56,3.67,0.02,3.980137292742729,4.72,154.01,0.03420660976553336,nan
3082,101023744,17244.716,585,20.66,0.0,223.86,-0.008351116441190243,16.86193084716797,0.5304807424545288,0.0029652564118407554,0.02532196044921875,0.0003,0.20412779191405145,0.8198952879581152,4.3,0.59,1.28,5.96,5.97,1.01,0.65,4.31,0.01,4.345301284790039,5.18,176.68,0.039055749657563865,nan
3083,101056512,17297.645,585,19.51,0.0,221.07,-0.00420818105340004,13.242594718933105,0.5544681549072266,0.002219531722857937,0.02083587646484375,0.0003,0.19415271075787682,0.8331550802139037,3.97,0.48,1.32,5.69,5.67,1.03,0.6,4.04,0.03,4.217396805882454,4.85,159.76,0.03457456757314503,nan
3084,101089280,17351.683,585,19.22,0.0,220.75,-0.0046985819935798645,12.90053939819336,0.5641553401947021,0.0013471154340436442,0.0121612548828125,0.0003,0.23415591699383062,0.831672203765227,3.69,0.46,1.0,5.7,5.71,0.88,0.64,4.19,0.04,4.267969498634338,4.66,158.22,0.034805801638867706,nan
3085,101122048,17408.811,585,21.09,0.0,238.04,-0.006297784391790628,13.88357162475586,0.543131411075592,0.0013041105747220172,0.01203155517578125,0.0003,0.2455676104789627,0.8118712273641852,4.65,0.55,1.33,5.86,5.77,1.2,0.79,3.78,0.0,4.360193227231503,5.55,172.81,0.033984251553192735,nan
3086,101154816,17465.121,585,20.39,0.0,233.81,-0.007261852268129587,16.410694122314453,0.5423296689987183,0.00227026539050712,0.022552490234375,0.0003,0.21206993795826284,0.8292422625400213,4.84,0.6,1.18,5.95,5.97,1.06,0.67,4.24,0.02,4.51128936201334,5.11,165.65,0.036525248317047954,nan
3087,101187584,17523.963,585,19.72,0.0,226.08,-0.008814973756670952,13.089937210083008,0.5425217747688293,0.0024769289753407975,0.024078369140625,0.0003,0.19863597612958228,0.828039430449069,4.36,0.51,1.04,5.68,5.67,0.81,0.6,4.26,0.0,4.348046410679817,4.81,161.27,0.03479114477522671,nan
3088,101220352,17581.448,585,18.77,0.0,209.29,-0.0019336510449647903,14.152436256408691,0.554976224899292,0.0022284720185439255,0.0232391357421875,0.0003,0.23293413173652694,0.8624862486248625,4.42,0.4,1.05,5.4,5.67,0.87,0.7,4.1,0.01,4.189878323674202,4.66,152.92,0.03915578906890005,nan
3089,101253120,17637.931,585,18.79,0.0,207.34,-0.008719492703676224,16.726425170898438,0.549314022064209,0.0026376531077403342,0.0220794677734375,0.0003,0.2252714113389626,0.8363431151241535,4.5,0.42,1.1,5.02,4.98,0.68,0.67,3.63,0.0,3.833813428580761,4.6,159.08,0.03671561635565013,nan
3090,101285888,17690.113,585,19.42,0.0,221.67,-0.01077340543270111,14.925865173339844,0.5097568035125732,0.003740858150422355,0.02817535400390625,0.0003,0.2032543534113617,0.7997847147470398,4.2,0.4,1.26,5.68,5.66,0.89,0.73,4.04,0.0,4.264907518625259,4.95,162.35,0.03615716606145725,nan
3091,101318656,17745.088,585,20.49,0.0,241.57,-0.0065782330930233,13.752126693725586,0.5221107602119446,0.0028828809938659106,0.026214599609375,0.0003,0.2008403361344538,0.8209562563580874,4.65,0.6,1.08,5.78,5.75,0.86,0.75,4.14,0.02,4.270861430168152,4.86,164.4,0.034913519804831594,nan
3092,101351424,17799.614,585,21.33,0.0,236.13,-0.008635209873318672,14.120339393615723,0.5207786560058594,0.0029970592664199103,0.02416229248046875,0.0003,0.1835841313269494,0.8071216617210683,4.43,0.61,1.22,6.14,6.14,0.93,0.81,4.4,0.0,4.696711871623993,5.4,170.91,0.037960078683681786,nan
3093,101384192,17854.081,585,20.19,0.0,230.97,-0.010370481759309769,15.15357494354248,0.5077506303787231,0.004042991220387648,0.0326995849609375,0.0003,0.20521353300055464,0.8095744680851064,4.15,0.53,1.33,5.56,5.42,1.03,0.57,3.82,0.01,4.188362656980753,5.32,159.18,0.03515286074252799,nan
3094,101416960,17906.433,585,21.52,0.0,249.03,-0.007672586478292942,13.503129959106445,0.496309369802475,0.0028405863651528307,0.02573394775390625,0.0003,0.24381253291205898,0.8264223722275795,4.81,0.49,1.4,6.38,6.3,1.01,0.76,4.53,0.0,4.708711725473404,5.67,178.04,0.036717208684422076,nan
3095,101449728,17959.491,585,19.63,0.0,227.96,-0.003824112471193075,12.404988288879395,0.5044652223587036,0.0024796449284849587,0.02259063720703125,0.0003,0.17990589537780238,0.8190578158458244,3.97,0.44,1.37,5.86,5.78,1.14,0.57,4.07,0.0,4.357762930691242,4.92,162.52,0.035508315719198436,nan
3096,101482496,18012.267,585,20.65,0.01,245.69,-0.004643856547772884,12.744840621948242,0.5143400430679321,0.003020940401029293,0.0236968994140625,0.0003,0.21369409166206516,0.8094758064516129,4.31,0.49,1.34,6.01,5.83,1.06,0.69,4.08,0.03,4.497873672544956,5.19,166.84,0.03349252633051947,nan
3097,101515264,18072.027,585,19.84,0.0,225.21,-0.0073529453948140144,13.351719856262207,0.517911434173584,0.006743258847166089,0.0369415283203125,0.0003,0.17668957617411227,0.8131147540983606,3.85,0.51,1.14,5.87,6.09,1.03,0.77,4.29,0.01,4.568279447555542,4.94,161.55,0.03533543599769473,nan
3098,101548032,18128.442,585,21.13,0.0,245.65,-0.0060757724568247795,13.889963150024414,0.47979146242141724,0.003972778449053749,0.034820556640625,0.0003,0.18054794520547945,0.8269040553907022,4.78,0.52,1.34,6.24,6.25,1.2,0.94,4.11,0.0,4.825962916016579,5.5,169.02,0.0347061560023576,nan
3099,101580800,18184.185,585,20.39,0.0,233.21,-0.011469419114291668,14.231157302856445,0.5282086133956909,0.0034615986483004235,0.029052734375,0.0003,0.14591229020032484,0.8362512873326468,4.36,0.45,1.33,5.72,5.61,0.94,0.58,4.09,0.01,4.32716905772686,5.39,166.66,0.03334976127371192,nan
3100,101613568,18237.768,585,20.54,0.0,248.32,-0.009302927181124687,13.805294036865234,0.5038822889328003,0.0027712745101240444,0.02327728271484375,0.0003,0.19289340101522842,0.8502564102564103,3.94,0.49,1.22,5.95,6.04,0.96,0.77,4.31,0.0,4.56161713719368,5.23,177.32,0.042165487073361874,nan
3101,101646336,18292.88,585,20.29,0.0,223.94,-0.009457129053771496,14.629959106445312,0.5357688665390015,0.003061982317547063,0.02404022216796875,0.0003,0.16401816118047674,0.8184782608695652,4.58,0.46,1.17,5.99,5.92,0.93,0.76,4.23,0.01,4.502831698060036,5.26,165.6,0.034826084855012596,nan
3102,101679104,18348.689,585,20.11,0.0,225.2,-0.006844829767942429,14.05431842803955,0.505186140537262,0.0029379163347584836,0.02735137939453125,0.0003,0.17757278754684347,0.8260405549626467,4.61,0.5,1.05,5.7,5.64,0.87,0.59,4.18,0.01,4.334683600664139,4.72,159.02,0.03885349188931286,nan
3103,101711872,18402.3,585,20.13,0.0,227.59,-0.009900765493512154,14.590082168579102,0.5389268398284912,0.0035566248258902533,0.03359222412109375,0.0003,0.18349928876244664,0.82281284606866,4.88,0.59,1.26,5.69,5.76,1.06,0.71,3.99,0.0,4.446147646903992,5.11,161.9,0.03317855770001188,nan
3104,101744640,18455.991,585,21.03,0.0,238.86,-0.012156510725617409,14.42169189453125,0.49595096707344055,0.0032982935302356964,0.0291290283203125,0.0003,0.18142431627403197,0.8450704225352113,4.85,0.49,1.36,5.93,5.99,1.13,0.77,4.09,0.01,4.704506474882364,5.39,168.7,0.032373870140872896,nan
3105,101777408,18506.72,586,21.67,0.0,318.56,-0.0038490500301122665,13.867406845092773,0.5059452652931213,0.0031344164301714272,0.02968597412109375,0.0003,0.18031475060016006,0.8331716779825412,5.07,0.51,1.56,6.56,6.81,1.3,0.86,4.65,0.0,5.261496008634567,5.6,172.49,0.033703305292874575,nan
3106,101810176,18561.615,586,21.26,0.0,260.21,-0.009465370327234268,13.486367225646973,0.5092446804046631,0.0036937999450969983,0.03130340576171875,0.0003,0.1695501730103806,0.798989898989899,4.97,0.61,1.27,6.27,6.18,1.09,0.83,4.26,0.01,4.656653684973716,5.42,170.33,0.03616276680259034,nan
3107,101842944,18614.907,586,20.07,0.0,226.71,-0.006465768441557884,13.844213485717773,0.5195087194442749,0.002823310403812229,0.02685546875,0.0003,0.17011173184357542,0.8099260823653643,3.9,0.39,1.26,5.88,5.93,0.99,0.64,4.3,0.0,4.5817312598228455,5.0,165.85,0.03887890197802335,nan
3108,101875712,18667.57,586,19.69,0.0,225.21,-0.006668904796242714,13.120233535766602,0.49690723419189453,0.0017556162143819165,0.01587677001953125,0.0003,0.1430661205383265,0.8043010752688172,3.93,0.55,1.37,5.85,5.88,1.21,0.67,4.0,0.0,4.42311313226819,4.95,157.7,0.03502687648870051,nan
3109,101908480,18718.175,586,21.58,0.0,266.63,-0.01003919169306755,14.619868278503418,0.49853289127349854,0.00244440646869748,0.02176666259765625,0.0003,0.1864450127877238,0.8341369334619093,4.93,0.68,1.53,6.46,6.37,1.34,0.73,4.3,0.0,4.898295137882233,5.83,177.08,0.036039544735103846,nan
3110,101941248,18769.443,586,20.86,0.0,255.5,-0.009835273027420044,14.406346321105957,0.5032782554626465,0.003460591684984138,0.02732086181640625,0.0003,0.18140407288317256,0.8191919191919191,4.86,0.6,1.29,6.07,6.0,1.09,0.67,4.24,0.01,4.667163869738578,5.36,167.69,0.036301192943938076,nan
3111,101974016,18821.662,586,21.01,0.0,267.45,-0.009223372675478458,12.691914558410645,0.5117266178131104,0.006340412663121242,0.034356478987068964,0.0003,0.17137575917612885,0.8134403209628887,5.22,0.46,1.28,6.19,6.27,1.1,0.84,4.33,0.0,4.738864567875862,5.49,171.76,0.038618921848206686,nan
3112,102006784,18874.249,586,20.76,0.0,284.81,-0.004926424473524094,12.515962600708008,0.4934358596801758,0.0034693787648620855,0.034149169921875,0.0003,0.16267438799684128,0.8160919540229885,4.83,0.66,1.31,6.01,6.2,1.11,0.8,4.29,0.0,4.662461169660092,5.34,167.42,0.03400768549181521,nan
3113,102039552,18928.021,586,20.38,0.0,241.41,-0.010864466428756714,13.64950180053711,0.5010949373245239,0.002904287372871295,0.024200439453125,0.0003,0.19074492099322798,0.8336864406779662,4.39,0.47,1.24,6.02,6.14,1.18,0.78,4.18,0.03,4.6989351345598696,5.22,166.64,0.03888857609126717,nan
3114,102072320,18983.097,586,19.27,0.0,222.02,-0.009608173742890358,12.720600128173828,0.5237386226654053,0.003663633530777588,0.0318603515625,0.0003,0.1487698986975398,0.8296296296296296,3.87,0.4,1.18,5.77,5.8,1.02,0.57,4.21,0.02,4.338209035992622,4.93,162.47,0.035699906351510435,nan
3115,102105088,19040.483,586,20.22,0.0,268.38,-0.01246330514550209,10.901249885559082,0.5028041005134583,0.005765877624241966,0.04730224609375,0.0003,0.17059838895281934,0.8274002157497303,4.82,0.51,1.11,5.77,5.9,1.01,0.69,4.2,0.01,4.584982599318027,5.11,158.05,0.03480400383705273,nan
3116,102137856,19096.068,586,20.69,0.0,239.81,-0.0065231239423155785,13.13670539855957,0.5249348282814026,0.0026595272479426058,0.02773284912109375,0.0003,0.1805133866961082,0.802771855010661,4.82,0.5,1.17,5.89,6.19,1.12,0.81,4.26,0.0,4.714440587759018,5.34,165.22,0.038171362364664674,nan
3117,102170624,19151.897,586,21.81,0.0,258.34,-0.006274847313761711,12.581008911132812,0.508650004863739,0.0019634702733810627,0.016937255859375,0.0003,0.1543942992874109,0.8290840415486308,5.03,0.57,1.39,6.24,6.2,1.2,0.73,4.27,0.01,4.64202565729618,5.68,179.17,0.033890516380779445,nan
3118,102203392,19207.615,586,22.31,0.0,264.38,-0.008332770317792892,12.732513427734375,0.48648691177368164,0.0026313915297748736,0.02451324462890625,0.0003,0.19213313161875945,0.8044315992292871,5.73,0.52,1.51,6.24,6.38,1.26,0.82,4.3,0.0,4.878034045696259,5.91,176.96,0.03508672385942191,nan
3119,102236160,19261.413,586,20.95,0.0,239.94,-0.009680833667516708,14.824488639831543,0.4847221374511719,0.0024967091842000855,0.02127838134765625,0.0003,0.1750480901346524,0.8145161290322581,4.48,0.59,1.22,6.01,6.26,1.0,0.79,4.47,0.01,4.683609130308032,5.19,166.21,0.03533206065185368,nan
3120,102268928,19315.772,586,21.96,0.0,248.71,-0.010793883353471756,12.725018501281738,0.5127146244049072,0.0029841004117656666,0.0270538330078125,0.0003,0.19043927648578812,0.8049476688867745,4.53,0.67,1.47,6.42,6.83,1.39,0.84,4.6,0.01,5.216946908831597,5.8,181.75,0.0399710894562304,nan
3121,102301696,19371.632,586,20.99,0.0,243.77,-0.011160722002387047,15.862211227416992,0.5038894414901733,0.004141233708651271,0.0394439697265625,0.0003,0.15602836879432624,0.7964601769911505,4.95,0.56,1.49,5.97,5.95,0.99,0.63,4.33,0.02,4.602705864161253,5.87,173.28,0.037036202498711646,nan
3122,102334464,19426.868,586,20.85,0.0,233.54,-0.007072421256452799,15.173758506774902,0.49895042181015015,0.002376487262665705,0.0223846435546875,0.0003,0.14625478403499179,0.8197242841993637,5.23,0.54,1.1,6.08,6.13,1.0,0.81,4.32,0.0,4.711080191135406,5.22,172.34,0.03860404994338751,nan
3123,102367232,19481.73,587,20.85,0.0,237.55,-0.007363795302808285,13.925803184509277,0.5121134519577026,0.0021433798051475605,0.019195556640625,0.0003,0.17758016707087038,0.791967044284243,4.65,0.6,1.19,6.33,6.5,0.96,0.65,4.89,0.01,5.050399456322193,5.12,166.83,0.03678914823103696,nan
3124,102400000,19539.047,586,21.35,0.0,247.26,-0.011122576892375946,15.850052833557129,0.5374542474746704,0.0051586395841525245,0.039337158203125,0.0003,0.17147310989867498,0.7971602434077079,5.02,0.5,1.4,6.05,6.29,1.25,0.61,4.43,0.01,4.837043777704239,5.81,176.16,0.04098726040683687,nan
3125,102432768,19594.11,586,20.82,0.0,240.44,-0.01013683620840311,14.9474458694458,0.5325466990470886,0.0033506509258245387,0.03240966796875,0.0003,0.18936170212765957,0.780264496439471,4.42,0.72,1.26,6.1,6.3,1.07,0.75,4.48,0.01,4.77780266046524,5.32,171.97,0.03929818340111524,nan
3126,102465536,19648.756,587,20.23,0.0,243.49,-0.007215997204184532,13.135894775390625,0.5222959518432617,0.003301376089964947,0.029449462890625,0.0003,0.18925964546402502,0.7871657754010695,4.15,0.49,1.34,5.81,6.03,1.08,0.8,4.15,0.0,4.594277150630951,5.33,166.48,0.0363212883239612,nan
3127,102498304,19701.66,587,18.32,0.0,210.15,-0.006711720023304224,14.668686866760254,0.5208799839019775,0.0031757874442917,0.03215789794921875,0.0003,0.15958066394874781,0.8176605504587156,3.05,0.47,1.21,4.99,4.9,0.78,0.57,3.55,0.01,3.701647140979767,4.69,158.63,0.040571077610366046,nan
3128,102531072,19758.518,587,19.26,0.0,225.68,-0.0036253659054636955,12.690354347229004,0.5241185426712036,0.002376793816551981,0.023651123046875,0.0003,0.19003638399104394,0.8092613009922822,3.75,0.49,1.25,5.59,6.02,1.14,0.7,4.18,0.01,4.60407194942236,5.26,162.9,0.03523702861275524,nan
3129,102563840,19817.833,586,18.04,0.0,208.26,-0.006054705008864403,13.48708438873291,0.5539983510971069,0.0017849499701867444,0.0157928466796875,0.0003,0.20913884007029876,0.7980997624703088,3.37,0.59,1.11,5.03,4.96,0.98,0.64,3.34,0.01,3.7783839857578276,4.55,152.53,0.03629973123315722,nan
3130,102596608,19876.764,586,20.06,0.0,227.39,-0.006607863586395979,14.295503616333008,0.5184074640274048,0.002239570298883109,0.020782470703125,0.0003,0.19308831596269885,0.8213166144200627,3.95,0.45,1.12,5.72,5.87,1.05,0.81,4.01,0.0,4.391859509050846,5.01,165.76,0.039185007102787495,nan
3131,102629376,19933.256,586,21.13,0.0,239.93,-0.009575782343745232,12.903417587280273,0.5188443660736084,0.002431973856971581,0.02194976806640625,0.0003,0.152900294039027,0.7966269841269841,4.32,0.48,1.43,5.93,5.96,1.04,0.81,4.11,0.0,4.522559402510524,5.52,171.47,0.03666967747267336,nan
3132,102662144,19984.927,586,20.32,0.0,228.7,-0.009680668823421001,14.640647888183594,0.5359858274459839,0.0025024302697147505,0.02014923095703125,0.0003,0.2105691056910569,0.8167006109979633,4.23,0.48,1.26,5.82,6.01,1.14,0.89,3.98,0.0,4.648627644777298,5.17,169.68,0.03610070946160704,nan
3133,102694912,20037.929,587,20.41,0.0,246.47,-0.006627003662288189,13.872331619262695,0.527454137802124,0.0017445272955569635,0.01700592041015625,0.0003,0.16784934497816595,0.7912772585669782,3.99,0.41,1.18,5.78,5.74,1.02,0.57,4.15,0.01,4.366187078803778,5.08,167.09,0.03889672830700874,nan
3134,102727680,20095.748,587,20.39,0.0,236.81,-0.008999285288155079,13.203441619873047,0.5002391338348389,0.003374863224280489,0.02832794189453125,0.0003,0.18123785734110465,0.8193146417445483,4.56,0.43,1.18,5.83,5.77,0.88,0.64,4.25,0.02,4.4349966704845425,5.15,169.76,0.03860764636192471,nan
3135,102760448,20153.214,586,19.27,0.0,220.55,-0.007906305603682995,16.070045471191406,0.5032457113265991,0.005023382518743347,0.04239654541015625,0.0003,0.17562929061784896,0.8115124153498872,3.94,0.38,1.19,5.48,5.58,0.91,0.7,3.97,0.0,4.2927464812994005,5.06,160.89,0.03785790235269815,nan
3136,102793216,20205.757,587,20.29,0.0,228.47,-0.006868225522339344,16.750720977783203,0.5122663378715515,0.005352097525218369,0.04944610595703125,0.0003,0.14705075445816188,0.8356756756756757,4.58,0.51,1.19,5.85,6.13,1.02,0.89,4.22,0.01,4.777411341965198,5.37,171.22,0.04110761475749314,nan
3137,102825984,20259.554,587,21.17,0.0,235.95,-0.01150693278759718,13.431024551391602,0.5140711069107056,0.0029854137884512966,0.0272064208984375,0.0003,0.18957088538837588,0.8040816326530612,4.43,0.49,1.22,5.81,5.64,0.92,0.7,4.02,0.01,4.344240687042475,5.65,169.95,0.03544900321867317,nan
3138,102858752,20318.517,587,19.52,0.0,222.26,-0.009726723656058311,18.075481414794922,0.5009899139404297,0.0034494833378175827,0.030517578125,0.0003,0.16370205669816565,0.7995570321151716,4.48,0.5,1.19,5.49,5.57,0.94,0.77,3.86,0.0,4.266713964343071,4.97,158.81,0.03551455482374877,nan
3139,102891520,20371.501,587,20.02,0.0,212.73,-0.010511712171137333,15.139026641845703,0.5087411403656006,0.004097433745926082,0.03942108154296875,0.0003,0.17727803738317757,0.7986651835372637,4.04,0.49,1.23,5.4,5.43,0.93,0.65,3.85,0.01,4.261174479126931,5.07,161.06,0.03545288945315406,nan
3140,102924288,20428.199,587,20.39,0.0,225.84,-0.011774685233831406,15.110844612121582,0.5237922668457031,0.005089396462267359,0.04721832275390625,0.0003,0.19802816901408452,0.7654054054054054,5.4,0.57,1.06,5.44,5.48,0.82,0.64,4.02,0.0,4.178823870122432,4.94,168.67,0.03589352796552703,nan
3141,102957056,20483.877,587,20.14,0.0,218.11,-0.009322249330580235,13.723926544189453,0.4973538815975189,0.006457989178841217,0.055267333984375,0.0003,0.15356125356125355,0.8244111349036403,4.6,0.44,1.24,5.68,5.76,0.97,0.71,4.08,0.01,4.421976724565029,5.21,168.68,0.040145105915144086,nan
3142,102989824,20537.218,587,21.96,0.0,243.15,-0.00795046053826809,13.592241287231445,0.49345049262046814,0.0026506820651661656,0.02574920654296875,0.0003,0.16778350515463916,0.8173076923076923,5.61,0.52,1.32,6.17,6.24,0.99,0.7,4.55,0.0,4.735192326307296,5.91,179.06,0.03740781999658793,nan
3143,103022592,20592.894,587,22.04,0.0,240.81,-0.010590550489723682,17.31778335571289,0.5189698934555054,0.0028164384328590586,0.0247955322265625,0.0003,0.20158311345646437,0.8091451292246521,4.83,0.52,1.35,6.11,6.31,1.2,0.8,4.31,0.01,4.755516323447227,6.04,179.4,0.036002877983264625,nan
3144,103055360,20650.041,587,19.8,0.0,216.61,0.00794844888150692,13.602485656738281,0.5059165358543396,0.0032097124243399833,0.02927398681640625,0.0003,0.19073806078147612,0.8056155507559395,4.29,0.46,1.13,5.53,5.55,1.08,0.68,3.79,0.0,4.183594367355108,5.09,164.39,0.03452586493222043,nan
3145,103088128,20705.05,587,22.2,0.0,245.49,-0.007117294706404209,15.684737205505371,0.4942851662635803,0.007640548528627278,0.05184173583984375,0.0003,0.18979481641468682,0.7984644913627639,5.43,0.51,1.44,6.68,6.55,1.25,0.84,4.46,0.01,4.967127564251423,5.9,179.69,0.03911492717452347,nan
3146,103120896,20759.48,587,18.86,0.0,207.74,-0.007087330333888531,17.43091583251953,0.4937310814857483,0.003463947553086655,0.03121185302734375,0.0003,0.16461916461916462,0.8375411635565313,3.77,0.39,1.26,5.34,5.36,0.9,0.63,3.83,0.02,4.022315886318683,5.0,156.83,0.03611102933064103,nan
3147,103153664,20813.384,587,21.64,0.0,234.8,-0.006252565886825323,16.139541625976562,0.4823572635650635,0.004217396475951318,0.03676605224609375,0.0003,0.19861303744798892,0.8250478011472275,4.5,0.52,1.3,6.16,6.3,1.18,0.73,4.39,0.02,4.660846153497696,5.79,180.01,0.03946424485184252,nan
3148,103186432,20869.461,587,20.79,0.0,224.36,-0.013044995255768299,17.273706436157227,0.5111192464828491,0.0036093927038791662,0.02996826171875,0.0003,0.18940248027057496,0.8369453044375645,4.63,0.69,1.1,5.8,5.92,0.9,0.74,4.28,0.01,4.375468420386315,5.11,165.09,0.03205245465505868,nan
3149,103219200,20927.583,587,19.61,0.0,204.48,-0.005751483142375946,16.04986000061035,0.468792200088501,0.0025071219389545263,0.02239227294921875,0.0003,0.1907280647168637,0.8411633109619687,3.91,0.43,1.11,5.21,5.1,0.78,0.6,3.72,0.03,3.8891688527166846,5.07,160.26,0.036045807879418135,nan
3150,103251968,20985.26,587,19.07,0.0,208.58,-0.008019066415727139,14.767026901245117,0.48470449447631836,0.001985968830751972,0.0171661376953125,0.0003,0.16993661334138244,0.8640449438202247,4.26,0.42,1.02,5.38,5.44,0.92,0.59,3.93,0.02,3.922588185071945,4.86,156.52,0.03787470201496035,nan
3151,103284736,21042.841,587,20.39,0.0,219.2,-0.004949674010276794,13.752787590026855,0.4800989031791687,0.0019254825543271181,0.01912689208984375,0.0003,0.19197876732527278,0.8580310880829015,4.33,0.47,1.35,5.7,5.5,1.02,0.68,3.8,0.04,4.153304924964905,5.31,162.4,0.036009364179335535,nan
3152,103317504,21099.88,587,19.63,0.0,213.69,-0.005560694262385368,16.83306884765625,0.4598584473133087,0.0016106267295299403,0.01422882080078125,0.0003,0.19173157579388855,0.8574537540805223,3.72,0.39,1.24,5.68,5.65,1.09,0.72,3.84,0.02,4.121749969720841,5.16,162.71,0.04012830718420446,nan
3153,103350272,21156.822,587,19.7,0.0,313.39,-0.007719714194536209,14.429397583007812,0.4876750707626343,0.0033425320373225986,0.03371429443359375,0.0003,0.18192844147968465,0.8452914798206278,3.99,0.53,1.07,5.39,5.53,1.0,0.6,3.93,0.03,4.177612235546112,5.18,157.19,0.03633075347170234,nan
3154,103383040,21213.414,586,19.72,0.0,213.39,-0.006740081589668989,15.110370635986328,0.48473748564720154,0.00255784119707414,0.02277374267578125,0.0003,0.19201183431952662,0.8431372549019608,4.26,0.48,1.22,5.69,5.78,1.1,0.78,3.9,0.04,4.4353594985604285,5.28,169.44,0.041654123342595994,nan
3155,103415808,21267.928,587,19.52,0.0,219.44,-0.009804478846490383,15.037988662719727,0.48600125312805176,0.0032895171316340566,0.03131866455078125,0.0003,0.19211384524162467,0.8224195338512763,4.06,0.54,1.24,5.67,5.81,1.06,0.74,4.01,0.02,4.360618807375431,5.09,163.91,0.03691021667327732,nan
3156,103448576,21323.134,587,20.66,0.0,224.53,-0.0076679084450006485,15.046670913696289,0.496065229177475,0.0032796335665921106,0.03215789794921875,0.0003,0.19585318016251052,0.8373812038014784,4.56,0.47,1.32,5.85,5.76,0.9,0.7,4.16,0.01,4.317212461382151,5.47,173.7,0.03781074460130185,nan
3157,103481344,21373.427,587,20.65,0.0,230.1,-0.009261859580874443,13.9136962890625,0.4615077078342438,0.004517573555460785,0.04093170166015625,0.0003,0.2216694306246545,0.8158995815899581,3.95,0.42,1.22,5.91,6.2,1.02,0.8,4.38,0.0,4.605499580800533,5.33,171.53,0.03555489482823759,nan
3158,103514112,21425.258,587,21.33,0.0,232.57,-0.008306737057864666,12.923689842224121,0.47067928314208984,0.002975030223097974,0.02954864501953125,0.0003,0.20991415120465245,0.8228855721393035,4.75,0.53,1.22,5.93,5.99,0.8,0.72,4.47,0.03,4.578193857073784,5.72,172.93,0.03813643183093518,nan
3159,103546880,21477.736,587,21.29,0.0,258.29,-0.013573424890637398,14.325857162475586,0.4767533540725708,0.004389068947943997,0.03757476806640625,0.0003,0.2218918918918919,0.8313373253493014,4.11,0.59,1.28,5.82,5.92,1.04,0.83,4.05,0.01,4.432465930581093,5.39,173.09,0.03674809378571808,nan
3160,103579648,21536.444,587,19.84,0.0,213.27,-0.007505226880311966,13.791309356689453,0.48036861419677734,0.003798863943586639,0.0352020263671875,0.0003,0.212784588441331,0.8322440087145969,4.17,0.47,1.11,5.34,5.56,0.93,0.68,3.95,0.0,4.158392575755715,5.04,164.41,0.03986104181967676,nan
3161,103612416,21597.778,587,20.25,0.0,242.47,-0.012316601350903511,15.460752487182617,0.49327898025512695,0.005473151247826991,0.04988861083984375,0.0003,0.22564667033571822,0.8210075026795284,3.97,0.43,1.14,5.65,5.77,0.98,0.72,4.07,0.02,4.286973087191582,5.2,169.35,0.03483296884223819,nan
3162,103645184,21654.891,587,20.93,0.0,224.44,-0.011709652841091156,14.3712797164917,0.500465989112854,0.007280364055304744,0.06026458740234375,0.0003,0.2003556609365738,0.8503688092729189,5.28,0.46,1.22,5.63,5.63,0.97,0.71,3.95,0.02,4.261227339506149,5.39,165.35,0.03742883645463735,nan
3163,103677952,21715.805,586,20.11,0.0,357.79,-0.007669300772249699,17.338245391845703,0.504237949848175,0.003354689710590719,0.032958984375,0.0003,0.1875906059727457,0.82,4.33,0.51,1.24,5.93,6.08,1.05,0.69,4.34,0.04,4.593131747916341,5.1,171.34,0.0404279112117365,nan
3164,103710720,21772.998,586,20.65,0.0,228.88,-0.008308904245495796,14.571008682250977,0.49365654587745667,0.00391563369691994,0.03939056396484375,0.0003,0.2250139586823004,0.8102926337033299,4.27,0.44,1.29,5.91,6.09,1.09,0.79,4.21,0.0,4.516537633538246,5.56,170.83,0.037018810864537954,nan
3165,103743488,21828.442,586,19.93,0.0,219.67,-0.002608540700748563,13.677501678466797,0.5057971477508545,0.0057647541914320755,0.0504913330078125,0.0003,0.19065474473608307,0.804932735426009,4.33,0.44,1.27,5.21,5.29,1.06,0.64,3.59,0.0,3.9435425493866205,5.22,162.1,0.03900445450562984,nan
3166,103776256,21883.748,586,19.98,0.0,212.39,-0.005051600746810436,14.509761810302734,0.491746723651886,0.003273345122892124,0.03014373779296875,0.0003,0.18864577173270256,0.8165429480381761,4.17,0.56,1.17,5.46,5.59,0.84,0.67,4.08,0.01,4.184599086642265,5.15,169.24,0.03876179282087833,nan
3167,103809024,21942.686,586,20.9,0.0,263.26,-0.011935054324567318,15.58346939086914,0.5063601732254028,0.003664295135223483,0.02704620361328125,0.0003,0.21688741721854304,0.8062880324543611,4.24,0.51,1.39,5.6,5.57,1.11,0.58,3.88,0.01,4.167006887346506,5.32,169.27,0.03332505392609164,nan
3168,103841792,21998.447,586,22.06,0.0,240.61,-0.009465722367167473,14.210221290588379,0.4811239242553711,0.0029457450626182435,0.028045654296875,0.0003,0.21181208053691275,0.8323586744639376,4.89,0.61,1.44,6.34,6.39,1.29,0.83,4.27,0.02,4.785482466220856,5.94,179.28,0.03910512512084097,nan
3169,103874560,22053.445,586,21.47,0.0,244.87,-0.00746871717274189,15.207524299621582,0.4979874789714813,0.004515750458409684,0.04306793212890625,0.0003,0.20507343124165553,0.8346153846153846,4.66,0.49,1.51,6.05,5.95,1.15,0.78,4.02,0.01,4.422555863037705,5.76,180.25,0.040982158621773124,nan
3170,103907328,22110.71,586,21.67,0.0,229.89,-0.008297320455312729,15.22823715209961,0.49565160274505615,0.004200832154594991,0.033905029296875,0.0003,0.1699724517906336,0.8027888446215139,4.31,0.53,1.44,6.06,6.05,0.92,0.9,4.23,0.01,4.51740447461605,5.62,176.01,0.03776476962957531,nan
3171,103940096,22168.369,586,19.41,0.0,221.23,-0.010672852396965027,16.75753402709961,0.48413610458374023,0.002909735250000267,0.0238189697265625,0.0003,0.19207317073170732,0.8298109010011123,4.44,0.38,1.36,4.99,5.0,0.96,0.59,3.45,0.03,3.828883390575647,5.33,159.62,0.03853066568262875,nan
3172,103972864,22225.246,586,21.23,0.0,253.09,-0.012667296454310417,15.857508659362793,0.4893767237663269,0.00397036230640424,0.03624725341796875,0.0003,0.19131652661064424,0.8126232741617357,4.86,0.54,1.51,6.29,6.24,1.23,0.73,4.28,0.01,4.76562320291996,5.73,175.81,0.03585050272522494,nan
3173,104005632,22280.566,586,21.02,0.01,230.41,-0.012126071378588676,16.449691772460938,0.5094106197357178,0.0037836960794379593,0.03104400634765625,0.0003,0.19420451379214265,0.8269617706237424,4.64,0.39,1.54,5.84,5.92,1.07,0.76,4.09,0.03,4.575985406637192,5.87,176.02,0.036617076490074396,nan
3174,104038400,22336.773,586,20.32,0.0,216.41,-0.00718012684956193,16.945358276367188,0.5070418119430542,0.00455643505245007,0.0396270751953125,0.0003,0.17906418716256747,0.8401639344262295,4.9,0.53,1.29,5.6,5.37,0.99,0.58,3.8,0.01,3.969663927704096,5.12,164.14,0.03957276965957135,nan
3175,104071168,22391.206,586,19.87,0.0,218.75,-0.008545780554413795,15.836085319519043,0.5345103144645691,0.004294718402093167,0.03741455078125,0.0003,0.18239355581127734,0.825668449197861,4.06,0.55,1.29,5.33,5.36,1.06,0.59,3.71,0.01,3.9614395371079443,5.21,162.88,0.03944055049214512,nan
3176,104103936,22447.653,586,19.12,0.0,309.37,-0.012729157693684101,16.811933517456055,0.4969273507595062,0.003529628334320023,0.02996063232421875,0.0003,0.1737714624037892,0.825136612021858,3.54,0.48,1.32,5.38,5.27,1.28,0.52,3.47,0.02,3.93527941942215,5.07,157.61,0.038185390061698854,nan
3177,104136704,22505.537,586,20.39,0.0,218.09,-0.008695704862475395,14.873281478881836,0.5097235441207886,0.0022520981584648325,0.02100372314453125,0.0003,0.1881831610044313,0.8106951871657754,4.62,0.63,1.29,5.49,5.36,1.1,0.58,3.68,0.0,4.089462769031525,5.47,168.79,0.036101158359088004,nan
3178,104169472,22560.541,586,22.06,0.0,243.33,-0.010817007161676884,16.35811996459961,0.4973522126674652,0.004176716392578328,0.030517578125,0.0003,0.2459763948497854,0.8172147001934236,4.36,0.51,1.44,6.08,6.15,1.18,0.77,4.2,0.0,4.674365285634995,5.95,180.41,0.03959890571422875,nan
3179,104202240,22616.237,586,21.12,0.0,235.53,-0.007797113619744778,14.694816589355469,0.5078456997871399,0.0036502237554714156,0.03444671630859375,0.0003,0.21464848970863407,0.8368368368368369,3.79,0.67,1.49,5.97,6.15,1.16,0.8,4.19,0.0,4.657941795885563,5.83,179.09,0.0361576653085649,nan
3180,104235008,22673.663,586,19.14,0.0,213.2,-0.004943349398672581,14.102516174316406,0.50661301612854,0.002143287035664798,0.02048492431640625,0.0003,0.22864930345245305,0.8178807947019867,4.17,0.54,1.24,5.37,5.41,1.08,0.64,3.69,0.0,4.13258412629366,5.27,162.88,0.03514793119393289,nan
3181,104267776,22727.951,586,21.78,0.0,250.66,-0.010944662615656853,15.979766845703125,0.5103577971458435,0.0031492714375644937,0.02619171142578125,0.0003,0.2133087848500789,0.8250244379276638,4.22,0.53,1.59,6.46,6.44,1.14,0.83,4.47,0.01,4.784429446160793,5.76,186.12,0.03910402790643275,nan
3182,104300544,22785.726,586,19.6,0.0,212.39,-0.007510158699005842,14.477806091308594,0.5278205275535583,0.0024663937275590797,0.021728515625,0.0003,0.19724904887328065,0.8371837183718371,3.71,0.46,1.29,5.68,5.67,0.94,0.68,4.05,0.0,4.235543218851089,5.02,164.54,0.03884902026038617,nan
3183,104333312,22845.398,586,20.1,0.0,213.81,-0.004594846628606319,16.416826248168945,0.5681380033493042,0.0015498952315624592,0.0143280029296875,0.0003,0.22565320665083136,0.845225027442371,4.52,0.48,1.32,5.37,5.55,1.02,0.71,3.82,0.01,4.376513532996178,5.29,169.78,0.04451254499144852,nan
3184,104366080,22902.815,586,20.63,0.0,232.36,-0.00959753431379795,14.736698150634766,0.5162690877914429,0.002752117395289133,0.02133941650390625,0.0003,0.22342239909039227,0.8251308900523561,3.81,0.62,1.12,5.71,5.48,0.8,0.74,3.94,0.06,4.236556052863598,5.1,175.41,0.03996273688971996,nan
3185,104398848,22958.949,586,21.07,0.0,234.2,-0.005696827080100775,13.381304740905762,0.5294166207313538,0.0024997683771630363,0.0216522216796875,0.0003,0.2116952488051729,0.8149646107178968,4.44,0.59,1.29,5.83,5.77,1.19,0.71,3.87,0.03,4.379814936518669,5.38,171.02,0.03841650113463402,nan
3186,104431616,23017.61,586,19.26,0.0,215.07,-0.0054831188172101974,14.465209007263184,0.520683228969574,0.0020586146945333894,0.02016448974609375,0.0003,0.175,0.8387096774193549,3.37,0.57,1.29,5.6,5.64,0.98,0.66,4.0,0.04,4.2437048596888785,4.81,167.17,0.03752150840591639,nan
3187,104464384,23072.884,586,21.07,0.0,235.2,-0.006860100664198399,13.27874755859375,0.49317020177841187,0.0029632340739738083,0.030731201171875,0.0003,0.21021021021021022,0.8151609553478713,4.68,0.57,1.41,6.01,6.0,1.19,0.8,4.01,0.0,4.599767053574324,5.68,183.45,0.0425754381576553,nan
3188,104497152,23128.778,586,21.71,0.0,242.23,-0.011338956654071808,15.193550109863281,0.5230996608734131,0.0028935266980170127,0.02497100830078125,0.0003,0.20171081677704195,0.8216007714561234,4.31,0.72,1.27,6.12,5.99,0.86,0.8,4.33,0.06,4.599039899706841,5.38,184.23,0.038407615618780255,nan
3189,104529920,23185.651,586,20.18,0.0,215.9,-0.010302972048521042,17.963397979736328,0.5056822299957275,0.0034001770456484337,0.0274810791015625,0.0003,0.22181707687632937,0.8087774294670846,3.78,0.56,1.29,5.85,5.83,1.12,0.66,4.05,0.03,4.531640667915344,5.58,166.44,0.0407781460089609,nan
3190,104562688,23242.715,586,20.39,0.0,216.05,-0.008604761213064194,16.965496063232422,0.5125229358673096,0.0024345836377506203,0.024078369140625,0.0003,0.17285067873303167,0.7764578833693304,4.24,0.42,1.37,5.81,5.71,1.17,0.7,3.84,0.02,4.41604139149189,5.56,170.5,0.039581265300512314,nan
3191,104595456,23298.529,586,19.25,0.0,205.97,-0.0100200604647398,17.22417640686035,0.5247436761856079,0.0031603580936803155,0.02687835693359375,0.0003,0.17519142419601838,0.7842465753424658,3.8,0.51,1.2,5.28,5.32,1.02,0.56,3.74,0.01,4.0052866396307945,5.04,164.01,0.0400508240563795,nan
3192,104628224,23356.809,586,22.36,0.0,281.86,-0.002972419373691082,18.318477630615234,0.4664061367511749,0.003153600496140996,0.03488922119140625,0.0003,0.21177479279794226,0.796875,4.96,0.73,1.46,6.1,5.98,1.28,0.89,3.81,0.01,4.640359239578247,6.14,185.72,0.03810407756827772,nan
3193,104660992,23411.008,586,20.42,0.0,221.33,-0.0128608588129282,15.333685874938965,0.48179489374160767,0.0032656439066727216,0.02780914306640625,0.0003,0.20650921658986174,0.7962962962962963,4.27,0.54,1.48,5.84,5.91,1.2,0.77,3.94,0.02,4.3814632385969166,5.84,174.58,0.04111257626209408,nan
3194,104693760,23466.926,586,20.18,0.0,215.36,-0.007813184522092342,14.655911445617676,0.5120990872383118,0.0029584020730339944,0.02672576904296875,0.0003,0.1838768115942029,0.7976694915254238,4.04,0.61,1.36,5.46,5.31,1.1,0.7,3.51,0.0,3.986950400471687,5.38,169.02,0.03713138657622039,nan
3195,104726528,23525.347,586,23.22,0.0,241.08,-0.008064430207014084,16.111923217773438,0.48511844873428345,0.002686112291428344,0.02172088623046875,0.0003,0.2215154867256637,0.7739791073124407,4.97,0.6,1.38,6.41,6.37,1.21,0.85,4.31,0.04,4.986079471111298,6.05,188.42,0.0413873209618032,nan
3196,104759296,23579.57,586,19.78,0.0,214.92,-0.009552910923957825,15.192699432373047,0.4828185439109802,0.0032476391332920684,0.02959442138671875,0.0003,0.1756998213222156,0.7826564215148188,3.86,0.47,1.21,5.39,5.42,0.96,0.66,3.8,0.05,4.165456638336182,5.17,170.06,0.03514757310040295,nan
3197,104792064,23636.842,586,21.18,0.0,252.41,-0.010994537733495235,15.775039672851562,0.4832932949066162,0.003341314428041642,0.03098297119140625,0.0003,0.23654390934844194,0.77601585728444,3.92,0.7,1.3,5.98,6.1,0.95,0.84,4.31,0.05,4.623296272307634,5.53,180.5,0.03894044575281441,nan
3198,104824832,23695.708,586,21.83,0.0,231.47,-0.00823565199971199,18.14706039428711,0.5029172301292419,0.0025087063978617152,0.02092742919921875,0.0003,0.18711656441717792,0.7740058195926285,4.28,0.52,1.54,6.27,6.55,1.21,0.82,4.52,0.02,4.96090737119317,5.87,185.13,0.04375567857641727,nan
3199,104857600,23754.323,586,19.86,0.0,219.93,-0.00766381062567234,15.889508247375488,0.5173293352127075,0.001998673550872354,0.0198516845703125,0.0003,0.21552221581073283,0.8173374613003096,3.98,0.56,1.28,5.65,5.72,1.11,0.72,3.89,0.0,4.273484821915627,5.36,170.1,0.04023478436283767,nan
3200,104890368,23812.849,586,20.54,0.0,214.51,-0.012493740767240524,13.27737045288086,0.5010367035865784,0.003158863811449919,0.02753448486328125,0.0003,0.14887126296522268,0.7828389830508474,4.04,0.51,1.26,5.74,5.82,0.97,0.8,4.05,0.01,4.439150760769844,5.19,171.77,0.04204055666923523,nan
3201,104923136,23868.713,586,20.19,0.0,225.62,-0.007957609370350838,13.786785125732422,0.5147587060928345,0.0023547528316498756,0.02202606201171875,0.0003,0.1860929039612425,0.7801724137931034,4.02,0.47,1.33,5.66,5.63,1.01,0.65,3.97,0.0,4.455911827683448,5.45,166.54,0.04082536499481648,nan
3202,104955904,23922.929,586,22.38,0.0,244.06,-0.011577727273106575,14.719408988952637,0.5258735418319702,0.0025968420966364647,0.0220947265625,0.0003,0.20548317046688383,0.7891221374045801,4.87,0.66,1.58,6.28,6.17,1.1,0.83,4.24,0.04,4.6188620433211325,6.33,189.67,0.04192844417411834,nan
3203,104988672,23977.857,586,19.43,0.0,234.61,-0.008705193176865578,15.197534561157227,0.5252739191055298,0.003082907427256032,0.0284881591796875,0.0003,0.19342417061611375,0.7750791974656811,3.89,0.48,1.23,5.71,5.65,0.97,0.6,4.08,0.05,4.23616826415062,4.98,168.02,0.0397106345044449,nan
3204,105021440,24036.743,586,22.87,0.0,244.38,-0.008695910684764385,15.8455810546875,0.505895733833313,0.0026032140884240107,0.025787353515625,0.0003,0.18029236599891715,0.7738883632923368,5.58,0.58,1.42,6.43,6.33,1.04,0.91,4.38,0.0,4.958198961615563,6.09,188.18,0.040815601823851466,nan
3205,105054208,24093.042,586,21.51,0.0,236.38,-0.008888736367225647,15.183013916015625,0.4897858202457428,0.0018806705543283897,0.0170135498046875,0.0003,0.18861209964412812,0.7866531850353893,4.29,0.57,1.34,6.14,6.0,1.06,0.72,4.22,0.01,4.697991427630186,5.55,186.38,0.0386247297283262,nan
3206,105086976,24151.223,586,21.05,0.0,222.4,-0.013812475837767124,13.892263412475586,0.5180640816688538,0.003756551337687597,0.0306549072265625,0.0003,0.17699115044247787,0.7826541274817137,4.78,0.57,1.07,5.78,5.85,0.93,0.78,4.14,0.0,4.508757623285055,5.32,173.35,0.03791037236806005,nan
3207,105119744,24209.876,586,19.96,0.0,215.62,-0.011340619996190071,15.752742767333984,0.511286735534668,0.0043193742169478355,0.0314178466796875,0.0003,0.20076877587226494,0.7836691410392365,4.11,0.42,1.16,5.6,5.56,0.91,0.66,3.99,0.03,4.188493022322655,5.17,170.61,0.040843735449016094,nan
3208,105152512,24269.091,585,19.79,0.0,215.74,-0.009228591807186604,16.29889678955078,0.4941014349460602,0.003242953497306189,0.031036376953125,0.0003,0.21941805225653208,0.7947916666666667,4.01,0.59,1.24,5.54,5.45,0.97,0.69,3.79,0.0,4.276511308550835,5.06,169.65,0.0386125958757475,nan
3209,105185280,24323.776,586,20.94,0.0,232.26,-0.005871801637113094,15.450447082519531,0.5045031309127808,0.0023408776198152736,0.024322509765625,0.0003,0.2026875699888018,0.790258449304175,3.75,0.59,1.47,6.04,5.93,1.16,0.68,4.09,0.01,4.532877366244793,5.73,178.36,0.03982681850902736,nan
3210,105218048,24380.206,586,19.68,0.0,219.51,-0.009053638204932213,13.889386177062988,0.518512487411499,0.0021110804847239706,0.01903533935546875,0.0003,0.17030939540164633,0.7861080485115767,3.76,0.48,1.31,5.77,5.91,1.13,0.69,4.09,0.02,4.476670081913471,5.37,171.76,0.04134108207654208,nan
3211,105250816,24435.959,586,19.63,0.0,215.61,-0.005267880856990814,14.655586242675781,0.5047794580459595,0.0020127268778225016,0.01836395263671875,0.0003,0.21384990848078098,0.7922497308934338,4.11,0.65,1.25,5.27,5.24,1.04,0.63,3.57,0.0,4.02591876924038,5.4,161.76,0.03840735333506018,nan
3212,105283584,24491.404,586,22.11,0.0,240.08,-0.009460115805268288,13.046456336975098,0.47861939668655396,0.0038616611020643177,0.03366851806640625,0.0003,0.19586799034075664,0.7877041306436119,4.49,0.5,1.53,6.49,6.63,1.34,0.87,4.42,0.02,5.039302391409874,5.95,181.94,0.04010239918716252,nan
3213,105316352,24546.7,586,21.58,0.0,229.63,-0.00664926040917635,14.508588790893555,0.49657541513442993,0.004315579746730691,0.03753662109375,0.0003,0.23905723905723905,0.8235897435897436,4.9,0.6,1.29,6.06,6.06,1.04,0.8,4.22,0.0,4.563775864243508,5.57,179.65,0.03890891757328063,nan
3214,105349120,24603.195,586,21.28,0.0,228.48,-0.006704716011881828,12.635303497314453,0.49473345279693604,0.003520309348232331,0.03557586669921875,0.0003,0.18760469011725292,0.8059855521155831,3.9,0.61,1.28,6.31,6.43,1.14,0.88,4.41,0.02,5.006869647800922,5.57,178.1,0.037354410043917596,nan
3215,105381888,24663.258,585,19.9,0.0,214.14,-0.010196022689342499,18.44125747680664,0.49907758831977844,0.0023427048173516596,0.0219879150390625,0.0003,0.22031860535016531,0.7915766738660908,4.01,0.57,1.28,5.69,5.64,1.17,0.64,3.83,0.01,4.268264223188162,5.09,165.11,0.03718429815489799,nan
3216,105414656,24718.586,585,18.93,0.0,209.2,-0.011929732747375965,16.386476516723633,0.5259987711906433,0.003751929957275024,0.02817535400390625,0.0003,0.2331121833534379,0.8065573770491803,3.63,0.5,1.24,5.27,5.4,1.11,0.61,3.68,0.01,4.1043146362900735,4.82,165.85,0.0347237991518341,nan
3217,105447424,24776.029,585,19.68,0.0,212.76,-0.008750171400606632,16.22149658203125,0.5051201581954956,0.002619637281782161,0.02359771728515625,0.0003,0.21157270029673592,0.7574094401756312,3.38,0.44,1.11,5.29,5.23,0.9,0.67,3.66,0.0,3.9079726553708314,5.0,163.27,0.03452522907173261,nan
3218,105480192,24831.994,585,21.2,0.0,238.96,-0.008130282163619995,17.597620010375977,0.5046021938323975,0.003040805500120314,0.02716064453125,0.0003,0.24311565696302123,0.7698334965719883,4.38,0.55,1.35,5.99,6.13,0.89,0.71,4.53,0.02,4.518114697486162,5.66,177.53,0.037699692766182125,nan
3219,105512960,24887.101,585,21.19,0.0,228.32,-0.008504520170390606,12.886675834655762,0.5083330869674683,0.002718356934735766,0.025909423828125,0.0003,0.2203486710488711,0.7922465208747514,4.27,0.68,1.28,5.86,5.85,1.07,0.72,4.06,0.0,4.506524755954742,5.52,170.17,0.03636303619714454,nan
3220,105545728,24939.523,585,19.34,0.0,220.5,-0.008189104497432709,13.793105125427246,0.507148802280426,0.002536007215837799,0.0284423828125,0.0003,0.2446777486147565,0.8024149286498353,3.73,0.48,1.11,5.66,5.64,0.89,0.69,4.06,0.02,4.3115123295784,4.95,166.38,0.03891648130957037,nan
3221,105578496,24993.947,586,21.75,0.0,240.05,-0.009656887501478195,15.84653091430664,0.5216064453125,0.0029027525323215286,0.02704620361328125,0.0003,0.22613065326633167,0.7928363988383349,5.11,0.57,1.24,6.37,6.41,1.06,0.84,4.51,0.01,4.76233729660511,5.41,178.48,0.035175811615772545,nan
3222,105611264,25049.716,586,19.45,0.0,216.45,-0.0026628829073160887,14.490560531616211,0.5534752011299133,0.004002749928872618,0.0365142822265625,0.0003,0.23311296349525726,0.790096878363832,4.02,0.42,1.2,5.23,5.54,1.0,0.58,3.96,0.01,4.18799369186163,4.94,164.29,0.03875622258055955,nan
3223,105644032,25105.767,586,19.94,0.0,217.47,-0.009852827526628971,13.218888282775879,0.5184050798416138,0.0025922162365645818,0.02404022216796875,0.0003,0.21288272674754477,0.7989304812834225,4.41,0.48,1.08,5.34,5.73,0.97,0.65,4.11,0.01,4.196847460269928,4.82,164.41,0.03260993887670338,nan
3224,105676800,25160.895,586,22.08,0.0,239.16,-0.008005285635590553,16.737525939941406,0.495954692363739,0.0029593340110807276,0.0279541015625,0.0003,0.18240044555834029,0.7964774951076321,5.2,0.46,1.46,6.2,6.26,1.05,0.84,4.37,0.01,4.80731464445591,5.71,176.5,0.040520104579627514,nan
3225,105709568,25214.551,586,19.63,0.0,216.31,-0.00513576902449131,14.940616607666016,0.5333276987075806,0.0032821864416945346,0.03379058837890625,0.0003,0.23248314277338025,0.7943722943722944,4.09,0.54,1.23,5.45,5.54,1.02,0.6,3.92,0.01,4.045433226674795,5.19,165.75,0.03873936447780579,nan
3226,105742336,25269.452,586,21.65,0.0,246.1,-0.00843863096088171,16.74077606201172,0.5099858045578003,0.0023917813324487724,0.0212249755859375,0.0003,0.1926605504587156,0.7980295566502463,4.71,0.62,1.38,5.69,5.65,1.15,0.72,3.78,0.0,4.261899861693382,5.75,170.97,0.03467687236843631,nan
3227,105775104,25326.374,586,23.29,0.0,253.94,-0.00904139131307602,12.526026725769043,0.4999426603317261,0.003215202020982133,0.02947235107421875,0.0003,0.18737166324435317,0.7983425414364641,5.34,0.83,1.37,6.31,6.4,1.13,0.81,4.46,0.0,4.817472705841064,5.81,185.85,0.037786144646815956,nan
3228,105807872,25379.372,586,21.47,0.0,232.67,-0.007277221418917179,15.712820053100586,0.5124601721763611,0.003576673400374375,0.03269195556640625,0.0003,0.20219966159052452,0.7963525835866262,4.89,0.58,1.41,5.78,6.23,1.22,0.89,4.12,0.01,4.775780130028725,5.56,172.06,0.03572584013454616,nan
3229,105840640,25433.838,586,20.25,0.0,228.59,-0.00995346624404192,16.527790069580078,0.5116832852363586,0.0037588671167156917,0.033905029296875,0.0003,0.1902552204176334,0.7543478260869565,4.45,0.59,1.24,5.53,5.62,1.02,0.66,3.94,0.03,4.130029639005661,5.05,165.52,0.03606190124992281,nan
3230,105873408,25489.959,586,20.28,0.0,225.93,-0.011438397690653801,17.846256256103516,0.49374690651893616,0.005663303112555695,0.04387664794921875,0.0003,0.18855873368508747,0.7987804878048781,4.53,0.58,1.38,5.58,5.4,1.06,0.72,3.62,0.01,4.036001655459404,5.45,164.92,0.034457693283911794,nan
3231,105906176,25544.953,586,21.25,0.0,239.22,-0.009427024982869625,14.697935104370117,0.5301249623298645,0.004848017303004326,0.04337310791015625,0.0003,0.22817133443163098,0.804950495049505,5.01,0.68,1.45,5.99,6.03,1.18,0.76,4.09,0.0,4.546970633268356,5.75,175.05,0.03745594550855458,nan
