iter,global_step,wall_seconds,sps,ep_ret,win,ep_len,pg,v,ent,kl,clipfrac,lr,energy_unspent,card_take
300,8880128,57.374,571,20.44,0.0,217.77,-0.007182946428656578,0.9259188771247864,0.5752245187759399,0.004730812506778648,0.04579925537109375,0.0006,0.1912867859203693,0.6373056994818653
301,8912896,121.253,540,20.95,0.0,221.94,-0.005305456928908825,0.9136266708374023,0.5852177143096924,0.002088548147696656,0.0228424072265625,0.0006,0.2340484814711619,0.6364551863041289
302,8945664,188.996,520,20.6,0.0,213.21,-0.010662660002708435,0.9834574460983276,0.5602445602416992,0.0032927334073349357,0.03032684326171875,0.0006,0.21317157712305027,0.6648879402347919
303,8978432,248.583,527,20.14,0.0,205.85,-0.01059792097657919,0.9538125991821289,0.5495693683624268,0.004565244973321114,0.04061126708984375,0.0006,0.17557251908396945,0.665943600867679
304,9011200,317.191,516,21.17,0.0,230.84,-0.007998848333954811,1.2009668350219727,0.5477653741836548,0.004524453016905738,0.04123687744140625,0.0006,0.22926829268292684,0.6493092454835282
305,9043968,385.088,510,20.45,0.0,229.92,-0.011479409411549568,1.0252199172973633,0.5599026083946228,0.002528653882677645,0.02367401123046875,0.0006,0.21270801815431165,0.6388308977035491
306,9076736,454.007,505,22.01,0.0,221.36,-0.012438601814210415,1.0607609748840332,0.5645368099212646,0.003424524440077903,0.03360748291015625,0.0006,0.23300691244239632,0.6538839724680433
307,9109504,523.856,500,20.5,0.0,216.84,-0.012623226270079613,1.191131353378296,0.5805623531341553,0.0031927679788736896,0.02919769287109375,0.0006,0.2107257359370446,0.6422764227642277
308,9142272,593.987,496,21.73,0.0,226.71,-0.012559296563267708,0.9237847328186035,0.564325749874115,0.004455814320721174,0.039581298828125,0.0006,0.20455840455840457,0.6640851887705711
309,9175040,656.186,499,21.76,0.0,225.58,-0.00873477105051279,0.964011013507843,0.5416713953018188,0.003159880665165815,0.02878570556640625,0.0006,0.1792717086834734,0.6466019417475728
310,9207808,725.129,497,21.85,0.0,226.71,-0.004699073266237974,0.8466225862503052,0.5768194794654846,0.0029740524772563504,0.02819061279296875,0.0006,0.22872490811422108,0.6634050880626223
311,9240576,792.384,496,23.4,0.0,245.06,-0.011815603822469711,0.8132237195968628,0.5357865691184998,0.005277807972632331,0.045745849609375,0.0006,0.16447021613073273,0.662962962962963
312,9273344,857.087,497,21.11,0.0,216.11,-0.010600808076560497,1.413965106010437,0.5547897815704346,0.003478952286286585,0.0338134765625,0.0006,0.20730994152046783,0.6687116564417178
313,9306112,926.269,495,21.84,0.0,222.97,-0.015748921781778336,1.3795236349105835,0.5812156200408936,0.0036794371662836056,0.03357696533203125,0.0006,0.2715099715099715,0.618
314,9338880,986.362,498,20.07,0.0,205.51,-0.0038056625053286552,1.3317019939422607,0.536363959312439,0.0037204191298840783,0.03318023681640625,0.0006,0.2355798421372192,0.672886937431394
315,9371648,1053.664,497,20.28,0.0,210.39,-0.008747170679271221,1.0169602632522583,0.5527493953704834,0.00277405037515166,0.0293426513671875,0.0006,0.20634450044470798,0.6800825593395253
316,9404416,1117.211,498,20.28,0.0,212.38,-0.008086067624390125,1.2070066928863525,0.5960406064987183,0.001743399327295947,0.0168304443359375,0.0006,0.22348154606219123,0.6895833333333333
317,9437184,1176.506,501,21.46,0.0,224.73,-0.007083911448717117,0.9881690740585327,0.5700322389602661,0.00201193173501224,0.01966094970703125,0.0006,0.18937903905591458,0.6746871992300288
318,9469952,1246.807,499,21.4,0.0,226.87,-0.009916159324347973,1.0597987174987793,0.5596383213996887,0.0036724998444412904,0.0355377197265625,0.0006,0.19604566972988025,0.672514619883041
319,9502720,1319.471,496,22.13,0.01,225.25,-0.012260261923074722,1.1130441427230835,0.5543117523193359,0.004562440643340437,0.03955841064453125,0.0006,0.23052959501557632,0.6535947712418301
320,9535488,1396.848,492,20.26,0.0,208.43,-0.009633800014853477,1.0188580751419067,0.5816709399223328,0.0027266646656869398,0.02672576904296875,0.0006,0.19353855531850045,0.6666666666666666
321,9568256,1453.5,495,21.52,0.0,226.36,-0.006439754739403725,0.7921661138534546,0.5729228258132935,0.001711809892981364,0.01641845703125,0.0006,0.1709425543781372,0.670020120724346
322,9601024,1511.167,498,23.08,0.01,239.77,-0.008016643114387989,1.097135066986084,0.5582665801048279,0.0029071625235701504,0.02667999267578125,0.0006,0.1972972972972973,0.6597096188747731
323,9633792,1569.365,501,21.62,0.0,230.27,-0.011041446588933468,0.710434079170227,0.5453168153762817,0.0037447090703395247,0.03182220458984375,0.0006,0.12769532343881265,0.674373795761079
324,9666560,1640.115,499,22.08,0.0,237.18,-0.013593262992799282,0.9314730167388916,0.5852851867675781,0.004793494607952198,0.03745269775390625,0.0006,0.19437619437619438,0.6489262371615313
325,9699328,1708.655,498,20.68,0.0,219.74,-0.006403747946023941,0.9917987585067749,0.6066707372665405,0.004519961533105743,0.0401153564453125,0.0006,0.2063312605992086,0.650261780104712
326,9732096,1783.255,496,21.87,0.0,232.14,-0.0123142059892416,0.8676311373710632,0.5789180994033813,0.003953728312410476,0.03746795654296875,0.0006,0.18408096280087527,0.6440349175557711
327,9764864,1861.119,492,21.94,0.01,225.42,-0.009385812096297741,1.1639751195907593,0.5727697610855103,0.003522809985950559,0.03330230712890625,0.0006,0.23354984467664502,0.6796875
328,9797632,1928.425,492,22.32,0.01,240.44,-0.00996986124664545,0.9078638553619385,0.5719214677810669,0.005208368359461701,0.0446014404296875,0.0006,0.18768096867596737,0.653393665158371
329,9830400,2007.429,489,20.21,0.0,215.41,-0.0024029628839343786,0.9885351657867432,0.5937991142272949,0.002949615365196223,0.02822113037109375,0.0006,0.2129521586931155,0.6663124335812965
330,9863168,2084.739,487,21.65,0.0,228.15,-0.009363721124827862,0.9624614119529724,0.5998900532722473,0.004676937784722668,0.04076385498046875,0.0006,0.22695820647661225,0.6598240469208211
331,9895936,2156.47,486,20.96,0.0,220.88,-0.01336656603962183,0.999322772026062,0.6118088960647583,0.004190226542107212,0.0412750244140625,0.0006,0.26685393258426965,0.6801661474558671
332,9928704,2236.979,483,20.22,0.0,212.86,-0.005143268965184689,0.9909954071044922,0.61431884765625,0.003433139718737266,0.0368499755859375,0.0006,0.21227768215720022,0.6917372881355932
333,9961472,2313.019,481,23.1,0.0,271.13,-0.010344486683607101,0.8529627323150635,0.6090981960296631,0.002895245112377154,0.0255126953125,0.0006,0.20168927565907346,0.6955307262569832
334,9994240,2393.164,479,20.92,0.0,224.63,-0.012100047431886196,1.171308159828186,0.594914436340332,0.0034665670332287846,0.03182220458984375,0.0006,0.23192855149316216,0.6994106090373281
335,10027008,2491.376,473,20.98,0.0,228.16,-0.005997896660119295,0.9347795248031616,0.6332497596740723,0.004181780072272545,0.03670501708984375,0.0006,0.22610595303113054,0.6714579055441479
336,10059776,2590.84,467,21.76,0.0,235.66,-0.012625058181583881,1.1916136741638184,0.6391175985336304,0.003591177934779921,0.03781890869140625,0.0006,0.2341227125941873,0.7017716535433071
337,10092544,2691.151,462,20.33,0.0,221.31,-0.004467886872589588,1.066601276397705,0.6358659267425537,0.005118021593588651,0.0514984130859375,0.0006,0.26771212545505463,0.6559485530546624
338,10125312,2787.59,458,21.52,0.0,238.86,-0.011273292824625969,0.9275616407394409,0.6116281151771545,0.0036242539736406343,0.03643035888671875,0.0006,0.20338548345729673,0.6811451135241856
339,10158080,2876.731,455,20.74,0.0,228.17,-0.011303502134978771,1.2478196620941162,0.6114784479141235,0.003435667145311072,0.03572845458984375,0.0006,0.24382885353812397,0.688708036622584
340,10190848,2964.012,453,19.85,0.0,216.11,-0.012365635484457016,0.9401311278343201,0.6185822486877441,0.005202294821401665,0.0430145263671875,0.0006,0.21033314511575382,0.6747881355932204
300,8880128,57.399,570,20.44,0.0,217.77,-0.00704086571931839,0.9260453581809998,0.5746026039123535,0.004740545387932116,0.04582977294921875,0.0006,0.1912867859203693,0.6373056994818653
301,8912896,119.042,550,20.73,0.0,219.79,-0.007296716794371605,0.8767203092575073,0.5637024641036987,0.0020839940245309663,0.02181243896484375,0.0006,0.22094651358162978,0.6366396761133604
302,8945664,181.122,542,22.31,0.01,229.3,-0.005537545308470726,0.9928427934646606,0.5540502071380615,0.0013595959074450548,0.01334381103515625,0.0006,0.22667780562517403,0.6715542521994134
340,10190848,54.083,605,20.72,0.01,227.22,-0.0051849279552698135,0.8774924874305725,0.6562209725379944,0.004810712270142403,0.04697418212890625,0.0006,0.1664425920946491,0.6683518705763397
341,10223616,114.077,574,22.3,0.0,242.01,-0.006815540604293346,0.7621253728866577,0.6248795986175537,0.003403498846751063,0.03394317626953125,0.0006,0.1710114702815433,0.687199230028874
342,10256384,175.677,559,21.24,0.0,236.64,-0.011573674157261848,1.0749199390411377,0.6409832239151001,0.003588173544372353,0.0370635986328125,0.0006,0.18716861081654296,0.6848659003831418
343,10289152,236.756,553,21.3,0.0,227.73,-0.014863694086670876,0.7790781855583191,0.6300005316734314,0.006143340039969303,0.054840087890625,0.0006,0.19589603283173734,0.6758130081300813
344,10321920,296.791,552,20.34,0.01,245.36,-0.013360781595110893,1.011878490447998,0.6164902448654175,0.0054594339816844695,0.04700469970703125,0.0006,0.18712493180578288,0.6645898234683282
345,10354688,360.375,545,20.26,0.0,217.44,-0.009594975039362907,0.8634246587753296,0.6487650871276855,0.005993878658813401,0.05419921875,0.0006,0.18643117465657416,0.708113804004215
346,10387456,428.459,535,21.03,0.0,225.41,-0.0077859582379460335,1.1891696453094482,0.6362941265106201,0.004006222328087006,0.0420684814453125,0.0006,0.21951219512195122,0.6812749003984063
347,10420224,494.138,530,19.68,0.0,212.73,-0.005354733671993017,1.0925953388214111,0.6339767575263977,0.0033588542760867313,0.03270721435546875,0.0006,0.25539160045402953,0.6908315565031983
348,10452992,554.262,532,22.13,0.0,236.36,-0.012404454872012138,0.9603760242462158,0.6028311252593994,0.0029716405156818837,0.03141021728515625,0.0006,0.23436650353452965,0.687
349,10485760,615.744,532,22.81,0.0,245.76,-0.00614041555672884,0.7834316492080688,0.6033097505569458,0.005202803472215578,0.0422821044921875,0.0006,0.19808141042260824,0.6954459203036053
350,10518528,681.505,528,23.07,0.0,244.36,-0.011890646070241928,0.8787229657173157,0.5974553227424622,0.00529623783131683,0.046234130859375,0.0006,0.21958925750394945,0.6875584658559402
351,10551296,747.001,526,22.58,0.01,242.92,-0.010709677822887897,1.0239176750183105,0.5918243527412415,0.002957214243096473,0.03206634521484375,0.0006,0.19248826291079812,0.6416510318949343
352,10584064,807.139,527,24.65,0.0,288.57,-0.01192877534776926,0.7768926620483398,0.5895130634307861,0.0053946098354913374,0.05287933349609375,0.0006,0.1960639606396064,0.6707317073170732
353,10616832,870.713,526,20.98,0.0,227.48,-0.006797454785555601,1.0227935314178467,0.6184471845626831,0.004689311551487663,0.04796600341796875,0.0006,0.2714404662781016,0.6522613065326633
354,10649600,935.485,525,21.29,0.0,253.58,-0.01051093079149723,1.0619254112243652,0.6415757536888123,0.00482776118349193,0.04619598388671875,0.0006,0.21632196757965344,0.6830225711481845
355,10682368,999.817,524,19.97,0.01,215.39,-0.01612577587366104,1.5414263010025024,0.5947829484939575,0.006704670299825466,0.0573577880859375,0.0006,0.3067047075606277,0.6496272630457934
356,10715136,1063.087,523,22.63,0.0,247.91,-0.00530770281329751,1.0092579126358032,0.613472044467926,0.005277759432345874,0.05469512939453125,0.0006,0.2458592132505176,0.6718903036238981
357,10747904,1123.852,524,22.06,0.0,241.08,-0.010745562613010406,0.8201320171356201,0.6195583343505859,0.002781846192291937,0.02718353271484375,0.0006,0.22820712984647412,0.6666666666666666
358,10780672,1188.011,524,22.32,0.0,247.26,-0.009763555601239204,0.7628470063209534,0.6158154606819153,0.003275840715389222,0.030487060546875,0.0006,0.17750126968004062,0.6827852998065764
359,10813440,1245.883,526,21.51,0.0,239.45,-0.013604333624243736,0.804564356803894,0.6215360164642334,0.005730141220908536,0.051971435546875,0.0006,0.18726985796948975,0.6783284742468416
360,10846208,1313.09,524,20.81,0.0,222.33,-0.012401429936289787,1.0598466396331787,0.5955083966255188,0.0049344079811248776,0.04052734375,0.0006,0.19293855991103698,0.6963350785340314
361,10878976,1369.348,526,21.1,0.0,229.6,-0.009849397465586662,1.0112388134002686,0.5865125060081482,0.003723699281579229,0.03591156005859375,0.0006,0.16295491580662683,0.6897233201581028
362,10911744,1427.175,528,22.6,0.0,243.03,-0.01314995065331459,1.0274583101272583,0.5742267966270447,0.0050354410555826234,0.0431671142578125,0.0006,0.24262979389512132,0.7011605415860735
363,10944512,1486.425,529,22.37,0.01,235.82,-0.006501664873212576,1.0113232135772705,0.5923275947570801,0.0022719578576584354,0.02150726318359375,0.0006,0.20378890392422191,0.6867704280155642
364,10977280,1543.311,530,21.66,0.01,228.73,-0.011331770569086075,1.0249353647232056,0.6059552431106567,0.0030771013952062276,0.03127288818359375,0.0006,0.23045491691637157,0.6861386138613862
365,11010048,1601.057,532,22.58,0.0,242.74,-0.015630315989255905,1.0145585536956787,0.5882813930511475,0.005131806225818991,0.04468536376953125,0.0006,0.17207962283918282,0.7026532479414456
366,11042816,1660.819,532,23.18,0.0,247.66,-0.008760275319218636,0.8946857452392578,0.5755689144134521,0.004929979479300073,0.04239654541015625,0.0006,0.16596858638743456,0.6982520699172033
367,11075584,1723.635,532,21.53,0.0,230.42,-0.01384027861058712,0.9732027053833008,0.6176197528839111,0.008172962393160788,0.063751220703125,0.0006,0.19698216735253773,0.705242334322453
368,11108352,1783.222,532,22.47,0.0,236.7,-0.008394761011004448,0.996252179145813,0.6009206771850586,0.005140494360375669,0.04654693603515625,0.0006,0.20203099946552647,0.6880998080614203
369,11141120,1844.206,533,22.07,0.01,223.64,-0.007983970455825329,0.9668002724647522,0.5884017944335938,0.0038832206040524397,0.0360565185546875,0.0006,0.20695652173913043,0.7312252964426877
370,11173888,1903.545,533,23.05,0.0,239.07,-0.011484740301966667,1.1413695812225342,0.5712404251098633,0.002396053070413018,0.02278900146484375,0.0006,0.18862275449101795,0.719281663516068
371,11206656,1964.772,533,22.76,0.0,235.36,-0.00935320369899273,0.8837895393371582,0.5638656616210938,0.0040480318396021175,0.0367584228515625,0.0006,0.19939907129199672,0.7338935574229691
372,11239424,2026.922,533,22.92,0.0,242.55,-0.011422483250498772,1.0979974269866943,0.5792849063873291,0.0057922969199495355,0.05269622802734375,0.0006,0.22047670639219935,0.7017873941674506
373,11272192,2086.327,534,23.59,0.0,234.8,-0.009762725792825222,0.8660252094268799,0.5622422099113464,0.0058102433157500855,0.0474700927734375,0.0006,0.19402985074626866,0.7504690431519699
370,11173888,55.758,587,21.29,0.0,218.46,-0.009943123906850815,1.3948743343353271,0.6147875785827637,0.003038903523332692,0.0284423828125,0.0006,0.23331398723157284,0.6890927624872579
371,11206656,113.433,577,22.01,0.0,228.85,-0.005318609066307545,1.147402286529541,0.6019407510757446,0.007094683476978503,0.0556640625,0.0006,0.18357487922705315,0.7228571428571429
372,11239424,168.399,583,22.88,0.01,236.08,-0.011126823723316193,1.0386457443237305,0.5723837018013,0.007232036979530676,0.0574951171875,0.0006,0.17335865436787845,0.7227443609022557
373,11272192,221.199,592,22.89,0.0,236.45,-0.012404398992657661,1.0137510299682617,0.5831774473190308,0.005912674407426266,0.05237579345703125,0.0006,0.1951219512195122,0.68
374,11304960,276.787,591,21.76,0.0,232.85,-0.0096150953322649,1.0711712837219238,0.6092747449874878,0.002969400087664553,0.03115081787109375,0.0006,0.17079493087557604,0.7252747252747253
375,11337728,333.477,589,22.94,0.01,241.86,-0.011504529975354671,0.897295355796814,0.5913763046264648,0.0028802757486801056,0.0260772705078125,0.0006,0.13901837126405264,0.7291280148423006
376,11370496,387.38,592,23.0,0.0,238.36,-0.012795430608093739,1.0108792781829834,0.5563784837722778,0.004732657238633919,0.03917694091796875,0.0006,0.11521499448732084,0.7359187442289935
377,11403264,444.656,589,22.97,0.0,242.43,-0.011824799701571465,0.9761775732040405,0.559728741645813,0.005530374608213151,0.04659271240234375,0.0006,0.14820891441071918,0.7223230490018149
378,11436032,498.622,591,22.3,0.01,232.97,-0.012452872470021248,1.1155734062194824,0.529512882232666,0.004990586121124352,0.04541778564453125,0.0006,0.19506662886305642,0.7411545623836127
379,11468800,555.377,590,22.96,0.0,236.42,-0.010622814297676086,0.9670897722244263,0.537490725517273,0.006567031407087143,0.05657196044921875,0.0006,0.200055111600992,0.7328897338403042
380,11501568,612.758,588,22.31,0.0,235.61,-0.011121517047286034,1.0975701808929443,0.5573284029960632,0.0042001648822775906,0.04027557373046875,0.0006,0.18462401795735128,0.7049180327868853
381,11534336,670.023,586,22.89,0.01,238.93,-0.010926475748419762,1.1027299165725708,0.5631548166275024,0.0046722499341314006,0.042938232421875,0.0006,0.1970823011285439,0.726027397260274
382,11567104,725.813,586,20.83,0.02,219.41,-0.01384203601628542,1.3957890272140503,0.5903715491294861,0.005428083350238921,0.047332763671875,0.0006,0.21483001172332944,0.7021716649431231
383,11599872,786.914,582,21.2,0.0,226.23,-0.014924275688827038,1.474353313446045,0.5898996591567993,0.00537479197660673,0.0487213134765625,0.0006,0.26299435028248586,0.7107107107107107
384,11632640,843.081,583,19.92,0.0,204.79,-0.01297827810049057,1.7244560718536377,0.6030794382095337,0.007153496167447315,0.0623779296875,0.0006,0.2792657237436052,0.7323177366702938
385,11665408,899.581,582,18.73,0.0,200.09,-0.011325061321258545,1.5729196071624756,0.6300719976425171,0.00624575826390128,0.05400848388671875,0.0006,0.3155368926214757,0.7094515752625438
386,11698176,958.282,581,19.8,0.01,211.8,-0.010076763108372688,1.6000524759292603,0.6106183528900146,0.003907335867154416,0.0358428955078125,0.0006,0.34380403458213254,0.7250268528464017
387,11730944,1015.39,580,20.68,0.0,222.79,-0.01003879215568304,1.3333508968353271,0.5775173902511597,0.004433897531669118,0.0473175048828125,0.0006,0.3454443823365008,0.7114989733059548
388,11763712,1072.955,580,20.87,0.02,221.58,-0.00841587409377098,1.3672332763671875,0.5879389643669128,0.0019111561196893945,0.019683837890625,0.0006,0.2833617262918796,0.7368972746331237
389,11796480,1130.389,579,20.41,0.0,216.57,-0.008912460878491402,1.2650704383850098,0.6257630586624146,0.00293815735695091,0.02935028076171875,0.0006,0.3032440056417489,0.7170010559662091
390,11829248,1189.072,578,22.63,0.0,231.84,-0.01472001988440752,0.8831676244735718,0.5916093587875366,0.00509253907106455,0.04657745361328125,0.0006,0.24689655172413794,0.7576628352490421
391,11862016,1245.847,578,21.71,0.0,237.76,-0.006060800049453974,0.9033298492431641,0.6093947887420654,0.004013712916759005,0.04376983642578125,0.0006,0.20880330123796423,0.7633434038267876
392,11894784,1303.212,578,21.65,0.01,227.22,-0.010579884983599186,0.9514228105545044,0.5833075046539307,0.003619213985132319,0.03551483154296875,0.0006,0.20835654596100278,0.7517241379310344
393,11927552,1361.016,577,23.09,0.0,247.03,-0.015358930453658104,0.9306632280349731,0.5999859571456909,0.0046835696166454,0.0437164306640625,0.0006,0.21334734629532318,0.7681564245810056
394,11960320,1418.099,577,20.98,0.01,220.05,-0.012818562798202038,1.0202194452285767,0.5618407726287842,0.005763576531585102,0.05132293701171875,0.0006,0.27928447778418924,0.7803347280334728
395,11993088,1477.286,576,21.9,0.0,325.91,-0.011260885745286942,0.808068037033081,0.5592188835144043,0.005408289104394726,0.05132293701171875,0.0006,0.22689309576837416,0.7426614481409002
396,12025856,1535.79,576,19.87,0.03,221.24,-0.01707029901444912,1.3331650495529175,0.6149171590805054,0.006366773136207371,0.053131103515625,0.0006,0.2485414235705951,0.7458563535911602
397,12058624,1590.887,576,22.29,0.0,233.35,-0.010072937235236168,1.0489726066589355,0.587733268737793,0.00484703903123318,0.04528045654296875,0.0006,0.22724780701754385,0.7339015151515151
398,12091392,1644.29,577,22.87,0.0,246.53,-0.012436922639608383,0.9617512822151184,0.5747107267379761,0.004264087944704897,0.03385162353515625,0.0006,0.2017291066282421,0.7702089009990918
399,12124160,1697.521,579,22.72,0.0,241.38,-0.01674685627222061,0.8088573217391968,0.5899921655654907,0.007584421122516005,0.05644989013671875,0.0006,0.17150537634408602,0.7545289855072463
400,12156928,1753.937,579,23.47,0.0,250.15,-0.016331609338521957,0.992142915725708,0.5647958517074585,0.006534106370850168,0.0569610595703125,0.0006,0.2019407290847102,0.7493356953055802
401,12189696,1808.643,579,21.46,0.0,226.81,-0.014862466603517532,1.0141544342041016,0.5658055543899536,0.00553648062685852,0.0507659912109375,0.0006,0.19160326852634546,0.7727272727272727
402,12222464,1868.14,578,22.81,0.01,230.64,-0.01651841402053833,0.9055284261703491,0.5363797545433044,0.005765954693004005,0.05033111572265625,0.0006,0.18485273492286114,0.7413461538461539
403,12255232,1924.645,578,21.12,0.0,218.4,-0.009525730274617672,0.9053177833557129,0.5486559867858887,0.005337358368478817,0.04801177978515625,0.0006,0.1869680070443205,0.7697697697697697
404,12288000,1979.94,579,23.29,0.01,244.49,-0.010971514508128166,0.916597843170166,0.5642692446708679,0.008101731561964698,0.0576019287109375,0.0006,0.17092651757188498,0.7419056429232193
405,12320768,2035.712,579,24.34,0.0,256.21,-0.014125989750027657,0.7949192523956299,0.5134146213531494,0.006020219665288096,0.04932403564453125,0.0006,0.19872935196950445,0.7497835497835498
406,12353536,2092.385,579,21.9,0.01,237.8,-0.013453804887831211,0.8150321841239929,0.5518126487731934,0.005666761167617551,0.0459747314453125,0.0006,0.2030590717299578,0.7580037664783428
407,12386304,2146.386,580,21.03,0.0,226.15,-0.011949725449085236,0.9506815671920776,0.6041363477706909,0.004214359831905767,0.04265594482421875,0.0006,0.20039237668161436,0.7342799188640974
400,12156928,51.77,632,21.64,0.0,222.04,-0.01469497475773096,0.8351678848266602,0.6194383502006531,0.008446340824548315,0.0687103271484375,0.0006,0.16797752808988764,0.7602739726027398
401,12189696,105.948,618,23.33,0.0,248.83,-0.013890894129872322,0.7327114343643188,0.568566620349884,0.006884691208298932,0.05228424072265625,0.0006,0.18144116122343182,0.73224043715847
402,12222464,160.522,612,24.94,0.01,258.44,-0.009807401336729527,0.7354425191879272,0.5970689058303833,0.005433487161099038,0.0446319580078125,0.0006,0.17838809034907596,0.7467018469656992
403,12255232,215.287,608,25.22,0.01,269.2,-0.01386152021586895,0.8915672898292542,0.5634262561798096,0.007948167001870843,0.0539398193359375,0.0006,0.23475,0.7775905644481887
404,12288000,268.078,611,22.11,0.0,240.81,-0.013631589710712433,1.1501944065093994,0.5976130366325378,0.007910990305646237,0.062896728515625,0.0006,0.19203296703296704,0.7597340930674265
405,12320768,324.674,605,23.93,0.02,249.07,-0.017027463763952255,1.010689616203308,0.597370982170105,0.007324427902005937,0.05825042724609375,0.0006,0.2288770053475936,0.7217235188509874
406,12353536,379.045,605,20.86,0.01,220.62,-0.01041334867477417,1.026219129562378,0.6290656328201294,0.005573037518217916,0.051300048828125,0.0006,0.21457142857142858,0.7252066115702479
407,12386304,437.147,599,23.73,0.0,247.32,-0.013535598292946815,1.0164566040039062,0.5671492218971252,0.004487748744452347,0.03969573974609375,0.0006,0.16130732735898787,0.7303571428571428
408,12419072,491.939,599,23.08,0.0,256.39,-0.011212382465600967,1.1378576755523682,0.5658882260322571,0.004942618753034367,0.041107177734375,0.0006,0.19137749737118823,0.6951871657754011
409,12451840,551.122,594,21.82,0.0,238.77,-0.016047010198235512,0.9658239483833313,0.5876266360282898,0.005434676568199848,0.0449066162109375,0.0006,0.17882416984213392,0.7414122137404581
410,12484608,607.327,593,23.34,0.0,243.63,-0.01447240263223648,1.1118261814117432,0.5663588047027588,0.005940591136678108,0.0526580810546875,0.0006,0.18524416135881103,0.7218721872187218
411,12517376,662.612,593,21.77,0.0,228.44,-0.009710588492453098,1.0452759265899658,0.5851788520812988,0.0037706968778650207,0.0407257080078125,0.0006,0.17472118959107807,0.6755725190839694
412,12550144,719.927,591,24.64,0.0,253.81,-0.010338683612644672,1.0388717651367188,0.5800621509552002,0.006697150982141409,0.05205535888671875,0.0006,0.2180701305349373,0.7044079515989629
413,12582912,777.545,590,24.28,0.0,257.12,-0.00823187455534935,0.9033399224281311,0.586736261844635,0.006092041763963607,0.04987335205078125,0.0006,0.20082283363332476,0.7297527706734868
414,12615680,835.035,588,18.77,0.0,192.42,-0.00830054096877575,1.5154446363449097,0.5992674231529236,0.003801729886731664,0.0369415283203125,0.0006,0.25813728649693846,0.7258823529411764
415,12648448,888.617,590,19.86,0.0,212.12,-0.012300143018364906,1.1280556917190552,0.5870369672775269,0.007439607907400614,0.05605316162109375,0.0006,0.19763663220088626,0.7165271966527197
416,12681216,946.69,588,22.16,0.0,232.19,-0.011946389451622963,1.3854687213897705,0.6036447286605835,0.0052759658833281264,0.05173492431640625,0.0006,0.2619702806824436,0.7248255234297108
417,12713984,998.467,590,21.51,0.0,224.32,-0.014152364805340767,1.0430550575256348,0.5768436193466187,0.00504160775631135,0.045989990234375,0.0006,0.22031995509402189,0.7297560975609756
418,12746752,1051.149,592,21.25,0.0,215.91,-0.010274991393089294,1.0924732685089111,0.5913008451461792,0.004899771603732006,0.04248046875,0.0006,0.18350217076700434,0.7274611398963731
419,12779520,1109.735,590,22.23,0.0,234.1,-0.011523506604135036,1.175351858139038,0.5759832262992859,0.00445258290176298,0.039215087890625,0.0006,0.22165502418054808,0.7378731343283582
420,12812288,1165.186,590,23.47,0.01,239.7,-0.014081857167184353,0.9658539295196533,0.5577960014343262,0.006347191126508278,0.045928955078125,0.0006,0.20123755716976055,0.7185114503816794
421,12845056,1221.367,590,21.86,0.0,224.58,-0.00857608299702406,1.0023467540740967,0.5663886666297913,0.005152534857813862,0.04338836669921875,0.0006,0.2063537492844877,0.7243781094527363
422,12877824,1276.205,590,20.77,0.0,215.12,-0.011841636151075363,1.1371996402740479,0.5948358774185181,0.0044781367762993796,0.0382232666015625,0.0006,0.20389495426379464,0.6948453608247422
423,12910592,1332.256,590,21.85,0.0,225.37,-0.010772142559289932,0.8349684476852417,0.5715551376342773,0.004212189157442481,0.03839874267578125,0.0006,0.20252454417952315,0.7204301075268817
424,12943360,1389.149,589,20.55,0.0,216.13,-0.011400610208511353,1.1665130853652954,0.6056957244873047,0.009078113073215377,0.05847930908203125,0.0006,0.22873123344127172,0.7367864693446089
425,12976128,1445.327,589,23.97,0.0,247.47,-0.015586272813379765,1.1556072235107422,0.5631805658340454,0.006335031478784003,0.05188751220703125,0.0006,0.18627954779033915,0.7376902417188899
426,13008896,1501.334,589,22.18,0.0,226.84,-0.014530696906149387,1.0384328365325928,0.6074650287628174,0.00469197082077244,0.04399871826171875,0.0006,0.24835526315789475,0.7612225405921681
427,13041664,1556.631,589,24.19,0.0,249.41,-0.016279226168990135,0.8733441829681396,0.6005824208259583,0.007820447523698704,0.0568695068359375,0.0006,0.22134801993181222,0.762532981530343
428,13074432,1613.202,589,22.28,0.0,237.15,-0.012849031016230583,1.198897123336792,0.5914528965950012,0.004920857037689075,0.0437774658203125,0.0006,0.20886752136752137,0.7568093385214008
429,13107200,1669.658,588,21.5,0.0,228.98,-0.01577858440577984,1.0474687814712524,0.6299421787261963,0.00768909344931501,0.06295013427734375,0.0006,0.21987373044194344,0.7487875848690592
430,13139968,1726.033,588,20.57,0.01,220.27,-0.012438887730240822,1.063954472541809,0.6290945410728455,0.0038539696209625163,0.03826141357421875,0.0006,0.25042301184433163,0.7230142566191446
431,13172736,1780.193,589,21.84,0.01,229.97,-0.015866093337535858,1.0617116689682007,0.6023999452590942,0.0058712769821909205,0.04779052734375,0.0006,0.21850123524567663,0.7557557557557557
432,13205504,1835.595,589,21.96,0.01,235.56,-0.014100337401032448,1.1793465614318848,0.600368082523346,0.006431443472308729,0.06011199951171875,0.0006,0.23142476697736353,0.7456310679611651
433,13238272,1890.719,589,23.21,0.02,238.28,-0.014330435544252396,0.9663476943969727,0.5705732703208923,0.005100529263472708,0.04810333251953125,0.0006,0.19773230088495575,0.7345454545454545
434,13271040,1945.741,589,23.76,0.01,244.82,-0.008965004235506058,0.9179958701133728,0.5773836970329285,0.0034464376538494434,0.03377532958984375,0.0006,0.19710378117457764,0.7386666666666667
435,13303808,2003.369,588,25.07,0.01,263.05,-0.009161037392914295,0.9536478519439697,0.5823587775230408,0.004069627454072133,0.03618621826171875,0.0006,0.2399704651735171,0.7194608256107835
436,13336576,2060.105,588,22.52,0.01,237.24,-0.01421819906681776,1.1256834268569946,0.577126681804657,0.0042334818330687085,0.041046142578125,0.0006,0.23045154185022027,0.71671388101983
437,13369344,2116.12,588,23.18,0.01,237.03,-0.010523954406380653,1.0485875606536865,0.6144214272499084,0.004564659177162866,0.042755126953125,0.0006,0.1999463950683463,0.7316849816849816
438,13402112,2172.124,588,21.49,0.01,226.62,-0.006222187075763941,1.0900294780731201,0.6105620861053467,0.002357150355919657,0.0240325927734375,0.0006,0.23021781086297216,0.7468599033816425
439,13434880,2226.248,588,22.84,0.0,240.84,-0.011492510326206684,0.8554840087890625,0.6214960813522339,0.004581038337903465,0.04271697998046875,0.0006,0.1819148936170213,0.7292817679558011
440,13467648,2281.046,588,22.91,0.0,241.62,-0.011867116205394268,0.7241860628128052,0.5992287397384644,0.0065993955353178535,0.0596160888671875,0.0006,0.15949300237655137,0.710820895522388
441,13500416,2338.255,588,22.61,0.0,234.37,-0.011366670951247215,0.9436858892440796,0.6051596403121948,0.004542459301120516,0.0430908203125,0.0006,0.2165797419709031,0.715219421101774
442,13533184,2392.676,588,22.97,0.0,248.92,-0.015588517300784588,1.0816210508346558,0.6176588535308838,0.004488984385147887,0.03977203369140625,0.0006,0.23499734466277217,0.6968325791855203
443,13565952,2450.852,588,21.58,0.0,227.89,-0.014986335299909115,1.2676652669906616,0.6275349855422974,0.005681684793700015,0.052215576171875,0.0006,0.2670470756062768,0.6942307692307692
444,13598720,2507.39,588,23.24,0.01,240.97,-0.009019818156957626,1.0984470844268799,0.5951789021492004,0.003370269711211904,0.03289794921875,0.0006,0.24819470446643488,0.7179253867151957
445,13631488,2564.017,587,22.67,0.0,232.67,-0.015404668636620045,1.252899408340454,0.6127889752388,0.0039444811079079045,0.03754425048828125,0.0006,0.22924791086350976,0.6992337164750958
446,13664256,2617.589,588,23.85,0.0,248.85,-0.01545268576592207,0.8069809079170227,0.5934872031211853,0.006917474863030293,0.05279541015625,0.0006,0.222019781363873,0.7277726856095326
447,13697024,2672.676,588,24.55,0.01,252.45,-0.013856238685548306,0.8916869163513184,0.5638934373855591,0.005550023557503891,0.04454803466796875,0.0006,0.21456744675256376,0.7338501291989664
448,13729792,2730.835,587,22.14,0.0,234.17,-0.012294435873627663,1.0313396453857422,0.5707915425300598,0.00402831531908987,0.03777313232421875,0.0006,0.2095291167456116,0.7075023741690408
449,13762560,2788.548,587,20.72,0.0,224.61,-0.016136938706040382,1.066866397857666,0.6265593767166138,0.004831683935776709,0.04467010498046875,0.0006,0.24856979405034324,0.7390862944162436
450,13795328,2844.096,587,23.79,0.0,249.71,-0.01576412096619606,0.9533470273017883,0.601555585861206,0.0066134421113019926,0.055816650390625,0.0006,0.19462193823216187,0.71875
451,13828096,2900.7,587,23.38,0.0,260.23,-0.01733509637415409,0.9198756217956543,0.602044939994812,0.0058339602942396596,0.048797607421875,0.0006,0.22085889570552147,0.7386569872958257
452,13860864,2958.396,587,23.9,0.0,246.75,-0.010834356769919395,0.895573616027832,0.5879213213920593,0.0056783038957632925,0.04634857177734375,0.0006,0.21142857142857144,0.6897179253867152
453,13893632,3013.038,587,22.2,0.02,233.04,-0.01238025538623333,1.0364375114440918,0.587055504322052,0.003688344610139893,0.0381317138671875,0.0006,0.21894794822362984,0.7492957746478873
454,13926400,3066.766,587,19.62,0.0,205.49,-0.009575910866260529,1.235184907913208,0.6172562837600708,0.0042209411832061505,0.04001617431640625,0.0006,0.24940898345153664,0.7123893805309734
455,13959168,3125.608,587,24.24,0.02,253.26,-0.015528557822108269,0.939542829990387,0.5680279731750488,0.005176285977313455,0.04297637939453125,0.0006,0.2104984093319194,0.7392449517120281
456,13991936,3181.773,587,21.82,0.0,228.41,-0.013086153194308281,0.964717447757721,0.5795173645019531,0.0050001243861999,0.0419464111328125,0.0006,0.2405099150141643,0.7303689687795648
457,14024704,3236.787,587,20.63,0.0,211.56,-0.014675762504339218,1.3127248287200928,0.6170192956924438,0.004737426771612263,0.0479583740234375,0.0006,0.27956989247311825,0.6915983606557377
458,14057472,3292.24,587,22.12,0.0,235.68,-0.017123211175203323,1.0770457983016968,0.6015508770942688,0.005349873404867367,0.05207061767578125,0.0006,0.2836653386454183,0.7342130065975495
459,14090240,3350.899,586,20.7,0.01,219.68,-0.010907008312642574,1.2238781452178955,0.5968327522277832,0.004599452008505978,0.04343414306640625,0.0006,0.261294964028777,0.7222222222222222
460,14123008,3410.919,586,23.28,0.0,243.53,-0.01268179714679718,1.0663366317749023,0.5559133291244507,0.005693702396683875,0.05339813232421875,0.0006,0.2281075326058025,0.7394881170018281
461,14155776,3467.676,585,21.93,0.01,231.06,-0.01527045015245676,1.0224230289459229,0.5697807669639587,0.0054972033077689275,0.04449462890625,0.0006,0.20576596947427925,0.7443396226415094
462,14188544,3526.097,585,21.23,0.0,226.5,-0.01209435984492302,1.16170334815979,0.555444598197937,0.006653732393488099,0.0561065673828125,0.0006,0.2654718566227947,0.744888023369036
463,14221312,3579.124,585,20.77,0.0,223.73,-0.013501033186912537,0.9741939306259155,0.5714877247810364,0.00548213539372,0.049407958984375,0.0006,0.18599439775910365,0.7600391772771793
464,14254080,3636.238,585,21.66,0.0,224.38,-0.01086961105465889,0.9584991335868835,0.5572648048400879,0.006352683754101918,0.048858642578125,0.0006,0.20425531914893616,0.753411306042885
465,14286848,3696.192,585,21.91,0.0,226.44,-0.014535760506987572,1.2118098735809326,0.5566595792770386,0.005461327685821971,0.04790496826171875,0.0006,0.20249221183800623,0.7699805068226121
466,14319616,3750.311,585,22.57,0.0,237.84,-0.015114763751626015,0.9432351589202881,0.5443821549415588,0.006066664005913935,0.04586029052734375,0.0006,0.18641737695903218,0.7187206020696143
467,14352384,3805.766,585,24.96,0.02,253.8,-0.013750400394201279,0.9796831607818604,0.5341149568557739,0.004589462634044139,0.04400634765625,0.0006,0.20626975763962066,0.7325483599663583
468,14385152,3860.193,585,24.14,0.0,248.43,-0.01317489705979824,0.9208686351776123,0.524183988571167,0.005046176529447166,0.045562744140625,0.0006,0.1812272490899636,0.7075555555555556
469,14417920,3914.047,586,23.95,0.0,254.46,-0.005701192654669285,0.9649056196212769,0.5348776578903198,0.0037757084527925144,0.03299713134765625,0.0006,0.21679586563307493,0.677158273381295
470,14450688,3967.853,586,22.97,0.0,244.15,-0.013206814415752888,1.055553913116455,0.5281051397323608,0.005557036263610371,0.0492095947265625,0.0006,0.1828240252897787,0.6894977168949772
471,14483456,4021.681,586,23.88,0.01,247.38,-0.012371055781841278,1.0689857006072998,0.5278854370117188,0.005854513620263901,0.0533447265625,0.0006,0.1722936763129689,0.6982456140350877
472,14516224,4075.334,586,23.31,0.02,238.2,-0.008831050246953964,1.265207290649414,0.5637732148170471,0.003740454113881242,0.0399322509765625,0.0006,0.24230145867098865,0.7214854111405835
473,14548992,4129.231,587,20.58,0.0,217.91,-0.017578087747097015,1.3668794631958008,0.562067985534668,0.00612775284912459,0.05251312255859375,0.0006,0.24611472167278892,0.7271794871794872
474,14581760,4182.377,587,23.55,0.0,245.22,-0.013775771483778954,0.8519960641860962,0.5319511890411377,0.006374426677723477,0.05859375,0.0006,0.239073196419168,0.7175090252707581
475,14614528,4243.055,586,22.32,0.01,231.57,-0.009181832894682884,1.031686544418335,0.5548895597457886,0.005470261389518782,0.05081939697265625,0.0006,0.25748832096729873,0.689922480620155
476,14647296,4293.866,587,22.97,0.0,237.11,-0.014916477724909782,0.9297537207603455,0.5189905166625977,0.004906746700754638,0.04322052001953125,0.0006,0.19004524886877827,0.6808905380333952
477,14680064,4346.082,588,24.24,0.0,352.96,-0.011124441400170326,0.8173985481262207,0.5120654106140137,0.0076721268967929745,0.05860137939453125,0.0006,0.20862944162436547,0.7053571428571429
478,14712832,4399.999,588,23.43,0.01,246.09,-0.01218603178858757,1.1320312023162842,0.5360098481178284,0.005455986834761006,0.049041748046875,0.0006,0.22703549060542796,0.6754545454545454
479,14745600,4452.841,588,22.56,0.0,239.26,-0.01596267893910408,1.1058933734893799,0.5711299180984497,0.006367256371447638,0.05052947998046875,0.0006,0.2289445628997868,0.7059907834101382
480,14778368,4507.597,588,22.75,0.0,242.8,-0.011037683114409447,1.073934555053711,0.5478522777557373,0.005681028420497114,0.0502777099609375,0.0006,0.21469665271966526,0.7076076993583869
481,14811136,4559.219,589,24.36,0.0,366.14,-0.016399994492530823,0.8816305994987488,0.579591691493988,0.005438399316972209,0.04608154296875,0.0006,0.20723763570566947,0.7122835943940643
482,14843904,4614.683,589,22.98,0.01,251.34,-0.012215550988912582,1.1876602172851562,0.5892682075500488,0.005462751365598706,0.04668426513671875,0.0006,0.2744150559511699,0.7212230215827338
483,14876672,4669.017,589,20.77,0.02,227.02,-0.012960005551576614,1.17686128616333,0.6282195448875427,0.005333615579701245,0.04662322998046875,0.0006,0.30644288034650785,0.7379110251450677
484,14909440,4727.759,589,22.78,0.02,237.82,-0.012873027473688126,1.3872296810150146,0.5505017042160034,0.0052753163445800055,0.04875946044921875,0.0006,0.28590859630032645,0.7444237918215614
485,14942208,4786.445,588,19.75,0.02,203.23,-0.013132286258041859,1.3203623294830322,0.5894654989242554,0.004195506959035811,0.04029083251953125,0.0006,0.3529767301299486,0.7729852440408627
486,14974976,4844.713,588,19.7,0.0,304.8,-0.014577597379684448,1.7633917331695557,0.5799311399459839,0.00823511881566219,0.06711578369140625,0.0006,0.3429327064354981,0.765079365079365
487,15007744,4901.355,588,23.74,0.03,246.24,-0.015261929482221603,1.4781395196914673,0.5507485866546631,0.00595500195635168,0.05475616455078125,0.0006,0.2843417294209296,0.7727272727272727
488,15040512,4960.69,587,25.4,0.03,264.89,-0.011167076416313648,1.1038424968719482,0.5497081875801086,0.00554497554929867,0.0456390380859375,0.0006,0.23450336071695296,0.7516556291390728
489,15073280,5020.893,587,20.73,0.0,220.67,-0.013213584199547768,1.6292614936828613,0.5690536499023438,0.0042157099904613915,0.04061126708984375,0.0006,0.28023681984775867,0.7792079207920792
490,15106048,5078.769,587,23.51,0.01,237.3,-0.016215890645980835,0.988701581954956,0.555319607257843,0.006846030814472215,0.05548858642578125,0.0006,0.2568187955711585,0.8215297450424929
491,15138816,5134.15,587,25.46,0.02,264.04,-0.013011882081627846,0.8964588642120361,0.5092436671257019,0.006516346744206203,0.0548858642578125,0.0006,0.2002963694739442,0.7848509266720387
492,15171584,5193.315,586,24.55,0.03,251.15,-0.011707916855812073,0.8693607449531555,0.5397657155990601,0.005098646849489796,0.045623779296875,0.0006,0.18982082575954298,0.7704918032786885
493,15204352,5248.757,586,25.33,0.0,262.85,-0.010300906375050545,0.8500561118125916,0.5625327825546265,0.008447196039369942,0.06409454345703125,0.0006,0.212640862322391,0.7535744322960471
494,15237120,5303.586,586,22.74,0.01,232.14,-0.005504596047103405,1.1980397701263428,0.5254564881324768,0.010723936532883727,0.0761566162109375,0.0006,0.22088465845464725,0.7653736991485336
495,15269888,5357.555,587,26.26,0.02,273.86,-0.009798649698495865,0.8919861316680908,0.4972641170024872,0.006307661860034841,0.05614471435546875,0.0006,0.23031350283880522,0.7574013157894737
496,15302656,5410.55,587,22.76,0.01,235.56,-0.018681764602661133,1.017992615699768,0.5044203996658325,0.007185222019302273,0.06064605712890625,0.0006,0.24904319300164024,0.7694444444444445
497,15335424,5467.116,587,21.5,0.01,226.14,-0.011203056201338768,1.1329456567764282,0.5542179346084595,0.004201973285020699,0.0439300537109375,0.0006,0.2780501874819729,0.7686350435624395
498,15368192,5521.199,587,23.31,0.0,241.15,-0.01036519929766655,1.3084086179733276,0.5403120517730713,0.0023514165663982567,0.02404022216796875,0.0006,0.22771241830065359,0.7793983591613491
499,15400960,5573.468,587,24.19,0.02,258.01,-0.010176943615078926,1.128011703491211,0.5357525944709778,0.0031866179511368387,0.028289794921875,0.0006,0.2885060426844947,0.7728459530026109
500,15433728,5626.701,588,23.62,0.02,244.55,-0.011372754350304604,1.0357964038848877,0.5468803644180298,0.0036201923804810576,0.03545379638671875,0.0006,0.3059662090813094,0.7579329102447869
501,15466496,5684.543,587,22.93,0.01,239.54,-0.010288015007972717,1.4324334859848022,0.535964846611023,0.004975157783547957,0.050506591796875,0.0006,0.32530765115034777,0.776735459662289
502,15499264,5742.516,587,20.45,0.01,216.0,-0.012953861616551876,1.527353048324585,0.5479068756103516,0.007158056680111713,0.0585479736328125,0.0006,0.3177597214161346,0.7716701902748414
503,15532032,5795.995,587,25.03,0.01,382.17,-0.010864676907658577,1.3291500806808472,0.5475606918334961,0.0045930761651789,0.04334259033203125,0.0006,0.23960107029919728,0.7545155993431856
504,15564800,5850.484,588,25.22,0.01,259.34,-0.016271846368908882,1.133573293685913,0.5507537126541138,0.012178033246016184,0.0493011474609375,0.0006,0.26854156296665005,0.73989898989899
505,15597568,5907.317,587,22.53,0.02,313.58,-0.012086929753422737,1.3360971212387085,0.5510415434837341,0.003159786549431942,0.03079986572265625,0.0006,0.2865420068475112,0.7421503330161751
506,15630336,5965.125,587,23.36,0.01,248.85,-0.015432197600603104,1.3717395067214966,0.5407015085220337,0.004943694813619004,0.04736328125,0.0006,0.2723642172523962,0.7768518518518519
507,15663104,6019.731,587,24.0,0.0,254.12,-0.010187283158302307,1.1054481267929077,0.5400059223175049,0.006226365724815608,0.04778289794921875,0.0006,0.23065173116089613,0.7656387665198238
508,15695872,6074.78,587,22.12,0.0,238.09,-0.011614443734288216,1.0597022771835327,0.5217260718345642,0.004734234167699469,0.0453338623046875,0.0006,0.24358974358974358,0.7750702905342081
509,15728640,6129.585,588,21.46,0.0,228.26,-0.01813732646405697,1.0628526210784912,0.5515255928039551,0.006272095657408272,0.04764556884765625,0.0006,0.22766415500538212,0.7374631268436578
510,15761408,6187.202,587,23.07,0.01,240.28,-0.010124793276190758,1.2766549587249756,0.5434001684188843,0.00432144825279579,0.0399932861328125,0.0006,0.20192564856913614,0.7229916897506925
511,15794176,6244.081,587,21.85,0.0,230.92,-0.010020752437412739,1.2315278053283691,0.5284417867660522,0.004237843415637599,0.04217529296875,0.0006,0.2087028824833703,0.7176581680830972
512,15826944,6297.771,587,23.59,0.0,243.45,-0.016969693824648857,0.9666697382926941,0.5079455375671387,0.006798974125075574,0.0550537109375,0.0006,0.23064812385200734,0.7417102966841187
513,15859712,6354.779,587,22.26,0.01,324.72,-0.017601637169718742,1.2582299709320068,0.5172048807144165,0.00545896145564484,0.050537109375,0.0006,0.2433048433048433,0.7448680351906158
514,15892480,6414.187,587,23.16,0.0,233.1,-0.012561853043735027,1.1019816398620605,0.5618823170661926,0.0043357068986722425,0.04174041748046875,0.0006,0.2336882336882337,0.725912067352666
515,15925248,6471.229,587,23.58,0.01,249.73,-0.011595992371439934,1.1638708114624023,0.5968097448348999,0.0065702680199706265,0.0558013916015625,0.0006,0.25808977035490605,0.727921498661909
516,15958016,6526.542,587,23.7,0.01,245.79,-0.012717686593532562,1.1437675952911377,0.5393228530883789,0.005444308626408656,0.04874420166015625,0.0006,0.25728669846316904,0.7118181818181818
517,15990784,6583.936,587,22.82,0.0,241.43,-0.012681487947702408,1.135711431503296,0.5582822561264038,0.0027727318977213145,0.02570343017578125,0.0006,0.2043718725309455,0.7456541628545288
518,16023552,6636.358,587,22.12,0.0,229.85,-0.012948756106197834,1.045722484588623,0.5631860494613647,0.004227024753674868,0.03998565673828125,0.0006,0.22961730449251247,0.7250229147571036
519,16056320,6690.421,587,24.42,0.0,256.49,-0.010893361642956734,1.00442373752594,0.5329407453536987,0.002728282973279761,0.02594757080078125,0.0006,0.22247823860727087,0.7455470737913485
520,16089088,6743.726,587,21.25,0.01,218.83,-0.011340263299643993,1.1202685832977295,0.5616315603256226,0.0033649252383156636,0.03214263916015625,0.0006,0.25056882821387944,0.7272727272727273
521,16121856,6799.011,587,21.76,0.02,226.84,-0.014807981438934803,1.2082550525665283,0.5553684234619141,0.005784087264089521,0.0471649169921875,0.0006,0.23788175959652563,0.7177734375
522,16154624,6854.454,588,21.32,0.0,225.2,-0.011941502802073956,1.152629017829895,0.5392371416091919,0.005178891620971626,0.0467681884765625,0.0006,0.28244487859335754,0.7151051625239006
523,16187392,6908.806,588,19.62,0.01,213.74,-0.013711127452552319,1.9045463800430298,0.5673731565475464,0.005133716155796719,0.04756927490234375,0.0006,0.30811277330264675,0.6815286624203821
524,16220160,6967.569,587,22.32,0.0,236.14,-0.013501159846782684,0.9666703343391418,0.5438562631607056,0.005737444863626706,0.0510406494140625,0.0006,0.26746347941567067,0.6702649656526006
525,16252928,7025.475,587,25.66,0.02,272.22,-0.012601882219314575,0.8383561372756958,0.5281462669372559,0.006625295882457749,0.05937957763671875,0.0006,0.21157064307912982,0.7029702970297029
526,16285696,7081.535,587,21.08,0.0,221.18,-0.016156882047653198,1.1907634735107422,0.5447997450828552,0.006322305517414861,0.0527801513671875,0.0006,0.2825342465753425,0.71964461994077
527,16318464,7137.701,587,23.54,0.01,344.23,-0.014108138158917427,1.096074104309082,0.5474250912666321,0.005021465263723712,0.0457763671875,0.0006,0.24903225806451612,0.7112860892388452
528,16351232,7194.877,587,22.56,0.03,233.92,-0.007930338382720947,1.0661777257919312,0.5350562334060669,0.004270801364498311,0.04161834716796875,0.0006,0.26719003789929613,0.6564299424184261
529,16384000,7251.085,587,22.43,0.0,234.16,-0.015995899215340614,0.9481093287467957,0.5533398389816284,0.005861209188793737,0.0511932373046875,0.0006,0.28403177211722813,0.6813397129186602
530,16416768,7304.864,587,22.26,0.0,236.82,-0.012739501893520355,1.234501838684082,0.5519470572471619,0.004665117249317063,0.0431671142578125,0.0006,0.31026058631921827,0.6856600189933523
531,16449536,7363.305,587,22.76,0.0,235.19,-0.01725144498050213,1.1242876052856445,0.5591838359832764,0.006564416778587656,0.05561065673828125,0.0006,0.23581847649918963,0.7164179104477612
532,16482304,7419.426,587,24.05,0.01,248.83,-0.013365321792662144,1.0518848896026611,0.5837906002998352,0.005067249263817075,0.04946136474609375,0.0006,0.2332099418297197,0.6891418563922942
533,16515072,7475.125,587,23.37,0.01,236.73,-0.01635332591831684,0.9729999303817749,0.5814214944839478,0.006185664068539154,0.04801177978515625,0.0006,0.2178164041281912,0.6736641221374046
534,16547840,7529.509,587,25.36,0.0,361.12,-0.01649222895503044,0.9048169851303101,0.5580390691757202,0.006418560992912603,0.0514984130859375,0.0006,0.21530864197530863,0.7053344623200677
535,16580608,7587.419,587,22.31,0.0,231.68,-0.016305886209011078,0.9768491983413696,0.5421454906463623,0.00715157396638233,0.059783935546875,0.0006,0.24161439869102808,0.7468719923002888
536,16613376,7644.1,587,24.14,0.02,259.22,-0.011702867224812508,1.1558688879013062,0.515444278717041,0.004781341004274964,0.0425567626953125,0.0006,0.20594965675057209,0.7212837837837838
537,16646144,7700.92,587,23.61,0.02,247.17,-0.014238664880394936,0.9234758615493774,0.5195546746253967,0.00628112590733565,0.0486602783203125,0.0006,0.19790066564260111,0.7338003502626971
538,16678912,7757.475,587,25.32,0.03,266.29,-0.01729775406420231,0.9536497592926025,0.5337597131729126,0.005599722116897965,0.04630279541015625,0.0006,0.2233912405187179,0.7275042444821732
539,16711680,7814.34,587,21.26,0.01,223.54,-0.016476286575198174,1.2894054651260376,0.5611869692802429,0.006110074404745092,0.05400848388671875,0.0006,0.2512479201331115,0.7065750736015701
540,16744448,7870.758,587,22.78,0.01,235.56,-0.014496531337499619,1.3579597473144531,0.5395477414131165,0.004572727955633127,0.0421600341796875,0.0006,0.18865287870318614,0.7393715341959335
541,16777216,7927.666,586,23.89,0.01,256.99,-0.011372135020792484,1.1601349115371704,0.5365289449691772,0.004038701655133536,0.03928375244140625,0.0006,0.2115433511314518,0.7053726169844021
542,16809984,7983.742,586,25.47,0.0,260.72,-0.012004407122731209,1.0879037380218506,0.4978508949279785,0.006736061913276359,0.04047393798828125,0.0006,0.2043445314473352,0.7489539748953975
543,16842752,8036.77,587,24.87,0.0,259.04,-0.013150489889085293,0.7889422178268433,0.5276367664337158,0.006674132420826595,0.05089569091796875,0.0006,0.16572601334017445,0.7363945578231292
544,16875520,8090.641,587,24.98,0.01,258.72,-0.012336298823356628,0.8707422018051147,0.5534475445747375,0.003492482073454539,0.03387451171875,0.0006,0.18683001531393567,0.7417442845046571
545,16908288,8147.868,587,25.31,0.0,264.59,-0.010935468599200249,0.8584215641021729,0.561531126499176,0.0054149307208959385,0.0453643798828125,0.0006,0.2012811037201281,0.7489574645537949
546,16941056,8201.801,587,22.48,0.02,229.1,-0.012087542563676834,1.1865241527557373,0.5461772680282593,0.005573955844454304,0.04932403564453125,0.0006,0.20286597358808653,0.7511825922421949
547,16973824,8254.321,587,23.53,0.02,245.26,-0.01193186454474926,1.1924351453781128,0.5475277900695801,0.003638370096837207,0.03862762451171875,0.0006,0.21161934805467927,0.7572815533980582
548,17006592,8310.546,587,22.33,0.01,228.14,-0.011856201104819775,1.1666698455810547,0.5490295886993408,0.003287841549820314,0.0334320068359375,0.0006,0.21940214326001128,0.7564224548049476
549,17039360,8368.294,587,24.07,0.02,248.85,-0.010620689950883389,1.1797564029693604,0.525397777557373,0.005988121716967498,0.05231475830078125,0.0006,0.22803687635574837,0.7284372331340735
550,17072128,8423.518,587,24.59,0.0,254.56,-0.015061754733324051,1.1988739967346191,0.5362327098846436,0.0051531333802472545,0.04915618896484375,0.0006,0.2476489028213166,0.7502131287297528
551,17104896,8480.214,587,24.59,0.02,248.82,-0.011660449206829071,1.1249916553497314,0.5292864441871643,0.006390185037844276,0.055572509765625,0.0006,0.16563146997929606,0.7493472584856397
552,17137664,8538.684,587,25.59,0.0,297.29,-0.013833141885697842,0.9756563901901245,0.5781620740890503,0.0063975473087651835,0.0484466552734375,0.0006,0.24856214053513379,0.7289795918367347
553,17170432,8593.655,587,21.47,0.01,321.4,-0.011236025020480156,1.1277893781661987,0.5556877851486206,0.004989774534294611,0.04398345947265625,0.0006,0.23728323699421966,0.7507537688442211
554,17203200,8648.197,587,24.29,0.01,248.32,-0.01844409480690956,1.1770429611206055,0.5766129493713379,0.008564654729241283,0.063323974609375,0.0006,0.2358490566037736,0.7340425531914894
555,17235968,8701.479,587,23.16,0.01,235.95,-0.016086116433143616,1.3282949924468994,0.565462589263916,0.005638846979877599,0.048065185546875,0.0006,0.31385281385281383,0.7612903225806451
556,17268736,8757.357,587,23.87,0.01,240.63,-0.010033294558525085,1.3731924295425415,0.5196342468261719,0.004358065437969572,0.0427093505859375,0.0006,0.28233731739707835,0.7462825278810409
557,17301504,8813.972,587,24.08,0.03,246.49,-0.014832884073257446,1.452678918838501,0.5237380266189575,0.006851255488953711,0.052978515625,0.0006,0.22494017548524328,0.7306689834926151
558,17334272,8868.346,587,24.6,0.01,256.39,-0.011779680848121643,1.4183648824691772,0.5200468897819519,0.00663511966280339,0.05265045166015625,0.0006,0.2526397115632243,0.697907949790795
559,17367040,8923.105,587,21.15,0.01,217.83,-0.016219744458794594,1.490339756011963,0.520031750202179,0.005591372596398969,0.05197906494140625,0.0006,0.2611258473327439,0.7039603960396039
560,17399808,8977.693,587,24.84,0.02,260.9,-0.011064767837524414,1.2125744819641113,0.5281158685684204,0.003284475328030112,0.034149169921875,0.0006,0.2578046324269889,0.6977351916376306
561,17432576,9038.353,587,23.22,0.01,243.49,-0.013422486372292042,1.373072624206543,0.5331786870956421,0.004740486430335977,0.0416412353515625,0.0006,0.20973379940844314,0.7250229147571036
562,17465344,9099.139,586,22.89,0.0,238.79,-0.01378623116761446,1.0578447580337524,0.5304655432701111,0.00451059699292955,0.0408782958984375,0.0006,0.22822117892540428,0.6954545454545454
563,17498112,9158.514,586,21.55,0.0,225.49,-0.015217486768960953,1.7717384099960327,0.5454593896865845,0.006569386333424632,0.0546417236328125,0.0006,0.281362503461645,0.6964636542239686
564,17530880,9217.304,586,23.81,0.03,251.15,-0.008913595229387283,1.3706638813018799,0.5263469219207764,0.006377140319386854,0.054229736328125,0.0006,0.2389696505993369,0.7176991150442478
565,17563648,9276.506,586,22.89,0.0,339.4,-0.014029104262590408,1.1823699474334717,0.5313097238540649,0.004453029085340177,0.04007720947265625,0.0006,0.22795935182642132,0.7021883920076119
566,17596416,9338.458,585,24.49,0.0,249.51,-0.013748778030276299,1.2200002670288086,0.5471944808959961,0.004840797801307417,0.04461669921875,0.0006,0.20759101471727343,0.6895017793594306
567,17629184,9401.332,585,23.29,0.0,242.11,-0.01249835453927517,0.9397214651107788,0.5890697240829468,0.005003531570935138,0.0429840087890625,0.0006,0.20084903157336165,0.7198198198198198
568,17661952,9459.861,585,19.98,0.0,211.18,-0.006395432632416487,1.5841599702835083,0.5725990533828735,0.0124169606141038,0.081207275390625,0.0006,0.21233689205219455,0.7062634989200864
569,17694720,9518.465,585,22.58,0.01,235.7,-0.01811596006155014,1.3809279203414917,0.5530006885528564,0.007870802537411237,0.0618438720703125,0.0006,0.242899648363538,0.698874296435272
570,17727488,9575.563,585,24.79,0.0,261.98,-0.0174842718988657,1.2381387948989868,0.5675992965698242,0.007355703303460359,0.05870819091796875,0.0006,0.2273972602739726,0.6883005977796754
571,17760256,9633.482,585,20.58,0.0,211.43,-0.01378594059497118,1.7398574352264404,0.5754194855690002,0.004823388165959841,0.04335784912109375,0.0006,0.24992605737947352,0.7168234064785789
572,17793024,9691.24,584,21.82,0.0,234.41,-0.008665891364216805,1.7303736209869385,0.5959558486938477,0.0021342429684523267,0.021087646484375,0.0006,0.2649113379903278,0.7029608404966571
573,17825792,9747.307,584,21.58,0.02,229.11,-0.016159744933247566,1.460100769996643,0.576569676399231,0.005393359642340556,0.0479583740234375,0.0006,0.24437570303712036,0.7522123893805309
574,17858560,9805.558,584,21.7,0.0,230.81,-0.011527537368237972,1.4128520488739014,0.5937296748161316,0.0038336244550691845,0.03536224365234375,0.0006,0.22462973121228744,0.6844143272023233
575,17891328,9867.108,584,20.35,0.0,214.41,-0.008142108097672462,1.5447025299072266,0.6341809034347534,0.0032409414353580246,0.03240203857421875,0.0006,0.219166184134337,0.7267876200640342
576,17924096,9927.933,584,24.21,0.02,247.66,-0.00932125560939312,1.434079885482788,0.566112756729126,0.0021610266592801963,0.02109527587890625,0.0006,0.2267900898448135,0.7546501328609388
577,17956864,9985.796,584,22.79,0.01,244.05,-0.009480029344558716,1.3254261016845703,0.592685341835022,0.0020045384127911348,0.01995849609375,0.0006,0.18643176439652906,0.7572093023255814
578,17989632,10046.691,583,23.71,0.01,248.96,-0.015126373618841171,1.4188876152038574,0.58492112159729,0.004991299143142669,0.03939056396484375,0.0006,0.20633245382585752,0.7434094903339191
579,18022400,10106.098,583,22.66,0.01,242.22,-0.010801345109939575,1.2711811065673828,0.5387827754020691,0.0074708087217914,0.05521392822265625,0.0006,0.21992378878606422,0.726027397260274
580,18055168,10164.806,583,24.53,0.02,253.93,-0.011287067085504532,1.1705620288848877,0.550915002822876,0.0036333480114763006,0.0329437255859375,0.0006,0.17930675006515506,0.7578589634664401
581,18087936,10223.956,583,21.31,0.0,232.59,-0.010181356221437454,1.2698402404785156,0.5698572397232056,0.005383211142884647,0.048370361328125,0.0006,0.16427752293577982,0.7008712487899322
582,18120704,10282.416,583,22.88,0.0,242.25,-0.009473451413214207,1.164372444152832,0.5670973062515259,0.0045988415018740625,0.04009246826171875,0.0006,0.14949714596357705,0.6904761904761905
583,18153472,10338.465,583,23.01,0.0,251.05,-0.01614104025065899,0.963599681854248,0.5441634654998779,0.00828744647270696,0.06539154052734375,0.0006,0.1929268936394827,0.6722763507528786
584,18186240,10399.517,582,24.13,0.01,255.07,-0.009571603499352932,1.0186841487884521,0.5443194508552551,0.006136506511154494,0.05290985107421875,0.0006,0.1787651769568587,0.7362637362637363
585,18219008,10456.027,582,23.45,0.02,250.34,-0.016605032607913017,1.3502044677734375,0.5741126537322998,0.006545111974055828,0.0491485595703125,0.0006,0.21163748712667355,0.7410323709536308
586,18251776,10511.573,582,22.99,0.0,247.18,-0.013771643862128258,1.340514898300171,0.5652425289154053,0.007369757889136963,0.05495042067307692,0.0006,0.17508505626799267,0.7186346863468634
587,18284544,10568.294,582,24.27,0.04,259.67,-0.013562985695898533,1.4230880737304688,0.5262803435325623,0.006704560913703972,0.0533447265625,0.0006,0.23154701718907988,0.7094017094017094
588,18317312,10631.064,582,22.54,0.01,244.35,-0.008512653410434723,1.1324251890182495,0.5816165208816528,0.006824791439498767,0.06015777587890625,0.0006,0.23947712418300654,0.6750232126276694
589,18350080,10689.276,582,24.2,0.0,252.64,-0.01003976259380579,0.9694654941558838,0.5604140162467957,0.008513768113290077,0.06681060791015625,0.0006,0.2074980473834939,0.6965217391304348
590,18382848,10747.846,582,25.57,0.0,264.58,-0.008690756745636463,0.8833744525909424,0.5351672172546387,0.007612474480206051,0.05470628004807692,0.0006,0.19281616363182838,0.6782387806943269
591,18415616,10803.054,582,25.53,0.02,261.37,-0.0138475950807333,1.055346965789795,0.5296924114227295,0.006924245008619323,0.05698394775390625,0.0006,0.15685779237181105,0.7091503267973857
592,18448384,10861.125,582,26.94,0.01,288.85,-0.012195385061204433,0.7646300196647644,0.5347049236297607,0.004321859416677398,0.03922271728515625,0.0006,0.1825210871602624,0.704422032583398
593,18481152,10918.259,582,25.21,0.01,261.4,-0.008138183504343033,1.0038522481918335,0.5175426602363586,0.005214696593668577,0.0458221435546875,0.0006,0.20859994880982852,0.6790227464195451
594,18513920,10977.206,582,25.59,0.0,268.88,-0.014973034150898457,0.8152214884757996,0.5191352367401123,0.00786860304586412,0.056915283203125,0.0006,0.18045862412761715,0.6998381877022654
595,18546688,11035.915,581,24.42,0.03,254.19,-0.015551160089671612,1.3077048063278198,0.5348176956176758,0.006724758502230088,0.056976318359375,0.0006,0.19524053224155577,0.6818580192813322
596,18579456,11094.057,581,25.5,0.01,271.49,-0.017424054443836212,1.0323299169540405,0.5322779417037964,0.006622272654226435,0.054107666015625,0.0006,0.16332027424094026,0.6808688387635756
597,18612224,11155.585,581,25.88,0.01,270.62,-0.01012611947953701,0.9345766305923462,0.524846076965332,0.006116445100474266,0.0493316650390625,0.0006,0.23185239135712551,0.7112211221122112
598,18644992,11210.405,581,25.23,0.02,271.78,-0.01794053614139557,0.8812156319618225,0.5322183966636658,0.009873507834868178,0.07195281982421875,0.0006,0.20872727272727273,0.7057808455565142
599,18677760,11261.993,581,25.85,0.0,269.17,-0.013270080089569092,0.9869714975357056,0.4975248873233795,0.009988083734725706,0.062835693359375,0.0006,0.228,0.7098865478119936
600,18710528,11315.795,582,24.16,0.01,258.93,-0.012169331312179565,0.831220269203186,0.5160596370697021,0.005378369330173882,0.04746246337890625,0.0006,0.17226239669421486,0.7099748533109808
601,18743296,11369.107,582,23.62,0.01,246.99,-0.011062951758503914,1.2102316617965698,0.5304041504859924,0.005293516507038021,0.04669189453125,0.0006,0.22207621550591328,0.7489214840379638
602,18776064,11421.419,582,23.98,0.01,256.58,-0.010539161041378975,1.1186953783035278,0.5355737805366516,0.005680595800157562,0.04909515380859375,0.0006,0.17782969885773625,0.7486818980667839
603,18808832,11477.552,582,26.12,0.01,267.71,-0.013065403327345848,0.8606452941894531,0.48789846897125244,0.0051779748827556205,0.0403594970703125,0.0006,0.16482965931863727,0.7360890302066773
604,18841600,11532.263,582,22.86,0.03,235.33,-0.009884478524327278,1.4508659839630127,0.5326993465423584,0.005847814111433536,0.04840087890625,0.0006,0.23269555430500843,0.7468719923002888
605,18874368,11586.958,582,22.45,0.0,239.44,-0.011960210278630257,1.2197210788726807,0.6084518432617188,0.01137746195257705,0.07942962646484375,0.0006,0.20418567212235042,0.7504587155963303
606,18907136,11641.268,582,22.84,0.01,243.52,-0.017843883484601974,1.6783206462860107,0.5969809293746948,0.006993056966848599,0.064208984375,0.0006,0.28552562070787113,0.7357609710550888
607,18939904,11697.647,582,22.17,0.03,243.29,-0.014713602140545845,1.6814830303192139,0.5845293402671814,0.006069450138511456,0.055419921875,0.0006,0.29731140694335684,0.7164319248826291
608,18972672,11754.941,582,20.26,0.01,220.71,-0.01726018823683262,2.236626625061035,0.6498280763626099,0.0052837624298547325,0.05045318603515625,0.0006,0.304860915987637,0.7395301327885597
609,19005440,11810.917,582,21.03,0.01,223.13,-0.01845787838101387,1.678131341934204,0.6314960718154907,0.006606069984641749,0.063385009765625,0.0006,0.3024881185350853,0.7051153460381143
610,19038208,11864.321,582,19.57,0.0,207.58,-0.016644425690174103,2.160672664642334,0.6247968673706055,0.006050691321888735,0.05425262451171875,0.0006,0.3806413301662708,0.673289183222958
611,19070976,11921.41,582,19.14,0.01,212.54,-0.018374398350715637,2.3790812492370605,0.6444047689437866,0.005797118242014676,0.05564117431640625,0.0006,0.3739580339177925,0.7005464480874317
612,19103744,11975.513,582,21.74,0.0,229.75,-0.013579728081822395,1.3697092533111572,0.5771089792251587,0.0055659774997707245,0.05728912353515625,0.0006,0.29916434540389975,0.7193675889328063
613,19136512,12033.131,582,21.52,0.0,231.91,-0.01575339399278164,1.1847639083862305,0.5724356174468994,0.005257397074473147,0.05089569091796875,0.0006,0.29000812347684807,0.7375609756097561
614,19169280,12090.55,582,22.25,0.04,242.72,-0.020813770592212677,1.1873071193695068,0.5784728527069092,0.009299147731468338,0.06946563720703125,0.0006,0.27734269511207127,0.7372330547818013
615,19202048,12148.777,582,20.87,0.0,222.41,-0.017773287370800972,1.3262670040130615,0.6009039282798767,0.006228574127206343,0.0593414306640625,0.0006,0.260360102886539,0.7720739219712526
616,19234816,12203.754,582,23.89,0.02,283.14,-0.0158364437520504,1.243548035621643,0.5812309384346008,0.005939436952189681,0.05106353759765625,0.0006,0.23660367589955994,0.6910211267605634
617,19267584,12257.816,582,22.02,0.01,234.02,-0.016584571450948715,1.2260749340057373,0.5996128916740417,0.00508974919063121,0.04547882080078125,0.0006,0.22741173199888795,0.6974310180780209
618,19300352,12313.459,582,23.74,0.01,250.99,-0.01687292382121086,1.3461804389953613,0.6096105575561523,0.005105297987768154,0.0429840087890625,0.0006,0.29259356189479196,0.70625
619,19333120,12364.665,583,24.38,0.04,251.23,-0.015208406373858452,1.2876816987991333,0.568780243396759,0.006126748036393792,0.057037353515625,0.0006,0.25686849826620434,0.6756993006993007
620,19365888,12419.346,583,23.94,0.02,250.28,-0.015240201726555824,1.1845476627349854,0.6040942668914795,0.004945196071275859,0.04355621337890625,0.0006,0.18968172484599588,0.7037358818418766
621,19398656,12475.676,583,23.43,0.01,250.23,-0.01757058873772621,1.1241450309753418,0.5876853466033936,0.00679582065026807,0.0558929443359375,0.0006,0.2732129229203765,0.6811594202898551
622,19431424,12528.135,583,20.74,0.01,218.0,-0.018940113484859467,1.2344346046447754,0.581229031085968,0.005807013483149603,0.04993438720703125,0.0006,0.23681936041486604,0.6870611835506519
623,19464192,12581.149,583,22.93,0.02,237.81,-0.013989260420203209,0.8653483986854553,0.5299742221832275,0.005846808960711769,0.04985809326171875,0.0006,0.20907617504051865,0.6779505946935042
624,19496960,12633.418,583,23.9,0.0,261.36,-0.013926669955253601,1.2046107053756714,0.5469198226928711,0.005482282501645841,0.05042266845703125,0.0006,0.23836918459229614,0.6907665505226481
625,19529728,12686.428,583,25.45,0.01,263.33,-0.016850970685482025,0.9490900635719299,0.5234794616699219,0.008395795561369823,0.0647125244140625,0.0006,0.20591207680646792,0.7154605263157895
626,19562496,12737.416,583,23.97,0.02,260.02,-0.016849491745233536,1.1441656351089478,0.5266453623771667,0.0074677474866291504,0.05617523193359375,0.0006,0.20260270477162542,0.6866197183098591
627,19595264,12793.418,583,24.9,0.02,331.83,-0.0185040645301342,1.3680930137634277,0.5224670767784119,0.0068984744163458345,0.053466796875,0.0006,0.20826076138342872,0.6737109044801353
628,19628032,12845.847,584,20.35,0.0,209.81,-0.014362968504428864,2.01139497756958,0.5616201758384705,0.005747555189344666,0.05767059326171875,0.0006,0.27040664885722765,0.678125
629,19660800,12902.356,584,23.11,0.0,244.28,-0.00817384384572506,1.3327393531799316,0.5234966278076172,0.0039154755011026054,0.04151153564453125,0.0006,0.2402442261746748,0.6427304964539007
630,19693568,12956.502,584,21.86,0.01,314.21,-0.01706080511212349,1.2357797622680664,0.53840172290802,0.007721460828733484,0.062744140625,0.0006,0.3011120615911035,0.6735905044510386
631,19726336,13008.654,584,22.68,0.01,239.66,-0.011873099952936172,1.8275318145751953,0.5294016599655151,0.006915735930476785,0.05889129638671875,0.0006,0.2897247206323249,0.6727272727272727
632,19759104,13062.989,584,21.95,0.0,229.37,-0.01826704852283001,1.989197850227356,0.522739589214325,0.005284160806183991,0.04787445068359375,0.0006,0.2603752131893121,0.6602870813397129
633,19791872,13119.721,584,21.07,0.03,221.59,-0.01435009017586708,1.7837417125701904,0.5667307376861572,0.0044594635468797605,0.0341644287109375,0.0006,0.30348675034867506,0.7053571428571429
634,19824640,13174.544,584,20.72,0.0,212.6,-0.020558228716254234,1.551318645477295,0.5492311716079712,0.00533412150164736,0.05059051513671875,0.0006,0.2989228007181329,0.7006237006237006
635,19857408,13229.471,584,23.34,0.02,246.11,-0.020702069625258446,1.272133231163025,0.5176326036453247,0.007734966852865455,0.059814453125,0.0006,0.2800528401585205,0.7013215859030837
636,19890176,13286.076,584,20.1,0.02,208.63,-0.01876390352845192,2.0472412109375,0.5505886077880859,0.0056784294884550945,0.0535888671875,0.0006,0.3616268788682582,0.7216931216931217
637,19922944,13338.968,584,22.86,0.0,242.99,-0.015306010842323303,1.316054344177246,0.5105030536651611,0.0053520466686478585,0.05161285400390625,0.0006,0.31146245059288535,0.6881143878462913
638,19955712,13393.956,584,21.34,0.01,215.67,-0.018495237454771996,1.5376346111297607,0.5569546818733215,0.00561029804083546,0.04930877685546875,0.0006,0.2776128266033254,0.672869735553379
639,19988480,13448.229,584,21.28,0.01,318.75,-0.015847600996494293,1.9102097749710083,0.5846643447875977,0.00458763003535978,0.0437469482421875,0.0006,0.27971822717933664,0.7041965199590583
640,20021248,13502.384,584,21.34,0.0,322.82,-0.016095472499728203,1.8072121143341064,0.5784786939620972,0.003762592767827755,0.0379791259765625,0.0006,0.3048391770501304,0.7366296670030272
641,20054016,13558.505,584,22.52,0.0,238.91,-0.013499267399311066,1.4301941394805908,0.556975781917572,0.0029400956848917303,0.02794647216796875,0.0006,0.27803050575327803,0.6978281397544853
642,20086784,13616.098,584,21.9,0.01,227.88,-0.01898527890443802,1.5889911651611328,0.5760605335235596,0.007798829599295232,0.06040191650390625,0.0006,0.3033252230332522,0.716256157635468
643,20119552,13666.603,585,21.32,0.0,228.78,-0.01362125389277935,1.7223782539367676,0.5946961641311646,0.007036891440013558,0.05064039963942308,0.0006,0.3333333333333333,0.7577889447236181
644,20152320,13725.913,584,22.23,0.02,237.35,-0.015898704528808594,1.535841941833496,0.5722730159759521,0.006253179799898589,0.05466461181640625,0.0006,0.2763779527559055,0.7036679536679536
645,20185088,13782.496,584,20.55,0.0,312.21,-0.013969510793685913,1.933789849281311,0.597639799118042,0.004997760335498924,0.048431396484375,0.0006,0.3290717065036131,0.7479166666666667
646,20217856,13840.011,584,21.35,0.02,226.69,-0.014332948252558708,1.6065419912338257,0.6126395463943481,0.006364656188821982,0.05564117431640625,0.0006,0.31552587646076796,0.71900826446281
647,20250624,13894.03,584,20.88,0.0,236.02,-0.01715773716568947,1.4348781108856201,0.5608932971954346,0.006321818755509412,0.0562896728515625,0.0006,0.25041322314049586,0.749238578680203
648,20283392,13950.065,584,20.83,0.01,220.42,-0.01370985060930252,1.7119581699371338,0.6120047569274902,0.005862843985598332,0.05339813232421875,0.0006,0.2817302219692658,0.719626168224299
649,20316160,14005.232,584,21.94,0.02,241.63,-0.017261426895856857,1.4299081563949585,0.60548996925354,0.0033512150833416854,0.03326416015625,0.0006,0.26813471502590674,0.7351816443594646
650,20348928,14059.748,584,21.9,0.0,235.92,-0.012180005200207233,1.5679128170013428,0.5551183223724365,0.004167496605191445,0.0384368896484375,0.0006,0.33440947000269033,0.6833013435700576
651,20381696,14113.694,585,22.77,0.0,246.79,-0.010951440781354904,1.3383822441101074,0.5631822347640991,0.0031106406991909807,0.03151702880859375,0.0006,0.22875647668393784,0.7161778618732261
652,20414464,14166.539,585,25.73,0.0,269.67,-0.007949337363243103,1.3591268062591553,0.5683302283287048,0.003111275122947177,0.0324554443359375,0.0006,0.23601094255160407,0.7088186356073212
653,20447232,14220.524,585,24.03,0.0,249.28,-0.012039879336953163,1.1289749145507812,0.543211817741394,0.004218957357863928,0.03806304931640625,0.0006,0.21931847296951062,0.7055702917771883
654,20480000,14278.333,585,23.88,0.02,252.48,-0.014033487066626549,0.9382266998291016,0.544191300868988,0.005621449016985025,0.04981231689453125,0.0006,0.1729362591431557,0.7014134275618374
655,20512768,14335.415,585,24.53,0.01,259.91,-0.015268045477569103,1.0318940877914429,0.5619639754295349,0.0052105506288171455,0.045135498046875,0.0006,0.20647571606475715,0.6798623063683304
656,20545536,14389.229,585,25.39,0.01,277.97,-0.012933574616909027,1.136265754699707,0.5474801063537598,0.004136709933789007,0.03491973876953125,0.0006,0.1798526966025184,0.6962233169129721
657,20578304,14448.789,585,23.84,0.02,245.14,-0.0118563212454319,1.3339269161224365,0.5265142917633057,0.0028325349572924097,0.0288543701171875,0.0006,0.2051006711409396,0.6823529411764706
658,20611072,14502.577,585,25.07,0.01,267.99,-0.012649672105908394,0.9769346117973328,0.5566848516464233,0.006005842278568707,0.048828125,0.0006,0.1926036237279722,0.6641541038525963
659,20643840,14560.911,585,24.43,0.02,260.61,-0.009288080036640167,1.0987834930419922,0.5520117878913879,0.00291390349792664,0.03094482421875,0.0006,0.1856594110115237,0.6681184668989547
660,20676608,14616.261,585,23.99,0.01,250.06,-0.015524975955486298,1.048940658569336,0.5482048988342285,0.005076928689334181,0.04993438720703125,0.0006,0.16402391473875746,0.6967905405405406
661,20709376,14671.989,585,24.63,0.0,265.61,-0.00900980457663536,0.907038688659668,0.54440838098526,0.0043932374819064535,0.0408477783203125,0.0006,0.17821535393818544,0.6796680497925311
662,20742144,14726.316,585,23.95,0.01,251.43,-0.008080875501036644,0.9853094816207886,0.5290414690971375,0.002719129651552521,0.025390625,0.0006,0.17903815995818087,0.7039777983348752
663,20774912,14781.317,585,26.93,0.01,277.02,-0.01164647750556469,0.7239460945129395,0.5215773582458496,0.002585145033933145,0.0249481201171875,0.0006,0.2043563387175722,0.6951316839584996
664,20807680,14835.877,585,24.72,0.01,264.79,-0.01486458070576191,0.8533936738967896,0.528092622756958,0.004526920347529995,0.03884124755859375,0.0006,0.20827105132037868,0.6892561983471074
665,20840448,14891.482,585,24.99,0.03,266.66,-0.011558798141777515,0.9365761280059814,0.5477126836776733,0.005933322124320739,0.05628204345703125,0.0006,0.22125393367223434,0.6858974358974359
666,20873216,14945.205,585,24.67,0.0,261.95,-0.015688778832554817,0.7898262143135071,0.530849814414978,0.008005313478406606,0.06029510498046875,0.0006,0.1650509569972657,0.6943303204601479
667,20905984,15001.567,585,24.18,0.0,255.16,-0.014961965382099152,0.9627784490585327,0.5067898631095886,0.006959650042972498,0.0588531494140625,0.0006,0.20055429579239104,0.6887532693984307
668,20938752,15055.272,585,23.96,0.01,250.37,-0.015308434143662453,1.2551971673965454,0.5059441328048706,0.007551170247893424,0.0625762939453125,0.0006,0.22641025641025642,0.7082601054481547
669,20971520,15109.324,585,24.01,0.0,265.91,-0.015982594341039658,1.2877899408340454,0.509668231010437,0.007267531961645091,0.06253814697265625,0.0006,0.29053708439897696,0.6877224199288257
670,21004288,15165.527,585,23.22,0.01,245.2,-0.018323082476854324,1.1064016819000244,0.5265222787857056,0.008769671018967529,0.0604095458984375,0.0006,0.2513590473725084,0.6896551724137931
671,21037056,15218.754,585,22.35,0.02,229.28,-0.014875822700560093,1.249215006828308,0.5437394380569458,0.005680717188141671,0.0529937744140625,0.0006,0.2380285634276113,0.6886517943743938
672,21069824,15271.805,585,22.13,0.02,236.56,-0.016626853495836258,1.3992141485214233,0.5651411414146423,0.005755416499766852,0.05316162109375,0.0006,0.23990038738240177,0.6657223796033994
673,21102592,15327.101,585,20.51,0.01,219.07,-0.020576253533363342,1.4439945220947266,0.5690886974334717,0.006862262276797537,0.0626373291015625,0.0006,0.26796450042943026,0.6973415132924335
674,21135360,15381.32,585,22.26,0.0,242.33,-0.013451999984681606,1.232205867767334,0.5738012194633484,0.005751979656906769,0.05426025390625,0.0006,0.3085968121243794,0.6874400767018217
675,21168128,15433.769,585,22.03,0.0,236.59,-0.01603079028427601,1.4979817867279053,0.5605193972587585,0.005811451237491383,0.0539703369140625,0.0006,0.2871657754010695,0.7451343836886005
676,21200896,15488.834,586,25.31,0.03,271.27,-0.013747276738286018,1.179370641708374,0.5267218351364136,0.004183420504716651,0.0386962890625,0.0006,0.2626108998732573,0.6813933729821581
677,21233664,15543.695,586,22.19,0.0,233.59,-0.011853188276290894,1.2488130331039429,0.5253832340240479,0.0041601372734021425,0.03907012939453125,0.0006,0.2581177765547606,0.7074109720885466
678,21266432,15598.636,586,24.85,0.02,366.25,-0.017471814528107643,1.2296897172927856,0.5178802609443665,0.006055639919395617,0.05129241943359375,0.0006,0.22177722152690862,0.6728033472803348
679,21299200,15650.574,586,23.06,0.0,247.9,-0.014218760654330254,1.0488507747650146,0.5594266057014465,0.004931630855878666,0.03899383544921875,0.0006,0.21737995824634657,0.6666666666666666
680,21331968,15704.908,586,23.65,0.02,251.72,-0.01519082486629486,0.89361572265625,0.5396320819854736,0.0058805437784599235,0.0489959716796875,0.0006,0.2275172943889316,0.7301731996353692
681,21364736,15756.149,586,24.41,0.02,249.64,-0.020823031663894653,1.3262832164764404,0.5411428809165955,0.006200464057712907,0.05291748046875,0.0006,0.24584450402144772,0.7162750217580505
682,21397504,15811.531,586,25.97,0.01,267.73,-0.018936939537525177,0.890588641166687,0.517522931098938,0.009152766318763383,0.06275177001953125,0.0006,0.21034651049292338,0.6820428336079077
683,21430272,15864.739,586,23.55,0.0,250.72,-0.01524614542722702,1.312550663948059,0.5209246277809143,0.0055795836375409635,0.05445098876953125,0.0006,0.27335456475583864,0.6886877828054299
684,21463040,15919.001,586,23.55,0.0,342.78,-0.013150989077985287,1.3240087032318115,0.549506425857544,0.004423044494217265,0.04352569580078125,0.0006,0.2992272848387956,0.7015329125338142
685,21495808,15972.419,586,20.07,0.0,218.02,-0.010083579458296299,1.3532559871673584,0.5524592399597168,0.002575131844309908,0.0245819091796875,0.0006,0.23436586791350086,0.6878914405010439
686,21528576,16028.487,586,22.26,0.03,239.69,-0.017640825361013412,1.114579677581787,0.4960078001022339,0.006737424195051744,0.0521392822265625,0.0006,0.24370897155361052,0.6717267552182163
687,21561344,16081.95,586,25.33,0.02,275.77,-0.01663656160235405,1.1311218738555908,0.5256630182266235,0.005743317279780058,0.04596710205078125,0.0006,0.24617196702002356,0.7021103896103896
688,21594112,16135.779,586,21.3,0.02,229.81,-0.01862769015133381,1.1543653011322021,0.5550549030303955,0.006005074324860971,0.05130767822265625,0.0006,0.26535087719298245,0.6581439393939394
689,21626880,16194.056,586,20.5,0.01,221.18,-0.014606933109462261,1.7472690343856812,0.5684437155723572,0.004251062498383362,0.043304443359375,0.0006,0.3176074136478517,0.6814159292035398
690,21659648,16250.972,586,21.49,0.0,240.41,-0.010856413282454014,1.4570558071136475,0.5616130828857422,0.005721204363098309,0.0483856201171875,0.0006,0.30440967283072545,0.6845180136319376
691,21692416,16308.389,586,20.04,0.01,206.31,-0.019028620794415474,1.5604526996612549,0.5151412487030029,0.005133328323964292,0.04512786865234375,0.0006,0.3234144875263,0.6842684268426843
692,21725184,16364.09,586,21.4,0.01,222.05,-0.016825886443257332,1.1901485919952393,0.5167121887207031,0.006807111611635719,0.0552978515625,0.0006,0.32174408663436876,0.720616570327553
693,21757952,16419.843,586,21.59,0.0,230.05,-0.015801455825567245,1.3584768772125244,0.5284855961799622,0.0037460653481389272,0.03960418701171875,0.0006,0.2914270062996439,0.7155511811023622
694,21790720,16476.13,586,24.11,0.01,349.83,-0.015024123713374138,1.3054280281066895,0.49157536029815674,0.004655869804643942,0.0408477783203125,0.0006,0.27571801566579635,0.7115384615384616
695,21823488,16529.864,586,21.84,0.01,230.27,-0.018675457686185837,1.3881511688232422,0.5204645395278931,0.007181554809960744,0.0572052001953125,0.0006,0.25907314349525407,0.7178217821782178
696,21856256,16586.922,586,22.69,0.0,236.58,-0.009961833246052265,1.2520607709884644,0.503707766532898,0.005779853638614441,0.0495758056640625,0.0006,0.25377229080932784,0.721415607985481
697,21889024,16640.166,586,23.16,0.02,342.61,-0.017314322292804718,1.022883415222168,0.5083998441696167,0.008943055101610753,0.06656646728515625,0.0006,0.2534731323722149,0.7082585278276481
698,21921792,16697.638,586,21.94,0.03,227.53,-0.01518147811293602,1.1352019309997559,0.5239815711975098,0.0068896778636258205,0.0555419921875,0.0006,0.2672053496795765,0.6991236611489776
699,21954560,16752.36,586,23.85,0.03,348.21,-0.015567767433822155,0.978364109992981,0.5310470461845398,0.007150558906658944,0.063201904296875,0.0006,0.23437905107596577,0.709849157054126
700,21987328,16808.337,586,22.01,0.0,225.31,-0.007912983186542988,1.2995518445968628,0.545590877532959,0.004057744426489762,0.039337158203125,0.0006,0.2513429459994346,0.7269303201506592
701,22020096,16862.533,586,22.58,0.0,232.63,-0.007698992732912302,1.432918906211853,0.5184192061424255,0.0027831366469257546,0.0285186767578125,0.0006,0.2675743262017227,0.6879162702188392
702,22052864,16915.581,586,24.75,0.01,248.9,-0.011678982526063919,0.9984535574913025,0.5045487880706787,0.005397536954966142,0.0479583740234375,0.0006,0.20268491708344302,0.7141630901287553
703,22085632,16971.383,586,22.8,0.0,235.65,-0.012556557543575764,1.2540658712387085,0.5171112418174744,0.0027744009779127055,0.02677154541015625,0.0006,0.19783273131425397,0.684557438794727
704,22118400,17023.754,587,23.76,0.01,251.49,-0.014697076752781868,1.1285607814788818,0.5104457139968872,0.0072253553476837595,0.05770111083984375,0.0006,0.2164617851416355,0.7209705372616985
705,22151168,17077.109,587,24.07,0.01,251.67,-0.012202012352645397,1.1448854207992554,0.5214207172393799,0.005912929026237634,0.05219268798828125,0.0006,0.16035751840168244,0.7457337883959044
706,22183936,17134.873,587,24.11,0.01,266.87,-0.017069844529032707,1.035869836807251,0.5095371007919312,0.007223605716163206,0.05535888671875,0.0006,0.18358129649309246,0.7342419080068143
707,22216704,17190.428,587,23.43,0.01,246.64,-0.016786029562354088,1.2351948022842407,0.5164400339126587,0.006119319005620127,0.05020904541015625,0.0006,0.18852672750977836,0.7360275150472915
708,22249472,17247.515,587,23.33,0.01,248.96,-0.011045466177165508,1.358599066734314,0.5078310966491699,0.004413022290037816,0.03964996337890625,0.0006,0.232331223628692,0.7267188859878155
709,22282240,17300.878,587,23.13,0.01,338.44,-0.009722711518406868,1.0907483100891113,0.48284783959388733,0.005477636076420822,0.05029296875,0.0006,0.16720516962843296,0.7151567944250871
710,22315008,17355.639,587,24.95,0.0,262.19,-0.011912019923329353,1.0892348289489746,0.4976392090320587,0.005858284079451437,0.05051422119140625,0.0006,0.17215256008359456,0.7400778210116732
711,22347776,17411.546,587,25.03,0.01,259.39,-0.01640542410314083,0.9835492372512817,0.5095608830451965,0.005567350799509541,0.044769287109375,0.0006,0.21603622802344166,0.7098360655737705
712,22380544,17468.303,587,24.2,0.02,252.07,-0.021118424832820892,1.2607991695404053,0.5177441835403442,0.007247554438436055,0.05423736572265625,0.0006,0.16631634261692066,0.7177914110429447
713,22413312,17525.156,587,25.57,0.03,262.77,-0.014151578769087791,1.0695288181304932,0.5152950286865234,0.0047175356959883175,0.04229736328125,0.0006,0.19681960375391033,0.6969446738232865
714,22446080,17579.832,587,23.63,0.0,246.15,-0.012068284675478935,1.6180325746536255,0.4880281388759613,0.004025197052442309,0.03220367431640625,0.0006,0.1851949420442571,0.7160826594788859
715,22478848,17635.133,587,24.81,0.0,250.3,-0.018004432320594788,1.0229264497756958,0.4834445118904114,0.005797004208162093,0.0447235107421875,0.0006,0.1908538197197991,0.7097581317764804
716,22511616,17690.02,587,25.86,0.02,267.66,-0.019226210191845894,1.100951075553894,0.5029094219207764,0.01167389585251044,0.07329559326171875,0.0006,0.24364837398373984,0.7479740680713128
717,22544384,17745.433,587,21.88,0.0,225.17,-0.01515098474919796,1.6125355958938599,0.49226927757263184,0.008069956079197027,0.06817626953125,0.0006,0.22346528973034996,0.7152317880794702
718,22577152,17803.578,587,22.91,0.02,238.08,-0.011294353753328323,1.4731866121292114,0.4792082905769348,0.004890383159590783,0.042205810546875,0.0006,0.22712328767123288,0.6988171064604186
719,22609920,17856.92,587,23.98,0.01,246.04,-0.01598978042602539,1.1382989883422852,0.49985402822494507,0.008086270277019025,0.0569000244140625,0.0006,0.21326362135388002,0.7027506654835848
720,22642688,17913.912,587,23.04,0.0,241.42,-0.016616031527519226,1.187058925628662,0.5328156352043152,0.006373727075128954,0.0509796142578125,0.0006,0.27589018755096495,0.6873840445269017
721,22675456,17969.836,587,22.5,0.01,225.49,-0.011226346716284752,1.550837516784668,0.5274012088775635,0.0049636749278647585,0.0431365966796875,0.0006,0.2983060579959805,0.7514177693761814
722,22708224,18026.149,587,20.31,0.0,208.75,-0.018600352108478546,1.5871007442474365,0.5054054260253906,0.0081231200948082,0.061187744140625,0.0006,0.2831215970961887,0.7064315352697096
723,22740992,18079.38,587,22.93,0.01,231.83,-0.007489807903766632,1.1454143524169922,0.5414413213729858,0.00569289890135849,0.05297088623046875,0.0006,0.31308279174908166,0.7072029934518241
724,22773760,18137.307,587,21.28,0.0,220.42,-0.01393246091902256,1.5001131296157837,0.5511777997016907,0.0045694287609592266,0.04106903076171875,0.0006,0.3263369752731455,0.7066929133858267
725,22806528,18192.885,587,22.37,0.01,229.46,-0.01843087747693062,1.4100360870361328,0.5179432034492493,0.006251555746871418,0.04946136474609375,0.0006,0.2611853573503777,0.7012609117361784
726,22839296,18249.875,587,22.74,0.02,231.72,-0.01345289871096611,1.2282264232635498,0.5190075635910034,0.008182752112617209,0.06390380859375,0.0006,0.22163367716754948,0.7107664233576643
727,22872064,18305.078,587,23.08,0.0,239.05,-0.020006095990538597,1.591956377029419,0.5264850854873657,0.006563168703195288,0.054962158203125,0.0006,0.3067961165048544,0.6888080072793449
728,22904832,18362.129,587,21.45,0.02,222.25,-0.01180313527584076,1.5791562795639038,0.5096991658210754,0.0061906016844375245,0.05181884765625,0.0006,0.367203513909224,0.7077534791252486
729,22937600,18415.344,587,21.78,0.0,329.85,-0.018782885745167732,1.319183588027954,0.5195170640945435,0.009711398940766003,0.07225799560546875,0.0006,0.20991735537190082,0.7109602327837051
730,22970368,18468.005,587,22.81,0.02,239.28,0.005501328036189079,1.3992352485656738,0.5074180364608765,0.008543177530464163,0.0615478515625,0.0006,0.2986870897155361,0.7261567516525024
731,23003136,18523.488,587,25.25,0.02,256.23,-0.009938864037394524,1.126621961593628,0.4660608768463135,0.004906051254636168,0.037994384765625,0.0006,0.1902994964219454,0.699581589958159
732,23035904,18574.31,587,24.84,0.01,260.69,-0.010060645639896393,1.0547252893447876,0.46280577778816223,0.0044044749126612714,0.03989410400390625,0.0006,0.16875653082549635,0.6811832374691865
733,23068672,18630.131,587,27.03,0.02,303.49,-0.01306665875017643,0.9046087265014648,0.4341577887535095,0.005657501363884876,0.0429534912109375,0.0006,0.18878181368915245,0.6860916860916861
734,23101440,18683.838,587,23.9,0.02,243.75,-0.014018058776855469,1.3480510711669922,0.48654061555862427,0.002996948027629287,0.0284423828125,0.0006,0.2023516543614985,0.6574633304572908
735,23134208,18740.715,587,23.64,0.02,245.15,-0.01200807373970747,1.1702830791473389,0.520923376083374,0.004680367259254581,0.04217529296875,0.0006,0.24316939890710382,0.6641285956006768
736,23166976,18793.914,587,23.12,0.0,239.36,-0.013333316892385483,1.3758065700531006,0.5022456645965576,0.005596172118146114,0.05062103271484375,0.0006,0.2331220721961973,0.6823956442831216
737,23199744,18845.069,587,24.17,0.0,257.23,-0.016996921971440315,1.2322578430175781,0.48082423210144043,0.005894340810414178,0.04547119140625,0.0006,0.20234986945169714,0.6552315608919382
738,23232512,18902.052,587,24.09,0.03,252.26,-0.018114283680915833,1.383895754814148,0.48511800169944763,0.005855255697369444,0.04819488525390625,0.0006,0.24302685950413222,0.680278019113814
739,23265280,18955.656,587,24.18,0.03,254.69,-0.018424630165100098,1.2517670392990112,0.5064191222190857,0.006757416287939577,0.05680084228515625,0.0006,0.2840909090909091,0.6937716262975778
740,23298048,19009.796,587,21.97,0.01,325.78,-0.017149794846773148,1.3783975839614868,0.5172936916351318,0.007625505170210545,0.06140899658203125,0.0006,0.26862745098039215,0.7012369172216937
741,23330816,19065.968,587,23.32,0.0,251.41,-0.013932475820183754,0.9978872537612915,0.5334914326667786,0.00600741882445277,0.053497314453125,0.0006,0.26521181001283695,0.6806049822064056
742,23363584,19120.702,587,24.08,0.01,253.01,-0.016460273414850235,1.2657949924468994,0.5079379081726074,0.007131889837040717,0.057586669921875,0.0006,0.29303547963206306,0.6605263157894737
743,23396352,19173.84,587,23.51,0.02,348.03,-0.016322653740644455,1.2799700498580933,0.4808894693851471,0.0062845978976042716,0.0535430908203125,0.0006,0.2751150825886813,0.643979057591623
744,23429120,19229.542,587,23.34,0.0,246.77,-0.023172033950686455,1.3745064735412598,0.5324975252151489,0.008599728987434219,0.06621551513671875,0.0006,0.30533333333333335,0.7037358818418766
745,23461888,19287.255,587,22.05,0.0,233.64,-0.019333764910697937,1.4778754711151123,0.5268778204917908,0.005473410232838205,0.04785919189453125,0.0006,0.26864035087719296,0.720532319391635
746,23494656,19341.481,587,24.01,0.0,270.81,-0.016361424699425697,1.613476276397705,0.5252401828765869,0.0058370312989950435,0.0496673583984375,0.0006,0.2644501278772379,0.6871165644171779
747,23527424,19400.091,587,21.14,0.01,220.46,-0.02036476321518421,1.554721713066101,0.5634148120880127,0.006367295486143121,0.05498504638671875,0.0006,0.30559460219285917,0.6821322803553801
748,23560192,19455.11,587,22.94,0.02,233.99,-0.019014567136764526,1.33859121799469,0.4969313442707062,0.009058182809724258,0.066314697265625,0.0006,0.23172804532577904,0.65
749,23592960,19510.908,587,23.38,0.01,341.07,-0.017048286274075508,1.3629165887832642,0.503059983253479,0.004483119240774158,0.04172515869140625,0.0006,0.25702592087312415,0.6739894551845342
750,23625728,19565.902,587,25.48,0.01,264.15,-0.014717411249876022,1.3028993606567383,0.5023614764213562,0.006240349558936487,0.050689697265625,0.0006,0.22268041237113403,0.6892464013547841
751,23658496,19623.348,587,23.02,0.0,232.66,-0.009779009036719799,1.3180651664733887,0.5109208226203918,0.004790096357709217,0.04373931884765625,0.0006,0.2625070264193367,0.6737327188940092
752,23691264,19677.151,587,23.69,0.0,254.42,-0.015324495732784271,1.4892051219940186,0.534543514251709,0.007867946780635293,0.0596160888671875,0.0006,0.21946564885496184,0.6826086956521739
753,23724032,19732.554,587,23.22,0.01,237.0,-0.01561320573091507,1.6398954391479492,0.554975688457489,0.005695527534328448,0.04788970947265625,0.0006,0.23244886677722498,0.6427272727272727
754,23756800,19789.76,587,23.94,0.01,250.14,-0.02089463733136654,1.5758132934570312,0.5455921292304993,0.00664566124536492,0.053131103515625,0.0006,0.25975414216996257,0.6979166666666666
755,23789568,19844.345,587,22.29,0.0,235.68,-0.02358097769320011,1.653249979019165,0.5720738172531128,0.007198545927167288,0.0583343505859375,0.0006,0.2711817932547299,0.6819484240687679
756,23822336,19902.159,587,21.49,0.0,227.82,-0.008992845192551613,1.8166289329528809,0.4934598207473755,0.005065761291291437,0.049224853515625,0.0006,0.35538592027141647,0.6846758349705304
757,23855104,19958.737,587,23.12,0.0,241.91,-0.011821640655398369,1.8461253643035889,0.5105903148651123,0.005010319148311737,0.04253387451171875,0.0006,0.3098745226404801,0.6495575221238938
758,23887872,20012.493,587,22.11,0.01,227.4,-0.008006040006875992,1.742851734161377,0.4578387439250946,0.005667039940261631,0.04563140869140625,0.0006,0.27,0.6835205992509363
759,23920640,20065.486,587,22.74,0.0,238.0,-0.01529954094439745,1.4912347793579102,0.4890669584274292,0.005934882580163503,0.0487060546875,0.0006,0.27866108786610877,0.6827272727272727
760,23953408,20119.233,587,25.38,0.01,262.79,-0.010742821730673313,1.2979938983917236,0.476688027381897,0.002802809116815297,0.02739715576171875,0.0006,0.3346114519427403,0.6810126582278481
761,23986176,20175.972,587,23.69,0.02,367.0,-0.013240795582532883,1.4854885339736938,0.49274319410324097,0.0045512574256747484,0.04038238525390625,0.0006,0.2775829511734556,0.710691823899371
762,24018944,20230.566,587,22.23,0.01,229.62,-0.012864312157034874,1.7809457778930664,0.5158452391624451,0.00431806954443914,0.03800201416015625,0.0006,0.28930995475113125,0.7021475256769374
763,24051712,20283.246,588,23.85,0.01,252.16,-0.00617542490363121,1.5428193807601929,0.5426754951477051,0.006828057663653908,0.0575103759765625,0.0006,0.31272447408927656,0.7002652519893899
764,24084480,20337.394,588,25.31,0.0,267.65,-0.016793426126241684,0.982081413269043,0.4972226023674011,0.004358125294118054,0.03778076171875,0.0006,0.25372757139246904,0.693723849372385
765,24117248,20392.021,588,22.18,0.0,270.2,-0.02015591412782669,1.673519253730774,0.5360233187675476,0.007837894331146344,0.0598602294921875,0.0006,0.2965264049703474,0.7048417132216015
766,24150016,20447.172,588,22.71,0.01,240.68,-0.003519450780004263,1.7294487953186035,0.5431843996047974,0.005768622403621748,0.05406951904296875,0.0006,0.300107469102633,0.7074766355140187
767,24182784,20504.159,588,23.44,0.02,243.41,-0.02056621015071869,1.472785234451294,0.5206877589225769,0.006582963677459475,0.054351806640625,0.0006,0.3048580786026201,0.6805309734513274
768,24215552,20561.483,588,23.52,0.02,250.72,-0.020308900624513626,1.333007574081421,0.5075839757919312,0.00835347539141651,0.069610595703125,0.0006,0.29822732012513037,0.7029360967184801
769,24248320,20614.951,588,18.82,0.0,198.17,-0.010272052139043808,2.0634799003601074,0.5623257756233215,0.004938293996701759,0.048583984375,0.0006,0.34579439252336447,0.7222222222222222
770,24281088,20671.585,588,22.65,0.01,237.31,-0.014625424519181252,1.6055320501327515,0.519074559211731,0.004441015207390819,0.03665924072265625,0.0006,0.2763337893296854,0.7103321033210332
771,24313856,20726.463,588,19.5,0.0,201.09,-0.018241915851831436,2.0356340408325195,0.5130988359451294,0.006863064374982741,0.054840087890625,0.0006,0.337468982630273,0.680672268907563
772,24346624,20781.08,588,22.41,0.01,234.04,-0.011335157789289951,1.7654783725738525,0.4953113794326782,0.005350227494773208,0.0450439453125,0.0006,0.33590623213264725,0.7082551594746717
773,24379392,20836.948,588,22.8,0.0,236.89,-0.011639576405286789,1.7339403629302979,0.5397868156433105,0.007323226379753578,0.06212615966796875,0.0006,0.338411316648531,0.6854334226988382
774,24412160,20890.06,588,22.16,0.0,236.27,-0.016566677019000053,1.568307638168335,0.5182885527610779,0.005865463855514008,0.05225372314453125,0.0006,0.3252777777777778,0.6847926267281106
775,24444928,20943.395,588,24.58,0.02,261.13,-0.018281426280736923,1.249861240386963,0.5025791525840759,0.008362172898188192,0.0608978271484375,0.0006,0.2480660134089737,0.6997476871320437
776,24477696,20997.404,588,21.48,0.01,231.07,-0.020579053089022636,1.561337947845459,0.5078455209732056,0.004894029097869179,0.04279327392578125,0.0006,0.319058423142371,0.6644359464627151
777,24510464,21055.545,588,24.05,0.03,254.72,-0.009252432733774185,1.2289021015167236,0.5027921795845032,0.006453524296063051,0.0556488037109375,0.0006,0.23844969199178645,0.6727115716753023
778,24543232,21108.853,588,24.95,0.03,263.01,-0.013667573221027851,1.2083309888839722,0.49620819091796875,0.005452626437921992,0.04708099365234375,0.0006,0.22225124053277617,0.6855932203389831
779,24576000,21163.797,588,22.96,0.01,234.49,-0.010455918498337269,1.529517412185669,0.4888235926628113,0.0036033396419838937,0.032806396484375,0.0006,0.28221722003376476,0.7148182665424044
780,24608768,21218.708,588,25.12,0.02,265.86,-0.01846110075712204,1.407225489616394,0.49158743023872375,0.006577191087103529,0.0493621826171875,0.0006,0.21755822882006653,0.7180936995153473
781,24641536,21273.461,588,25.23,0.01,263.63,-0.01704753004014492,0.8986203074455261,0.4570756256580353,0.0061732945557650964,0.048858642578125,0.0006,0.21110529072812992,0.7223567393058918
782,24674304,21326.822,588,24.16,0.0,255.23,-0.012906547635793686,1.2336597442626953,0.5033080577850342,0.005013779743705982,0.0411376953125,0.0006,0.22289314780782357,0.7069689336691856
783,24707072,21382.71,588,24.38,0.01,249.92,-0.012752047739923,1.1744670867919922,0.46006178855895996,0.004199164323864579,0.03781890869140625,0.0006,0.20186170212765958,0.7074829931972789
784,24739840,21437.083,588,25.71,0.01,262.67,-0.016650564968585968,1.1946817636489868,0.47889530658721924,0.008285600553506356,0.05353546142578125,0.0006,0.23658410732714139,0.7039199332777314
785,24772608,21490.167,588,26.22,0.03,267.6,-0.017512723803520203,1.00128972530365,0.47192299365997314,0.006925676257964142,0.050537109375,0.0006,0.22933467741935484,0.6992840095465394
786,24805376,21544.691,588,26.51,0.06,371.32,-0.019718118011951447,1.1065874099731445,0.4472719132900238,0.008727631999903451,0.0576629638671875,0.0006,0.2444944944944945,0.6886942675159236
787,24838144,21600.322,588,25.17,0.02,257.11,-0.013711411505937576,1.153275966644287,0.5258997678756714,0.008718461691955781,0.0593414306640625,0.0006,0.19032679738562092,0.6976351351351351
788,24870912,21654.961,588,24.69,0.02,251.38,-0.01699208840727806,1.2335190773010254,0.49555453658103943,0.007384020932704516,0.06285858154296875,0.0006,0.22181048173636844,0.6939843068875327
789,24903680,21707.803,588,27.19,0.01,285.33,-0.015565924346446991,1.0248639583587646,0.4867478609085083,0.01000235815336481,0.0600128173828125,0.0006,0.18866571018651362,0.6833832335329342
790,24936448,21762.321,588,23.63,0.01,254.57,-0.019791997969150543,1.6017920970916748,0.5061090588569641,0.007738440821384529,0.0566253662109375,0.0006,0.2642286891578676,0.7119518486672399
791,24969216,21817.23,588,22.74,0.04,343.35,-0.019030874595046043,1.4260104894638062,0.5006393194198608,0.007709609896075165,0.0592041015625,0.0006,0.2255285826155051,0.696014828544949
792,25001984,21872.051,588,25.16,0.01,269.5,-0.01866678148508072,1.3761622905731201,0.542404294013977,0.007329609734455289,0.05755615234375,0.0006,0.2591668745323023,0.6919275123558485
793,25034752,21923.721,588,23.59,0.0,241.63,-0.02324710786342621,1.576767921447754,0.5316691398620605,0.00866708423919249,0.06053924560546875,0.0006,0.22746896923907178,0.6728971962616822
794,25067520,21981.261,588,23.96,0.01,249.68,-0.016484307125210762,1.223358392715454,0.5333513617515564,0.006884506156637826,0.05281829833984375,0.0006,0.2606269925611052,0.6851363236587511
795,25100288,22037.289,588,22.62,0.0,243.51,-0.014279472641646862,1.5804588794708252,0.5182285308837891,0.0055843211383432845,0.05055999755859375,0.0006,0.24845388545307878,0.6729678638941399
796,25133056,22094.224,588,21.76,0.0,332.36,-0.014268767088651657,1.341801643371582,0.5422842502593994,0.006153215510977361,0.053375244140625,0.0006,0.2594686263425664,0.725
797,25165824,22146.898,588,22.98,0.02,242.6,-0.015039636753499508,1.4933149814605713,0.5441230535507202,0.007474642816333699,0.05623626708984375,0.0006,0.2418142780461621,0.7087813620071685
798,25198592,22200.396,588,24.61,0.01,252.38,-0.016338534653186798,1.3562569618225098,0.5108953714370728,0.0057762922087079005,0.0474090576171875,0.0006,0.26104205236709865,0.6697401508801342
799,25231360,22255.384,588,23.33,0.03,242.25,-0.02045099250972271,1.492868185043335,0.5321333408355713,0.005995204704788648,0.05135345458984375,0.0006,0.3260153677277717,0.6846846846846847
800,25264128,22311.004,588,22.52,0.0,297.58,-0.017429418861865997,1.4680454730987549,0.5253803730010986,0.0066257464586385595,0.05615997314453125,0.0006,0.2992170022371365,0.6974310180780209
801,25296896,22366.977,588,21.96,0.01,232.61,-0.014139522798359394,1.7519032955169678,0.5582162737846375,0.005560553423691772,0.05391693115234375,0.0006,0.35569162259949905,0.7184834123222749
802,25329664,22422.539,588,20.82,0.01,230.63,-0.015355249866843224,1.871769905090332,0.552412748336792,0.009068417142032104,0.067230224609375,0.0006,0.3553485746542478,0.7088607594936709
803,25362432,22478.537,588,22.69,0.02,228.19,-0.015360149554908276,1.4820826053619385,0.5269149541854858,0.0047539437162527065,0.04644775390625,0.0006,0.3014727115218019,0.7030185004868549
804,25395200,22532.818,588,19.85,0.0,222.35,-0.015651891008019447,2.6530985832214355,0.5381741523742676,0.0067582180602840936,0.06380462646484375,0.0006,0.36192861615529115,0.7338877338877339
805,25427968,22586.466,589,19.56,0.0,207.93,-0.017391877248883247,2.203289270401001,0.5614355802536011,0.009195379608307519,0.0714874267578125,0.0006,0.3312538989394885,0.7146017699115044
806,25460736,22642.091,589,20.51,0.0,211.29,-0.01696905307471752,1.9469635486602783,0.5382424592971802,0.005538021633668677,0.04959869384765625,0.0006,0.3480096501809409,0.7122153209109731
807,25493504,22697.851,589,20.12,0.01,205.72,-0.016606982797384262,2.0934109687805176,0.5536264777183533,0.00721466073900956,0.05481719970703125,0.0006,0.3373793962029256,0.7068965517241379
808,25526272,22755.708,588,19.77,0.01,213.55,-0.021702628582715988,2.1597251892089844,0.5702771544456482,0.0061115998237113445,0.05539703369140625,0.0006,0.41345029239766085,0.6842650103519669
809,25559040,22810.625,588,20.36,0.04,210.17,-0.01145436242222786,2.0078091621398926,0.551933765411377,0.008172068978012703,0.07128143310546875,0.0006,0.36468097973994557,0.6890756302521008
810,25591808,22867.063,588,18.24,0.01,186.01,-0.007531052455306053,1.7899971008300781,0.5331824421882629,0.0034895737740470167,0.031463623046875,0.0006,0.3480376256892637,0.7456846950517837
811,25624576,22923.561,588,21.3,0.02,222.76,-0.01329817995429039,1.4758086204528809,0.5300043821334839,0.003391064324716808,0.03197479248046875,0.0006,0.3242784380305603,0.7228426395939086
812,25657344,22973.486,589,20.74,0.0,217.32,-0.008021829649806023,1.2835218906402588,0.512861967086792,0.0022954207141765437,0.0205841064453125,0.0006,0.29452852153667053,0.7443762781186094
813,25690112,23026.931,589,25.05,0.01,268.62,-0.018599925562739372,1.1007452011108398,0.4789673984050751,0.006549847611502457,0.0504608154296875,0.0006,0.2573323131854119,0.6868770764119602
814,25722880,23082.427,589,20.3,0.0,206.91,-0.012481408193707466,1.3132694959640503,0.5317854881286621,0.006598178891522366,0.05438995361328125,0.0006,0.2982669504408635,0.7266035751840169
815,25755648,23138.446,589,20.52,0.01,215.3,-0.015576007775962353,1.4745197296142578,0.5464792251586914,0.005330320560915425,0.047271728515625,0.0006,0.31605301914580264,0.696813977389517
816,25788416,23189.235,589,22.07,0.0,350.46,-0.01467134803533554,1.348626732826233,0.5331565737724304,0.0075178578827603815,0.0633392333984375,0.0006,0.2516367776828921,0.6575729068673566
817,25821184,23242.489,589,19.93,0.03,305.75,-0.010800674557685852,1.4697315692901611,0.49264881014823914,0.005557795994221237,0.0481414794921875,0.0006,0.3268757687576876,0.6801661474558671
818,25853952,23296.353,589,23.68,0.01,243.76,-0.014985504560172558,1.1752147674560547,0.5402621626853943,0.006948852820769957,0.0511474609375,0.0006,0.2442345095859961,0.6493273542600897
819,25886720,23349.857,589,22.24,0.0,238.17,-0.015355543233454227,1.3237583637237549,0.5232707858085632,0.007204058221901732,0.05757904052734375,0.0006,0.26903553299492383,0.6803939122649956
820,25919488,23403.779,589,21.63,0.01,234.76,-0.01361642312258482,1.3589704036712646,0.5566277503967285,0.0047214154113390805,0.042327880859375,0.0006,0.27867506159321104,0.6499032882011605
821,25952256,23455.253,589,23.07,0.0,246.29,-0.01695564016699791,1.3556180000305176,0.5505801439285278,0.006162165527214825,0.05310821533203125,0.0006,0.24390243902439024,0.6842568161829375
822,25985024,23507.658,589,23.69,0.02,256.76,-0.012073440477252007,1.3313140869140625,0.5203526616096497,0.008410144640606632,0.0676116943359375,0.0006,0.24821428571428572,0.6773913043478261
823,26017792,23558.979,589,21.3,0.03,277.28,-0.017088331282138824,1.4888415336608887,0.5305790901184082,0.0048188040067884685,0.04119873046875,0.0006,0.21805133866961082,0.6532951289398281
824,26050560,23612.997,589,23.27,0.02,252.3,-0.014481092803180218,1.3922686576843262,0.5336792469024658,0.006779213039678211,0.05120086669921875,0.0006,0.2693432597713374,0.6705670567056705
825,26083328,23667.675,589,22.63,0.0,430.88,-0.011759513057768345,1.27401602268219,0.5647343993186951,0.0039512406266339895,0.03568267822265625,0.0006,0.28137966804979253,0.6102610261026102
826,26116096,23724.577,589,22.42,0.01,236.19,-0.011610439047217369,1.4228659868240356,0.5497773289680481,0.004066727051167618,0.0358428955078125,0.0006,0.2829403606102635,0.6398891966759003
827,26148864,23781.228,589,21.19,0.01,226.25,-0.014489974826574326,1.4558144807815552,0.5758159756660461,0.006504409882083451,0.04938507080078125,0.0006,0.28052243043725156,0.6650197628458498
828,26181632,23833.073,589,22.47,0.01,234.18,0.006792052648961544,1.6428226232528687,0.4905008375644684,0.014906376253384224,0.0796142578125,0.0006,0.2627191721759126,0.6718894009216589
829,26214400,23886.799,589,24.32,0.02,361.83,-0.012422239407896996,1.2423861026763916,0.5092685222625732,0.004081331849590697,0.036224365234375,0.0006,0.1890149561629706,0.6726959517657192
830,26247168,23940.622,589,25.34,0.03,274.35,-0.015565498732030392,1.1067041158676147,0.5065323710441589,0.005122689044128492,0.041534423828125,0.0006,0.18933265925176945,0.6567656765676567
831,26279936,23995.28,589,24.47,0.0,261.67,-0.021409936249256134,1.1477197408676147,0.5152888298034668,0.006896310324947308,0.0525970458984375,0.0006,0.22998986828774062,0.6342668863261944
832,26312704,24049.55,589,27.01,0.05,288.29,-0.013656249269843102,0.9169154167175293,0.45272159576416016,0.005174022130972844,0.0431060791015625,0.0006,0.22002412545235223,0.6406995230524642
833,26345472,24101.243,590,23.99,0.01,256.7,-0.01694507524371147,1.3082444667816162,0.4856652021408081,0.005129197622579795,0.0381011962890625,0.0006,0.25722394220846234,0.6417525773195877
834,26378240,24156.342,590,23.33,0.02,246.18,-0.02001570165157318,1.4317152500152588,0.5327486991882324,0.007506701942645577,0.0471649169921875,0.0006,0.22075365579302586,0.6432384341637011
835,26411008,24209.925,590,25.43,0.0,367.34,-0.013993076980113983,1.04306960105896,0.5214159488677979,0.005481771157334947,0.048492431640625,0.0006,0.23903177004538578,0.6473941368078175
836,26443776,24262.844,590,25.0,0.03,258.41,-0.011993668973445892,1.0746440887451172,0.5104156136512756,0.005144730434381017,0.0450592041015625,0.0006,0.21102808554496263,0.6380208333333334
837,26476544,24319.182,590,23.79,0.02,253.57,-0.017059020698070526,1.2130649089813232,0.5254735946655273,0.005488146285415496,0.0462799072265625,0.0006,0.20416666666666666,0.6373913043478261
838,26509312,24372.023,590,23.56,0.01,247.79,-0.01635807380080223,1.2448952198028564,0.527543306350708,0.006602691682672912,0.052734375,0.0006,0.28673930374701034,0.650399290150843
839,26542080,24428.712,590,23.6,0.0,253.14,-0.01874372363090515,1.4812557697296143,0.535664439201355,0.005419079966912932,0.04538726806640625,0.0006,0.21313211543553084,0.6557659208261618
840,26574848,24484.311,590,23.93,0.01,252.02,-0.015756696462631226,1.2654004096984863,0.5301587581634521,0.005210743493975656,0.045562744140625,0.0006,0.19584647739221872,0.6846289752650176
841,26607616,24540.412,590,23.63,0.0,310.99,-0.01841370388865471,1.1654942035675049,0.5327881574630737,0.00571785161092464,0.047088623046875,0.0006,0.2465897166841553,0.6826241134751773
842,26640384,24594.799,590,23.5,0.02,246.25,-0.01639343798160553,1.237312912940979,0.5209504961967468,0.006026937097772134,0.05086517333984375,0.0006,0.20446780551905389,0.6947826086956522
843,26673152,24650.899,590,25.26,0.02,262.77,-0.009717506356537342,1.2547693252563477,0.5206897258758545,0.004918149668355909,0.04286956787109375,0.0006,0.21091747821629933,0.6823228010247652
844,26705920,24705.629,590,24.07,0.01,259.69,-0.01687457785010338,1.4223997592926025,0.5325684547424316,0.005765658882694424,0.044219970703125,0.0006,0.23273855702094648,0.6774468085106383
845,26738688,24757.473,590,22.28,0.02,236.35,-0.016497241333127022,1.4993255138397217,0.5461242198944092,0.005979779702869337,0.0532684326171875,0.0006,0.2718047174986286,0.6543095458758109
846,26771456,24811.393,590,21.96,0.0,239.89,-0.009115958586335182,1.6126651763916016,0.5473393201828003,0.004928554058039936,0.04755401611328125,0.0006,0.24515786680817192,0.6958614051973051
847,26804224,24865.667,590,24.31,0.01,260.63,-0.013635130599141121,1.6040300130844116,0.5342691540718079,0.0027183427376940017,0.023468017578125,0.0006,0.20436659050520437,0.6683893195521102
848,26836992,24918.449,590,23.99,0.0,254.83,-0.011226469650864601,1.210938572883606,0.5105189085006714,0.0034009700001043086,0.03366851806640625,0.0006,0.22027239392352016,0.6654772524531668
849,26869760,24968.83,590,23.59,0.02,250.03,-0.016551053151488304,1.2795326709747314,0.502101480960846,0.009711334219645096,0.05770111083984375,0.0006,0.20223523150612027,0.710896309314587
850,26902528,25019.987,590,25.0,0.02,273.73,-0.014482934959232807,0.8606429100036621,0.5251755714416504,0.005962518116120918,0.051239013671875,0.0006,0.24721009218825812,0.6941666666666667
851,26935296,25069.553,590,24.61,0.03,274.17,-0.015376081690192223,1.0292104482650757,0.4895608425140381,0.0075039638362000005,0.05814361572265625,0.0006,0.23258049014896684,0.6857624262847515
852,26968064,25121.776,590,22.67,0.02,339.52,-0.011845620349049568,1.2536182403564453,0.543563961982727,0.004905266152633203,0.0449981689453125,0.0006,0.20776439089692103,0.658513640639699
853,27000832,25174.22,590,24.81,0.02,257.94,-0.013663242571055889,0.9173358678817749,0.510613739490509,0.0028567691506964366,0.02875518798828125,0.0006,0.1880031160737471,0.6806148590947908
854,27033600,25228.201,590,24.71,0.04,269.24,-0.01299513503909111,1.2222986221313477,0.5402916669845581,0.003075554807054459,0.029144287109375,0.0006,0.22492625368731564,0.7017094017094017
855,27066368,25278.186,591,24.15,0.01,256.87,-0.020826665684580803,1.2587937116622925,0.5336891412734985,0.0063985146080050015,0.05220794677734375,0.0006,0.2225103734439834,0.6775862068965517
856,27099136,25333.757,591,25.11,0.01,270.3,-0.015707429498434067,1.0401699542999268,0.5249132513999939,0.008996415529708202,0.06404876708984375,0.0006,0.20512189115981286,0.7022149302707137
857,27131904,25387.884,591,23.97,0.01,276.97,-0.01557997241616249,1.0845264196395874,0.5319488048553467,0.006631562958887116,0.04758453369140625,0.0006,0.23962264150943396,0.6547202797202797
858,27164672,25438.44,591,23.88,0.02,253.13,-0.018099872395396233,1.2513433694839478,0.5440004467964172,0.006366345584382316,0.04907989501953125,0.0006,0.2300261096605744,0.6847161572052402
859,27197440,25490.364,591,22.2,0.0,241.36,-0.016375035047531128,1.4234519004821777,0.5512321591377258,0.007984086789463163,0.0611114501953125,0.0006,0.2627050282333961,0.6889097744360902
860,27230208,25540.647,591,23.08,0.02,248.66,-0.021443262696266174,1.0212316513061523,0.5129343867301941,0.008614152595953328,0.06646728515625,0.0006,0.28485324947589097,0.6495495495495496
861,27262976,25591.59,591,22.13,0.01,238.53,-0.022865233942866325,1.1515672206878662,0.5325274467468262,0.008162844893206511,0.06351470947265625,0.0006,0.2516111707841031,0.68054211035818
862,27295744,25644.286,591,21.81,0.0,323.93,-0.017359409481287003,1.5104327201843262,0.551038384437561,0.006116271915857396,0.05684661865234375,0.0006,0.2705786471067645,0.6615236258437801
863,27328512,25697.892,591,22.45,0.01,309.65,-0.010824767872691154,1.398787498474121,0.5572757124900818,0.0040885986689431775,0.0454864501953125,0.0006,0.31091510474090406,0.6817769718948323
864,27361280,25752.273,591,22.3,0.01,234.23,-0.014505450613796711,1.353031873703003,0.5387042164802551,0.004853309440790099,0.041961669921875,0.0006,0.29731925264013,0.6597744360902256
865,27394048,25805.323,591,22.19,0.02,238.36,-0.0190541110932827,1.5129714012145996,0.5348845720291138,0.00745493330683189,0.0621490478515625,0.0006,0.3241473396998636,0.698005698005698
866,27426816,25859.349,591,20.2,0.01,210.71,-0.02037215419113636,1.7097272872924805,0.5169885158538818,0.007327169397058242,0.06281280517578125,0.0006,0.3436950146627566,0.6573576799140709
867,27459584,25910.693,591,21.19,0.01,229.63,-0.011841132305562496,1.2613741159439087,0.5106937289237976,0.004705920268804675,0.0431976318359375,0.0006,0.33520809898762655,0.6875
868,27492352,25961.913,591,21.52,0.03,225.71,-0.013462653383612633,1.6240017414093018,0.5073338747024536,0.004588514837180924,0.04241943359375,0.0006,0.3067039106145251,0.6733668341708543
869,27525120,26014.553,592,24.52,0.01,261.19,-0.018658999353647232,1.0049545764923096,0.5018664002418518,0.00903279578899685,0.069183349609375,0.0006,0.2278833967046895,0.6737649063032368
870,27557888,26066.146,592,20.79,0.01,319.08,-0.019115589559078217,1.4160492420196533,0.5253918766975403,0.006531573543099967,0.05489349365234375,0.0006,0.2650226757369615,0.7063572149344097
871,27590656,26118.014,592,21.13,0.01,251.25,-0.018930848687887192,1.2275865077972412,0.5112578868865967,0.006759138814572907,0.05483245849609375,0.0006,0.2663403397638929,0.7114427860696517
872,27623424,26173.936,592,20.69,0.02,219.88,-0.016022808849811554,1.644423484802246,0.5050355792045593,0.0070145840355735345,0.0589752197265625,0.0006,0.35772833723653397,0.7015384615384616
873,27656192,26225.653,592,21.02,0.01,219.33,-0.023987190797924995,1.3159960508346558,0.49468082189559937,0.009602994002904097,0.074310302734375,0.0006,0.30274170274170276,0.7213438735177866
874,27688960,26276.549,592,24.26,0.02,257.73,-0.018315540626645088,1.030741572380066,0.44090694189071655,0.007453690254294543,0.05956268310546875,0.0006,0.24161073825503357,0.6908006814310051
875,27721728,26328.246,592,23.6,0.01,260.48,-0.01422217395156622,1.2044949531555176,0.43163394927978516,0.005581168210767373,0.0435638427734375,0.0006,0.3035667107001321,0.6789473684210526
876,27754496,26379.894,592,23.01,0.01,444.81,-0.01474957074970007,1.2958004474639893,0.45445120334625244,0.0037674510215310875,0.03849029541015625,0.0006,0.26078849227490675,0.7042869641294838
877,27787264,26430.113,592,23.82,0.04,348.88,-0.016668330878019333,1.2929736375808716,0.4637426733970642,0.005106139239131835,0.04154205322265625,0.0006,0.29180064308681675,0.7101827676240209
878,27820032,26485.825,592,19.36,0.01,222.54,-0.0215115025639534,1.426762580871582,0.5323298573493958,0.008085918948125936,0.0633544921875,0.0006,0.3063740228502706,0.6847133757961783
879,27852800,26540.679,592,18.35,0.0,318.54,-0.012170218862593174,1.938093662261963,0.5491179823875427,0.0065651562394961616,0.0513153076171875,0.0006,0.34261755016471995,0.7014590347923682
880,27885568,26595.009,592,19.72,0.02,233.37,-0.013542762957513332,1.3200688362121582,0.5339851975440979,0.007192055984546641,0.0550079345703125,0.0006,0.42245989304812837,0.7160883280757098
881,27918336,26649.017,592,22.27,0.01,251.0,-0.016477541998028755,1.64642333984375,0.5372481346130371,0.011550963944102932,0.08051300048828125,0.0006,0.27241740954378607,0.7327746741154563
882,27951104,26703.215,592,20.04,0.01,313.34,-0.01719822734594345,1.5726127624511719,0.6014128923416138,0.007446117023562238,0.0666351318359375,0.0006,0.31878113096982125,0.7331223628691983
883,27983872,26757.626,592,21.19,0.01,230.94,-0.009684620425105095,1.5081844329833984,0.5781894326210022,0.006367656659165277,0.06194305419921875,0.0006,0.40819627932057156,0.7141453831041258
884,28016640,26814.843,592,21.44,0.0,235.83,-0.017402691766619682,1.4093279838562012,0.5636656284332275,0.005657951278465134,0.04996490478515625,0.0006,0.2840445773307964,0.6798076923076923
885,28049408,26867.228,592,20.04,0.0,314.5,-0.01704970933496952,1.4211828708648682,0.5586075782775879,0.006134838868632642,0.0552978515625,0.0006,0.3368421052631579,0.7013669821240799
886,28082176,26921.856,592,23.84,0.0,274.0,-0.014497853815555573,1.134387731552124,0.5306329727172852,0.006828734362954947,0.0561676025390625,0.0006,0.27613871635610765,0.6949300699300699
887,28114944,26972.776,592,21.65,0.02,235.39,-0.017401501536369324,1.3590312004089355,0.517722487449646,0.006871274726478305,0.05608367919921875,0.0006,0.2741485203796762,0.718491260349586
888,28147712,27027.792,592,24.79,0.06,380.75,-0.02145257219672203,1.0947275161743164,0.5209041833877563,0.009530301613381198,0.06473541259765625,0.0006,0.27006060606060606,0.7232808616404308
889,28180480,27082.004,592,21.12,0.02,232.57,-0.01407964713871479,1.33701491355896,0.5636606216430664,0.004645200763377488,0.03786468505859375,0.0006,0.2613922281241264,0.7217821782178218
890,28213248,27137.135,592,19.79,0.0,220.75,-0.012139558792114258,1.723097324371338,0.6023842096328735,0.0037845404658582993,0.0361480712890625,0.0006,0.3293363078639152,0.7562296858071506
891,28246016,27193.307,592,21.64,0.0,262.49,-0.01928037405014038,1.2226290702819824,0.5722637176513672,0.007067974484897377,0.05574798583984375,0.0006,0.25751421608448416,0.7384169884169884
892,28278784,27250.697,592,21.25,0.0,226.97,-0.017555028200149536,1.3015824556350708,0.586868941783905,0.0063723056148887736,0.05368804931640625,0.0006,0.2985289875973464,0.7305327868852459
893,28311552,27302.752,592,22.4,0.0,272.38,-0.014108056202530861,1.095314383506775,0.544222354888916,0.006678979257117135,0.0576324462890625,0.0006,0.3093141179610355,0.7101038715769594
894,28344320,27357.138,592,24.99,0.01,280.8,-0.017856217920780182,1.1619075536727905,0.5276456475257874,0.0052107206862785915,0.04036712646484375,0.0006,0.22460552268244577,0.7085470085470086
895,28377088,27412.548,592,26.01,0.02,281.14,-0.0159621424973011,1.1112401485443115,0.5054628849029541,0.006232900269480979,0.05358123779296875,0.0006,0.2812724228653432,0.6884343036978757
896,28409856,27470.667,592,22.09,0.01,235.07,-0.017039945349097252,1.2184149026870728,0.5423620343208313,0.006246474674014735,0.0524139404296875,0.0006,0.27068917796844727,0.6975881261595547
897,28442624,27523.629,592,21.79,0.02,233.35,-0.015944089740514755,1.413522720336914,0.5125128030776978,0.006071340510118262,0.05126190185546875,0.0006,0.24411846111264876,0.7140058765915769
898,28475392,27576.496,592,24.05,0.02,351.26,-0.015672583132982254,1.3394019603729248,0.5175075531005859,0.005905869658818119,0.05071258544921875,0.0006,0.22859387274155538,0.7097602739726028
899,28508160,27634.668,592,24.93,0.01,259.46,-0.013259220868349075,1.052080750465393,0.5016418695449829,0.007859920740770576,0.05878448486328125,0.0006,0.2541592014333248,0.6863711001642037
900,28540928,27690.12,592,23.35,0.01,260.95,-0.018405882641673088,1.1742178201675415,0.534241795539856,0.0070958857572804845,0.05573272705078125,0.0006,0.25393858477970627,0.6872246696035242
901,28573696,27745.004,592,23.95,0.0,255.06,-0.012576771900057793,1.4193636178970337,0.5122205018997192,0.004254706588312729,0.0373382568359375,0.0006,0.31714796831075903,0.7008771929824561
902,28606464,27799.07,592,22.87,0.03,235.83,-0.015515160746872425,1.2588074207305908,0.5112564563751221,0.0037437644740805354,0.03591156005859375,0.0006,0.2589508742714405,0.7003610108303249
903,28639232,27855.528,592,24.9,0.03,264.87,-0.016257932409644127,0.9038012027740479,0.5131748914718628,0.006495647793684611,0.05397796630859375,0.0006,0.2940725600408789,0.7038875103391232
904,28672000,27910.588,592,25.06,0.0,269.85,-0.016616584733128548,1.1022452116012573,0.5106650590896606,0.008498756274221364,0.06103515625,0.0006,0.22269969666329625,0.6896838602329451
905,28704768,27966.896,592,23.38,0.0,246.46,-0.018114842474460602,1.4063806533813477,0.5211052894592285,0.008498009102368087,0.0655670166015625,0.0006,0.2927916120576671,0.7139013452914799
906,28737536,28022.106,592,24.18,0.02,352.13,-0.02195952832698822,1.1599998474121094,0.5278300046920776,0.007149019801545364,0.05948638916015625,0.0006,0.3127551020408163,0.7069408740359897
907,28770304,28078.61,592,24.36,0.0,251.85,-0.017635950818657875,1.1790316104888916,0.5321559906005859,0.009619571750789646,0.063812255859375,0.0006,0.27879269261318507,0.6976950354609929
908,28803072,28136.161,592,22.51,0.0,238.08,-0.018763773143291473,1.3927040100097656,0.5519609451293945,0.005072361322504548,0.047149658203125,0.0006,0.3046604527296937,0.7342723004694836
909,28835840,28191.534,592,20.69,0.0,221.29,-0.020252153277397156,1.474703073501587,0.5204843878746033,0.0061751467145825245,0.0526123046875,0.0006,0.3641520136131594,0.7525773195876289
910,28868608,28247.525,592,20.82,0.0,227.64,-0.020810773596167564,1.7899599075317383,0.5501744747161865,0.007210219486410097,0.060546875,0.0006,0.39739766874491733,0.7542288557213931
911,28901376,28300.066,592,23.07,0.04,241.89,-0.018242955207824707,1.300154447555542,0.5546423196792603,0.006477755033102994,0.05328369140625,0.0006,0.36674622116149563,0.7387717690192483
912,28934144,28357.345,592,19.17,0.0,206.08,-0.023077476769685745,2.0056233406066895,0.5208534002304077,0.007221789554165525,0.05934906005859375,0.0006,0.35056967572305,0.7276595744680852
913,28966912,28413.069,592,22.16,0.0,229.65,-0.02580646052956581,1.6122360229492188,0.5276126861572266,0.007943009252230127,0.05987548828125,0.0006,0.3327873327873328,0.7257142857142858
914,28999680,28465.767,592,22.88,0.01,277.87,-0.020071834325790405,1.6371235847473145,0.5655919909477234,0.006572005944292414,0.05719757080078125,0.0006,0.3166363872307293,0.7394106813996317
915,29032448,28522.131,592,22.37,0.02,229.55,-0.018863199278712273,1.3636045455932617,0.5589004755020142,0.005507453582794142,0.0486907958984375,0.0006,0.3180563224737714,0.7621313035204567
916,29065216,28578.06,592,24.56,0.04,364.43,-0.015122698619961739,1.1339070796966553,0.5079784393310547,0.004970581231873439,0.04117584228515625,0.0006,0.25642927794263104,0.7414075286415712
917,29097984,28635.548,592,24.99,0.01,261.84,-0.01707007735967636,0.9873168468475342,0.5117864012718201,0.006722789335753987,0.0515289306640625,0.0006,0.25970686551812805,0.7463533225283631
918,29130752,28687.522,592,23.68,0.01,245.37,-0.01724013313651085,1.5162854194641113,0.5293993949890137,0.005903304912209251,0.0508880615234375,0.0006,0.29137466307277626,0.7702349869451697
919,29163520,28743.488,592,22.25,0.01,233.75,-0.021631499752402306,1.551328420639038,0.5535213351249695,0.005379694006293789,0.05170440673828125,0.0006,0.28996781115879827,0.7574626865671642
920,29196288,28800.328,592,24.94,0.01,260.13,-0.019427645951509476,1.2111016511917114,0.48979681730270386,0.008082017695130617,0.059814453125,0.0006,0.26218399791503777,0.7520525451559934
921,29229056,28856.933,592,19.53,0.0,208.42,-0.01737695001065731,1.4789113998413086,0.549889326095581,0.005908999054746289,0.04978179931640625,0.0006,0.33627537511032657,0.7329729729729729
922,29261824,28913.799,592,22.06,0.02,234.88,-0.016663558781147003,1.4541324377059937,0.5357135534286499,0.006616835041171498,0.05760955810546875,0.0006,0.2568858909499719,0.7550626808100289
923,29294592,28970.069,592,23.28,0.01,246.46,-0.012695929035544395,1.4402143955230713,0.5251896977424622,0.004607019347986352,0.04400634765625,0.0006,0.26410121244069584,0.7208672086720868
924,29327360,29027.396,592,24.03,0.02,257.63,-0.01601000688970089,1.2240806818008423,0.5087844729423523,0.006346634133365114,0.04854583740234375,0.0006,0.2862903225806452,0.7300771208226221
925,29360128,29083.185,592,21.96,0.01,223.37,-0.011977781541645527,1.4428520202636719,0.5236974954605103,0.004656218411895452,0.037384033203125,0.0006,0.20684695051783658,0.7649903288201161
926,29392896,29134.111,592,25.68,0.0,273.6,-0.021647732704877853,1.318342924118042,0.5471333861351013,0.006031630531751375,0.049957275390625,0.0006,0.24274661508704062,0.7339158061953932
927,29425664,29183.476,592,23.59,0.02,250.35,-0.01679222285747528,1.0136222839355469,0.5221520662307739,0.006892473302642088,0.0485382080078125,0.0006,0.24311688311688312,0.7658058771148709
928,29458432,29236.464,592,23.62,0.0,257.51,-0.01883585751056671,1.3279720544815063,0.5375660061836243,0.006943507103130742,0.05611419677734375,0.0006,0.2864348287762145,0.7707061900610288
929,29491200,29293.247,592,24.24,0.02,256.39,-0.020815394818782806,1.171791672706604,0.530156135559082,0.007379803859365097,0.05921173095703125,0.0006,0.21186868686868687,0.7311643835616438
930,29523968,29348.888,592,24.18,0.02,358.44,-0.019002839922904968,1.4975742101669312,0.5459200739860535,0.005389734332311491,0.04709625244140625,0.0006,0.24703507443855666,0.7214765100671141
931,29556736,29404.364,592,25.06,0.03,271.14,-0.01520138792693615,1.1382330656051636,0.5377049446105957,0.006302817464018062,0.05455780029296875,0.0006,0.21251892983341747,0.749185667752443
932,29589504,29459.897,592,22.51,0.0,236.15,-0.01586281880736351,1.4118484258651733,0.5030450820922852,0.00962178852677198,0.062286376953125,0.0006,0.228386749259359,0.7338129496402878
933,29622272,29514.104,592,25.29,0.03,264.85,-0.019676215946674347,1.2459053993225098,0.4970448911190033,0.00637454105242341,0.04900360107421875,0.0006,0.23318042813455658,0.740432612312812
934,29655040,29571.759,592,24.42,0.02,256.43,-0.01799042895436287,1.5972483158111572,0.5122358202934265,0.008335722868451967,0.05571746826171875,0.0006,0.22686259345192059,0.720103986135182
935,29687808,29626.645,592,24.22,0.0,252.65,-0.013230693526566029,1.1160244941711426,0.4885931611061096,0.00385892434633206,0.03802490234375,0.0006,0.2854531209193001,0.7408354646206309
936,29720576,29681.122,592,23.43,0.02,350.71,-0.01429661177098751,1.2445648908615112,0.5026835203170776,0.002957000617740846,0.02738189697265625,0.0006,0.24820880245649948,0.7365638766519824
937,29753344,29736.524,592,23.9,0.04,250.14,-0.01728740520775318,1.4365383386611938,0.5367357730865479,0.007320974612198938,0.05523681640625,0.0006,0.269520732364028,0.7440212577502214
938,29786112,29793.333,592,23.93,0.01,251.69,-0.016329387202858925,1.1624822616577148,0.5102757215499878,0.007247609546595868,0.059783935546875,0.0006,0.23870462261687125,0.7321131447587355
939,29818880,29849.989,592,24.17,0.01,246.66,-0.019079705700278282,1.5164692401885986,0.5438355207443237,0.007197770056336594,0.05870819091796875,0.0006,0.252519749387088,0.7540425531914894
940,29851648,29903.738,592,22.42,0.02,229.91,-0.01539306528866291,1.5391165018081665,0.546836256980896,0.00588867293255646,0.05081939697265625,0.0006,0.253228523301516,0.7223264540337712
941,29884416,29961.571,592,24.07,0.01,240.02,-0.015274270437657833,1.2928043603897095,0.4854685962200165,0.005451759473743323,0.045684814453125,0.0006,0.24345188861317893,0.7342592592592593
942,29917184,30019.176,592,20.96,0.02,216.92,-0.013978492468595505,1.7353332042694092,0.5463463068008423,0.008060236651203923,0.06528472900390625,0.0006,0.3038461538461538,0.7287287287287287
943,29949952,30075.685,592,23.26,0.02,244.91,-0.02040814980864525,1.412907361984253,0.5402249097824097,0.006154462039113184,0.0535736083984375,0.0006,0.2882198952879581,0.7131367292225201
944,29982720,30134.613,592,21.84,0.01,234.09,-0.011417804285883904,1.3014025688171387,0.5138561725616455,0.0043633406042715706,0.03977203369140625,0.0006,0.2513721185510428,0.7312326227988879
945,30015488,30190.007,592,23.25,0.01,239.43,-0.018149087205529213,1.433788537979126,0.5294296145439148,0.007873973335463802,0.0645294189453125,0.0006,0.2603550295857988,0.7063197026022305
946,30048256,30244.606,592,21.91,0.02,231.81,-0.02053248882293701,1.444227695465088,0.5396807193756104,0.007423685348495468,0.06052398681640625,0.0006,0.2795549374130737,0.7113207547169811
947,30081024,30300.504,592,23.62,0.01,246.23,-0.014237410388886929,1.332237958908081,0.48933497071266174,0.00895108110324827,0.063018798828125,0.0006,0.23704288345172322,0.7027729636048526
948,30113792,30352.411,592,22.89,0.03,239.06,-0.01731162890791893,1.4425544738769531,0.5239731073379517,0.005713329269951828,0.05648040771484375,0.0006,0.2974046610169492,0.6998158379373849
949,30146560,30407.436,592,21.89,0.01,228.66,-0.01877766102552414,1.7023956775665283,0.5097858905792236,0.006046277918528631,0.0498504638671875,0.0006,0.2911080711354309,0.7071290944123314
950,30179328,30462.516,592,23.74,0.0,246.3,-0.016150619834661484,1.2912721633911133,0.5114672780036926,0.004909810923209079,0.03997802734375,0.0006,0.22603106588109267,0.7174688057040999
951,30212096,30519.221,592,23.75,0.01,245.65,-0.01433287002146244,1.2791047096252441,0.4966563880443573,0.009889521949730806,0.0655364990234375,0.0006,0.25793327908869,0.6715328467153284
952,30244864,30573.949,592,26.26,0.02,272.95,-0.01796817034482956,1.0764565467834473,0.4776839315891266,0.005288206047083577,0.04084014892578125,0.0006,0.25006093102607846,0.7119179163378059
953,30277632,30628.304,592,22.46,0.02,237.94,-0.01798914186656475,1.2520748376846313,0.5003980398178101,0.007974106246251722,0.05571746826171875,0.0006,0.2827167310877968,0.7064220183486238
954,30310400,30683.513,592,20.55,0.0,222.95,-0.009882265701889992,1.4529533386230469,0.5288699865341187,0.004930831715626027,0.04843902587890625,0.0006,0.2609673790776153,0.7311827956989247
955,30343168,30735.784,592,22.03,0.0,238.48,-0.00965522974729538,1.4462931156158447,0.48285961151123047,0.0045807019425581075,0.04138946533203125,0.0006,0.26834551854860544,0.7492877492877493
956,30375936,30789.566,592,25.6,0.0,275.34,-0.018289964646100998,0.8773208856582642,0.48573410511016846,0.007252108731961471,0.05510711669921875,0.0006,0.24519581610313793,0.7283653846153846
957,30408704,30844.037,592,23.35,0.0,277.1,-0.01824362762272358,0.9820910692214966,0.4871363341808319,0.006195031485049185,0.0501251220703125,0.0006,0.2384774728120145,0.7533632286995515
958,30441472,30896.862,592,23.16,0.02,243.42,-0.016055045649409294,1.1835575103759766,0.47409719228744507,0.0057743553152320715,0.04998016357421875,0.0006,0.2476845726382641,0.7423146473779385
959,30474240,30948.031,592,20.54,0.01,220.54,-0.020096145570278168,1.2893542051315308,0.50419682264328,0.005570657316098959,0.04803466796875,0.0006,0.3122133027522936,0.7590486039296794
960,30507008,31003.755,592,22.28,0.01,243.16,-0.017907774075865746,1.3451026678085327,0.5016075968742371,0.005773834660772081,0.047515869140625,0.0006,0.2776174232484912,0.7232876712328767
961,30539776,31058.479,592,20.35,0.02,211.99,-0.014406723901629448,1.6469208002090454,0.4630054235458374,0.007372559423430403,0.059356689453125,0.0006,0.40962055572154166,0.6720647773279352
962,30572544,31110.51,592,26.52,0.04,283.01,-0.02137177810072899,0.9304161071777344,0.4727875590324402,0.007910882609678538,0.05792236328125,0.0006,0.26175771971496437,0.7038491751767478
963,30605312,31162.531,593,22.41,0.01,295.21,-0.014744354411959648,1.368700623512268,0.4772413372993469,0.006134028778461698,0.045928955078125,0.0006,0.25405405405405407,0.7237569060773481
964,30638080,31219.086,593,25.67,0.02,337.92,-0.01678949035704136,0.948486864566803,0.47707414627075195,0.00884309641173786,0.05571746826171875,0.0006,0.224027572624323,0.7009803921568627
965,30670848,31271.42,593,21.95,0.01,382.26,-0.015319010242819786,1.533798098564148,0.4980694651603699,0.006851967471135367,0.05640411376953125,0.0006,0.2489851150202977,0.7261567516525024
966,30703616,31322.119,593,26.53,0.01,287.57,-0.013996469788253307,0.8480380773544312,0.47038552165031433,0.006895755490404554,0.05352783203125,0.0006,0.20650367908853548,0.7067164179104478
967,30736384,31377.382,593,24.35,0.0,259.59,-0.02312653884291649,0.9939138889312744,0.49156785011291504,0.008391773253109136,0.06203460693359375,0.0006,0.20465717981888745,0.7049180327868853
968,30769152,31430.37,593,22.94,0.01,240.89,-0.017489897087216377,1.1304471492767334,0.4789092540740967,0.008132953772644669,0.0615386962890625,0.0006,0.21908893709327548,0.691324200913242
969,30801920,31486.84,593,23.68,0.01,253.57,-0.01870143786072731,1.2916045188903809,0.4758952558040619,0.00967035225141899,0.06960296630859375,0.0006,0.264813843733613,0.6913265306122449
970,30834688,31540.546,593,26.01,0.02,289.6,-0.018090132623910904,1.0566227436065674,0.4651203155517578,0.007060134851343491,0.05522918701171875,0.0006,0.2260953764221738,0.7040650406504065
971,30867456,31596.214,593,24.99,0.03,261.17,-0.01981189101934433,1.2276486158370972,0.4939917325973511,0.006188935150944985,0.0529327392578125,0.0006,0.23370672097759673,0.6907301066447908
972,30900224,31649.29,593,24.13,0.0,248.17,-0.016554564237594604,1.1417760848999023,0.48064324259757996,0.008109260165952037,0.045440673828125,0.0006,0.19375983219716833,0.7039301310043669
973,30932992,31705.471,593,24.46,0.03,254.68,-0.014836687594652176,1.1131486892700195,0.48590344190597534,0.002871406847191338,0.0277862548828125,0.0006,0.21799580272822666,0.7205128205128205
974,30965760,31760.526,593,25.44,0.01,256.38,-0.013111534528434277,0.9807341694831848,0.4530606269836426,0.007299825464030185,0.0565032958984375,0.0006,0.19703279541905258,0.733609958506224
975,30998528,31812.764,593,23.98,0.01,256.09,-0.0152322668582201,1.1373441219329834,0.4413941502571106,0.009666589933260639,0.06630706787109375,0.0006,0.229296066252588,0.6943268416596104
976,31031296,31866.323,593,22.47,0.03,248.33,-0.016486357897520065,1.4984924793243408,0.4719027280807495,0.00656433093552522,0.055999755859375,0.0006,0.2538377192982456,0.6877912395153775
977,31064064,31920.838,593,24.14,0.02,251.08,-0.0155441639944911,1.3162403106689453,0.4951637387275696,0.005543118391983626,0.04467010498046875,0.0006,0.22634508348794063,0.7236614853195165
978,31096832,31974.775,593,23.64,0.01,248.92,-0.018931621685624123,1.1182972192764282,0.46369248628616333,0.008400388948700765,0.06075286865234375,0.0006,0.2865773574993433,0.6879310344827586
979,31129600,32029.341,593,24.41,0.01,246.89,-0.01791323907673359,1.152320384979248,0.4621541500091553,0.009676085855190308,0.06561279296875,0.0006,0.23115313895455739,0.7166666666666667
980,31162368,32081.251,593,24.16,0.03,253.51,-0.01695067621767521,1.249016523361206,0.4872274100780487,0.004645100652048484,0.04418182373046875,0.0006,0.23826903023983315,0.723404255319149
981,31195136,32137.198,593,23.5,0.03,245.12,-0.01574072800576687,1.3393714427947998,0.4663681983947754,0.0036627449319723837,0.0338897705078125,0.0006,0.2561277884880198,0.7107887579329103
982,31227904,32194.132,593,25.12,0.01,259.83,-0.017370231449604034,1.0721802711486816,0.4451636075973511,0.006788738237162306,0.05274200439453125,0.0006,0.24831038798498123,0.7277147487844409
983,31260672,32250.603,593,25.71,0.01,458.13,-0.024195801466703415,1.0383477210998535,0.468040406703949,0.011324873546158187,0.071075439453125,0.0006,0.24575227776409753,0.7225296442687748
984,31293440,32307.685,593,22.16,0.01,226.99,-0.020115574821829796,1.6862685680389404,0.4873494505882263,0.007920394531709007,0.06156158447265625,0.0006,0.2699771689497717,0.7155009451795841
985,31326208,32362.09,593,23.96,0.01,249.79,-0.02141811139881611,1.2601162195205688,0.48236027359962463,0.006698292819919516,0.05362701416015625,0.0006,0.2856016815554388,0.7058823529411765
986,31358976,32416.663,593,23.77,0.01,245.71,-0.01619768515229225,1.1710149049758911,0.4667356312274933,0.005778332789134311,0.044677734375,0.0006,0.23618352450469238,0.7337380745880312
987,31391744,32470.122,593,22.62,0.0,240.36,-0.019081179052591324,1.3212049007415771,0.4907742738723755,0.006114277084861897,0.0516815185546875,0.0006,0.2637040979244279,0.6942222222222222
988,31424512,32525.565,593,22.14,0.01,243.39,-0.022034145891666412,1.3172587156295776,0.47194403409957886,0.006452302458626491,0.0519256591796875,0.0006,0.2727019498607242,0.7081749049429658
989,31457280,32581.141,593,25.66,0.0,274.11,-0.02258479967713356,1.013606309890747,0.4834131598472595,0.00893587426111253,0.06523895263671875,0.0006,0.2486969471332837,0.7382716049382716
990,31490048,32635.479,593,25.64,0.01,261.67,-0.01570046693086624,1.372544527053833,0.4697291851043701,0.007436823766198586,0.05487060546875,0.0006,0.23245167853509666,0.7074164629176855
991,31522816,32695.276,593,24.62,0.01,250.31,-0.015724770724773407,1.225441336631775,0.4806745648384094,0.005651985491368805,0.0484619140625,0.0006,0.254990684056428,0.7037671232876712
992,31555584,32749.466,593,20.84,0.01,216.46,-0.014753326773643494,1.6098461151123047,0.5117712616920471,0.005301997561758753,0.04991912841796875,0.0006,0.321084864391951,0.719
993,31588352,32802.699,593,22.34,0.02,323.23,-0.011794580146670341,1.2183953523635864,0.4965023398399353,0.002904787971829137,0.02855682373046875,0.0006,0.31387880480312763,0.7124183006535948
994,31621120,32857.914,593,24.44,0.02,352.25,-0.01889575645327568,1.3364967107772827,0.48870912194252014,0.006551559409047059,0.05385589599609375,0.0006,0.3186388244392885,0.7101449275362319
995,31653888,32914.503,593,24.98,0.04,257.35,-0.01624983549118042,1.105475902557373,0.49335217475891113,0.007176284883826156,0.0567779541015625,0.0006,0.2515608740894901,0.7389801210025929
996,31686656,32971.188,593,23.4,0.03,245.77,-0.011575626209378242,1.4860999584197998,0.5615354776382446,0.007166277315491243,0.05755615234375,0.0006,0.25767195767195766,0.7291857273559011
997,31719424,33027.73,593,23.41,0.01,242.9,-0.020533256232738495,1.2665750980377197,0.5206637978553772,0.006932110931671787,0.05959320068359375,0.0006,0.3047489823609227,0.7130281690140845
998,31752192,33084.091,593,25.59,0.01,267.89,-0.019306067377328873,1.278737187385559,0.5187466144561768,0.006097437109644943,0.04859161376953125,0.0006,0.28841433480608736,0.7018992568125516
999,31784960,33140.927,593,23.39,0.02,242.12,-0.012229885905981064,1.108419418334961,0.5291402339935303,0.007744312806948983,0.0594940185546875,0.0006,0.22410441544015552,0.7407740774077408
1000,31817728,33196.761,593,23.9,0.04,244.84,-0.0215037539601326,1.0965266227722168,0.48010849952697754,0.00826569977255076,0.05654144287109375,0.0006,0.2366143861546782,0.7191601049868767
1001,31850496,33251.151,593,24.6,0.02,264.53,-0.019238654524087906,1.2681622505187988,0.49367550015449524,0.005682278672622942,0.04639434814453125,0.0006,0.23774817793415431,0.7193877551020408
1002,31883264,33306.601,593,24.82,0.02,263.46,-0.01844978705048561,1.4855685234069824,0.5284926891326904,0.005619367993517699,0.0482177734375,0.0006,0.29604578563995837,0.7186440677966102
1003,31916032,33363.47,593,23.76,0.01,246.52,-0.012837803922593594,1.4088770151138306,0.5369514226913452,0.003885371528781434,0.0385894775390625,0.0006,0.26535560344827586,0.75
1004,31948800,33419.508,593,23.76,0.02,247.9,-0.014880593866109848,1.36654531955719,0.500674843788147,0.004210874982760515,0.03708648681640625,0.0006,0.26394052044609667,0.7305699481865285
1005,31981568,33473.191,593,22.02,0.0,239.43,-0.01788952387869358,1.3965498208999634,0.49123886227607727,0.004510968141318017,0.03939056396484375,0.0006,0.21086711711711711,0.718065693430657
1006,32014336,33529.225,593,22.11,0.01,230.02,-0.010348383337259293,1.1109977960586548,0.48559051752090454,0.0056979272364685585,0.04914093017578125,0.0006,0.26461362988309095,0.7557034220532319
1007,32047104,33585.297,593,26.73,0.02,276.49,-0.011966679245233536,0.9389638900756836,0.4523976743221283,0.0041886187134991815,0.0393218994140625,0.0006,0.2000986923266716,0.7357594936708861
1008,32079872,33640.758,593,24.47,0.01,262.36,-0.019263597205281258,1.2763649225234985,0.4791794419288635,0.006733658477941162,0.04885101318359375,0.0006,0.23452350372463396,0.7075630252100841
1009,32112640,33696.898,593,24.73,0.04,254.36,-0.01525602675974369,1.0893325805664062,0.4771248996257782,0.005599465697386563,0.04663848876953125,0.0006,0.2395498392282958,0.6920502092050209
1010,32145408,33750.55,593,23.09,0.0,242.86,-0.020256944000720978,1.1618348360061646,0.5009396076202393,0.006767178385580053,0.052947998046875,0.0006,0.2291497975708502,0.7135231316725978
1011,32178176,33805.809,593,23.64,0.01,245.79,-0.016468243673443794,1.3181670904159546,0.5485807657241821,0.006597949355352739,0.05098724365234375,0.0006,0.2766244270692909,0.7192205491585474
1012,32210944,33865.307,593,23.25,0.02,229.36,-0.016078008338809013,1.5836946964263916,0.530930757522583,0.00681707328851644,0.05699920654296875,0.0006,0.23230858468677495,0.726775956284153
1013,32243712,33918.264,593,24.12,0.01,253.06,-0.018824119120836258,1.1771389245986938,0.5211235284805298,0.008459893973517514,0.059110201322115384,0.0006,0.26647183846971306,0.711304347826087
1014,32276480,33971.226,593,23.75,0.02,248.46,-0.016960766166448593,1.116275429725647,0.5056371688842773,0.00613064805435215,0.05535888671875,0.0006,0.2770597738287561,0.7216404886561955
1015,32309248,34026.452,593,22.39,0.01,233.43,-0.02369343303143978,1.4926955699920654,0.5384576916694641,0.007792401511494518,0.05965423583984375,0.0006,0.3377803008799319,0.7239488117001828
1016,32342016,34080.976,593,19.55,0.02,197.33,-0.01717408187687397,1.43190598487854,0.5411003828048706,0.007087230084437124,0.059600830078125,0.0006,0.33760550171928727,0.7398190045248869
1017,32374784,34131.649,593,22.83,0.02,236.24,-0.013917424716055393,1.3088802099227905,0.5496240854263306,0.005932327649958324,0.0469818115234375,0.0006,0.30242825607064017,0.7403669724770642
1018,32407552,34185.451,593,23.66,0.02,240.22,-0.018841739743947983,1.2504403591156006,0.5432389974594116,0.005220074168789779,0.04631805419921875,0.0006,0.27087405752583077,0.7118942731277533
1019,32440320,34239.65,593,22.12,0.03,259.4,-0.011991795152425766,1.326147198677063,0.5265836119651794,0.005066099093255616,0.04866790771484375,0.0006,0.2866421914713358,0.748338081671415
1020,32473088,34295.277,593,23.78,0.02,249.57,-0.020404616370797157,1.208289623260498,0.5312720537185669,0.0088161395701718,0.05100250244140625,0.0006,0.2471234309623431,0.7524575513851653
1021,32505856,34351.265,593,23.83,0.02,251.2,-0.014618756249547005,1.1510357856750488,0.534203290939331,0.0054238571225369014,0.0465087890625,0.0006,0.21325494388027794,0.7526408450704225
1022,32538624,34410.312,593,23.11,0.02,307.22,-0.01569567434489727,1.3819324970245361,0.4919932186603546,0.008198020483234814,0.06261444091796875,0.0006,0.2852112676056338,0.7669724770642202
1023,32571392,34462.029,593,22.0,0.0,233.09,-0.010623592883348465,1.114882230758667,0.5436519384384155,0.003589898160086591,0.03565216064453125,0.0006,0.2612562534741523,0.7754716981132076
1024,32604160,34517.441,593,24.18,0.01,252.26,-0.017870698124170303,1.0241285562515259,0.5458136796951294,0.00721916185000282,0.0570220947265625,0.0006,0.2680762203080136,0.7534246575342466
1025,32636928,34572.151,593,22.7,0.03,236.95,-0.022383438423275948,1.6921947002410889,0.5234847068786621,0.007670441666846273,0.0652008056640625,0.0006,0.2991825613079019,0.7790802524797115
1026,32669696,34626.815,593,21.93,0.0,230.63,-0.01897335797548294,1.262325406074524,0.5626764893531799,0.008999526766416466,0.0702667236328125,0.0006,0.2639751552795031,0.7702448210922788
1027,32702464,34683.007,593,22.8,0.02,241.18,-0.017234280705451965,1.3198671340942383,0.5417941808700562,0.004804959755403626,0.04290008544921875,0.0006,0.24979636166168884,0.7459893048128342
1028,32735232,34735.455,593,24.62,0.04,261.3,-0.02268681302666664,1.18989896774292,0.5608396530151367,0.007837551182547031,0.06172943115234375,0.0006,0.30829738645013954,0.7406779661016949
1029,32768000,34788.625,593,24.53,0.02,260.68,-0.020390957593917847,1.3673841953277588,0.5166393518447876,0.007942255362706874,0.0639495849609375,0.0006,0.2639607032057911,0.7721088435374149
1030,32800768,34840.954,593,23.31,0.01,243.43,-0.017298949882388115,1.383460521697998,0.5137332677841187,0.009343778462437058,0.0712432861328125,0.0006,0.28329361927455654,0.7428571428571429
1031,32833536,34897.411,593,22.36,0.02,238.53,-0.014373652637004852,1.606318473815918,0.5235538482666016,0.006079006763712869,0.05445098876953125,0.0006,0.2883468834688347,0.7546641791044776
1032,32866304,34950.836,593,20.97,0.0,220.22,-0.015681067481637,1.5122733116149902,0.5187653303146362,0.009352481741927932,0.06745147705078125,0.0006,0.25442927679349403,0.7717717717717718
1033,32899072,35005.904,593,22.31,0.0,242.09,-0.022584259510040283,1.4586530923843384,0.4986809194087982,0.00750663309401034,0.05870819091796875,0.0006,0.2569920844327177,0.744621141253508
1034,32931840,35060.411,593,23.12,0.0,247.01,-0.016145534813404083,1.1942384243011475,0.5198006629943848,0.005380936158758232,0.0477752685546875,0.0006,0.3156914893617021,0.7678899082568807
1035,32964608,35114.071,593,23.08,0.01,345.6,-0.017527535557746887,1.2574472427368164,0.5472940802574158,0.007574805155329045,0.0610198974609375,0.0006,0.23523289097059588,0.7354014598540146
1036,32997376,35166.976,593,24.41,0.02,357.18,-0.018329257145524025,1.3301831483840942,0.52199387550354,0.00703480323261374,0.0516510009765625,0.0006,0.33133940182054616,0.7279860505666957
1037,33030144,35222.672,593,23.3,0.01,344.79,-0.009584197774529457,1.4890899658203125,0.5241935849189758,0.003937676582779659,0.035247802734375,0.0006,0.2910912537232602,0.7824933687002652
1038,33062912,35278.992,593,21.28,0.01,229.77,-0.009558847174048424,1.8147810697555542,0.5349923372268677,0.0020919270733088524,0.02227783203125,0.0006,0.31333333333333335,0.7676056338028169
1039,33095680,35329.713,593,25.08,0.0,262.24,-0.012781058438122272,1.196732759475708,0.49153414368629456,0.004688715141668354,0.035491943359375,0.0006,0.2597601428935953,0.7264231096006797
1040,33128448,35382.633,593,26.22,0.03,281.96,-0.01957273669540882,1.1015548706054688,0.49942097067832947,0.005936696596677393,0.04665374755859375,0.0006,0.2680800942285041,0.7503961965134707
1041,33161216,35435.148,593,23.92,0.01,252.3,-0.0234156996011734,1.2552189826965332,0.5157114863395691,0.008507739859282992,0.06414031982421875,0.0006,0.24671916010498687,0.7445699391833188
1042,33193984,35489.587,593,23.33,0.0,350.77,-0.021283086389303207,1.297525405883789,0.4829767942428589,0.00766567320812328,0.05948638916015625,0.0006,0.3071861016056857,0.7517543859649123
1043,33226752,35543.923,593,23.15,0.02,241.13,-0.01977294683456421,1.6000139713287354,0.4945257902145386,0.00649931569535056,0.05341339111328125,0.0006,0.33033112582781454,0.7511436413540714
1044,33259520,35600.604,593,21.9,0.02,227.2,-0.02229352295398712,1.8982269763946533,0.5498818755149841,0.007332008384707933,0.0605621337890625,0.0006,0.40411522633744856,0.7706766917293233
1045,33292288,35658.398,593,21.94,0.01,224.29,-0.023457687348127365,1.6788461208343506,0.47492319345474243,0.007612707794436346,0.05535888671875,0.0006,0.3370338741816112,0.755203171456888
1046,33325056,35716.121,593,19.33,0.03,205.52,-0.011612104251980782,2.180227756500244,0.5689416527748108,0.005172593891671795,0.04496002197265625,0.0006,0.3826061145740576,0.7621621621621621
1047,33357824,35771.044,593,22.52,0.0,240.14,-0.01987197808921337,1.4629614353179932,0.47148042917251587,0.008273191992884676,0.06121826171875,0.0006,0.3059520603285753,0.7460757156048015
1048,33390592,35826.85,593,21.09,0.0,216.36,-0.013217250816524029,1.6875333786010742,0.5241299867630005,0.005116731623274973,0.0472869873046875,0.0006,0.3667058132706988,0.7678571428571429
1049,33423360,35883.415,593,19.72,0.0,207.42,-0.015416600741446018,1.6490697860717773,0.5693799257278442,0.0036971151181433015,0.03684234619140625,0.0006,0.42990654205607476,0.7569296375266524
1050,33456128,35938.679,593,19.49,0.0,200.8,-0.008093982934951782,1.7188270092010498,0.49434155225753784,0.005644469882625458,0.04824066162109375,0.0006,0.35017149984409107,0.7473118279569892
1051,33488896,35993.357,593,24.36,0.02,255.16,-0.01648465171456337,1.04835844039917,0.4318297505378723,0.007967353546703748,0.05413818359375,0.0006,0.2541507024265645,0.77307366638442
1052,33521664,36046.665,593,21.61,0.01,235.44,-0.019328579306602478,1.3595335483551025,0.4539724588394165,0.006707678310419851,0.05068206787109375,0.0006,0.28367803242034656,0.7681992337164751
1053,33554432,36096.652,593,23.22,0.0,244.12,-0.010775933973491192,0.9949645400047302,0.43812093138694763,0.005595801510892784,0.04463958740234375,0.0006,0.2942117898106162,0.7531531531531531
1054,33587200,36145.718,593,23.84,0.03,255.93,-0.0191181730479002,0.9628161191940308,0.4373275637626648,0.009508155705958643,0.06340789794921875,0.0006,0.2832067068378308,0.7300771208226221
1055,33619968,36198.186,593,20.97,0.0,320.76,-0.020112324506044388,1.4437081813812256,0.49160414934158325,0.004722505195104532,0.04150390625,0.0006,0.3479988646040307,0.760576923076923
1056,33652736,36248.915,593,23.7,0.02,447.32,-0.02009248174726963,1.1136870384216309,0.47710466384887695,0.007213016059381516,0.0535888671875,0.0006,0.25378985886042865,0.7475555555555555
1057,33685504,36302.059,593,25.03,0.01,263.04,-0.021537303924560547,1.1583688259124756,0.4423631727695465,0.007535488265830281,0.05333709716796875,0.0006,0.26171875,0.7443796835970025
1058,33718272,36352.927,594,23.88,0.0,273.41,-0.018865009769797325,1.2058868408203125,0.4703652858734131,0.006489937260482748,0.0517425537109375,0.0006,0.2232620320855615,0.7383419689119171
1059,33751040,36403.041,594,21.53,0.02,227.42,-0.01799476519227028,1.299875259399414,0.4934813380241394,0.009014318824291387,0.05904447115384615,0.0006,0.24726967236068328,0.7664376840039254
1060,33783808,36458.341,594,23.7,0.02,246.89,-0.01640642061829567,1.1036443710327148,0.4702843427658081,0.0069846320084820945,0.05628204345703125,0.0006,0.27389368944749937,0.7229129662522202
1061,33816576,36511.327,594,22.98,0.01,240.3,-0.018452536314725876,1.362541675567627,0.4669308662414551,0.006665813552444888,0.05035400390625,0.0006,0.24372955288985823,0.7267080745341615
1062,33849344,36563.61,594,23.18,0.02,245.66,-0.022184353321790695,1.3778624534606934,0.4933992028236389,0.008797441398883166,0.0612945556640625,0.0006,0.28229166666666666,0.7228163992869875
1063,33882112,36619.238,594,22.93,0.01,241.65,-0.021972212940454483,1.229067325592041,0.4973524808883667,0.009778122836252123,0.0741424560546875,0.0006,0.2861028011966277,0.7377495462794919
1064,33914880,36669.804,594,21.41,0.01,319.18,-0.01697184517979622,1.4554719924926758,0.5094133615493774,0.007970135172939763,0.05983734130859375,0.0006,0.2606060606060606,0.7530747398297067
1065,33947648,36724.207,594,25.56,0.0,274.66,-0.02294234372675419,0.9899539947509766,0.48345404863357544,0.01140947655918012,0.07636260986328125,0.0006,0.2768565248738284,0.7419614147909968
1066,33980416,36776.481,594,24.31,0.02,295.3,-0.01620558463037014,1.120587944984436,0.4410392940044403,0.00956127056861078,0.06784820556640625,0.0006,0.23938525657723367,0.7224631396357328
1067,34013184,36830.171,594,23.45,0.02,367.76,-0.022377528250217438,1.296571969985962,0.47985225915908813,0.008229981562465127,0.05187225341796875,0.0006,0.25443004496165034,0.7629955947136564
1068,34045952,36881.587,594,24.73,0.03,442.76,-0.015906088054180145,1.2154300212860107,0.4348244369029999,0.010358864203431774,0.05712103074596774,0.0006,0.23359173126614988,0.7374350086655113
1069,34078720,36939.955,594,22.14,0.01,328.34,-0.018554680049419403,1.585890769958496,0.4980800449848175,0.006744308491363427,0.0526123046875,0.0006,0.2994236311239193,0.7300492610837438
1070,34111488,36996.606,594,23.91,0.0,251.88,-0.02205980196595192,1.1855374574661255,0.4863072633743286,0.00869343006341694,0.0607757568359375,0.0006,0.2570081215614357,0.7667844522968198
1071,34144256,37053.614,594,22.49,0.02,238.27,-0.011917583644390106,1.2904913425445557,0.493693470954895,0.004636873281015141,0.0403289794921875,0.0006,0.2672508214676889,0.7631822386679001
1072,34177024,37107.087,594,25.46,0.01,265.15,-0.02154240943491459,1.173018217086792,0.4820737838745117,0.006911192933870325,0.05541229248046875,0.0006,0.2569409389197375,0.7747068676716918
1073,34209792,37160.856,594,21.16,0.03,226.61,-0.018406355753540993,1.6091387271881104,0.49499934911727905,0.007063385970809577,0.05486297607421875,0.0006,0.24915158371040724,0.742603550295858
1074,34242560,37216.075,594,23.31,0.01,343.05,-0.018402831628918648,1.577103614807129,0.4884992837905884,0.006554905495107732,0.0552215576171875,0.0006,0.27640329874966746,0.7066079295154185
1075,34275328,37270.754,594,24.08,0.0,253.53,-0.01652435027062893,1.4497458934783936,0.47984811663627625,0.006016261387856048,0.0451507568359375,0.0006,0.28835489833641403,0.7275953859804791
1076,34308096,37326.189,594,23.79,0.0,248.73,-0.022850830107927322,1.2336888313293457,0.47881507873535156,0.01044729693613533,0.06926727294921875,0.0006,0.295112285336856,0.7263427109974424
1077,34340864,37378.536,594,24.34,0.0,270.0,-0.014514962211251259,1.4854989051818848,0.45920535922050476,0.009840492701641779,0.06392669677734375,0.0006,0.27624309392265195,0.7325383304940375
1078,34373632,37433.535,594,25.55,0.01,266.26,-0.017770985141396523,1.1212880611419678,0.44616270065307617,0.00657166394722708,0.0513916015625,0.0006,0.2516621521792662,0.7301717089125103
1079,34406400,37489.888,594,24.77,0.01,257.9,-0.02235586941242218,1.3691320419311523,0.4741484522819519,0.009595977559911262,0.06089019775390625,0.0006,0.26319895968790635,0.6988054607508533
1080,34439168,37547.124,594,23.67,0.03,242.87,-0.020050859078764915,1.4266777038574219,0.48122602701187134,0.006866641502314863,0.04888153076171875,0.0006,0.30075593952483803,0.7446443873179092
1081,34471936,37598.519,594,23.22,0.02,248.17,-0.022461451590061188,1.6174418926239014,0.48079293966293335,0.007649284505589549,0.05237579345703125,0.0006,0.272987012987013,0.7142857142857143
1082,34504704,37653.342,594,24.78,0.01,254.9,-0.012387087568640709,1.5679470300674438,0.47999370098114014,0.0037393549392703562,0.0326385498046875,0.0006,0.26339053562142484,0.7174095878889823
1083,34537472,37706.986,594,23.77,0.01,249.75,-0.010819783434271812,1.3986306190490723,0.461215078830719,0.004554329184543349,0.03595733642578125,0.0006,0.30891801593420715,0.7478336221837089
1084,34570240,37759.007,594,22.84,0.0,235.95,-0.01657860353589058,1.4315968751907349,0.45062899589538574,0.003981144009344462,0.0360565185546875,0.0006,0.26692350027517886,0.7554545454545455
1085,34603008,37812.521,594,23.21,0.01,256.25,-0.014723028987646103,1.2042632102966309,0.47625604271888733,0.006897314929020126,0.05121612548828125,0.0006,0.2931788931788932,0.7293617021276596
1086,34635776,37866.345,594,24.35,0.01,255.45,-0.0159893911331892,1.2002326250076294,0.48635122179985046,0.00785599158871264,0.0531158447265625,0.0006,0.27013977128335454,0.7804459691252144
1087,34668544,37919.117,594,22.78,0.03,240.17,-0.017178352922201157,1.3133165836334229,0.4774475693702698,0.005306662039060939,0.0424041748046875,0.0006,0.29257294429708225,0.7269372693726938
1088,34701312,37974.166,594,20.81,0.01,220.56,-0.012345816008746624,1.5008387565612793,0.48580679297447205,0.005046921042222152,0.04615020751953125,0.0006,0.29005681818181817,0.733862959285005
1089,34734080,38026.493,594,23.06,0.04,246.81,-0.018892062827944756,1.311299204826355,0.4799308776855469,0.006809662030320851,0.05094146728515625,0.0006,0.2690010857763301,0.7538322813345356
1090,34766848,38079.983,594,23.15,0.0,247.17,-0.022592050954699516,1.160489797592163,0.47222578525543213,0.009851535505367793,0.05707194010416667,0.0006,0.26610790990047145,0.7702582368655387
1091,34799616,38133.347,594,23.38,0.01,244.1,-0.0205501988530159,1.403231143951416,0.4676346778869629,0.008301997397893501,0.05621337890625,0.0006,0.29648382559774966,0.7529626253418414
1092,34832384,38184.617,594,22.05,0.02,277.38,-0.016117259860038757,1.2460857629776,0.4438022971153259,0.005799047112219569,0.04651641845703125,0.0006,0.3393103448275862,0.7556650246305419
1093,34865152,38236.172,594,20.71,0.02,215.69,-0.020296849310398102,1.6372215747833252,0.4873722195625305,0.007637048490437337,0.05483245849609375,0.0006,0.3225613405146619,0.7525050100200401
1094,34897920,38286.418,594,21.87,0.03,230.51,-0.013482004404067993,1.1486276388168335,0.48456871509552,0.005808060310585006,0.048614501953125,0.0006,0.33711283185840707,0.7872549019607843
1095,34930688,38337.755,594,20.11,0.01,209.97,-0.01535707339644432,1.3746397495269775,0.47687017917633057,0.004945473058853622,0.04644012451171875,0.0006,0.32323820617355853,0.7633262260127932
1096,34963456,38388.082,594,20.42,0.01,303.85,-0.023131821304559708,1.340853214263916,0.5103641748428345,0.008144556571920702,0.0583038330078125,0.0006,0.3555111364934323,0.7445708376421923
1097,34996224,38438.935,595,22.15,0.01,240.42,-0.01744094118475914,1.174534559249878,0.49291133880615234,0.005036041545366743,0.04547119140625,0.0006,0.2740462117141322,0.7328959700093721
1098,35028992,38490.106,595,23.34,0.01,343.15,-0.014039268717169762,1.2583256959915161,0.46792978048324585,0.004857815656734488,0.04573822021484375,0.0006,0.2611363030141371,0.7373558118899733
1099,35061760,38543.248,595,22.59,0.02,361.84,-0.019016213715076447,1.0909390449523926,0.4751998782157898,0.004325024707156899,0.03485870361328125,0.0006,0.30779829154036925,0.7272727272727273
1100,35094528,38597.829,595,24.73,0.02,260.96,-0.019138269126415253,0.9503110647201538,0.4835747480392456,0.009498522889430205,0.0555267333984375,0.0006,0.25599596061600605,0.7512647554806071
1101,35127296,38651.839,595,23.49,0.01,248.18,-0.012172890827059746,1.2048757076263428,0.513722836971283,0.004347765390519953,0.04213714599609375,0.0006,0.2931854199683043,0.7375444839857651
1102,35160064,38704.588,595,22.84,0.01,240.27,-0.019016150385141373,1.3264124393463135,0.5099043846130371,0.007086718535674663,0.0534210205078125,0.0006,0.2819219538093974,0.7602862254025045
1103,35192832,38756.326,595,22.94,0.03,419.18,-0.018031446263194084,1.1535263061523438,0.5245035886764526,0.007606417100134877,0.0641632080078125,0.0006,0.304923239809423,0.7428825622775801
1104,35225600,38808.051,595,21.97,0.03,236.38,-0.02538572996854782,1.4193089008331299,0.5338335633277893,0.009730455768874435,0.068145751953125,0.0006,0.31345353675450766,0.7137404580152672
1105,35258368,38862.021,595,22.74,0.01,257.51,-0.019967347383499146,1.4195839166641235,0.5375062227249146,0.006455106363944196,0.0491485595703125,0.0006,0.2791688865210442,0.737419945105215
1106,35291136,38912.135,595,23.1,0.03,240.62,-0.02170507423579693,1.4305813312530518,0.5010286569595337,0.009901713916568562,0.06895228794642858,0.0006,0.2977159359411919,0.738819320214669
1107,35323904,38966.526,595,22.54,0.0,296.81,-0.020023152232170105,1.0799444913864136,0.5668445825576782,0.008921545002010589,0.061309814453125,0.0006,0.2736670293797606,0.7572362278244631
1108,35356672,39022.641,595,22.1,0.01,256.5,-0.01792219839990139,1.131035327911377,0.5511524677276611,0.008186798303995602,0.0635986328125,0.0006,0.3274030801911843,0.7386468952734013
1109,35389440,39076.31,595,23.0,0.01,345.47,-0.019230790436267853,1.2938880920410156,0.5312021970748901,0.008751220711872065,0.06744384765625,0.0006,0.2480284914779954,0.742960944595822
1110,35422208,39129.533,595,21.62,0.01,328.06,-0.015597619116306305,1.4711143970489502,0.5696079730987549,0.008342834616087202,0.06578826904296875,0.0006,0.3313465185586562,0.7286821705426356
1111,35454976,39184.723,595,22.75,0.04,249.91,-0.022133896127343178,1.481302261352539,0.5362073183059692,0.008034800927589458,0.0670013427734375,0.0006,0.31861702127659575,0.7169287696577243
1112,35487744,39237.118,595,23.88,0.01,254.22,-0.017434008419513702,1.1649103164672852,0.539732038974762,0.008243889836307972,0.05908203125,0.0006,0.31916537867078826,0.7080479452054794
1113,35520512,39293.859,595,24.3,0.0,259.34,-0.019161688163876534,0.9167002439498901,0.5599089860916138,0.008993496529683398,0.05651092529296875,0.0006,0.312058526740666,0.707037643207856
