iter,global_step,wall_seconds,sps,ep_ret,win,ep_len,pg,v,ent,kl,clipfrac,lr,energy_unspent,card_take,upgrades,removes,elites,potions_got,potions_used,potions_used_elite,potions_used_boss,potions_used_normal,potions_expired,potion_use_hp,relics,hp_lost,aux,potion_ent
2318,75988992,50.635,647,18.75,0.0,201.57,-0.0004773475229740143,8.044194221496582,0.5097182989120483,0.00042095945761388975,0.00337982177734375,0.0003,0.15297805642633228,0.8931818181818182,4.35,0.45,1.31,5.09,5.17,0.95,0.64,3.58,0.0,3.952677991390228,5.25,158.18,0.03766248165629804,nan
2319,76021760,104.094,629,19.65,0.0,209.53,-6.294948980212212e-05,6.328117370605469,0.48194947838783264,0.000134239168090744,0.00083160400390625,0.0003,0.17706422018348625,0.8964757709251101,4.32,0.45,1.42,5.42,5.39,0.99,0.79,3.61,0.01,4.046596223860979,5.51,164.42,0.04015271284151822,nan
2320,76054528,164.955,595,18.86,0.0,204.47,6.187846884131432e-05,6.225845813751221,0.47192347049713135,0.0001389863574274841,0.00095367431640625,0.0003,0.14654046997389034,0.8814139110604333,4.27,0.43,1.4,4.97,4.89,0.96,0.52,3.41,0.01,3.595065864920616,5.35,164.95,0.03866678930353373,nan
2321,76087296,223.388,586,18.58,0.0,195.54,0.0004925448447465897,5.577110290527344,0.4869360327720642,0.0001329810655761321,0.00095367431640625,0.0003,0.16335828180930687,0.8811764705882353,4.79,0.41,1.22,5.01,5.07,0.9,0.56,3.61,0.0,3.916882619559765,5.13,155.87,0.03587632527342066,nan
2322,76120064,280.447,584,19.71,0.0,216.77,-0.0005728332325816154,4.907473564147949,0.4749055504798889,0.00022381689919370729,0.00136566162109375,0.0003,0.15556919300398894,0.8849840255591054,4.65,0.56,1.42,5.25,5.46,1.07,0.71,3.68,0.0,4.071591911315918,5.43,161.83,0.04015801288187504,nan
2323,76152832,339.505,579,18.24,0.0,194.74,-0.00015138834714889526,4.760093688964844,0.4716096818447113,0.00012681419956095397,0.00074005126953125,0.0003,0.16300731869594146,0.8967193195625759,4.61,0.36,1.2,5.17,5.16,0.99,0.65,3.52,0.02,3.9038256965577602,5.1,153.3,0.035378571425098926,nan
2324,76185600,395.536,579,17.85,0.0,202.12,0.0003385450690984726,4.196053504943848,0.49655279517173767,0.00017193628676182016,0.00116729736328125,0.0003,0.1578604044357469,0.8863636363636364,4.55,0.41,1.09,4.6,4.61,0.91,0.46,3.24,0.0,3.523608804643154,4.75,154.68,0.035126251517795026,nan
2325,76218368,452.676,579,20.62,0.0,215.52,0.0006525591015815735,4.294455528259277,0.44780266284942627,0.00017987489019333225,0.00136566162109375,0.0003,0.17508813160987075,0.8785942492012779,4.96,0.49,1.43,5.44,5.58,1.06,0.72,3.8,0.0,4.2458592224121094,5.84,173.54,0.03795000724494457,nan
2326,76251136,511.88,576,19.97,0.0,209.14,-0.009305357933044434,3.9063143730163574,0.4470474123954773,0.0037106278747387478,0.02661895751953125,0.0003,0.17488514548238898,0.8838709677419355,4.47,0.39,1.4,5.18,5.13,1.02,0.61,3.5,0.0,3.9239157316088678,5.83,167.82,0.03609796636737883,nan
2327,76283904,572.322,572,19.26,0.0,205.39,-0.010130470618605614,4.423440933227539,0.4967381954193115,0.005597913856718151,0.0423736572265625,0.0003,0.18424206111443978,0.8734177215189873,3.96,0.46,1.34,5.32,5.52,0.99,0.59,3.94,0.0,4.071804655492306,5.29,166.01,0.040230268612504005,nan
2328,76316672,632.936,569,18.57,0.0,192.58,-0.009862381964921951,3.966867446899414,0.45598167181015015,0.005909418694670876,0.048187255859375,0.0003,0.21330786373766317,0.8892857142857142,3.88,0.41,1.17,5.03,5.11,0.97,0.58,3.56,0.01,3.7249353942275047,4.99,157.17,0.03452372725587338,nan
2329,76349440,689.969,569,18.37,0.0,193.63,-0.008112631738185883,3.8371224403381348,0.5040055513381958,0.004437673331608494,0.03685760498046875,0.0003,0.1902296991264963,0.8660170523751523,3.46,0.44,1.24,4.81,5.12,0.94,0.72,3.46,0.0,3.794042174220085,4.96,151.25,0.035982744419015944,nan
2330,76382208,749.52,568,19.37,0.0,211.49,-0.005921546369791031,3.592855453491211,0.5326486825942993,0.0018558347907742245,0.0168304443359375,0.0003,0.23642835953722932,0.8748577929465301,4.12,0.41,1.21,5.09,4.92,0.88,0.5,3.54,0.02,3.7076531785726545,5.1,160.38,0.03864493023138493,nan
2331,76414976,807.246,568,19.45,0.0,210.94,-0.009964406490325928,3.764753580093384,0.5104544162750244,0.0028482571921699673,0.02338409423828125,0.0003,0.22821941918451158,0.8849162011173184,4.03,0.55,1.31,5.29,5.52,1.03,0.76,3.73,0.0,4.0161970651894805,5.27,164.78,0.03896365419495851,nan
2332,76447744,864.401,568,19.66,0.0,212.31,-0.010550551116466522,3.0288164615631104,0.4942053258419037,0.004167679480758579,0.038848876953125,0.0003,0.23381189569293875,0.8634886240520043,4.26,0.49,1.23,5.28,5.15,1.0,0.57,3.58,0.0,3.891674451678991,5.39,167.86,0.035219427780248225,nan
2333,76480512,919.542,570,19.63,0.0,210.71,-0.0115512078627944,3.3407235145568848,0.4935569167137146,0.005819647147916385,0.048187255859375,0.0003,0.23698547215496368,0.8780760626398211,3.66,0.46,1.02,5.23,5.53,0.84,0.84,3.85,0.0,4.221529900282621,5.24,162.89,0.040947136702015996,nan
2334,76513280,973.919,571,19.74,0.0,222.01,-0.013256171718239784,3.1946215629577637,0.5180304050445557,0.0043384733787092955,0.03336334228515625,0.0003,0.22382238223822382,0.8513215859030837,3.67,0.51,1.2,5.19,5.25,0.85,0.71,3.69,0.0,4.025634310245514,5.24,167.59,0.03558397141750902,nan
2335,76546048,1033.614,570,20.22,0.0,221.22,-0.013790793716907501,3.3870761394500732,0.5006531476974487,0.0047391326015713275,0.0410919189453125,0.0003,0.2345890410958904,0.8637803590285111,3.71,0.52,1.31,5.39,5.68,0.99,0.68,4.01,0.0,4.4250126412510875,5.34,172.11,0.03982254141010344,nan
2336,76578816,1089.16,571,21.13,0.0,228.78,-0.009383497759699821,3.0994975566864014,0.5100318193435669,0.003304756255488428,0.0286865234375,0.0003,0.2624763960075533,0.8235294117647058,3.69,0.41,1.3,5.69,5.86,0.9,0.75,4.21,0.0,4.503303882926702,5.93,179.41,0.04098205722402781,nan
2337,76611584,1147.446,571,17.03,0.0,181.39,-0.007408587262034416,3.551870822906494,0.5264788269996643,0.0037466140055215646,0.03491973876953125,0.0003,0.2615083251714006,0.8023106546854942,2.57,0.36,1.03,4.54,4.56,0.8,0.49,3.27,0.0,3.4397522136569023,4.62,152.84,0.03826791339088231,nan
2338,76644352,1207.598,569,18.01,0.0,196.99,-0.010991166345775127,4.17667293548584,0.4985748529434204,0.0035619185458699576,0.03287506103515625,0.0003,0.2527539779681763,0.8185140073081608,3.29,0.34,1.14,4.83,4.91,0.96,0.58,3.37,0.0,3.7234335085749626,4.87,158.34,0.038365651038475335,nan
2339,76677120,1260.513,571,18.14,0.0,200.17,-0.012682026252150536,2.8700180053710938,0.5173652172088623,0.004027697123291318,0.0291900634765625,0.0003,0.23406825732407127,0.7756788665879575,2.58,0.34,1.08,4.78,4.91,0.87,0.65,3.39,0.0,3.6259016036987304,4.88,166.88,0.04135410510934889,nan
2340,76709888,1317.523,572,19.14,0.0,203.81,-0.011307649314403534,3.349684715270996,0.49196135997772217,0.004264147387345929,0.03554534912109375,0.0003,0.25112241843759353,0.7977401129943503,3.16,0.39,1.09,5.25,5.31,0.95,0.51,3.85,0.0,3.855386491417885,5.05,166.35,0.041884358739480376,nan
2341,76742656,1375.633,571,18.18,0.0,194.86,-0.012888672761619091,3.23861026763916,0.4891727864742279,0.004218767394775114,0.03710174560546875,0.0003,0.22826766729205752,0.8187001140250855,3.2,0.51,1.07,4.96,4.89,0.89,0.49,3.51,0.0,3.8128374868631365,4.67,162.52,0.041288259672001004,nan
2342,76775424,1433.88,571,17.99,0.0,193.2,-0.012483945116400719,3.9001107215881348,0.5248118042945862,0.0032252203149596426,0.03046417236328125,0.0003,0.26670870113493067,0.8016928657799275,2.81,0.44,1.01,4.96,5.14,0.96,0.61,3.57,0.01,3.8777135011553763,4.78,158.58,0.03938074829056859,nan
2343,76808192,1490.975,571,18.04,0.0,295.67,-0.010257184505462646,3.2652080059051514,0.5207338333129883,0.004308192986229642,0.036224365234375,0.0003,0.2629830917874396,0.7935943060498221,3.3,0.5,1.06,4.43,4.58,0.78,0.53,3.27,0.02,3.3580342949926854,4.89,160.58,0.039449615171179175,nan
2344,76840960,1545.046,572,21.38,0.0,227.75,-0.014583133161067963,2.8402786254882812,0.504264235496521,0.0056986569284163124,0.0433197021484375,0.0003,0.26705012325390304,0.8255698711595639,3.99,0.52,1.25,5.94,6.31,1.02,0.83,4.46,0.0,4.724689091444016,5.63,184.69,0.03677073842845857,nan
2345,76873728,1603.353,572,19.8,0.0,208.88,-0.014139216393232346,3.4534153938293457,0.5106624960899353,0.004656342165617389,0.0384521484375,0.0003,0.282979976442874,0.8045454545454546,3.34,0.5,1.28,5.23,5.61,1.04,0.78,3.79,0.0,4.407521953582764,5.03,173.46,0.044721485930494964,nan
2346,76906496,1662.718,571,18.85,0.0,202.86,-0.013503994792699814,3.457326889038086,0.5411345958709717,0.004277553928318412,0.03424835205078125,0.0003,0.2583732057416268,0.8104426787741204,3.53,0.53,1.07,5.6,5.6,1.01,0.84,3.75,0.01,4.321003069281578,5.05,171.84,0.04508285946212709,nan
2347,76939264,1724.001,570,17.52,0.0,188.43,-0.009274747222661972,3.3342933654785156,0.5309207439422607,0.004490002994828046,0.04065704345703125,0.0003,0.26287176207227375,0.8221941992433796,2.76,0.37,0.9,4.66,4.61,0.78,0.52,3.31,0.0,3.4758724358677866,4.5,154.1,0.03786959534045309,nan
2348,76972032,1782.648,569,18.85,0.0,203.94,-0.008238041773438454,3.900390863418579,0.5336599349975586,0.0037379592981494625,0.03488922119140625,0.0003,0.23854041013268998,0.8171428571428572,3.36,0.48,1.12,5.22,5.34,0.98,0.61,3.75,0.0,4.041287131011486,4.89,167.61,0.04414351051673293,nan
2349,77004800,1841.433,569,19.4,0.0,216.74,-0.010170500725507736,2.258333683013916,0.5080076456069946,0.004693890080091023,0.041534423828125,0.0003,0.24453632604843473,0.851063829787234,3.34,0.42,1.35,5.6,5.57,1.07,0.64,3.86,0.0,4.269770628213882,5.1,174.37,0.036342459381558,nan
2350,77037568,1899.274,569,17.92,0.0,195.51,-0.010426160879433155,3.077395439147949,0.5210522413253784,0.004204478696266278,0.0411224365234375,0.0003,0.29871754770096964,0.8592057761732852,2.75,0.46,1.05,4.94,4.88,0.82,0.66,3.4,0.0,3.699065480530262,4.62,161.25,0.039172544493339956,nan
2351,77070336,1957.381,569,18.58,0.0,200.16,-0.014865666627883911,2.791429042816162,0.4946119785308838,0.00422116442598508,0.03141021728515625,0.0003,0.24186188013386067,0.8293269230769231,3.45,0.44,1.08,4.92,5.17,0.93,0.7,3.54,0.0,4.027627540975809,4.85,166.18,0.04259762249421328,nan
2352,77103104,2014.664,569,19.28,0.0,202.66,-0.013623025268316269,2.7714860439300537,0.5123914480209351,0.005899700231566385,0.04654693603515625,0.0003,0.24559270516717324,0.8331415420023015,3.33,0.47,1.09,5.22,5.38,0.74,0.68,3.96,0.0,4.180351336300373,4.96,167.0,0.037991214892826974,nan
2353,77135872,2071.185,569,18.85,0.0,289.31,-0.010212931782007217,3.14072322845459,0.5186604261398315,0.005551266144379952,0.049896240234375,0.0003,0.22342064714946072,0.8304498269896193,3.52,0.49,1.16,5.4,5.52,0.97,0.64,3.91,0.0,4.165650929510593,4.83,163.97,0.04174353671260178,nan
2354,77168640,2127.113,569,20.15,0.0,213.76,-0.012084122747182846,3.3570916652679443,0.5314223766326904,0.004641926330180013,0.038177490234375,0.0003,0.2809278350515464,0.8577405857740585,3.89,0.59,1.07,5.13,5.28,0.89,0.64,3.75,0.02,4.108631944805384,5.26,177.04,0.04040490393526852,nan
2355,77201408,2183.476,570,20.22,0.0,219.78,-0.015577388927340508,2.8205904960632324,0.524201512336731,0.0058502359436829465,0.047088623046875,0.0003,0.2632918552036199,0.8331627430910952,3.83,0.5,1.14,5.58,5.96,0.98,0.7,4.28,0.0,4.49923477947712,5.29,172.72,0.03876399318687618,nan
2356,77234176,2239.102,570,17.4,0.0,190.52,-0.008224399760365486,2.854640007019043,0.5416829586029053,0.0032409443426217877,0.03108978271484375,0.0003,0.267687595712098,0.8127294981640147,2.69,0.52,1.0,5.02,5.03,0.85,0.53,3.65,0.0,3.798036838769913,4.5,155.7,0.04267901019193232,nan
2357,77266944,2295.553,570,17.03,0.0,191.44,-0.009209742769598961,3.5475716590881348,0.5583227872848511,0.0024515075965041433,0.02274322509765625,0.0003,0.3441973804447152,0.8301886792452831,2.83,0.43,0.98,4.74,4.69,0.79,0.54,3.36,0.0,3.512925240397453,4.37,153.07,0.04070571577176452,nan
2358,77299712,2354.443,570,18.76,0.0,200.95,-0.015752146020531654,3.170130968093872,0.5358264446258545,0.0035888857777877092,0.03395843505859375,0.0003,0.2803372478169226,0.8564814814814815,3.41,0.49,1.12,4.59,4.65,0.8,0.52,3.33,0.0,3.562198475599289,4.89,169.42,0.04066934552974999,nan
2359,77332480,2410.206,571,17.64,0.0,197.79,-0.008176921866834164,3.603428363800049,0.528634250164032,0.002253701283450482,0.02051544189453125,0.0003,0.261726919629519,0.8690476190476191,2.3,0.34,1.04,4.6,4.6,0.89,0.59,3.12,0.0,3.3756041684746743,4.52,162.47,0.042924700886942446,nan
2360,77365248,2468.714,570,18.86,0.0,223.99,-0.013604497537016869,2.946479558944702,0.530410885810852,0.005103373972360714,0.039764404296875,0.0003,0.2642375995101041,0.8411764705882353,3.21,0.41,1.01,5.07,5.01,0.87,0.64,3.5,0.01,3.7809364756941797,4.7,167.35,0.04070588806644082,nan
2361,77398016,2529.472,569,20.48,0.0,214.89,-0.011357242241501808,2.7841975688934326,0.506094217300415,0.005074350300560582,0.0420379638671875,0.0003,0.24504662004662003,0.8070362473347548,3.36,0.55,1.06,5.05,5.19,0.85,0.63,3.71,0.0,3.864421567441896,5.22,174.77,0.04009018873330206,nan
2362,77430784,2587.917,569,20.09,0.0,220.58,-0.012241100892424583,2.763998031616211,0.5441605448722839,0.003742849366858536,0.03176116943359375,0.0003,0.27096229600450195,0.813953488372093,3.3,0.51,0.93,5.36,5.3,0.62,0.67,4.01,0.01,4.031769052743912,5.25,175.37,0.04195732902735472,nan
2363,77463552,2647.047,569,17.65,0.0,191.02,-0.0069337161257863045,3.1665573120117188,0.5252071619033813,0.005461748115180853,0.04529571533203125,0.0003,0.2938850015211439,0.8291457286432161,2.66,0.35,0.98,4.51,4.66,0.82,0.62,3.22,0.0,3.443837593793869,4.74,155.34,0.0397126431344077,nan
2364,77496320,2702.076,569,17.98,0.0,196.35,0.009058588184416294,3.2862966060638428,0.5126389861106873,0.01123233309472198,0.0626708984375,0.0003,0.299265605875153,0.8212157330154947,3.2,0.35,0.92,4.5,4.44,0.71,0.55,3.18,0.02,3.3702222687005996,4.47,161.03,0.04620618186891079,nan
2365,77529088,2764.916,568,19.42,0.0,203.78,-0.005443664267659187,3.244554042816162,0.4780760407447815,0.0013087080751006397,0.0131988525390625,0.0003,0.2201219512195122,0.8264840182648402,3.79,0.54,1.07,4.98,4.87,0.69,0.75,3.43,0.0,3.8564150136709214,5.12,168.55,0.044076879625208676,nan
2366,77561856,2821.141,569,19.41,0.0,209.63,-0.008454899303615093,2.8151097297668457,0.4689295291900635,0.002335598136255612,0.0182647705078125,0.0003,0.22084073416222616,0.8306538049303323,3.64,0.39,1.06,4.88,5.04,0.87,0.61,3.56,0.0,3.8977035427093507,4.91,167.46,0.04087132739368826,nan
2367,77594624,2880.097,568,19.88,0.0,209.8,-0.012494927272200584,3.126166820526123,0.4876733422279358,0.004097607504519374,0.03372955322265625,0.0003,0.23524203069657615,0.8449197860962567,4.46,0.54,1.04,5.02,4.88,0.9,0.61,3.37,0.0,3.8121376252174377,5.09,172.84,0.03734315070323646,nan
2368,77627392,2937.067,568,20.54,0.0,240.46,-0.012938087806105614,2.440133571624756,0.487060546875,0.005569919143340485,0.04073333740234375,0.0003,0.21334083872783563,0.8126951092611863,3.36,0.43,1.09,5.13,5.34,0.7,0.84,3.8,0.0,3.948084541857243,5.14,182.28,0.043372729676775634,nan
2369,77660160,2994.95,568,18.66,0.0,202.64,-0.007435631938278675,2.754131555557251,0.5111050605773926,0.0033798607461221764,0.02935791015625,0.0003,0.2287345957318906,0.799554565701559,3.32,0.43,0.9,4.95,5.1,0.67,0.66,3.77,0.0,4.01342022716999,4.58,165.3,0.03563426295295358,nan
2370,77692928,3050.719,569,22.02,0.0,244.79,-0.014372700825333595,2.6389245986938477,0.5042212605476379,0.005548263997241065,0.04175567626953125,0.0003,0.2702066439968611,0.7988165680473372,3.59,0.5,1.23,5.51,5.6,1.0,0.62,3.98,0.0,4.375700460150838,5.87,191.92,0.04219751444179565,nan
2371,77725696,3110.568,568,20.68,0.0,223.55,-0.014017290435731411,2.7534916400909424,0.5041658878326416,0.007431964341566737,0.03606708233173077,0.0003,0.21691176470588236,0.8175182481751825,3.51,0.5,1.19,5.26,5.17,0.78,0.76,3.63,0.0,3.943010686188936,5.4,176.94,0.04260939846818264,nan
2372,77758464,3168.209,568,20.15,0.0,216.03,-0.013730735518038273,2.5985894203186035,0.5071189403533936,0.0043831724073584155,0.0328216552734375,0.0003,0.20996756119138896,0.8051391862955032,3.52,0.45,0.96,5.06,5.13,0.8,0.69,3.64,0.0,3.9847675189375877,5.23,170.57,0.035959892033133656,nan
2373,77791232,3224.72,569,19.26,0.0,209.16,-0.013575665652751923,3.1417689323425293,0.5097309350967407,0.004621191890919363,0.038848876953125,0.0003,0.18668639053254438,0.7929515418502202,3.15,0.33,0.95,4.88,4.83,0.66,0.61,3.56,0.0,3.6236079918593167,4.94,171.62,0.04363742412533611,nan
2374,77824000,3281.191,569,19.17,0.0,215.02,-0.014224672690033913,2.92685866355896,0.5112775564193726,0.0055582362608674885,0.0465545654296875,0.0003,0.21392333709131905,0.8118701007838746,3.48,0.47,0.86,4.9,4.84,0.66,0.44,3.74,0.0,3.660340766310692,4.55,167.29,0.041171805234625936,nan
2375,77856768,3338.382,569,16.33,0.0,199.05,-0.009020171128213406,2.8957161903381348,0.5140361785888672,0.0046090533492133545,0.03540802001953125,0.0003,0.2729320888316704,0.8318002628120894,2.15,0.28,0.93,4.38,4.27,0.79,0.43,3.05,0.0,3.2302960377931593,4.27,156.96,0.04466468351893127,nan
2376,77889536,3396.119,569,18.02,0.0,194.33,-0.009414443746209145,3.218332052230835,0.500604510307312,0.003615634825592906,0.0334625244140625,0.0003,0.24779319041614123,0.818075117370892,2.49,0.49,0.83,4.57,4.57,0.68,0.58,3.31,0.0,3.4038688583672045,4.42,157.84,0.04402719542849809,nan
2377,77922304,3452.614,569,19.0,0.0,305.67,-0.012027552351355553,2.792022705078125,0.5029226541519165,0.0031482525610613266,0.02582550048828125,0.0003,0.20406959598938365,0.8520578420467185,3.36,0.44,1.1,4.75,4.9,0.8,0.63,3.47,0.02,3.6746395870298145,4.78,165.15,0.037507942295633256,nan
2378,77955072,3508.148,569,21.3,0.0,226.73,-0.013248385861515999,2.358668804168701,0.4961514472961426,0.004304651057623232,0.0335845947265625,0.0003,0.2278729980331554,0.8379204892966361,3.57,0.62,1.24,5.51,5.47,0.95,0.68,3.84,0.0,4.153353118002415,5.55,178.94,0.03657003823900595,nan
2379,77987840,3564.903,569,17.55,0.0,190.27,-0.013372238725423813,2.8202176094055176,0.5110933780670166,0.0045913582496268646,0.04052734375,0.0003,0.2640099626400996,0.8265550239234449,2.87,0.39,0.68,4.31,4.36,0.53,0.57,3.26,0.0,3.2537759107351305,4.17,154.97,0.0430015770252794,nan
2380,78020608,3622.76,569,18.84,0.0,256.09,-0.009859398007392883,2.8688278198242188,0.5116837620735168,0.003505906844054607,0.03228759765625,0.0003,0.29310872894333845,0.8120728929384966,2.9,0.46,0.88,4.25,4.22,0.57,0.49,3.16,0.01,3.232389197349548,4.75,170.53,0.046367194037884474,nan
2381,78053376,3678.873,570,17.06,0.0,185.73,-0.00796356238424778,3.440006732940674,0.5146970152854919,0.0036398533583508197,0.0360260009765625,0.0003,0.31319554848966613,0.8531994981179423,2.8,0.35,0.66,4.54,4.73,0.57,0.49,3.67,0.01,3.6365455777198075,4.04,155.58,0.03898129006847739,nan
2382,78086144,3734.483,570,18.08,0.0,187.69,-0.012098939158022404,2.911590099334717,0.5045966506004333,0.004280739633600206,0.0365447998046875,0.0003,0.3072537218878682,0.8278894472361809,2.98,0.4,1.0,4.56,4.85,0.8,0.66,3.39,0.0,3.713569684177637,4.63,162.53,0.04421535681467503,nan
2383,78118912,3792.745,570,17.9,0.0,192.33,-0.008009755052626133,3.06565523147583,0.5054620504379272,0.0042385650864957825,0.0433349609375,0.0003,0.2978125,0.8327272727272728,2.89,0.41,1.04,4.49,4.45,0.88,0.46,3.11,0.0,3.350431376695633,4.71,155.79,0.03842162748333067,nan
2384,78151680,3851.93,569,17.71,0.0,196.36,-0.010260592214763165,3.3805959224700928,0.5136514902114868,0.0038073910401408284,0.03609466552734375,0.0003,0.35440729483282674,0.8347406513872135,2.82,0.42,0.91,4.29,4.4,0.7,0.57,3.13,0.0,3.2288548335433007,4.42,159.9,0.041853651870042086,nan
2385,78184448,3908.899,570,18.19,0.0,194.33,-0.011259408667683601,3.0007669925689697,0.48756498098373413,0.003634628357076508,0.03365325927734375,0.0003,0.29016862869869553,0.8199279711884754,2.54,0.32,1.02,4.69,4.56,0.79,0.62,3.15,0.0,3.500064608156681,4.74,161.43,0.03643469524104148,nan
2386,78217216,3963.579,570,18.68,0.0,203.5,-0.009599478915333748,2.994002103805542,0.509868860244751,0.004585877045883535,0.040252685546875,0.0003,0.2886153846153846,0.8265895953757225,3.01,0.5,0.94,4.85,4.82,0.86,0.71,3.25,0.0,3.7413885435461998,4.75,168.98,0.045811306685209274,nan
2387,78249984,4015.512,571,18.54,0.0,199.72,-0.010648959316313267,2.782205104827881,0.505911111831665,0.003517061644686237,0.02906036376953125,0.0003,0.27348321527563907,0.828125,3.08,0.45,1.06,4.5,4.51,0.66,0.57,3.28,0.0,3.3708974927663804,4.89,167.43,0.04346633399836719,nan
2388,78282752,4073.238,571,19.68,0.0,232.93,-0.016760846599936485,2.9464375972747803,0.5012909173965454,0.005040646338102306,0.03862762451171875,0.0003,0.2558411214953271,0.8538713195201745,3.42,0.52,0.91,5.17,5.13,0.8,0.64,3.69,0.01,3.9674453404545784,4.8,170.24,0.03853121364954859,nan
2389,78315520,4131.427,571,18.79,0.0,201.84,-0.009275475516915321,2.6731529235839844,0.518366813659668,0.0037310603066771364,0.0300140380859375,0.0003,0.276490577695397,0.8317972350230415,3.08,0.48,1.1,4.71,4.95,0.74,0.61,3.6,0.0,3.843318650126457,4.72,169.24,0.038858421496115625,nan
2390,78348288,4185.591,571,20.58,0.0,224.2,-0.015969615429639816,2.8681223392486572,0.49492114782333374,0.005187758512875007,0.04328155517578125,0.0003,0.2656826568265683,0.8413021363173957,3.64,0.42,1.15,5.62,5.93,0.94,0.67,4.32,0.01,4.592404752671719,5.48,179.55,0.03928358887787908,nan
2391,78381056,4242.732,571,17.43,0.0,273.92,-0.012183031067252159,2.8915276527404785,0.5104267001152039,0.004562742124221586,0.04029083251953125,0.0003,0.3148445014427701,0.8134777376654633,2.57,0.48,0.96,4.49,4.66,0.77,0.47,3.42,0.02,3.505339997410774,4.46,163.19,0.03780074208043516,nan
2392,78413824,4299.54,571,19.73,0.0,313.11,-0.013564113527536392,2.7169716358184814,0.5381172299385071,0.004024843230070019,0.03792572021484375,0.0003,0.2932568149210904,0.8266666666666667,3.75,0.58,1.07,4.89,4.96,0.7,0.64,3.62,0.02,3.8042730647325516,4.99,170.32,0.043025053455494344,nan
2393,78446592,4355.734,571,18.47,0.0,248.57,-0.010532356798648834,3.2533912658691406,0.5266516208648682,0.004867784340092385,0.04046630859375,0.0003,0.24805978729519976,0.8056818181818182,2.63,0.51,1.13,4.77,4.81,0.89,0.64,3.28,0.0,3.592398136407137,4.86,171.85,0.04112878814339638,nan
2394,78479360,4414.567,571,19.24,0.0,313.19,-0.010670220479369164,2.886988639831543,0.49794691801071167,0.004624374577076651,0.03460693359375,0.0003,0.21683899556868538,0.8161434977578476,2.95,0.44,1.05,4.77,4.82,0.65,0.65,3.52,0.0,3.6090393725037573,5.11,173.24,0.0401204883819446,nan
2395,78512128,4470.03,571,19.37,0.0,204.98,-0.016654180362820625,3.2216546535491943,0.5074323415756226,0.004391991330294331,0.035186767578125,0.0003,0.2457831325301205,0.8238573021181717,3.3,0.58,0.8,4.88,5.0,0.68,0.62,3.7,0.0,3.760506194829941,4.6,162.69,0.03629644791362807,nan
2396,78544896,4529.135,571,19.7,0.0,242.42,-0.01500904280692339,2.9167370796203613,0.5302523374557495,0.003188804697174419,0.0290985107421875,0.0003,0.22951306413301661,0.8140043763676149,3.41,0.41,1.02,4.93,4.96,0.67,0.63,3.66,0.0,3.6672139368206262,4.99,169.54,0.037488619331270456,nan
2397,78577664,4584.196,571,19.33,0.0,222.42,-0.01092604361474514,2.5390191078186035,0.5453416109085083,0.0033768033853220913,0.03076934814453125,0.0003,0.25911047345767574,0.7790948275862069,2.72,0.5,0.97,4.95,5.08,0.79,0.66,3.63,0.01,3.8576093392074107,4.64,172.83,0.04035838064737618,nan
2398,78610432,4643.58,571,17.98,0.0,196.33,-0.00834677554666996,3.327484369277954,0.5227769613265991,0.0034094255558159148,0.0306854248046875,0.0003,0.27110438729198183,0.8148599269183922,2.62,0.46,0.73,4.5,4.54,0.62,0.51,3.41,0.0,3.5392366403341295,4.43,160.84,0.04497720149811357,nan
2399,78643200,4704.449,571,18.38,0.0,189.73,-0.015217491425573826,3.106365203857422,0.5156500935554504,0.0038487048827846593,0.032867431640625,0.0003,0.24375202856215514,0.8279702970297029,3.06,0.49,0.95,4.58,4.77,0.85,0.55,3.37,0.0,3.6672717766463756,4.68,160.71,0.04085882368963212,nan
2400,78675968,4762.13,571,18.46,0.0,195.9,-0.012703699059784412,2.9109058380126953,0.495042085647583,0.0036065308015906794,0.03076171875,0.0003,0.2719108082997832,0.8131609870740305,2.91,0.42,0.87,4.66,4.76,0.64,0.61,3.51,0.0,3.560452227592468,4.46,165.86,0.0399818429723382,nan
2401,78708736,4818.709,571,18.89,0.0,202.99,-0.010378808714449406,2.7730016708374023,0.5277098417282104,0.0033528130311992754,0.02911376953125,0.0003,0.252863436123348,0.8006718924972005,2.91,0.43,0.97,4.74,4.72,0.79,0.52,3.41,0.0,3.45986540555954,4.6,169.21,0.04310947249177843,nan
2402,78741504,4881.445,570,17.28,0.0,187.18,-0.009788481518626213,2.6073198318481445,0.5088495016098022,0.003231807130589459,0.02991485595703125,0.0003,0.20985284708893154,0.8238095238095238,2.38,0.44,0.77,4.34,4.41,0.6,0.48,3.33,0.0,3.301290788203478,4.13,151.8,0.03819818515330553,nan
2403,78774272,4938.339,570,18.84,0.0,204.22,-0.015933344140648842,2.4708425998687744,0.502873957157135,0.00485511620786383,0.0375213623046875,0.0003,0.2556595230908542,0.8261363636363637,3.03,0.38,0.94,5.11,5.1,0.87,0.56,3.67,0.0,3.921676025092602,4.74,165.92,0.040639022598043084,nan
2404,78807040,4994.495,570,19.18,0.0,200.29,-0.012346023693680763,2.4974772930145264,0.5148449540138245,0.003942451909836109,0.03269195556640625,0.0003,0.24313483492749152,0.8245810055865922,2.89,0.44,0.98,4.73,4.92,0.83,0.55,3.54,0.01,3.689653052985668,4.76,163.43,0.042053957702592015,nan
2405,78839808,5050.737,570,20.0,0.0,216.83,-0.013524770736694336,2.5814836025238037,0.5265525579452515,0.005473226205992887,0.03931427001953125,0.0003,0.2444003402324922,0.838405036726128,3.08,0.53,1.09,5.03,5.1,0.8,0.61,3.69,0.0,3.9669345194101333,5.16,181.01,0.041370713617652655,nan
2406,78872576,5107.641,570,19.03,0.0,198.01,-0.014543506316840649,2.5057692527770996,0.5374424457550049,0.004207472712124627,0.03319549560546875,0.0003,0.2545227698066126,0.8189944134078212,3.1,0.58,0.85,4.82,4.71,0.65,0.57,3.49,0.02,3.6000460579991342,4.52,166.9,0.039224033360369503,nan
2407,78905344,5163.221,571,16.89,0.0,186.01,-0.009121320210397243,3.3858962059020996,0.542412519454956,0.002553291568744953,0.02350616455078125,0.0003,0.2638623326959847,0.8343868520859671,2.52,0.31,0.82,4.33,4.27,0.64,0.38,3.25,0.0,3.0992386510968206,4.08,150.17,0.04263192473445088,nan
2408,78938112,5220.26,571,19.8,0.0,205.65,-0.011318339966237545,3.283806324005127,0.5269125699996948,0.005527037185174777,0.03690338134765625,0.0003,0.22339463370515525,0.8095238095238095,2.93,0.43,1.21,4.96,5.08,0.78,0.72,3.58,0.02,3.859322618544102,5.23,172.55,0.040257874061353505,nan
2409,78970880,5278.285,571,19.43,0.0,207.39,-0.0163804292678833,3.231086492538452,0.5215351581573486,0.004832185847931214,0.038909912109375,0.0003,0.23228111971411555,0.8071505958829902,2.89,0.48,0.99,4.94,5.06,0.81,0.64,3.61,0.0,3.853938101679087,4.88,176.09,0.0402732725488022,nan
2410,79003648,5335.809,571,18.11,0.0,195.43,-0.014477182179689407,3.0657973289489746,0.5445430874824524,0.004476411720190754,0.03510284423828125,0.0003,0.2570093457943925,0.851508120649652,2.96,0.46,0.88,4.9,5.1,0.77,0.63,3.7,0.0,3.787407206594944,4.5,163.17,0.0433731887023896,nan
2411,79036416,5393.782,571,18.1,0.0,194.88,-0.007716543972492218,2.7570481300354004,0.5603420734405518,0.0028413963146931565,0.02762603759765625,0.0003,0.25229793977813,0.8366164542294322,2.8,0.51,0.84,4.33,4.25,0.55,0.56,3.14,0.01,3.1475445254147054,4.25,157.46,0.04400807281490415,nan
2412,79069184,5451.894,570,18.27,0.0,198.73,-0.00715713482350111,2.7050955295562744,0.5373396873474121,0.0022027148925189977,0.0191650390625,0.0003,0.26823314006713456,0.8481308411214953,2.44,0.32,0.76,4.63,4.65,0.6,0.57,3.48,0.0,3.5856502082943917,4.37,163.38,0.0447999790776521,nan
2413,79101952,5506.855,571,18.05,0.0,194.7,-0.013956082053482533,2.6236138343811035,0.5087742209434509,0.0034227645031705833,0.02706146240234375,0.0003,0.22785602503912364,0.8285714285714286,2.71,0.3,1.02,4.49,4.49,0.83,0.58,3.08,0.0,3.4536274372041227,4.53,168.24,0.04067322437185794,nan
2414,79134720,5562.351,571,19.79,0.0,235.15,-0.014070955105125904,2.4475653171539307,0.5120265483856201,0.0036726892506635522,0.0328216552734375,0.0003,0.24568725653867557,0.8324715615305067,2.83,0.48,1.01,4.99,4.97,0.57,0.73,3.67,0.0,3.8553875854611395,4.88,181.6,0.03583199315471575,nan
2415,79167488,5619.069,571,17.47,0.0,194.86,-0.011179374530911446,2.8221664428710938,0.5885111093521118,0.0034873987140073837,0.0321197509765625,0.0003,0.27781230577998756,0.8162031438935913,2.23,0.44,0.82,4.41,4.41,0.61,0.55,3.25,0.0,3.377100872993469,4.18,158.58,0.042913016164675355,nan
2416,79200256,5677.066,571,18.47,0.0,206.52,-0.011016927659511566,2.890536308288574,0.5723831653594971,0.0030113408884062665,0.03067779541015625,0.0003,0.3317045127910319,0.8228438228438228,2.59,0.42,0.78,4.74,4.68,0.55,0.72,3.41,0.02,3.494072834253311,4.49,168.48,0.03859709680546075,nan
2417,79233024,5735.136,571,18.28,0.0,230.27,-0.012893071398139,2.931898832321167,0.5439606308937073,0.0036267534259764034,0.03081512451171875,0.0003,0.2678997613365155,0.8181818181818182,3.04,0.45,0.89,4.64,4.79,0.67,0.57,3.55,0.0,3.6404112607240675,4.52,165.93,0.04315187898464501,nan
2418,79265792,5795.774,571,17.72,0.0,194.77,-0.009330878034234047,3.2565722465515137,0.5783243179321289,0.0033505075415973806,0.03302001953125,0.0003,0.27350689127105665,0.8467065868263473,2.77,0.4,0.75,4.64,4.66,0.61,0.63,3.42,0.01,3.4924754345417024,4.3,166.78,0.0413928892230615,nan
2419,79298560,5853.67,570,18.56,0.0,199.58,-0.011803047731518745,2.9247617721557617,0.5705195665359497,0.0023095751786001983,0.02259063720703125,0.0003,0.3013533834586466,0.8106796116504854,2.88,0.45,0.9,4.57,4.57,0.68,0.6,3.29,0.0,3.5370480378717186,4.86,165.92,0.04129828594159335,nan
2420,79331328,5911.281,570,17.75,0.0,198.33,-0.010227915830910206,3.4029154777526855,0.5756268501281738,0.003094459724934495,0.02446746826171875,0.0003,0.3210310486233158,0.8393719806763285,2.58,0.43,0.74,4.02,4.33,0.6,0.54,3.19,0.0,3.1517433176934717,4.36,163.32,0.03892498672939837,nan
2421,79364096,5968.096,571,19.2,0.0,219.69,-0.017847074195742607,2.8661251068115234,0.5601189136505127,0.005415326084943217,0.04148101806640625,0.0003,0.27907631653055476,0.8260869565217391,2.87,0.41,1.03,4.53,4.38,0.67,0.64,3.07,0.01,3.2809740518033506,4.93,171.17,0.03938269382342696,nan
2422,79396864,6023.664,571,18.55,0.0,204.78,-0.009569122456014156,3.194199323654175,0.5655956268310547,0.003225768687912023,0.03047943115234375,0.0003,0.2721631205673759,0.86,2.86,0.39,0.84,4.47,4.53,0.55,0.6,3.38,0.01,3.4536163640022277,4.47,165.0,0.045189399854280055,nan
2423,79429632,6084.889,570,19.09,0.0,210.35,-0.011515248566865921,2.5767736434936523,0.5475569367408752,0.003429181013189009,0.0302276611328125,0.0003,0.2867822966507177,0.837129840546697,2.7,0.43,1.0,4.65,4.57,0.63,0.52,3.42,0.0,3.4108207643032076,4.82,172.4,0.039653603569604456,nan
2424,79462400,6142.107,570,18.25,0.0,195.02,-0.0160972960293293,2.9913086891174316,0.5492831468582153,0.00408287156994902,0.03510284423828125,0.0003,0.2627118644067797,0.8136419001218027,2.56,0.38,0.79,4.39,4.46,0.58,0.67,3.21,0.01,3.3797648791223764,4.48,167.8,0.04269546293653548,nan
2425,79495168,6198.115,570,19.42,0.0,216.03,-0.014186155050992966,2.6413779258728027,0.5428515672683716,0.00447660220852697,0.0399017333984375,0.0003,0.24978317432784042,0.8033519553072626,2.73,0.48,0.85,4.8,5.08,0.69,0.57,3.82,0.0,3.887294698059559,4.57,171.46,0.04038697120267898,nan
2426,79527936,6254.097,571,18.36,0.0,203.51,-0.013798377476632595,3.112779378890991,0.540663480758667,0.003969621174860549,0.03496551513671875,0.0003,0.30251591391330707,0.8229777256740914,2.4,0.38,0.98,4.46,4.44,0.64,0.7,3.1,0.01,3.4215372717380523,4.53,167.84,0.03996223956346512,nan
2427,79560704,6309.836,571,19.53,0.0,209.6,-0.012661552056670189,2.6649227142333984,0.5281288623809814,0.0035749263479800675,0.031585693359375,0.0003,0.25066904549509367,0.8085327783558793,3.07,0.59,0.93,5.21,5.38,0.76,0.69,3.93,0.01,4.132396073937416,4.83,173.2,0.03890994912944734,nan
2428,79593472,6366.83,571,19.37,0.0,214.79,-0.014898699708282948,2.6503143310546875,0.539391815662384,0.003960693035310214,0.034912109375,0.0003,0.28173556141893874,0.8379272326350606,2.75,0.56,0.84,4.96,4.94,0.62,0.64,3.68,0.02,3.7509888106398286,5.08,178.06,0.0410220380872488,nan
2429,79626240,6422.669,571,15.72,0.0,192.2,-0.007603749632835388,3.0876893997192383,0.5534955263137817,0.002537946763709442,0.02510833740234375,0.0003,0.2814276689829438,0.8375165125495376,1.82,0.39,0.75,4.16,4.14,0.53,0.44,3.17,0.01,3.0227018700540067,4.01,152.2,0.042546051321551204,nan
2430,79659008,6482.141,571,16.53,0.0,193.96,-0.013996942900121212,2.8617758750915527,0.5707412362098694,0.003659742672596167,0.0297393798828125,0.0003,0.3331166720831979,0.8552278820375335,2.15,0.35,0.79,4.22,4.22,0.62,0.59,3.01,0.01,3.167119780629873,4.05,153.15,0.04327834921423346,nan
2431,79691776,6541.302,571,17.38,0.0,190.89,-0.013994075357913971,2.6200389862060547,0.5450804233551025,0.0039312851509407665,0.035369873046875,0.0003,0.26040688575899845,0.827710843373494,2.28,0.41,0.9,4.5,4.73,0.68,0.63,3.42,0.0,3.602405284047127,4.19,162.81,0.043375379987992346,nan
2432,79724544,6598.349,571,18.04,0.0,197.84,-0.012148072011768818,2.7851390838623047,0.5520288944244385,0.0034164942886718563,0.0328369140625,0.0003,0.29551692589204026,0.8226002430133658,2.47,0.47,0.78,4.55,4.45,0.6,0.53,3.32,0.0,3.4164025434851646,4.36,168.75,0.0421401736093685,nan
2433,79757312,6656.718,571,19.42,0.0,211.54,-0.014492081478238106,2.6131505966186523,0.5331898927688599,0.004038960483796927,0.0317230224609375,0.0003,0.2578634173986965,0.7995642701525054,2.47,0.47,0.96,5.21,5.29,0.65,0.63,4.01,0.0,3.9250805020332336,4.63,180.54,0.04312749521341175,nan
2434,79790080,6713.65,571,17.06,0.0,194.44,-0.011656458489596844,3.0649561882019043,0.5415049195289612,0.004215494117545404,0.04010772705078125,0.0003,0.3088646967340591,0.8077889447236181,2.05,0.42,0.76,4.43,4.33,0.6,0.58,3.15,0.01,3.2894948007166387,4.22,162.11,0.04023709648754448,nan
2435,79822848,6767.1,571,18.43,0.0,208.77,-0.014192221686244011,2.309110641479492,0.5384542346000671,0.005471723677032969,0.04279327392578125,0.0003,0.23559907834101382,0.7950819672131147,2.77,0.33,0.86,5.06,4.86,0.67,0.46,3.73,0.01,3.7351534183323385,4.59,170.5,0.0419847690500319,nan
2436,79855616,6821.321,571,18.05,0.0,199.94,-0.015091318637132645,2.407912254333496,0.5250799655914307,0.017698470196558413,0.02947771990740741,0.0003,0.2613670581150256,0.822429906542056,2.37,0.46,1.06,4.83,4.98,0.77,0.52,3.69,0.0,3.845182066559792,4.56,161.96,0.04191234128342734,nan
2437,79888384,6877.736,571,18.84,0.0,207.33,-0.010376015678048134,2.8082995414733887,0.5578297972679138,0.0031402330058654115,0.02909088134765625,0.0003,0.2355083459787557,0.8035714285714286,2.54,0.47,0.76,4.76,4.97,0.56,0.73,3.68,0.0,3.87408629745245,4.69,165.14,0.04246011667419225,nan
2438,79921152,6933.565,571,18.8,0.0,204.7,-0.014298202469944954,3.0212836265563965,0.5452514886856079,0.0056085146257487395,0.03564453125,0.0003,0.2857566765578635,0.8126436781609195,2.82,0.45,0.89,4.81,5.05,0.74,0.58,3.73,0.01,3.8539845405519007,4.59,167.69,0.041219377308152616,nan
2439,79953920,6991.811,571,17.29,0.0,190.32,-0.008588557131588459,3.071899175643921,0.5731965899467468,0.003597702881393161,0.032440185546875,0.0003,0.2858048162230672,0.7836477987421384,2.61,0.42,0.84,4.33,4.44,0.63,0.52,3.29,0.0,3.348536757826805,4.29,161.07,0.03817861678544432,nan
2440,79986688,7049.51,571,18.0,0.0,196.69,-0.009916173294186592,2.719986915588379,0.5597590208053589,0.003740457836272526,0.03838348388671875,0.0003,0.25512389109819517,0.8180737217598097,2.84,0.4,0.98,4.28,4.25,0.5,0.56,3.19,0.02,3.194602644741535,4.59,167.59,0.04149377183057368,nan
2441,80019456,7105.835,571,18.39,0.0,207.29,-0.0171444620937109,2.92708420753479,0.5732501745223999,0.006133747087147867,0.04639434814453125,0.0003,0.2596541786743516,0.8285398230088495,2.47,0.5,0.96,4.75,4.79,0.76,0.61,3.42,0.01,3.5941925520449876,4.62,170.83,0.040264021256007254,nan
2442,80052224,7164.872,571,18.98,0.0,206.2,-0.017540888860821724,2.966191291809082,0.5303932428359985,0.0051149988151451,0.0405426025390625,0.0003,0.2682198327359618,0.8062645011600929,2.98,0.41,0.97,4.42,4.89,0.72,0.66,3.51,0.0,3.6676479882001876,4.76,170.29,0.0406141709536314,nan
2443,80084992,7222.746,571,17.48,0.0,190.21,-0.010890700854361057,2.816192150115967,0.5630170702934265,0.0029901641423748515,0.026214599609375,0.0003,0.3041431261770245,0.8264947245017585,1.93,0.43,0.86,4.68,4.63,0.61,0.48,3.54,0.02,3.4366260439157488,4.37,159.55,0.03760225488804281,nan
2444,80117760,7281.69,571,17.08,0.0,182.16,-0.015355166979134083,2.947603225708008,0.5523514747619629,0.0035135927178089332,0.0279388427734375,0.0003,0.30779305828421744,0.8415446071904128,2.48,0.37,0.71,4.3,4.28,0.52,0.43,3.33,0.02,3.266839451491833,4.26,156.69,0.04159071482717991,nan
2445,80150528,7342.235,571,16.09,0.0,172.28,-0.007954340428113937,2.896155834197998,0.5535129308700562,0.0034117799516479863,0.03343963623046875,0.0003,0.31306684581793753,0.8547249647390691,2.23,0.28,0.85,4.03,3.93,0.72,0.5,2.71,0.01,2.9169883094727993,4.18,148.37,0.04343705507926643,nan
2446,80183296,7400.968,571,17.04,0.0,186.97,-0.01169523224234581,2.9747111797332764,0.5765208005905151,0.0035872372328924484,0.03116607666015625,0.0003,0.29886148007590135,0.8367346938775511,2.17,0.41,0.83,4.13,4.04,0.58,0.42,3.04,0.0,3.1011734018474817,4.27,154.74,0.03975728002842516,nan
2447,80216064,7458.759,571,17.29,0.0,187.54,-0.0163732822984457,3.2995967864990234,0.5508596897125244,0.005495522892147164,0.047576904296875,0.0003,0.3207015346069527,0.8169191919191919,2.12,0.26,0.74,4.32,4.32,0.61,0.53,3.18,0.01,3.262382567226887,4.27,162.28,0.044409678666852415,nan
2448,80248832,7518.455,570,18.57,0.0,200.34,-0.011477800086140633,2.993443012237549,0.5580158233642578,0.00392839871187789,0.03551483154296875,0.0003,0.2848139255702281,0.8271186440677966,2.82,0.44,0.76,5.0,5.01,0.58,0.46,3.97,0.03,3.7506500071287157,4.42,173.79,0.04051077528856695,nan
2449,80281600,7582.709,570,17.11,0.0,182.94,-0.011998415924608707,3.6426637172698975,0.542549192905426,0.0031051891812552412,0.02777099609375,0.0003,0.3384766907419567,0.8117797695262484,3.29,0.33,0.71,4.34,4.48,0.73,0.53,3.22,0.01,3.366185270100832,4.48,157.31,0.04271537926979363,nan
2450,80314368,7641.519,570,17.7,0.0,189.41,-0.009174512699246407,2.893505096435547,0.5661917924880981,0.0034199629955367072,0.03218841552734375,0.0003,0.31088917525773196,0.805,2.39,0.45,0.83,4.48,4.64,0.71,0.62,3.31,0.0,3.4849045844376088,4.34,161.43,0.043547875131480396,nan
2451,80347136,7702.359,570,15.99,0.0,170.93,-0.009320046752691269,3.431581974029541,0.5643396377563477,0.002782089884817651,0.03012847900390625,0.0003,0.35889464594127807,0.8445040214477212,1.86,0.35,0.65,4.07,4.09,0.53,0.51,3.05,0.01,2.982475783452392,3.82,148.73,0.04236876801587641,nan
2452,80379904,7760.802,570,17.06,0.0,182.47,-0.006535863038152456,3.0943641662597656,0.5738189220428467,0.0034534707604620962,0.0350494384765625,0.0003,0.3338810384488991,0.8405228758169935,2.09,0.3,0.68,4.12,4.13,0.52,0.43,3.18,0.01,3.1206403213739393,4.04,157.47,0.052940347930416465,nan
2453,80412672,7819.357,569,19.3,0.0,203.93,-0.011784623377025127,3.0290098190307617,0.5475403070449829,0.0038591847843463256,0.0355377197265625,0.0003,0.29191263282172375,0.8353591160220994,3.23,0.48,0.88,5.05,5.11,0.62,0.65,3.84,0.0,3.8255412009358407,4.73,175.16,0.03988085431046784,nan
2454,80445440,7876.809,569,18.34,0.0,201.96,-0.014574671164155006,2.868762493133545,0.5557569265365601,0.004424191713496839,0.04030609130859375,0.0003,0.3049393670511683,0.8289623717217788,2.67,0.49,0.9,5.03,5.35,0.75,0.55,4.05,0.0,3.9419435384869574,4.32,167.86,0.0403500278480351,nan
2455,80478208,7934.572,569,18.27,0.0,197.07,-0.014106791466474533,3.2455363273620605,0.5237065553665161,0.004870636120216432,0.039764404296875,0.0003,0.3277777777777778,0.8227848101265823,2.47,0.39,0.98,4.92,4.92,0.8,0.61,3.51,0.0,3.784735481739044,4.56,162.1,0.040459533454850316,nan
2456,80510976,7995.059,569,17.81,0.0,195.98,-0.01001638825982809,3.0144870281219482,0.5321223735809326,0.002741360316349528,0.0253143310546875,0.0003,0.34073147858705843,0.8341463414634146,2.39,0.32,0.89,4.72,4.72,0.77,0.57,3.38,0.03,3.5027540934830905,4.38,162.05,0.04334156948607415,nan
2457,80543744,8052.709,569,19.42,0.0,217.63,-0.013441450893878937,2.6957955360412598,0.5400834679603577,0.00415943450531131,0.03583526611328125,0.0003,0.29983012457531144,0.8432835820895522,2.62,0.34,0.91,5.52,5.58,0.62,0.66,4.3,0.01,4.198668875992298,4.91,181.76,0.041169701726175845,nan
2458,80576512,8110.174,569,17.67,0.0,193.44,-0.015527386218309402,2.344963550567627,0.5344278812408447,0.005058151064872618,0.04172515869140625,0.0003,0.35288697788697787,0.8083333333333333,2.01,0.43,0.91,4.59,4.72,0.52,0.64,3.56,0.0,3.555433382689953,4.41,161.07,0.04240878554992378,nan
2459,80609280,8169.142,569,17.63,0.0,194.46,-0.014159707352519035,3.057281494140625,0.5639986991882324,0.005057290595402719,0.040191650390625,0.0003,0.28296703296703296,0.825511432009627,2.68,0.33,0.92,4.77,4.76,0.76,0.47,3.53,0.0,3.6059387681633233,4.5,169.53,0.040709176333621144,nan
2460,80642048,8226.357,569,18.71,0.0,198.49,-0.013083426281809807,2.606107711791992,0.5440409183502197,0.006298121218151209,0.0447998046875,0.0003,0.29738154613466333,0.8429561200923787,2.32,0.43,0.87,4.84,4.83,0.7,0.5,3.63,0.01,3.7196361930668354,4.88,171.98,0.043502117856405675,nan
2461,80674816,8285.319,569,18.86,0.0,201.65,-0.0190192312002182,2.7083706855773926,0.5430994629859924,0.005160397174790887,0.0433197021484375,0.0003,0.33017425863650257,0.8451688009313155,2.8,0.44,0.83,5.15,5.35,0.75,0.65,3.95,0.01,4.145261043310166,4.72,172.18,0.043426076765172184,nan
2462,80707584,8344.508,569,17.88,0.0,197.32,-0.012746320106089115,2.9474399089813232,0.537644624710083,0.004020565780137986,0.03610992431640625,0.0003,0.3263888888888889,0.8432748538011696,2.09,0.3,0.74,4.89,4.86,0.6,0.45,3.81,0.01,3.6602067324519156,4.51,162.9,0.04815054917708039,nan
2463,80740352,8401.764,569,18.42,0.0,210.07,-0.013886632397770882,2.6156325340270996,0.5395447015762329,0.00416244803712118,0.03430938720703125,0.0003,0.31750380517503807,0.8566265060240964,2.39,0.31,0.93,4.86,5.03,0.72,0.63,3.68,0.01,3.792184887826443,4.52,166.42,0.04351032816339284,nan
2464,80773120,8459.89,569,18.26,0.0,196.74,-0.01628093048930168,2.731759548187256,0.5435853004455566,0.003875396717091917,0.03531646728515625,0.0003,0.30725758477096965,0.8327485380116959,2.23,0.44,0.93,5.0,5.12,0.8,0.58,3.74,0.01,3.827797986268997,4.56,167.65,0.03763699426781386,nan
2465,80805888,8515.929,569,18.0,0.0,194.94,-0.018230892717838287,2.429227828979492,0.5544160008430481,0.0052926046586776465,0.04094696044921875,0.0003,0.3177132146204311,0.8552787663107948,2.55,0.43,0.83,4.77,4.9,0.65,0.58,3.67,0.01,3.7514682906866073,4.37,164.78,0.03904773120302707,nan
2466,80838656,8573.411,569,16.67,0.0,241.9,-0.01353052444756031,3.003239870071411,0.5651243925094604,0.0041474691083180915,0.037322998046875,0.0003,0.3402061855670103,0.8383705650459922,2.13,0.27,0.66,4.35,4.22,0.53,0.46,3.23,0.02,3.138174826800823,3.92,156.72,0.04574436554685235,nan
2467,80871424,8631.981,569,17.35,0.0,190.06,-0.010554549284279346,2.81007981300354,0.5639520883560181,0.004071476064723356,0.0374755859375,0.0003,0.3803945745992602,0.8377358490566038,2.47,0.33,0.66,4.68,4.63,0.62,0.6,3.41,0.02,3.4793403212726117,4.37,160.47,0.045838700025342405,nan
2468,80904192,8691.12,569,18.94,0.0,204.07,-0.015520671382546425,2.706341028213501,0.5375887751579285,0.005422043410533206,0.0429840087890625,0.0003,0.35323094755143436,0.835873388042204,2.83,0.56,0.88,5.08,5.13,0.68,0.58,3.87,0.03,3.854951028227806,4.73,171.21,0.041942474665120244,nan
2469,80936960,8749.199,569,19.12,0.0,204.03,-0.012950655072927475,2.621983528137207,0.5364069938659668,0.003476792116799743,0.03194427490234375,0.0003,0.2963184675246932,0.8398656215005599,2.63,0.36,1.08,5.11,4.91,0.86,0.5,3.55,0.0,3.773165853321552,4.87,170.94,0.04323105327785015,nan
2470,80969728,8805.05,569,18.69,0.0,213.22,-0.011238491162657738,2.701104164123535,0.5636349320411682,0.004504130383054417,0.03803253173828125,0.0003,0.2620446533490012,0.8346820809248555,2.11,0.45,0.92,5.07,5.27,0.84,0.71,3.72,0.01,3.9618364557623864,4.62,171.33,0.04084038746077567,nan
2471,81002496,8861.009,569,17.76,0.0,198.67,-0.014333304949104786,2.400310516357422,0.5320316553115845,0.004108737632066095,0.03536224365234375,0.0003,0.2651313847062297,0.8493475682087782,1.85,0.47,0.88,4.79,4.96,0.68,0.67,3.61,0.0,3.7647466692328453,4.3,165.19,0.040347989881411195,nan
2472,81035264,8920.911,569,19.95,0.0,214.75,-0.014104396104812622,2.5060031414031982,0.5372583866119385,0.004339258363671661,0.03572845458984375,0.0003,0.2649122807017544,0.8313891834570519,3.04,0.42,0.94,5.43,5.41,0.7,0.64,4.07,0.01,4.060091455876827,5.04,176.13,0.038224993157200515,nan
2473,81068032,8979.605,569,18.26,0.0,202.25,-0.013746927492320538,2.6143295764923096,0.5530215501785278,0.0038310523889322212,0.032745361328125,0.0003,0.2913082171462474,0.8333333333333334,2.2,0.42,0.82,4.92,4.97,0.58,0.53,3.86,0.01,3.7414099407196044,4.32,166.89,0.04191762185655534,nan
2474,81100800,9037.719,569,18.51,0.0,201.02,-0.010490618646144867,2.5339369773864746,0.5435764789581299,0.00385049204447796,0.03284454345703125,0.0003,0.25660491952626785,0.8291814946619217,2.33,0.45,0.89,4.89,5.1,0.72,0.57,3.81,0.01,3.9077090606838465,4.43,166.35,0.04303683922626078,nan
2475,81133568,9094.16,569,17.71,0.0,187.63,-0.013451064936816692,2.383333206176758,0.5594710111618042,0.003873431645047276,0.03386688232421875,0.0003,0.28150728309056366,0.8374689826302729,2.39,0.44,0.78,4.75,4.85,0.71,0.65,3.49,0.01,3.678880733847618,4.18,161.37,0.04267576464917511,nan
2476,81166336,9151.468,569,19.1,0.0,204.4,-0.014423364773392677,2.5231642723083496,0.5616587400436401,0.0050883419046385825,0.04471588134765625,0.0003,0.25285285285285286,0.8085106382978723,1.92,0.29,0.94,5.13,5.06,0.76,0.61,3.69,0.0,3.8942041054368017,4.81,172.67,0.04519926372449845,nan
2477,81199104,9207.834,569,17.53,0.0,192.28,-0.009180588647723198,2.5715794563293457,0.5526567697525024,0.0041231290446148705,0.03740692138671875,0.0003,0.24456183965195774,0.8362068965517241,2.36,0.32,0.87,4.69,4.54,0.7,0.4,3.44,0.01,3.417885301709175,4.05,162.82,0.04275743116158992,nan
2478,81231872,9265.036,569,18.68,0.0,202.11,-0.01554342545568943,2.5909361839294434,0.5421340465545654,0.00474150488628311,0.03954315185546875,0.0003,0.3487812217875414,0.8285385500575374,3.04,0.36,0.97,4.95,4.96,0.71,0.59,3.66,0.0,3.7697833156585694,4.69,173.88,0.03838615689892322,nan
2479,81264640,9324.126,569,18.57,0.0,199.94,-0.014882308430969715,3.078413486480713,0.54796302318573,0.00544348741345857,0.04742431640625,0.0003,0.3219814241486068,0.8102857142857143,2.86,0.48,0.91,4.7,4.98,0.71,0.6,3.67,0.03,3.848050168529153,4.66,161.4,0.04030779656022787,nan
2480,81297408,9381.469,569,17.34,0.0,186.15,-0.01426990982145071,2.935518264770508,0.5606937408447266,0.0039053179437473773,0.03389739990234375,0.0003,0.2613195342820181,0.810062893081761,2.39,0.54,0.86,4.77,4.85,0.67,0.58,3.6,0.0,3.764565765708685,4.36,154.41,0.041601046454161406,nan
2481,81330176,9438.536,569,18.87,0.0,206.77,-0.014420019462704659,2.5073230266571045,0.5615116953849792,0.003815885233507288,0.03267669677734375,0.0003,0.32545931758530183,0.8035126234906695,2.56,0.43,1.05,5.39,5.31,0.66,0.67,3.98,0.0,3.9679972887039185,4.69,172.49,0.04171900125220418,nan
2482,81362944,9495.588,569,20.27,0.0,214.76,-0.01249288022518158,2.6621367931365967,0.5495418906211853,0.0034365888571983305,0.0308380126953125,0.0003,0.2879611095224478,0.8274002157497303,2.95,0.52,0.87,5.51,5.54,0.88,0.66,4.0,0.0,4.196751333475113,4.73,184.11,0.03990036866161972,nan
2483,81395712,9549.916,569,19.57,0.0,216.64,-0.011857019737362862,2.1971702575683594,0.5681089758872986,0.005608432299425203,0.041473388671875,0.0003,0.25795644891122277,0.8206229860365198,2.47,0.5,0.8,5.23,5.18,0.65,0.6,3.93,0.01,4.003081631660462,4.59,176.79,0.041577433003112674,nan
2484,81428480,9611.516,569,16.92,0.0,182.09,-0.01295334380120039,2.732086181640625,0.5649899244308472,0.004247581165714109,0.0361785888671875,0.0003,0.24784963364128704,0.8211180124223603,2.0,0.27,0.72,4.39,4.58,0.55,0.59,3.44,0.0,3.4560347881913187,3.96,153.77,0.03833802812732756,nan
2485,81461248,9667.172,569,18.78,0.0,196.96,-0.013114634901285172,2.485093116760254,0.5443408489227295,0.004862872211845115,0.032958984375,0.0003,0.24984690753214941,0.8279181708784596,2.46,0.3,0.83,4.9,4.8,0.66,0.52,3.62,0.01,3.667239490747452,4.45,162.87,0.04092059482354671,nan
2486,81494016,9725.274,569,16.53,0.0,175.13,-0.013954577967524529,2.5156822204589844,0.5447927117347717,0.004201554037095434,0.032379150390625,0.0003,0.2815307820299501,0.8157216494845361,2.35,0.36,0.85,3.99,4.08,0.77,0.45,2.86,0.0,3.0495892518758776,3.96,153.66,0.03907923027873039,nan
2487,81526784,9785.237,569,17.68,0.0,191.55,-0.010508382692933083,2.9375529289245605,0.5767571926116943,0.0036464948954062493,0.02898406982421875,0.0003,0.27281308999370674,0.8432835820895522,2.1,0.38,0.88,4.33,4.41,0.5,0.56,3.35,0.0,3.3871911980956795,4.31,162.03,0.04447901458479464,nan
2488,81559552,9841.903,569,18.98,0.0,215.14,-0.007093651220202446,2.727151393890381,0.5483016967773438,0.0028690108624971344,0.02618408203125,0.0003,0.2510735757228743,0.8549450549450549,2.33,0.56,0.89,4.72,5.1,0.68,0.66,3.76,0.0,3.8399820663034916,4.74,171.61,0.042524270713329315,nan
2489,81592320,9902.252,569,18.27,0.0,200.95,-0.013321430422365665,2.4878039360046387,0.5325599908828735,0.003107803113891805,0.02639007568359375,0.0003,0.2859308671922377,0.8240850059031877,2.47,0.38,0.85,4.22,4.58,0.57,0.52,3.49,0.01,3.5126710414886473,4.38,162.31,0.04135697754099965,nan
2490,81625088,9959.802,569,19.71,0.0,212.81,-0.014950386248528957,2.871819019317627,0.5341854095458984,0.004099775680913353,0.03623199462890625,0.0003,0.3210020390329158,0.8426842684268426,3.51,0.52,0.87,4.83,4.68,0.61,0.61,3.46,0.01,3.4718813714385033,4.99,177.3,0.04705445887520909,nan
2491,81657856,10019.393,569,18.01,0.0,185.35,-0.01134146936237812,2.9184892177581787,0.5435715913772583,0.0035438287014812886,0.0321197509765625,0.0003,0.31044776119402984,0.8255528255528255,2.52,0.41,0.83,4.44,4.36,0.63,0.6,3.13,0.01,3.3019530238211154,4.25,157.81,0.04315729928202927,nan
2492,81690624,10078.686,568,19.4,0.0,209.76,-0.01010830793529749,2.6820483207702637,0.5381258130073547,0.0030416717939942828,0.0273590087890625,0.0003,0.25859004739336494,0.8112582781456954,2.62,0.47,0.97,4.58,4.56,0.64,0.56,3.36,0.01,3.515093706548214,4.76,182.27,0.04458776267711073,nan
2493,81723392,10136.315,568,18.23,0.0,199.99,-0.015284538269042969,2.6878280639648438,0.5364538431167603,0.005109896629392097,0.0408477783203125,0.0003,0.27812407242505194,0.8488095238095238,2.41,0.43,0.86,4.26,4.18,0.58,0.49,3.11,0.0,3.135576111972332,4.41,158.08,0.03840057988418266,nan
2494,81756160,10194.794,568,19.68,0.0,217.92,-0.011874880641698837,2.568666696548462,0.5391831398010254,0.0036989866103596114,0.0318756103515625,0.0003,0.24131220461495692,0.8170347003154574,2.81,0.45,0.85,4.75,4.6,0.57,0.57,3.46,0.0,3.4573740999400617,4.65,172.45,0.04212761332746595,nan
2495,81788928,10252.528,568,17.36,0.0,195.55,-0.015360422432422638,2.7776546478271484,0.5553936958312988,0.004682503463300236,0.03968048095703125,0.0003,0.28531770512029614,0.8345238095238096,2.31,0.45,0.71,4.32,4.18,0.49,0.52,3.17,0.01,3.0657913353294135,3.9,157.93,0.04010415484663099,nan
2496,81821696,10310.183,568,19.91,0.0,217.51,-0.017260748893022537,2.9222750663757324,0.5307005643844604,0.005029784385783387,0.03949737548828125,0.0003,0.2510133178922988,0.8559322033898306,3.19,0.55,1.07,4.78,5.1,0.83,0.68,3.59,0.02,3.818526914268732,4.87,173.69,0.04318569402676076,nan
2497,81854464,10366.897,568,20.89,0.0,223.71,-0.007424498442560434,2.380631923675537,0.5313810110092163,0.003223573580271477,0.0290069580078125,0.0003,0.22988190057676464,0.8199791883454735,3.16,0.64,1.03,4.88,5.11,0.76,0.65,3.7,0.0,3.8321820047497748,5.44,183.06,0.042824866250157356,nan
2498,81887232,10425.33,568,20.02,0.0,218.24,-0.011065260507166386,2.7444562911987305,0.5514777898788452,0.0038090843949873943,0.0326385498046875,0.0003,0.29434806939003916,0.8247863247863247,2.56,0.42,1.0,4.57,4.56,0.7,0.52,3.34,0.01,3.4731196603178978,5.14,176.42,0.04216240893583745,nan
2499,81920000,10482.934,568,19.8,0.0,312.15,-0.011011380702257156,2.3465452194213867,0.5349816679954529,0.00374783915884791,0.0297393798828125,0.0003,0.2341589861751152,0.8320693391115926,3.19,0.51,0.83,4.8,4.84,0.59,0.58,3.67,0.02,3.671623500585556,4.56,169.1,0.03901446727104485,nan
2500,81952768,10542.197,568,18.24,0.0,197.47,-0.009579788893461227,2.6537485122680664,0.5417919754981995,0.0033715037989168195,0.0297393798828125,0.0003,0.22377405338299194,0.8569753810082064,2.59,0.38,0.9,4.11,4.18,0.59,0.47,3.12,0.01,3.042049760520458,4.43,161.0,0.03939732606522739,nan
2501,81985536,10601.006,568,17.41,0.0,193.21,-0.012721455655992031,2.7784054279327393,0.5601130723953247,0.0029378621008504524,0.02347564697265625,0.0003,0.22667882102704345,0.8697674418604651,2.71,0.38,0.64,4.28,4.21,0.52,0.47,3.22,0.01,3.0884452775120734,3.91,156.88,0.038809747784398496,nan
2502,82018304,10656.059,568,19.3,0.0,209.2,-0.010943247005343437,2.6410515308380127,0.5349752902984619,0.0032139946879965464,0.026580810546875,0.0003,0.2782152230971129,0.8629385964912281,2.71,0.46,0.87,4.67,4.56,0.58,0.6,3.38,0.0,3.352213059067726,4.58,170.11,0.044920788845047355,nan
2503,82051072,10712.018,568,19.12,0.0,209.52,-0.015404755249619484,2.811772108078003,0.5221526622772217,0.003931016398610154,0.03204345703125,0.0003,0.27738722905682484,0.8596881959910914,2.92,0.45,1.0,4.35,4.63,0.68,0.58,3.37,0.01,3.4031351682543756,4.84,168.38,0.037469338392838836,nan
2504,82083840,10771.504,568,18.03,0.0,195.15,-0.012358803302049637,2.8676905632019043,0.52536940574646,0.00398674267972865,0.03104400634765625,0.0003,0.29198415117342275,0.8485207100591716,2.46,0.37,0.91,4.21,4.16,0.55,0.5,3.11,0.03,3.0742593556642532,4.56,158.82,0.03632507810834795,nan
2505,82116608,10828.301,568,19.01,0.0,233.46,-0.0144839221611619,2.5933971405029297,0.5396944284439087,0.004985031978293364,0.04254913330078125,0.0003,0.27545615067686874,0.8453159041394336,2.74,0.45,0.93,4.63,4.75,0.81,0.6,3.34,0.01,3.5209306773543356,4.44,170.85,0.03865254973061383,nan
2506,82149376,10889.069,568,21.11,0.0,230.71,-0.013650048524141312,2.4314725399017334,0.5102362632751465,0.005474720332642846,0.037017822265625,0.0003,0.22578875171467763,0.8691683569979716,3.21,0.54,1.12,5.33,5.2,0.73,0.74,3.73,0.0,3.8763479968905448,5.39,183.79,0.039591507287696004,nan
2507,82182144,10944.516,568,19.72,0.0,212.24,-0.010184016078710556,2.5509328842163086,0.5421868562698364,0.003223526630449669,0.02923583984375,0.0003,0.24948392804482453,0.8759604829857299,3.25,0.53,0.78,5.1,5.13,0.7,0.57,3.86,0.0,3.978355161845684,4.69,172.54,0.042398054734803736,nan
2508,82214912,11005.452,568,17.77,0.0,188.17,-0.009496164508163929,3.0086417198181152,0.544662356376648,0.0032170847427437366,0.02683258056640625,0.0003,0.30937802126973896,0.8396111786148238,1.99,0.42,0.86,4.18,4.02,0.74,0.48,2.8,0.0,3.0385356417298315,4.3,167.33,0.041261146077886224,nan
2509,82247680,11058.641,568,18.86,0.0,218.59,-0.01598486676812172,2.755060911178589,0.5222896933555603,0.0037626855685743976,0.0328521728515625,0.0003,0.25389688249400477,0.8371584699453551,2.9,0.51,1.05,4.76,4.68,0.84,0.4,3.44,0.0,3.4937599090486766,4.75,172.8,0.03771725459955633,nan
2510,82280448,11118.3,568,16.58,0.0,175.29,-0.010767915286123753,2.8426108360290527,0.5308146476745605,0.003004984352998008,0.02732086181640625,0.0003,0.3474209650582363,0.8457516339869281,2.53,0.4,0.72,4.3,4.41,0.58,0.39,3.44,0.02,3.2448363299667835,3.94,153.56,0.04283320298418403,nan
2511,82313216,11174.321,568,18.88,0.0,207.01,-0.013923820108175278,2.563889980316162,0.5323168039321899,0.005411898284421568,0.03951263427734375,0.0003,0.2777937374317725,0.8283499446290143,2.84,0.49,0.74,4.58,4.62,0.57,0.55,3.5,0.02,3.454566173106432,4.32,171.52,0.040623796987347305,nan
2512,82345984,11231.517,568,19.49,0.0,210.77,-0.013232531026005745,2.6102123260498047,0.5172868371009827,0.0044550816261619275,0.0350189208984375,0.0003,0.27922453703703703,0.8191841234840133,2.3,0.5,0.91,5.01,4.85,0.61,0.61,3.63,0.01,3.582908322811127,4.76,176.38,0.03853974479716271,nan
2513,82378752,11289.743,568,17.85,0.0,195.74,-0.016257639974355698,2.369001865386963,0.5393288731575012,0.0044593476691545675,0.032989501953125,0.0003,0.26727549467275497,0.8471563981042654,2.68,0.39,0.84,4.47,4.68,0.68,0.52,3.48,0.01,3.392243591342121,4.29,163.61,0.03657931089401245,nan
2514,82411520,11348.041,568,18.78,0.0,202.27,-0.012920282781124115,2.6550893783569336,0.5175113677978516,0.0033042378580034892,0.03038787841796875,0.0003,0.297347316471314,0.8625429553264605,2.62,0.51,0.96,4.54,4.63,0.55,0.66,3.42,0.01,3.480471960455179,4.49,170.35,0.04009175719693303,nan
2515,82444288,11404.291,568,18.75,0.0,197.35,-0.013958420604467392,2.403508424758911,0.504797637462616,0.004328135503442354,0.03496551513671875,0.0003,0.19703389830508475,0.8368953880764904,2.41,0.31,0.94,4.08,3.99,0.59,0.51,2.89,0.0,3.0358703351020813,4.64,169.24,0.04116828308906406,nan
2516,82477056,11461.895,568,20.12,0.0,220.46,-0.016788987442851067,2.606975793838501,0.5252947211265564,0.0056932994248199975,0.03963470458984375,0.0003,0.24034334763948498,0.8377281947261663,3.32,0.58,0.92,4.93,4.91,0.58,0.64,3.69,0.02,3.6499248680472376,4.82,178.45,0.039165045716799796,nan
2517,82509824,11517.961,568,20.42,0.0,225.0,-0.015317404642701149,2.2282867431640625,0.5118145942687988,0.00609775624775466,0.0373077392578125,0.0003,0.2300140252454418,0.8311291963377416,2.79,0.65,1.03,4.97,4.9,0.65,0.53,3.72,0.0,3.614243107140064,5.02,182.12,0.03835933795198798,nan
2518,82542592,11574.024,569,20.04,0.0,215.5,-0.011852703057229519,2.066376209259033,0.5229864120483398,0.00402254738821739,0.0319976806640625,0.0003,0.22773722627737225,0.8017057569296375,2.78,0.48,1.03,5.0,4.95,0.62,0.65,3.68,0.0,3.6672628943622114,4.87,175.33,0.04169517836999148,nan
2519,82575360,11633.612,568,18.57,0.0,205.13,-0.01265747845172882,2.55881929397583,0.5141233205795288,0.006342474587114566,0.03652191162109375,0.0003,0.18386436714410992,0.8171557562076749,2.36,0.42,0.84,4.81,4.76,0.58,0.59,3.59,0.0,3.567217399775982,4.52,166.3,0.04143301444128156,nan
2520,82608128,11694.307,568,19.42,0.0,209.38,-0.013206874020397663,2.200169324874878,0.5377993583679199,0.004580984431356683,0.0318450927734375,0.0003,0.2370802919708029,0.8374439461883408,2.46,0.31,1.02,4.91,4.87,0.77,0.61,3.49,0.0,3.692320844233036,4.72,168.79,0.04144019284285605,nan
2521,82640896,11752.812,568,19.62,0.0,211.26,-0.015034066513180733,2.42393159866333,0.5298662185668945,0.0036771379715219155,0.03400421142578125,0.0003,0.18681318681318682,0.8349307774227902,2.97,0.51,0.98,4.81,4.78,0.72,0.65,3.41,0.02,3.64511915743351,4.8,171.84,0.042360915802419186,nan
2522,82673664,11810.983,568,20.07,0.0,216.19,-0.014735114760696888,2.2879908084869385,0.536423921585083,0.004816242873118881,0.039947509765625,0.0003,0.19296740994854203,0.8317460317460318,2.61,0.47,1.06,5.22,5.1,0.83,0.71,3.56,0.0,3.8851527781039477,4.85,179.04,0.04363154876045883,nan
2523,82706432,11867.496,568,19.4,0.0,210.9,-0.015617625787854195,2.3393301963806152,0.5322232246398926,0.0037388805281466375,0.03105926513671875,0.0003,0.22953216374269006,0.8574585635359117,2.36,0.52,0.94,4.71,4.69,0.55,0.53,3.61,0.0,3.5511074525117876,4.62,171.83,0.04228229750879109,nan
2524,82739200,11924.779,568,18.68,0.0,202.83,-0.016180189326405525,2.4395246505737305,0.5579016804695129,0.0038840228361891604,0.0308990478515625,0.0003,0.22967780076854863,0.8433598183881952,2.76,0.37,0.88,4.42,4.32,0.65,0.55,3.12,0.0,3.1638867768645285,4.42,165.27,0.0397860644152388,nan
2525,82771968,11979.225,568,19.28,0.0,211.19,-0.014574039727449417,2.840202808380127,0.5418883562088013,0.004285236793919012,0.0343475341796875,0.0003,0.20005892751915144,0.8568257491675916,2.58,0.55,1.03,4.8,4.7,0.62,0.56,3.52,0.0,3.6400643680244684,4.68,176.04,0.04269498714711517,nan
2526,82804736,12033.713,569,17.31,0.0,189.1,-0.012659167870879173,2.5152106285095215,0.5449715852737427,0.003731875547771324,0.0295257568359375,0.0003,0.2464484249536751,0.8238341968911918,2.25,0.42,0.98,4.26,4.35,0.71,0.6,3.04,0.01,3.2671199542284013,4.41,161.98,0.043090516119264066,nan
2527,82837504,12088.097,569,20.56,0.0,224.83,-0.014528539031744003,2.1096131801605225,0.5337895154953003,0.004599471356698359,0.03627777099609375,0.0003,0.2455995599559956,0.834375,3.01,0.47,1.0,5.37,5.45,0.82,0.71,3.92,0.01,4.065445974767208,4.99,186.1,0.03826521150767803,nan
2528,82870272,12144.039,569,17.96,0.0,294.67,-0.010323296301066875,2.5706422328948975,0.5391716957092285,0.00380916490337313,0.03392791748046875,0.0003,0.27039699906220693,0.8389513108614233,2.29,0.45,0.9,4.07,3.99,0.59,0.45,2.95,0.02,3.0204370066523554,4.3,157.54,0.041036572540178895,nan
2529,82903040,12200.935,569,19.96,0.0,213.18,-0.013666892424225807,2.757737159729004,0.559194803237915,0.0036974650532783926,0.0318603515625,0.0003,0.30636002271436685,0.8271334792122538,3.27,0.46,0.99,4.71,4.75,0.6,0.63,3.52,0.01,3.739653312265873,5.08,180.33,0.04678832343779504,nan
2530,82935808,12262.094,569,17.67,0.0,192.17,-0.011790825054049492,2.92576265335083,0.5811975002288818,0.0035637424169863152,0.033477783203125,0.0003,0.3306060606060606,0.8250303766707169,2.4,0.61,0.9,4.38,4.47,0.67,0.6,3.2,0.0,3.3607076232880355,4.45,161.24,0.04117904556915164,nan
2531,82968576,12318.198,569,16.62,0.0,187.11,-0.01277262344956398,2.9891176223754883,0.5725006461143494,0.004562840227947618,0.0339202880859375,0.0003,0.30633373934226554,0.817258883248731,2.26,0.5,0.74,4.25,4.23,0.61,0.34,3.28,0.01,3.085647635534406,3.95,157.07,0.04363461665343493,nan
2532,83001344,12377.573,569,16.28,0.0,183.09,-0.01058157254010439,3.377175807952881,0.5572927594184875,0.003588872795091902,0.0338134765625,0.0003,0.3734217171717172,0.7844940867279895,2.25,0.5,0.77,3.98,3.88,0.61,0.49,2.78,0.02,2.8969671373069286,3.85,155.76,0.04394156183116138,nan
2533,83034112,12435.507,569,15.96,0.0,179.3,-0.01262537483125925,3.643012762069702,0.5849209427833557,0.0033444019990724883,0.0301666259765625,0.0003,0.4248062015503876,0.8342105263157895,1.86,0.48,0.75,3.67,3.76,0.5,0.44,2.82,0.02,2.8672816291823984,3.78,153.47,0.04297757241874933,nan
2534,83066880,12494.536,569,14.89,0.0,162.46,-0.012344211339950562,3.3420534133911133,0.5844827890396118,0.0030593929242854756,0.02954864501953125,0.0003,0.4178595773687798,0.846045197740113,1.62,0.46,0.63,3.38,3.4,0.49,0.49,2.42,0.03,2.586352176740766,3.59,143.92,0.03923208895139396,nan
2535,83099648,12555.334,568,16.62,0.0,184.38,-0.011834640987217426,3.085672378540039,0.5657626986503601,0.003130218538558438,0.02678680419921875,0.0003,0.3508436803565743,0.839622641509434,2.53,0.35,0.76,3.87,3.99,0.57,0.63,2.79,0.0,2.9877650429308416,4.1,154.23,0.041762396111153066,nan
2536,83132416,12615.919,568,16.64,0.0,187.67,-0.00974700041115284,3.2984681129455566,0.5624502897262573,0.0033417547487317734,0.03314208984375,0.0003,0.3765169902912621,0.861003861003861,1.92,0.42,0.78,3.98,4.01,0.53,0.58,2.9,0.01,2.966077497601509,3.84,155.67,0.04403106612153351,nan
2537,83165184,12675.176,568,17.85,0.0,202.94,-0.013609087094664574,2.940941333770752,0.5626751780509949,0.0039185419855698456,0.03643035888671875,0.0003,0.3420350044497182,0.8345679012345679,2.41,0.4,0.86,4.11,4.13,0.55,0.62,2.96,0.01,3.0502909925580024,4.38,166.64,0.041091923718340695,nan
2538,83197952,12734.384,568,16.36,0.0,179.4,-0.009176861494779587,3.2322354316711426,0.55669105052948,0.0032254581881119293,0.0290374755859375,0.0003,0.3635483870967742,0.8523316062176166,2.4,0.44,0.67,3.69,3.63,0.46,0.45,2.72,0.02,2.8048521161079405,3.93,151.06,0.04870686284266412,nan
2539,83230720,12790.875,568,18.49,0.0,203.53,-0.009892154484987259,2.940045118331909,0.570083737373352,0.00297494203616111,0.02655029296875,0.0003,0.31552018192154635,0.8543123543123543,2.75,0.5,0.83,4.57,4.59,0.55,0.53,3.51,0.02,3.4005241864174605,4.51,168.82,0.039618460345081985,nan
2540,83263488,12851.535,568,18.67,0.0,198.41,-0.017646299675107002,2.643374443054199,0.5417349934577942,0.005016753430922449,0.03975677490234375,0.0003,0.2816731868793259,0.8466981132075472,2.63,0.42,0.84,4.18,4.23,0.53,0.53,3.17,0.0,3.2502944657206534,4.52,167.19,0.04015859076753259,nan
2541,83296256,12912.815,568,18.56,0.0,203.63,-0.013174507766962051,2.6212310791015625,0.556950569152832,0.0052085660638852005,0.0432586669921875,0.0003,0.345056212164889,0.8430913348946136,2.38,0.39,0.94,4.47,4.47,0.49,0.61,3.37,0.02,3.3386282830126586,4.74,169.69,0.04193622409366071,nan
2542,83329024,12973.367,568,15.95,0.0,173.71,-0.007284277118742466,2.8390426635742188,0.5589785575866699,0.0037903017856706356,0.036834716796875,0.0003,0.3415446071904128,0.8561736770691994,1.9,0.34,0.73,3.74,3.87,0.51,0.4,2.96,0.01,2.962507303580642,3.93,142.29,0.04413501103408635,nan
2543,83361792,13031.094,568,17.72,0.0,294.04,-0.008630460128188133,2.6239547729492188,0.5656366348266602,0.0024088519035672107,0.02337646484375,0.0003,0.28838295388207824,0.8479809976247031,2.02,0.45,0.77,4.5,4.55,0.59,0.47,3.49,0.02,3.387731229364872,4.17,162.52,0.043679712107405066,nan
2544,83394560,13088.21,568,19.19,0.0,204.41,-0.013682953082025051,2.5298707485198975,0.5592128038406372,0.004214736743847425,0.03725433349609375,0.0003,0.22268163024217366,0.8444948921679909,2.71,0.54,0.98,4.41,4.35,0.65,0.62,3.08,0.01,3.273073160201311,4.85,173.46,0.046254662214778364,nan
2545,83427328,13147.956,568,17.09,0.0,190.57,-0.012857298366725445,2.536831855773926,0.565104603767395,0.004760241118901831,0.0364990234375,0.0003,0.2960098979276214,0.8329048843187661,2.05,0.51,0.69,3.84,3.76,0.35,0.49,2.92,0.0,2.8920296332240105,4.03,156.4,0.04304182133637369,nan
2546,83460096,13203.705,568,19.86,0.0,226.16,-0.010812106542289257,2.078036069869995,0.5464234352111816,0.0044831678000036845,0.0348358154296875,0.0003,0.2527503526093089,0.8393839383938394,2.52,0.52,0.96,4.96,5.3,0.78,0.55,3.97,0.0,4.058669815063476,4.68,170.61,0.040579163236543536,nan
2547,83492864,13263.566,568,18.17,0.0,197.69,-0.01257230807095766,2.5461816787719727,0.5642930269241333,0.0036309280202431182,0.03258514404296875,0.0003,0.2606606606606607,0.8411552346570397,2.02,0.45,0.78,4.24,4.14,0.61,0.59,2.94,0.01,3.179977404102683,4.12,166.11,0.042135643190704286,nan
2548,83525632,13322.11,568,19.84,0.0,226.21,-0.01536509394645691,2.3161373138427734,0.5257766246795654,0.0045254528375835434,0.033294677734375,0.0003,0.20022093344380004,0.829924650161464,2.38,0.54,0.85,4.63,4.54,0.6,0.61,3.33,0.0,3.5000653263926504,4.87,175.47,0.03428103000624105,nan
2549,83558400,13377.209,568,21.1,0.0,240.0,-0.014749269001185894,2.3896737098693848,0.54388028383255,0.005248460833627178,0.0360565185546875,0.0003,0.25562483057739227,0.83640081799591,3.07,0.55,0.87,5.35,5.16,0.6,0.71,3.85,0.0,4.016120668053627,5.16,183.58,0.040846199612133205,nan
2550,83591168,13433.866,568,18.84,0.0,208.15,-0.0087810717523098,2.9370360374450684,0.5693984031677246,0.0034321778596790864,0.03177642822265625,0.0003,0.21683226183518411,0.8444948921679909,2.66,0.49,0.8,4.76,5.1,0.69,0.66,3.75,0.0,3.9992283412814142,4.35,169.01,0.046063940855674446,nan
2551,83623936,13491.72,568,19.97,0.0,216.14,-0.011361985467374325,2.4242725372314453,0.5688183307647705,0.003245838566385828,0.0270233154296875,0.0003,0.26485568760611206,0.8091009988901221,2.78,0.58,0.93,4.55,4.72,0.6,0.61,3.51,0.01,3.5816656816005707,4.8,173.3,0.04682054941076785,nan
2552,83656704,13547.822,568,18.75,0.0,205.77,-0.018200984224677086,2.6855711936950684,0.560707688331604,0.004473397480467156,0.0381622314453125,0.0003,0.23646723646723647,0.8146453089244852,2.34,0.53,0.73,4.68,4.75,0.51,0.58,3.66,0.0,3.6041477632522585,4.26,168.87,0.037837987183593214,nan
2553,83689472,13605.438,568,19.04,0.0,209.66,-0.01216824259608984,2.526808500289917,0.555732250213623,0.0036098499165291287,0.0302276611328125,0.0003,0.22690296339337596,0.843069873997709,2.72,0.48,0.98,4.56,4.48,0.64,0.65,3.19,0.01,3.435363839417696,4.8,170.66,0.04598534130491316,nan
2554,83722240,13662.529,568,18.69,0.0,236.48,-0.013342060148715973,2.859138011932373,0.5684887170791626,0.0031754981820313333,0.029083251953125,0.0003,0.26595143986448333,0.820250284414107,2.54,0.52,0.99,4.6,4.69,0.68,0.55,3.46,0.0,3.59204721480608,4.54,165.87,0.041179241496138275,nan
2555,83755008,13719.254,568,20.49,0.0,220.5,-0.01807509921491146,2.7500991821289062,0.5537025332450867,0.0057678207127764836,0.04510498046875,0.0003,0.24267782426778242,0.8297872340425532,2.71,0.45,0.89,4.86,4.69,0.51,0.6,3.58,0.01,3.6149932843446733,4.84,178.44,0.044098224956542253,nan
2556,83787776,13776.939,568,20.01,0.0,219.31,-0.012578511610627174,2.756356716156006,0.5223913788795471,0.003856790084057593,0.03466796875,0.0003,0.26308345120226306,0.8425026968716289,2.64,0.43,0.95,4.87,4.68,0.67,0.56,3.45,0.0,3.47209804803133,4.85,175.97,0.04405877995304763,nan
2557,83820544,13833.008,568,19.05,0.0,213.08,-0.0161250289529562,2.6332194805145264,0.5664651393890381,0.004662083868424816,0.0380859375,0.0003,0.24182638105975196,0.8295331161780674,2.26,0.59,0.89,4.66,4.76,0.67,0.56,3.53,0.01,3.461037047803402,4.62,170.26,0.038278342224657536,nan
2558,83853312,13890.204,568,17.42,0.0,191.19,-0.011983421631157398,2.931537628173828,0.5651720762252808,0.0034354443954507374,0.03192901611328125,0.0003,0.2835913312693498,0.8329238329238329,2.71,0.37,0.81,3.98,3.89,0.55,0.46,2.88,0.01,3.006292557455599,4.24,158.06,0.0390523363603279,nan
2559,83886080,13949.029,568,17.45,0.0,188.03,-0.013926751911640167,2.7227678298950195,0.5722930431365967,0.005561014187151159,0.04412841796875,0.0003,0.2914032869785082,0.8109137055837563,2.3,0.47,0.67,4.08,4.3,0.53,0.46,3.31,0.01,3.207395743653178,4.29,162.79,0.0371432556421496,nan
2560,83918848,14004.958,568,16.72,0.0,180.06,-0.009763184934854507,2.8582096099853516,0.5712870359420776,0.003029532543962432,0.0261993408203125,0.0003,0.30292322518470927,0.8316455696202532,2.51,0.4,0.76,3.82,3.9,0.55,0.44,2.91,0.0,2.789141561090946,4.15,153.29,0.041539428173564374,nan
2561,83951616,14066.513,568,18.84,0.0,200.65,-0.015699397772550583,2.6533632278442383,0.5498387813568115,0.005475976351931422,0.0404510498046875,0.0003,0.27406296851574213,0.8208955223880597,2.85,0.48,0.91,4.33,4.41,0.62,0.48,3.31,0.01,3.218357579037547,4.54,169.07,0.03955948445945978,nan
2562,83984384,14122.47,568,18.53,0.0,214.1,-0.012602502480149269,3.152895450592041,0.5513726472854614,0.003599659942153721,0.02806854248046875,0.0003,0.3188836104513064,0.8087056128293242,2.78,0.42,0.79,4.4,4.44,0.51,0.51,3.42,0.0,3.1828019246459007,4.32,169.93,0.040635613608174026,nan
2563,84017152,14181.798,568,15.97,0.0,180.35,-0.007399272173643112,3.166778564453125,0.6060994863510132,0.002771009202888308,0.02974700927734375,0.0003,0.3503532434168272,0.8130718954248366,2.33,0.44,0.54,3.82,3.83,0.4,0.51,2.92,0.02,2.8116477958858015,3.66,153.3,0.04410194302909076,nan
2564,84049920,14238.906,568,17.64,0.0,194.06,-0.007868203334510326,2.9517312049865723,0.5790563821792603,0.004693797692823409,0.0459136962890625,0.0003,0.32067381316998467,0.8298397040690506,2.34,0.36,0.73,3.92,3.93,0.67,0.51,2.75,0.0,2.875023549646139,4.01,162.12,0.04329145513474941,nan
2565,84082688,14300.176,568,16.92,0.0,185.9,-0.014565641060471535,3.1994290351867676,0.5973668098449707,0.004031657632140195,0.03757476806640625,0.0003,0.3353808353808354,0.8395522388059702,2.1,0.46,0.77,3.99,3.93,0.61,0.4,2.92,0.02,2.930835965946317,4.1,159.91,0.04868581460323185,nan
2566,84115456,14358.837,568,17.36,0.0,193.34,-0.01319234911352396,3.128678321838379,0.5667657256126404,0.0041097033833352725,0.036834716796875,0.0003,0.356248090436908,0.8573200992555832,2.19,0.46,0.83,4.22,4.76,0.66,0.57,3.53,0.0,3.4799893993139266,4.18,158.06,0.04282665147911757,nan
2567,84148224,14413.785,568,16.79,0.0,187.04,-0.002305449917912483,3.6333301067352295,0.5786588191986084,0.0067716114512626924,0.023871527777777776,0.0003,0.3348866107486797,0.8460591133004927,1.96,0.33,0.85,4.08,4.06,0.67,0.47,2.92,0.0,3.0656759093701837,4.46,156.45,0.03755984082818031,nan
2568,84180992,14475.466,568,17.3,0.0,189.07,-0.01317034661769867,3.1346561908721924,0.5486663579940796,0.0034503317087910546,0.0283355712890625,0.0003,0.3349784083898828,0.8644918444165621,2.4,0.48,0.64,3.93,3.87,0.42,0.46,2.99,0.01,2.7930576452612876,4.04,156.78,0.04060287261381745,nan
2569,84213760,14531.109,568,19.89,0.0,216.67,-0.012505436316132545,2.958829641342163,0.5563631057739258,0.0036339402224712103,0.034759521484375,0.0003,0.29168944778567524,0.8440860215053764,3.02,0.47,0.99,4.78,4.7,0.65,0.54,3.51,0.01,3.576721275448799,4.93,182.35,0.045482478686608374,nan
2570,84246528,14586.847,568,19.28,0.0,208.54,-0.019444722682237625,2.9997217655181885,0.5443423986434937,0.0055976943220343856,0.04251861572265625,0.0003,0.2991967871485944,0.8434982738780207,3.05,0.4,0.85,4.79,4.69,0.59,0.52,3.58,0.0,3.471542440354824,4.67,171.61,0.044648593408055604,nan
2571,84279296,14644.124,568,17.41,0.0,187.16,-0.011299490928649902,2.4398043155670166,0.5575599670410156,0.0037116158373464714,0.03487396240234375,0.0003,0.27516158818097874,0.8337378640776699,2.55,0.39,0.81,4.22,4.16,0.54,0.5,3.12,0.01,3.098026043474674,3.98,158.64,0.0397997087566182,nan
2572,84312064,14701.18,568,17.95,0.0,192.95,-0.014426110312342644,2.569263458251953,0.5505292415618896,0.004685414435300572,0.04074859619140625,0.0003,0.30868761552680224,0.8280701754385965,2.14,0.45,0.96,4.49,4.75,0.64,0.52,3.59,0.0,3.5714066657423973,4.38,164.16,0.040039470070041716,nan
2573,84344832,14758.483,568,18.1,0.0,195.68,-0.018736939877271652,3.0057876110076904,0.5661682486534119,0.006066585206554009,0.0479278564453125,0.0003,0.2374429223744292,0.8278688524590164,2.18,0.5,0.72,4.59,4.55,0.58,0.54,3.43,0.01,3.4364432859420777,4.18,164.1,0.0428316401084885,nan
2574,84377600,14817.611,568,18.61,0.0,202.86,-0.017177920788526535,2.5157551765441895,0.5446327924728394,0.005773992074409762,0.04630279541015625,0.0003,0.2639742464149839,0.83675799086758,1.93,0.4,0.86,4.56,4.74,0.55,0.52,3.67,0.0,3.5185143023729326,4.6,165.59,0.0390401209006086,nan
2575,84410368,14876.085,568,18.97,0.0,205.48,-0.01135660707950592,2.9721839427948,0.549216628074646,0.0036035542176477975,0.03279876708984375,0.0003,0.269288054810843,0.8501118568232662,2.72,0.46,0.96,4.74,4.62,0.73,0.69,3.2,0.0,3.5245012718439104,4.79,169.99,0.047124877804890275,nan
2576,84443136,14931.018,568,17.78,0.0,196.58,-0.010923895053565502,2.3656105995178223,0.5691562294960022,0.0037957455944450658,0.03643798828125,0.0003,0.24992453969212194,0.8601485148514851,2.15,0.42,0.78,4.24,4.27,0.47,0.46,3.34,0.0,3.166311921477318,3.95,160.49,0.04033915791660547,nan
2577,84475904,14990.213,568,18.47,0.0,199.26,-0.019276201725006104,2.1853411197662354,0.5606770515441895,0.005674052695496812,0.0415802001953125,0.0003,0.22802280228022803,0.8532863849765259,2.35,0.47,0.91,4.4,4.54,0.73,0.56,3.25,0.0,3.4105907556414605,4.46,167.08,0.036795047810301185,nan
2578,84508672,15048.455,568,18.93,0.0,207.89,-0.01805490255355835,2.623505115509033,0.5575393438339233,0.004791309136404465,0.0404052734375,0.0003,0.2464747356051704,0.8342728297632469,2.55,0.48,0.86,5.21,5.24,0.64,0.61,3.99,0.0,4.001644765436649,4.48,167.5,0.037439831299707294,nan
2579,84541440,15103.369,568,19.18,0.0,207.26,-0.013372354209423065,2.41013240814209,0.5465812683105469,0.004823322433537669,0.037811279296875,0.0003,0.22585394581861012,0.8382687927107062,2.1,0.46,0.98,4.94,5.03,0.72,0.61,3.7,0.01,3.8539846354722975,4.33,172.65,0.039119299268350005,nan
2580,84574208,15162.212,568,18.46,0.0,203.59,-0.014324862509965897,2.3528172969818115,0.5240941047668457,0.004385269580183149,0.035308837890625,0.0003,0.22513852435112278,0.8294663573085846,2.34,0.37,0.82,4.42,4.45,0.6,0.62,3.23,0.01,3.3803620064258575,4.27,167.89,0.042136259959079325,nan
2581,84606976,15225.615,568,17.53,0.0,190.15,-0.013470128178596497,2.3957114219665527,0.5406311750411987,0.004174537389701527,0.03910064697265625,0.0003,0.22094110314739795,0.8646341463414634,1.85,0.41,0.78,4.45,4.51,0.57,0.57,3.37,0.0,3.396737254559994,4.16,162.42,0.04142714699264616,nan
2582,84639744,15285.091,568,17.34,0.0,203.12,-0.01364225335419178,2.6547861099243164,0.5556802749633789,0.004651117075724187,0.04183197021484375,0.0003,0.264339908952959,0.8506731946144431,2.37,0.45,0.74,4.45,4.36,0.46,0.4,3.5,0.0,3.3518071987479927,4.09,154.53,0.04379951790906489,nan
2583,84672512,15342.774,568,20.37,0.01,220.51,-0.014374876394867897,2.4209792613983154,0.5261117219924927,0.005042651442408896,0.0416412353515625,0.0003,0.25354911981828504,0.8642105263157894,3.1,0.58,1.07,5.55,5.65,0.91,0.68,4.06,0.01,4.286776894032955,4.92,179.1,0.04132561758160591,nan
2584,84705280,15401.528,568,18.78,0.0,200.1,-0.01371910609304905,2.705127716064453,0.549837589263916,0.0031485107420792247,0.02886962890625,0.0003,0.2312385600976205,0.8543577981651376,2.32,0.56,0.89,4.72,4.77,0.73,0.58,3.46,0.0,3.650664549767971,4.35,169.55,0.04543058469425887,nan
2585,84738048,15457.799,568,21.1,0.0,221.84,-0.010555220767855644,2.547624111175537,0.5273600220680237,0.0026103794352536625,0.02416229248046875,0.0003,0.2226595445600225,0.8389473684210527,3.36,0.68,1.02,5.14,5.23,0.8,0.64,3.79,0.01,3.966582061946392,5.3,189.08,0.040841537760570645,nan
2586,84770816,15514.114,568,17.84,0.0,194.73,-0.014166858978569508,2.4107275009155273,0.5147570371627808,0.003973524292064212,0.03675079345703125,0.0003,0.21392879450343535,0.868144690781797,2.3,0.34,0.9,4.74,4.66,0.68,0.47,3.51,0.0,3.528810803890228,4.35,163.58,0.04130774864461273,nan
2587,84803584,15573.952,568,17.76,0.0,193.4,-0.015755081549286842,2.7722859382629395,0.5439771413803101,0.003656825902055516,0.0312042236328125,0.0003,0.20766065210509654,0.8547418967587035,2.55,0.44,0.94,4.9,4.98,0.72,0.63,3.63,0.0,3.840918332338333,4.24,160.48,0.04534396971575916,nan
2588,84836352,15631.088,568,18.63,0.0,203.22,-0.017278112471103668,2.2307567596435547,0.5763019919395447,0.007597588646689246,0.04515838623046875,0.0003,0.206843874121601,0.8299319727891157,2.17,0.58,0.78,4.58,4.5,0.5,0.46,3.54,0.0,3.3312879115343095,4.49,166.24,0.04379094287287444,nan
2589,84869120,15687.872,568,19.08,0.0,205.18,-0.01647154800593853,2.631831645965576,0.5502402782440186,0.004939170249201652,0.0408935546875,0.0003,0.2224831229820957,0.8297872340425532,2.33,0.32,0.85,4.91,4.84,0.61,0.6,3.63,0.01,3.7897980696707965,4.66,169.49,0.04123253782745451,nan
2590,84901888,15746.099,568,19.43,0.0,211.03,-0.019097989425063133,2.4772047996520996,0.5455082654953003,0.00499421690278723,0.03787994384765625,0.0003,0.24273799252228934,0.8292682926829268,2.19,0.59,0.9,4.82,5.01,0.62,0.61,3.78,0.0,3.828418941795826,4.55,181.43,0.04827498353552073,nan
2591,84934656,15803.416,568,19.92,0.0,215.66,-0.012288881465792656,2.346871852874756,0.5405188798904419,0.003827365934057525,0.03292083740234375,0.0003,0.2058570198105082,0.8313513513513513,2.88,0.47,0.91,5.04,5.01,0.77,0.58,3.66,0.0,3.8770616453886033,4.72,174.18,0.04056774196214974,nan
2592,84967424,15860.634,568,19.17,0.0,211.59,-0.013579707592725754,2.4617204666137695,0.5687478184700012,0.004822227504178045,0.04030609130859375,0.0003,0.2354958559588454,0.8280898876404494,2.46,0.46,0.81,5.06,4.97,0.51,0.63,3.83,0.0,3.7327933472394945,4.49,174.99,0.03786876646336168,nan
2593,85000192,15917.837,568,20.22,0.0,228.57,-0.01557416096329689,2.2432825565338135,0.5524691343307495,0.0036336665165208615,0.03096771240234375,0.0003,0.23174346537321477,0.8416050686378036,2.58,0.51,1.05,5.46,5.55,0.78,0.62,4.15,0.0,4.168276880979538,4.95,180.42,0.0434759414056316,nan
2594,85032960,15977.074,568,17.88,0.0,189.84,-0.008650501258671284,3.211672782897949,0.5903126001358032,0.002722718886900566,0.02497100830078125,0.0003,0.22008209662140826,0.8400984009840098,2.28,0.43,0.85,4.27,4.25,0.55,0.63,3.07,0.0,3.256185240149498,4.39,159.98,0.041763901826925576,nan
2595,85065728,16031.749,568,18.37,0.0,201.29,-0.009545011445879936,2.3005218505859375,0.5773212313652039,0.002396135806463917,0.023834228515625,0.0003,0.20197782439316753,0.8362168396770473,2.41,0.46,0.81,4.78,4.85,0.64,0.55,3.66,0.0,3.725124366208911,4.37,166.94,0.04417285032104701,nan
2596,85098496,16090.653,568,18.1,0.0,200.83,-0.01044031884521246,2.5109710693359375,0.5631392002105713,0.004258805072652194,0.03643798828125,0.0003,0.18257389162561577,0.8358038768529077,2.03,0.5,0.85,4.6,4.55,0.52,0.48,3.55,0.01,3.5000765401124956,4.28,157.88,0.038665466010570526,nan
2597,85131264,16148.197,568,17.98,0.0,194.1,-0.01100466400384903,2.370309352874756,0.5692158937454224,0.0031759648359752646,0.0299835205078125,0.0003,0.19393352694417554,0.8163265306122449,2.0,0.46,0.76,4.52,4.53,0.66,0.48,3.39,0.0,3.45936553388834,4.28,159.09,0.04466680181212723,nan
2598,85164032,16204.344,568,18.84,0.0,206.68,-0.015556437894701958,2.424488067626953,0.5693331360816956,0.004098095112908595,0.0377655029296875,0.0003,0.25189725627554,0.8577929465301479,2.19,0.48,0.93,4.81,4.94,0.8,0.57,3.57,0.0,3.7596999129652975,4.43,167.16,0.03958894102834165,nan
2599,85196800,16260.008,568,19.35,0.0,211.79,-0.014725275337696075,2.4569132328033447,0.5597702860832214,0.004561861979709647,0.0362396240234375,0.0003,0.24914675767918087,0.8120300751879699,2.5,0.45,0.91,4.74,4.65,0.7,0.51,3.44,0.0,3.5448799672722817,4.71,175.06,0.03800831793341786,nan
2600,85229568,16318.834,568,18.93,0.0,203.87,-0.01504928432404995,2.915786027908325,0.5624426007270813,0.0038025959221386074,0.03209686279296875,0.0003,0.20337960168980085,0.8267270668176671,2.56,0.47,0.97,4.91,4.78,0.66,0.5,3.62,0.02,3.597744620740414,4.65,166.75,0.04656112066004425,nan
2601,85262336,16378.414,568,18.71,0.0,204.98,-0.01604544371366501,2.7544140815734863,0.5705434679985046,0.004516994440962208,0.0360107421875,0.0003,0.279975838115373,0.8254335260115607,2.58,0.41,0.89,4.61,4.85,0.67,0.62,3.56,0.0,3.662574108541012,4.39,165.4,0.03951927844900638,nan
2602,85295104,16436.288,568,18.59,0.0,205.28,-0.014645924791693687,2.5704078674316406,0.5733515024185181,0.003632799202591741,0.03542327880859375,0.0003,0.2939958592132505,0.8362779740871613,3.03,0.42,0.75,4.67,4.69,0.48,0.55,3.66,0.01,3.6018731039762497,4.43,168.57,0.0438078815350309,nan
2603,85327872,16494.117,568,19.19,0.0,209.48,-0.016561739146709442,3.444653034210205,0.596381664276123,0.00365475193484599,0.03179168701171875,0.0003,0.3218583823117828,0.7868480725623582,2.3,0.48,0.84,4.93,4.77,0.51,0.53,3.73,0.0,3.6307106485962866,4.58,179.91,0.043744313763454556,nan
2604,85360640,16552.018,568,19.08,0.0,206.77,-0.01860727183520794,3.055403232574463,0.58452308177948,0.005801869676616889,0.04302215576171875,0.0003,0.30369718309859156,0.8187066974595842,2.82,0.5,0.94,4.78,4.79,0.65,0.72,3.42,0.0,3.7043281944096087,4.79,174.47,0.04130249854642898,nan
2605,85393408,16609.401,568,17.57,0.0,194.85,-0.012486406601965427,3.141282081604004,0.5888137817382812,0.002833558953341253,0.02718353271484375,0.0003,0.3079044117647059,0.816953316953317,2.03,0.47,0.79,4.72,4.74,0.71,0.47,3.56,0.02,3.6159084850549696,4.19,163.67,0.042515864595770836,nan
2606,85426176,16664.066,568,16.77,0.0,189.74,-0.007975666783750057,3.363154411315918,0.5824171304702759,0.002539432724972812,0.02654266357421875,0.0003,0.30544993662864384,0.8470149253731343,1.8,0.49,0.74,4.45,4.96,0.6,0.57,3.79,0.0,3.6331676372885706,3.93,159.02,0.04074260464403778,nan
2607,85458944,16725.37,568,18.38,0.0,208.51,-0.011955381371080875,3.6896722316741943,0.5831649303436279,0.002457276895825089,0.0248565673828125,0.0003,0.36825790452572843,0.8443396226415094,2.51,0.55,0.83,4.44,4.44,0.58,0.59,3.27,0.01,3.3681564252078533,4.56,166.94,0.04519792599603534,nan
2608,85491712,16785.148,568,16.8,0.0,186.87,-0.01103341393172741,3.0952389240264893,0.6000477075576782,0.0034151269160247466,0.0345916748046875,0.0003,0.3257410296411856,0.8197969543147208,2.03,0.42,0.63,4.13,4.43,0.6,0.52,3.31,0.0,3.4734447461366655,3.86,155.61,0.03676745528355241,nan
2609,85524480,16839.807,568,16.77,0.0,182.71,-0.008944911882281303,2.747476100921631,0.5723847150802612,0.0029578267292436067,0.02770233154296875,0.0003,0.2792561718499519,0.7992227979274611,1.75,0.54,0.63,3.84,3.84,0.43,0.53,2.88,0.0,2.9398988291621206,3.67,151.64,0.04108726838603616,nan
2610,85557248,16898.654,568,17.57,0.0,194.7,-0.008828584104776382,2.9082372188568115,0.5872895121574402,0.002874367717026871,0.02845001220703125,0.0003,0.3447550345656748,0.7949640287769785,1.63,0.43,0.89,4.38,4.29,0.51,0.51,3.27,0.01,3.263837391035631,4.26,161.71,0.03996821609325707,nan
2611,85590016,16954.676,568,16.72,0.0,180.53,-0.017415640875697136,2.949416160583496,0.5715931057929993,0.004480313308363293,0.03705596923828125,0.0003,0.2795767874318692,0.8163265306122449,1.89,0.44,0.79,4.09,4.06,0.46,0.51,3.09,0.0,3.138354484140873,3.94,155.26,0.04075692314654589,nan
2612,85622784,17010.043,568,19.13,0.0,205.21,-0.013005409389734268,3.215392589569092,0.5554001331329346,0.004350395659400874,0.035186767578125,0.0003,0.27970802919708027,0.8077803203661327,2.43,0.5,0.82,4.79,4.89,0.51,0.5,3.88,0.0,3.76212411403656,4.59,175.3,0.04075099725741893,nan
2613,85655552,17065.755,568,19.24,0.0,211.51,-0.017542164772748947,2.3333613872528076,0.5445230007171631,0.005347349241787924,0.0431976318359375,0.0003,0.2922595332953899,0.7973421926910299,2.07,0.51,0.95,4.51,4.92,0.61,0.61,3.7,0.0,3.7408446344733237,4.69,175.43,0.04309875669423491,nan
2614,85688320,17124.428,568,16.49,0.0,182.63,-0.008505705744028091,3.185483455657959,0.5980515480041504,0.002686691777228134,0.02666473388671875,0.0003,0.3141067897165458,0.8115183246073299,1.91,0.37,0.83,4.21,4.34,0.53,0.47,3.34,0.0,3.3050719127058983,4.1,148.99,0.041906386031769216,nan
2615,85721088,17180.985,568,16.26,0.0,180.94,-0.013351310975849628,3.2266969680786133,0.5816064476966858,0.002365941304788066,0.022216796875,0.0003,0.31686707832304195,0.8147668393782384,1.79,0.5,0.74,3.99,4.05,0.5,0.4,3.15,0.01,3.086573813855648,3.8,154.81,0.04599660402163863,nan
2616,85753856,17239.027,568,17.98,0.0,199.26,-0.007791932672262192,2.6099138259887695,0.5593876838684082,0.003420648983933461,0.03170013427734375,0.0003,0.2606824469720258,0.8265550239234449,2.34,0.47,0.81,4.65,4.7,0.61,0.56,3.53,0.01,3.59550388507545,4.38,161.02,0.04282401385717094,nan
2617,85786624,17298.677,568,18.7,0.0,205.79,-0.01752426102757454,2.4546384811401367,0.5357078313827515,0.0036641019315482026,0.029541015625,0.0003,0.2704744635841644,0.8140877598152425,2.35,0.51,0.85,4.77,4.84,0.57,0.59,3.68,0.0,3.602636501789093,4.44,170.33,0.04370386025402695,nan
2618,85819392,17352.958,568,18.4,0.0,197.07,-0.016388410702347755,2.850252628326416,0.5432100296020508,0.004373611675504208,0.0398712158203125,0.0003,0.2603819339193695,0.8187203791469194,2.22,0.58,0.84,4.56,4.57,0.55,0.62,3.4,0.0,3.4085229551792144,4.3,168.93,0.0399326563347131,nan
2619,85852160,17415.598,568,18.92,0.0,210.02,-0.016967719420790672,2.770711898803711,0.5505511164665222,0.0037507274089421117,0.0346221923828125,0.0003,0.2850786116879264,0.8357541899441341,2.59,0.52,0.84,5.05,5.03,0.67,0.47,3.89,0.02,3.7401387859880924,4.54,169.57,0.03923199663404375,nan
2620,85884928,17473.62,568,17.9,0.0,200.8,-0.01357424259185791,2.5616536140441895,0.5632444620132446,0.0033397743690670723,0.029388427734375,0.0003,0.22165566886622676,0.8762019230769231,2.32,0.44,0.7,4.67,4.73,0.5,0.62,3.61,0.02,3.579010413410142,4.0,163.8,0.040667099063284695,nan
2621,85917696,17533.812,568,19.43,0.0,216.11,-0.015776105225086212,2.465705394744873,0.5371780395507812,0.004922585232975507,0.03966522216796875,0.0003,0.20473577822697084,0.8408119658119658,2.6,0.42,1.12,5.09,5.0,0.7,0.7,3.6,0.0,3.755942388176918,4.75,173.5,0.03838256816379726,nan
2622,85950464,17594.044,568,18.47,0.0,197.88,-0.012133881449699402,2.779440402984619,0.5613148212432861,0.0038742938763789425,0.03401947021484375,0.0003,0.272280270436386,0.8547619047619047,2.33,0.39,0.95,4.67,4.78,0.64,0.61,3.53,0.0,3.503757588267326,4.54,168.46,0.04194008372724056,nan
2623,85983232,17653.095,568,19.69,0.0,208.25,-0.015984226018190384,2.4093050956726074,0.513696551322937,0.005104540190586704,0.0436553955078125,0.0003,0.27468060394889665,0.846723044397463,2.13,0.53,1.03,5.1,5.08,0.74,0.64,3.7,0.01,3.9345163933932783,4.71,177.27,0.03341223334427923,nan
2624,86016000,17711.504,567,17.94,0.0,195.32,-0.012764192186295986,2.6840591430664062,0.5608646273612976,0.003935452007169715,0.0346221923828125,0.0003,0.26045926391947155,0.8403755868544601,2.18,0.34,0.79,4.86,4.87,0.63,0.5,3.74,0.03,3.6668715134263037,4.06,162.75,0.043772295117378235,nan
2625,86048768,17768.181,568,18.21,0.0,196.92,-0.014329176396131516,2.6702141761779785,0.5551011562347412,0.004603324819157706,0.0409088134765625,0.0003,0.28287461773700306,0.8574766355140186,2.2,0.41,0.83,4.84,5.11,0.69,0.66,3.76,0.01,3.788282327502966,4.48,165.13,0.041436249390244484,nan
2626,86081536,17826.008,568,18.74,0.0,221.51,-0.014188461005687714,2.516122341156006,0.5359126329421997,0.004281686669969531,0.040557861328125,0.0003,0.2599524658348188,0.8214702450408401,2.57,0.46,0.92,4.79,4.76,0.6,0.58,3.58,0.0,3.68150216370821,4.33,168.46,0.03814448823686689,nan
2627,86114304,17884.6,567,18.23,0.0,197.37,-0.015507718548178673,2.6684725284576416,0.5359905958175659,0.0039354678900451745,0.038482666015625,0.0003,0.25973217066334475,0.8392652123995408,2.46,0.4,0.82,4.62,4.67,0.66,0.56,3.45,0.0,3.531546649336815,4.21,160.64,0.03714379505254328,nan
2628,86147072,17939.005,568,19.65,0.0,219.6,-0.01418822631239891,2.5686709880828857,0.5333129167556763,0.003981672887050536,0.03643798828125,0.0003,0.20388921626399528,0.842391304347826,2.74,0.48,0.8,4.74,4.74,0.52,0.47,3.75,0.0,3.643318258225918,4.73,172.15,0.04175377916544676,nan
2629,86179840,17996.664,568,20.2,0.0,225.76,-0.015859873965382576,2.6405019760131836,0.5465145707130432,0.004112137604437294,0.03824615478515625,0.0003,0.20644796380090497,0.8255179934569248,2.54,0.47,1.03,5.07,5.19,0.76,0.64,3.79,0.0,4.018153550028801,5.14,185.04,0.04133745841681957,nan
2630,86212608,18056.845,568,19.67,0.0,209.25,-0.015531218610703945,2.8058924674987793,0.5242571234703064,0.004301967150411201,0.03853607177734375,0.0003,0.21308523409363744,0.8434782608695652,2.69,0.55,0.93,4.91,4.95,0.76,0.53,3.66,0.0,3.796981318593025,4.69,173.29,0.04027034610044211,nan
2631,86245376,18110.586,568,21.91,0.0,225.46,-0.011311241425573826,2.1651904582977295,0.5115237236022949,0.004316047949288304,0.0361175537109375,0.0003,0.20700367127929964,0.8268101761252447,2.81,0.69,0.98,5.38,5.5,0.69,0.77,4.04,0.0,4.451907126903534,5.2,183.72,0.039102198905311525,nan
2632,86278144,18167.153,568,18.16,0.0,199.38,-0.015601548366248608,2.541266918182373,0.539057731628418,0.00510079720442036,0.0428619384765625,0.0003,0.230441400304414,0.8556701030927835,2.52,0.44,0.88,4.71,4.63,0.66,0.55,3.42,0.02,3.4820206049084663,4.32,165.29,0.03942512662615627,nan
2633,86310912,18221.319,568,19.32,0.0,205.91,-0.017726490274071693,2.7798171043395996,0.5119642019271851,0.005125756277820415,0.04145050048828125,0.0003,0.25691583284284875,0.860064585575888,2.92,0.59,0.96,4.93,4.84,0.55,0.62,3.67,0.0,3.719166406095028,4.61,174.75,0.03797054500319064,nan
2634,86343680,18279.191,568,18.52,0.0,200.09,-0.018499379977583885,3.038382053375244,0.5430336594581604,0.005223720804764298,0.0461273193359375,0.0003,0.2709020077914294,0.8298611111111112,3.06,0.55,0.82,4.45,4.68,0.6,0.58,3.5,0.02,3.5031325793266297,4.3,166.14,0.040823484188877046,nan
2635,86376448,18335.156,568,18.65,0.0,200.57,-0.01599074713885784,2.6196110248565674,0.5467149019241333,0.003824400400532113,0.032989501953125,0.0003,0.2731105088828666,0.8216340621403913,2.46,0.59,0.86,4.73,4.5,0.61,0.62,3.27,0.04,3.294681146591902,4.39,166.32,0.04089210170786828,nan
2636,86409216,18394.94,568,18.68,0.0,206.59,-0.014000678434967995,2.8226068019866943,0.5568541288375854,0.0038768497850014683,0.03643798828125,0.0003,0.2694992412746586,0.8295194508009154,2.61,0.45,1.07,4.93,4.85,0.72,0.58,3.55,0.02,3.740459241271019,4.67,174.53,0.04067616269458085,nan
2637,86441984,18452.583,568,19.95,0.01,217.35,-0.014406951144337654,2.426661968231201,0.5502935647964478,0.004340052679026485,0.0369110107421875,0.0003,0.32366749516708093,0.825531914893617,3.15,0.54,0.93,5.36,5.21,0.67,0.76,3.78,0.01,4.058983199000359,4.75,183.51,0.037456396501511335,nan
2638,86474752,18510.211,568,18.62,0.0,200.77,-0.01839359849691391,2.962118625640869,0.5600833296775818,0.00601194765067703,0.04912567138671875,0.0003,0.2972565571299367,0.851039260969977,2.66,0.55,0.88,4.92,4.81,0.75,0.54,3.52,0.01,3.635818501114845,4.57,170.16,0.04017925099469721,nan
2639,86507520,18569.499,568,18.02,0.0,191.52,-0.018998920917510986,2.864320993423462,0.5406609773635864,0.00588405316477747,0.04732513427734375,0.0003,0.2787859824780976,0.8537170263788969,2.3,0.49,0.78,4.63,4.55,0.55,0.49,3.51,0.0,3.4566743782162668,4.48,159.11,0.04330237349495292,nan
2640,86540288,18624.007,568,18.41,0.0,197.44,-0.015142077580094337,2.6352860927581787,0.5189862251281738,0.005471749257878855,0.0477294921875,0.0003,0.31538696849189357,0.8466981132075472,2.29,0.49,0.83,4.4,4.42,0.62,0.57,3.23,0.01,3.3625877276062965,4.43,167.81,0.04598248936235905,nan
2641,86573056,18681.276,568,19.18,0.0,207.29,-0.010669728741049767,2.6149673461914062,0.5257805585861206,0.002411887827747705,0.02288055419921875,0.0003,0.2931691586045148,0.832408435072142,2.67,0.53,1.01,5.0,5.21,0.75,0.68,3.78,0.0,4.038032641410828,4.79,177.77,0.037486557150259614,nan
2642,86605824,18737.656,568,19.68,0.0,213.56,-0.01625078171491623,2.309462785720825,0.5152231454849243,0.005415241219395739,0.04296875,0.0003,0.22933099620216185,0.8450854700854701,2.89,0.61,1.01,5.06,4.94,0.76,0.59,3.59,0.03,3.8046996527910233,5.02,171.26,0.038944106141570956,nan
2643,86638592,18793.683,568,18.99,0.0,235.78,-0.01109615620225668,2.602393627166748,0.5387347936630249,0.004149548175853113,0.03781890869140625,0.0003,0.23586923311946226,0.8409610983981693,2.41,0.44,0.93,4.73,4.61,0.67,0.64,3.3,0.0,3.495552089214325,4.78,170.69,0.043230586452409625,nan
2644,86671360,18850.536,568,18.28,0.0,311.21,-0.01415252685546875,2.608569622039795,0.540130615234375,0.003697233914806475,0.029998779296875,0.0003,0.3179225457820474,0.8403755868544601,2.09,0.54,0.87,4.6,4.59,0.74,0.58,3.27,0.02,3.439041315689683,4.4,167.11,0.04179125570226461,nan
2645,86704128,18906.404,568,18.1,0.0,192.1,-0.0087615717202425,2.419130325317383,0.5514168739318848,0.0035346253621355572,0.035186767578125,0.0003,0.2744171392564587,0.8390129259694477,2.16,0.53,0.84,4.77,4.83,0.62,0.56,3.65,0.01,3.566262410283089,4.3,163.59,0.04290486976969987,nan
2646,86736896,18964.54,568,17.37,0.0,192.13,-0.010115882381796837,3.027479648590088,0.5630241632461548,0.002880743227763105,0.0283203125,0.0003,0.3374045801526718,0.8277982779827798,1.8,0.48,0.77,4.45,4.41,0.6,0.44,3.37,0.0,3.249780961871147,4.05,165.45,0.04592248017434031,nan
2647,86769664,19020.38,568,19.86,0.0,213.12,-0.009067806415259838,2.619478225708008,0.5296539068222046,0.0031450596905528982,0.019927978515625,0.0003,0.29869020501138954,0.8405639913232104,2.57,0.66,0.92,4.97,5.2,0.81,0.67,3.72,0.0,3.92640977203846,4.81,183.97,0.03890985541511327,nan
2648,86802432,19077.156,568,18.48,0.0,198.5,-0.012423431500792503,2.915146827697754,0.5644433498382568,0.0035061222822605487,0.0330963134765625,0.0003,0.3072916666666667,0.8443670150987224,2.52,0.58,0.79,4.62,4.94,0.78,0.55,3.61,0.0,3.718592783212662,4.39,169.94,0.04321175301447511,nan
2649,86835200,19136.669,568,17.85,0.0,186.46,-0.0077441660687327385,2.6416306495666504,0.5357847213745117,0.004645671460025369,0.047027587890625,0.0003,0.27705767984445884,0.8396572827417381,2.08,0.53,0.8,4.7,4.84,0.6,0.72,3.52,0.01,3.7388077925890686,4.15,160.21,0.04365066101308912,nan
2650,86867968,19192.344,568,18.25,0.0,192.52,-0.01819562539458275,2.4514851570129395,0.5471031665802002,0.00554475008971167,0.04500579833984375,0.0003,0.2790624010136205,0.8184019370460048,2.23,0.52,0.73,4.69,4.78,0.58,0.57,3.63,0.02,3.762279896736145,4.34,161.7,0.038624276290647686,nan
2651,86900736,19250.66,568,18.12,0.0,193.04,-0.01536020077764988,2.4763591289520264,0.5586988925933838,0.0038551447307213493,0.0386962890625,0.0003,0.27839291363492563,0.8514619883040936,2.46,0.41,0.81,4.46,4.63,0.68,0.59,3.36,0.01,3.579818887114525,4.56,166.79,0.04172243259381503,nan
2652,86933504,19307.307,568,18.32,0.0,200.76,-0.013811376877129078,2.665876865386963,0.5202456712722778,0.004578098632862293,0.0413055419921875,0.0003,0.26898638426626326,0.8141592920353983,2.37,0.62,0.8,4.78,4.85,0.63,0.56,3.66,0.01,3.724225564971566,4.69,162.36,0.044402930536307395,nan
2653,86966272,19367.387,568,18.65,0.0,195.87,-0.013907166197896004,2.710338592529297,0.5685775279998779,0.003910265630793219,0.0360260009765625,0.0003,0.2345368916797488,0.8302325581395349,2.12,0.55,0.85,4.7,4.75,0.65,0.61,3.49,0.0,3.5535769668221473,4.36,167.78,0.042660176870413125,nan
2654,86999040,19427.151,568,18.51,0.0,197.45,-0.00897065456956625,2.6439242362976074,0.5558332204818726,0.0032736542933093915,0.03081512451171875,0.0003,0.22184822521419828,0.8273878020713463,2.36,0.72,0.88,4.21,4.14,0.57,0.51,3.06,0.0,3.0572521236538885,4.59,167.52,0.04589626379311085,nan
2655,87031808,19480.949,568,18.21,0.0,203.4,-0.015622388571500778,2.496607542037964,0.5412782430648804,0.003932353087861884,0.0339813232421875,0.0003,0.26278928136419,0.8344748858447488,2.22,0.76,0.78,4.53,4.7,0.61,0.52,3.57,0.0,3.520713902115822,4.09,162.29,0.040570693905465305,nan
2656,87064576,19536.221,568,20.41,0.0,219.05,-0.01370275765657425,2.4894814491271973,0.5229246020317078,0.004464487556276708,0.0401611328125,0.0003,0.2301679212507238,0.8194154488517745,2.8,0.72,1.05,5.31,5.12,0.84,0.59,3.69,0.0,3.9817266833782194,5.1,176.39,0.03787604090757668,nan
2657,87097344,19592.25,568,19.86,0.0,215.14,-0.013791784644126892,2.633901834487915,0.541175127029419,0.0040481036515416235,0.03624725341796875,0.0003,0.23897376765638512,0.8360477741585234,3.06,0.47,0.95,4.84,4.75,0.62,0.69,3.44,0.02,3.70999491378665,5.1,174.84,0.040124853840097785,nan
2658,87130112,19653.459,568,20.22,0.0,215.08,-0.016335420310497284,2.5064010620117188,0.555286169052124,0.004412516019328905,0.0399169921875,0.0003,0.240498984624311,0.8118503118503119,3.13,0.72,1.01,5.06,4.82,0.72,0.56,3.54,0.0,3.631427921652794,5.09,181.21,0.03594655601773411,nan
2659,87162880,19709.918,568,17.47,0.0,184.04,-0.010550450533628464,2.744050979614258,0.5586494207382202,0.0034724706438566955,0.0341339111328125,0.0003,0.28127046496398167,0.8198529411764706,2.5,0.53,0.76,3.99,4.1,0.4,0.52,3.18,0.01,3.121162138879299,4.15,156.02,0.04659048852045089,nan
2660,87195648,19768.738,568,18.58,0.0,195.31,-0.013009542599320412,2.867434024810791,0.5498251914978027,0.003827627086764096,0.0359039306640625,0.0003,0.28770517187983896,0.835873388042204,2.4,0.47,0.91,4.6,4.47,0.54,0.52,3.41,0.01,3.380319033265114,4.7,160.78,0.04009260446764529,nan
2661,87228416,19826.328,568,19.45,0.0,212.35,-0.015643715858459473,2.405364751815796,0.5401875972747803,0.005201146274544044,0.0474090576171875,0.0003,0.2433892522035826,0.8414893617021276,2.46,0.46,0.97,5.18,5.22,0.76,0.54,3.92,0.0,3.9692197370529176,4.91,177.04,0.043334355228580534,nan
2662,87261184,19885.52,568,19.36,0.0,207.43,-0.01680850237607956,2.9987454414367676,0.5194836854934692,0.003959058154748618,0.0382537841796875,0.0003,0.24067388688327315,0.8484513274336283,2.7,0.45,1.0,4.87,5.21,0.73,0.64,3.84,0.0,4.083323678076267,4.96,168.0,0.03962075721938163,nan
2663,87293952,19941.22,568,17.55,0.0,193.35,-0.011358733288943768,2.8748085498809814,0.5524253845214844,0.0030063095719583544,0.030181884765625,0.0003,0.284375,0.8327228327228328,2.23,0.52,0.8,4.62,4.53,0.62,0.52,3.39,0.02,3.5651742462813854,4.28,160.34,0.046465739607810974,nan
2664,87326720,19998.741,568,18.95,0.0,218.98,-0.014306232333183289,2.3445804119110107,0.5280237197875977,0.003003201418550816,0.02681732177734375,0.0003,0.23800850030358228,0.8380202474690663,2.59,0.51,0.91,4.99,5.02,0.52,0.53,3.97,0.01,3.7875058338046075,4.68,167.16,0.04106934927403927,nan
2665,87359488,20052.981,568,19.78,0.0,223.36,-0.018488653004169464,2.4223785400390625,0.5227554440498352,0.004653035148010076,0.0358734130859375,0.0003,0.2654303100550565,0.8366914103923648,3.19,0.55,0.98,5.17,5.21,0.67,0.71,3.83,0.01,4.047864542901516,4.96,173.76,0.039988822769373655,nan
2666,87392256,20108.161,568,20.55,0.0,251.22,-0.02097797393798828,2.4953432083129883,0.5283443927764893,0.005878345257059436,0.04332733154296875,0.0003,0.30337705833100753,0.8231578947368421,3.24,0.57,0.84,5.13,5.2,0.65,0.78,3.77,0.02,3.9902493816614153,4.81,184.46,0.0409873325843364,nan
2667,87425024,20162.529,568,17.89,0.0,203.82,-0.013913807459175587,2.8230559825897217,0.5322108268737793,0.004306873413298717,0.03631591796875,0.0003,0.27954335081764886,0.837125748502994,2.14,0.5,0.83,4.57,4.88,0.68,0.58,3.62,0.01,3.676662803888321,4.29,165.7,0.04269218654371798,nan
2668,87457792,20217.91,568,17.25,0.0,191.05,-0.011240728199481964,2.704580545425415,0.5491838455200195,0.0032468765547832845,0.031707763671875,0.0003,0.26806749442852595,0.8559006211180125,2.25,0.45,0.71,4.52,4.44,0.51,0.57,3.36,0.02,3.3714305618405342,3.99,156.91,0.03944632934872061,nan
2669,87490560,20276.681,568,18.73,0.0,235.41,-0.009048676118254662,2.30014705657959,0.5508396625518799,0.0032253449442123383,0.03287506103515625,0.0003,0.2571005917159763,0.8491428571428571,2.55,0.58,0.98,4.9,4.95,0.69,0.51,3.75,0.01,3.7213134506344794,4.58,167.48,0.03726610622834414,nan
2670,87523328,20336.668,568,19.53,0.0,216.24,-0.01893858052790165,2.3688161373138428,0.5398615598678589,0.004813529784826187,0.04144287109375,0.0003,0.23813583404376243,0.8579003181336161,2.53,0.57,0.77,5.15,5.04,0.48,0.64,3.92,0.02,3.8933599381893873,4.6,172.39,0.036159584822598845,nan
2671,87556096,20391.423,568,19.29,0.0,213.6,-0.017352208495140076,2.2472856044769287,0.555127739906311,0.005071076871729474,0.0410919189453125,0.0003,0.25319025522041766,0.8260869565217391,2.94,0.48,0.77,4.99,5.05,0.56,0.67,3.82,0.0,3.876643059104681,4.69,174.53,0.03969736851286143,nan
2672,87588864,20449.345,568,18.41,0.0,210.0,-0.010096648707985878,2.967853546142578,0.5692698955535889,0.005185396565693168,0.0412139892578125,0.0003,0.29035113602832696,0.8268348623853211,2.28,0.46,0.92,4.68,4.85,0.72,0.49,3.64,0.01,3.6385929979383946,4.5,171.19,0.04029534803703427,nan
2673,87621632,20508.199,568,19.47,0.0,207.18,-0.013150650076568127,2.9921717643737793,0.537848949432373,0.0032656923660567827,0.031890869140625,0.0003,0.25245025245025243,0.8346111719605696,2.65,0.61,0.99,5.03,5.14,0.82,0.73,3.59,0.0,4.021954570412635,4.87,174.18,0.04187647486105561,nan
2674,87654400,20566.261,568,19.91,0.0,216.33,-0.020393528044223785,2.4715042114257812,0.5628141164779663,0.005890190245565918,0.0460662841796875,0.0003,0.24649298597194388,0.855923159018143,2.59,0.54,0.98,5.48,5.76,0.86,0.59,4.31,0.0,4.422386888712644,4.8,174.59,0.04177935374900699,nan
2675,87687168,20624.54,568,19.62,0.0,209.79,-0.011995792388916016,2.3399312496185303,0.539689302444458,0.0035011703795362337,0.03484344482421875,0.0003,0.2359416840226123,0.8287596048298573,3.0,0.53,1.0,4.58,4.74,0.67,0.53,3.54,0.0,3.5960347962379458,4.98,172.85,0.03801445383578539,nan
2676,87719936,20682.5,568,19.29,0.0,211.71,-0.01037701964378357,2.852837324142456,0.5378398895263672,0.0025654669985328837,0.0258026123046875,0.0003,0.2581719128329298,0.8327868852459016,3.18,0.61,0.96,4.94,4.92,0.71,0.53,3.68,0.01,3.806174967288971,4.68,174.27,0.04499159718398005,nan
2677,87752704,20737.622,568,19.62,0.0,208.25,-0.013975024223327637,2.5697178840637207,0.5107346177101135,0.0035195837777166616,0.03075408935546875,0.0003,0.24627754615842765,0.8302752293577982,2.88,0.5,1.0,5.07,4.99,0.79,0.62,3.58,0.0,3.92580553740263,4.87,170.44,0.041164585505612195,nan
2678,87785472,20795.069,568,19.02,0.0,209.71,-0.014869695529341698,2.7605674266815186,0.541646420955658,0.004448308284224822,0.04103851318359375,0.0003,0.2522097819681791,0.8281081081081081,2.7,0.6,0.98,4.79,4.88,0.69,0.53,3.66,0.0,3.5846613371372222,4.74,171.81,0.04720919590909034,nan
2679,87818240,20850.655,568,18.92,0.0,202.3,-0.015288657508790493,2.5905027389526367,0.5131368637084961,0.005260259347839025,0.0396881103515625,0.0003,0.2173643410852713,0.8223234624145785,2.68,0.58,1.05,4.72,4.69,0.75,0.46,3.48,0.01,3.6102521449327467,4.72,167.27,0.039348876336589456,nan
2680,87851008,20906.034,568,18.88,0.0,203.99,-0.015268014743924141,2.862151622772217,0.5360482931137085,0.006140065850615883,0.04386138916015625,0.0003,0.2441860465116279,0.7991120976692564,2.37,0.55,0.8,4.64,4.76,0.56,0.56,3.64,0.01,3.6369854341447354,4.45,165.15,0.04140947584528476,nan
2681,87883776,20965.767,568,20.0,0.0,225.25,-0.01586594060063362,2.4228291511535645,0.5142374038696289,0.004633318468080461,0.04030609130859375,0.0003,0.23429394812680115,0.8172377985462098,2.44,0.54,0.81,5.08,5.05,0.66,0.52,3.87,0.0,3.845901896357536,4.71,175.6,0.03690178832039237,nan
2682,87916544,21022.122,568,19.29,0.0,248.49,-0.015528911724686623,2.504685401916504,0.5483022928237915,0.005075357071234521,0.0440521240234375,0.0003,0.24381007864841248,0.798708288482239,2.59,0.51,0.85,5.14,5.01,0.78,0.57,3.66,0.0,3.757229486554861,4.53,172.53,0.035800403682515025,nan
2683,87949312,21082.843,568,17.77,0.0,196.64,-0.009530624374747276,3.0046255588531494,0.5611653327941895,0.0046222216410285455,0.0446319580078125,0.0003,0.24100830003074086,0.8351126927639383,2.59,0.34,0.64,4.53,4.38,0.44,0.48,3.46,0.0,3.433361241221428,4.17,160.51,0.041920105926692486,nan
2684,87982080,21143.202,568,17.89,0.0,195.97,-0.006991278380155563,2.5798861980438232,0.5617180466651917,0.0024683669564637967,0.0260467529296875,0.0003,0.2576323987538941,0.7887981330221704,2.1,0.43,0.84,4.74,4.58,0.66,0.48,3.44,0.01,3.4124929516017435,4.2,157.68,0.040789157850667834,nan
2685,88014848,21198.977,568,16.93,0.0,179.03,-0.010142269544303417,2.713244676589966,0.5596189498901367,0.0032401115416860193,0.03005218505859375,0.0003,0.2515295717199184,0.7875647668393783,2.17,0.41,0.73,4.44,4.49,0.47,0.52,3.5,0.0,3.259741047620773,3.97,153.37,0.043165798764675856,nan
2686,88047616,21255.317,568,18.19,0.0,199.26,-0.011662487871944904,2.9920709133148193,0.5592297315597534,0.0030888152249417544,0.0298309326171875,0.0003,0.28849665246500306,0.8014354066985646,2.43,0.44,0.79,4.69,4.89,0.71,0.49,3.69,0.01,3.676362388730049,4.24,166.51,0.048169579240493476,nan
2687,88080384,21312.56,568,16.72,0.0,177.56,-0.008534654974937439,3.041177272796631,0.5290529727935791,0.0035326870982288483,0.03475189208984375,0.0003,0.2747625508819539,0.8287937743190662,1.96,0.46,0.71,4.14,4.08,0.49,0.48,3.11,0.01,3.137093667089939,3.89,151.08,0.04217100830283016,nan
2688,88113152,21370.416,568,19.52,0.0,215.32,-0.012773886322975159,2.245072841644287,0.5323471426963806,0.004054352180560272,0.03458404541015625,0.0003,0.26651545222568757,0.8136511375947996,2.4,0.38,0.83,5.03,5.02,0.67,0.59,3.76,0.0,3.944293684363365,4.56,177.66,0.042643274762667716,nan
2689,88145920,21428.005,568,17.94,0.0,191.82,-0.016286998987197876,2.4495513439178467,0.5320906639099121,0.0037777024930392145,0.03452301025390625,0.0003,0.2661596958174905,0.7636579572446556,1.94,0.39,0.88,4.52,4.57,0.7,0.49,3.38,0.01,3.5030326837301256,4.39,162.29,0.04677268071100116,nan
2690,88178688,21488.021,568,18.7,0.0,202.47,-0.014783751219511032,2.432888984680176,0.5371658802032471,0.003971573379089932,0.03733062744140625,0.0003,0.2414721723518851,0.8175675675675675,2.29,0.5,0.8,4.69,4.78,0.67,0.55,3.56,0.0,3.7092434936761856,4.34,168.47,0.03944290440995246,nan
2691,88211456,21544.262,568,18.21,0.0,197.83,-0.011356324888765812,2.6942672729492188,0.549313485622406,0.0041602237145639265,0.04145050048828125,0.0003,0.3498796630565584,0.8116279069767441,2.13,0.49,0.81,4.77,4.71,0.6,0.54,3.57,0.02,3.633371515572071,4.32,166.16,0.03797287307679653,nan
2692,88244224,21603.438,568,17.93,0.0,191.95,-0.014562662690877914,3.0764172077178955,0.5550641417503357,0.004029715697129177,0.03338623046875,0.0003,0.2985406091370558,0.782608695652174,2.54,0.4,0.78,4.39,4.38,0.58,0.54,3.26,0.02,3.3321037966012956,4.34,167.7,0.04647393198683858,nan
2693,88276992,21663.415,568,14.28,0.0,152.5,-0.01111115887761116,3.229987144470215,0.5895377397537231,0.004047408308508693,0.0409088134765625,0.0003,0.3382022471910112,0.8261538461538461,1.69,0.27,0.52,3.65,3.71,0.48,0.42,2.81,0.01,2.7580950745940207,3.2,134.74,0.04320662433747202,nan
2694,88309760,21723.985,568,18.25,0.0,200.44,-0.011148080229759216,3.3737316131591797,0.5890472531318665,0.002968798516803872,0.029541015625,0.0003,0.29495973754846405,0.8118466898954704,2.47,0.5,0.88,4.29,4.15,0.62,0.47,3.06,0.0,3.0809724456071854,4.59,163.6,0.044663737644441426,nan
2695,88342528,21783.212,568,19.57,0.0,203.85,-0.014612085185945034,3.3710803985595703,0.5358288288116455,0.004390965160098403,0.04166412353515625,0.0003,0.2859294968363965,0.818880351262349,2.63,0.54,0.83,4.95,5.15,0.64,0.65,3.86,0.0,3.8287171102315187,4.88,179.41,0.037749639828689396,nan
2696,88375296,21840.047,568,17.38,0.0,193.02,-0.008200409822165966,3.128645420074463,0.5310514569282532,0.0029610150846721695,0.0308837890625,0.0003,0.27742790851839577,0.8049079754601227,2.12,0.46,0.78,4.17,4.2,0.67,0.54,2.99,0.0,3.020062756240368,4.18,159.32,0.0411575852194801,nan
2697,88408064,21896.871,568,18.04,0.0,195.83,-0.014950178563594818,2.9977426528930664,0.514588475227356,0.004258287784978165,0.0359039306640625,0.0003,0.2849479331019249,0.8287037037037037,2.37,0.56,0.9,4.45,4.47,0.73,0.43,3.31,0.02,3.308382852524519,4.48,162.25,0.038737965864129364,nan
2698,88440832,21954.825,568,18.04,0.0,195.87,-0.0165121927857399,3.0838589668273926,0.5131895542144775,0.004236196268152526,0.03673553466796875,0.0003,0.2386008744534666,0.8331388564760793,2.2,0.55,0.87,4.37,4.2,0.61,0.48,3.11,0.0,3.064082987084985,4.38,165.85,0.04241163260303438,nan
2699,88473600,22012.193,568,18.73,0.0,197.36,-0.01782928965985775,2.4956555366516113,0.5307103395462036,0.0049449872079208035,0.04032135009765625,0.0003,0.28620689655172415,0.8194285714285714,2.18,0.59,0.81,4.46,4.41,0.56,0.61,3.24,0.02,3.284681352376938,4.43,166.5,0.04160986456554383,nan
2700,88506368,22069.053,568,18.65,0.0,200.78,-0.015958335250616074,2.572127103805542,0.526187539100647,0.0043554457644745526,0.03711700439453125,0.0003,0.26581118240146656,0.8198403648802737,2.62,0.49,0.87,4.54,4.62,0.7,0.6,3.32,0.01,3.513820056915283,4.61,166.42,0.037470796843990684,nan
2701,88539136,22125.23,568,18.41,0.0,195.82,-0.016369162127375603,2.6066203117370605,0.5404210090637207,0.004565660075570577,0.038909912109375,0.0003,0.30378137909119796,0.813441483198146,2.57,0.6,0.86,4.45,4.73,0.7,0.54,3.49,0.0,3.598367865383625,4.38,169.54,0.04742693924345076,nan
2702,88571904,22180.339,568,17.49,0.0,191.25,-0.010476911440491676,2.573054313659668,0.5353420972824097,0.003351775467422158,0.03399658203125,0.0003,0.25795489650911335,0.8244552058111381,2.61,0.43,0.87,4.48,4.35,0.6,0.56,3.19,0.0,3.211277101188898,4.47,167.7,0.04180617514066398,nan
2703,88604672,22240.319,568,16.63,0.0,181.16,-0.011852327734231949,2.719000816345215,0.5575562715530396,0.003689403625230625,0.03798675537109375,0.0003,0.29908376963350786,0.8406374501992032,2.25,0.39,0.76,3.96,4.11,0.5,0.37,3.24,0.01,3.0781293890625236,3.82,155.57,0.041986208059825,nan
2704,88637440,22296.819,568,18.7,0.0,197.49,-0.014823517762124538,3.3211164474487305,0.558708667755127,0.003694780616342541,0.03582000732421875,0.0003,0.26981659931613305,0.8174692049272116,3.13,0.48,0.93,4.64,4.83,0.62,0.57,3.64,0.0,3.718382911682129,4.67,174.73,0.04383856721688062,nan
2705,88670208,22355.53,568,20.2,0.0,233.59,-0.012443816289305687,2.6234548091888428,0.5171188116073608,0.0037966158548670137,0.0375518798828125,0.0003,0.268213866039953,0.8397849462365592,2.96,0.57,1.04,5.18,5.33,0.76,0.55,4.02,0.02,4.0717795170843605,5.09,178.57,0.03939998464193195,nan
2706,88702976,22412.711,568,19.62,0.0,208.62,-0.019377166405320168,2.5193774700164795,0.5539675951004028,0.005050013920282481,0.039398193359375,0.0003,0.2273838630806846,0.8324145534729879,2.83,0.52,0.83,4.82,4.88,0.58,0.69,3.61,0.0,3.768433746248484,4.7,171.45,0.03937719319947064,nan
2707,88735744,22468.655,568,21.07,0.0,219.41,-0.013704866170883179,2.3252992630004883,0.5433318018913269,0.0038496242297583194,0.03240966796875,0.0003,0.2256203115983843,0.8497512437810946,3.24,0.48,1.1,4.91,5.19,0.84,0.61,3.74,0.0,4.015419973284006,5.38,186.37,0.04231211240403354,nan
2708,88768512,22531.665,568,17.59,0.0,191.16,-0.011809895746409893,2.971052646636963,0.5656043291091919,0.004785709591601517,0.04229736328125,0.0003,0.24991927671940586,0.8619854721549637,2.35,0.34,0.78,4.04,4.28,0.55,0.55,3.18,0.0,3.235092340409756,4.28,159.53,0.037667268072254956,nan
2709,88801280,22588.037,568,17.93,0.0,268.71,-0.013740205205976963,2.712620735168457,0.5812819004058838,0.004315106731752394,0.03853607177734375,0.0003,0.24906015037593984,0.8697729988052568,2.39,0.52,0.67,4.06,4.24,0.58,0.62,3.04,0.0,3.0604965855181216,4.17,166.26,0.040039745275862515,nan
2710,88834048,22645.402,568,18.62,0.0,203.66,-0.015159301459789276,2.738629102706909,0.5544055700302124,0.004799548639425666,0.04187774658203125,0.0003,0.2706260971328262,0.8507625272331155,2.46,0.44,0.88,4.5,4.53,0.55,0.52,3.46,0.0,3.4649818804860115,4.54,171.02,0.041148712392896414,nan
2711,88866816,22703.583,568,17.44,0.0,185.94,-0.00976251158863306,2.7859749794006348,0.5512042045593262,0.004990556503628341,0.04932403564453125,0.0003,0.2776679841897233,0.8424317617866005,2.44,0.44,0.84,4.19,4.3,0.57,0.46,3.27,0.01,3.28135831579566,4.19,157.18,0.041553011164069176,nan
2712,88899584,22759.511,568,20.48,0.0,212.27,-0.008364632725715637,2.947784423828125,0.5218111276626587,0.00417187320365997,0.04158782958984375,0.0003,0.24933608734139864,0.8378099173553719,2.48,0.6,0.91,5.2,5.45,0.77,0.7,3.98,0.0,4.195711669623852,4.98,185.23,0.04271632863674313,nan
2713,88932352,22815.941,568,18.23,0.0,197.68,-0.010771067813038826,2.584773063659668,0.5328083634376526,0.0038185542421445007,0.03261566162109375,0.0003,0.24571078431372548,0.8431137724550898,2.19,0.5,0.8,4.62,4.58,0.58,0.62,3.38,0.0,3.488595384657383,4.41,167.38,0.04067680356092751,nan
2714,88965120,22873.196,568,19.32,0.0,204.92,-0.01595541648566723,2.822342872619629,0.5363678336143494,0.004910806489647257,0.03894805908203125,0.0003,0.25795795795795795,0.875139353400223,2.55,0.62,0.83,4.65,4.75,0.61,0.54,3.6,0.0,3.6360843226313593,4.73,172.93,0.045362266479060054,nan
2715,88997888,22932.297,568,17.25,0.0,189.5,-0.014531141147017479,2.9744818210601807,0.5561453104019165,0.005046970011306939,0.043487548828125,0.0003,0.3225094577553594,0.8470149253731343,2.16,0.45,0.91,4.31,4.19,0.63,0.5,3.06,0.01,3.119860129058361,4.51,164.15,0.04040703549981117,nan
2716,89030656,22988.209,568,19.29,0.0,201.41,-0.014743773266673088,2.5183615684509277,0.5271961688995361,0.005566859038411236,0.040921724759615384,0.0003,0.2781517747858017,0.8216340621403913,2.7,0.49,0.86,4.87,5.25,0.85,0.73,3.67,0.01,3.9791753080487253,4.63,168.3,0.04386880549673851,nan
2717,89063424,23043.134,568,18.76,0.0,203.1,-0.01460791751742363,2.259925365447998,0.517540454864502,0.004868683232132298,0.0432586669921875,0.0003,0.2440422322775264,0.8437146092865232,2.33,0.49,0.85,4.83,4.98,0.52,0.74,3.72,0.0,3.7703416885435583,4.57,169.64,0.04092886974103749,nan
2718,89096192,23099.924,568,19.33,0.0,217.32,-0.01696671172976494,2.6903269290924072,0.5172334909439087,0.006427107650324615,0.0460052490234375,0.0003,0.27175174013921116,0.8584070796460177,2.68,0.55,0.86,5.11,5.11,0.59,0.55,3.97,0.0,3.8838474866747856,4.64,171.94,0.03934500186005607,nan
2719,89128960,23155.962,568,20.21,0.0,218.09,-0.016705816611647606,2.752805233001709,0.49800699949264526,0.005023852916963278,0.0416259765625,0.0003,0.22682445759368836,0.8451749734888653,2.68,0.48,0.86,5.33,5.23,0.56,0.64,4.03,0.0,4.091457996666431,5.03,186.25,0.04304113984107971,nan
2720,89161728,23213.372,568,18.9,0.0,217.98,-0.01790415495634079,2.7262496948242188,0.5215219259262085,0.00608711762083658,0.03874969482421875,0.0003,0.2855425308085362,0.843400447427293,2.82,0.49,0.89,4.57,4.74,0.66,0.52,3.56,0.0,3.6174471464753153,4.53,173.55,0.039248178247362375,nan
2721,89194496,23271.308,568,19.09,0.0,206.08,-0.017607972025871277,2.6763429641723633,0.5105627775192261,0.004515214900607134,0.03888702392578125,0.0003,0.20992822966507177,0.8418201516793066,2.49,0.44,1.07,4.95,5.18,0.62,0.74,3.82,0.0,4.138579093813896,4.69,174.2,0.03551550948759541,nan
2722,89227264,23327.071,568,18.45,0.0,199.13,-0.014072351157665253,2.847980499267578,0.5309557914733887,0.004686835065683681,0.043975830078125,0.0003,0.23237030133581857,0.8284714119019837,2.33,0.55,0.89,4.47,4.43,0.61,0.49,3.33,0.03,3.359373707473278,4.53,168.68,0.043779444647952914,nan
2723,89260032,23387.172,568,18.96,0.0,203.92,-0.012932166457176208,2.8451857566833496,0.53373122215271,0.004010685414471027,0.03739166259765625,0.0003,0.24160870879951618,0.8823529411764706,2.39,0.55,0.85,4.98,4.94,0.64,0.53,3.77,0.0,3.6803499162197113,4.6,175.06,0.04272983921691775,nan
2724,89292800,23447.797,568,17.43,0.0,190.15,-0.011699981987476349,2.696580648422241,0.5433512926101685,0.003284693706689268,0.034912109375,0.0003,0.2283218964441672,0.8581997533908755,1.8,0.42,0.91,4.45,4.37,0.79,0.48,3.1,0.01,3.3142447017133234,4.39,157.28,0.042923670494928956,nan
2725,89325568,23510.574,568,18.33,0.0,255.61,-0.01298900693655014,2.399233341217041,0.5433238744735718,0.004376183112754006,0.03653717041015625,0.0003,0.1967113276492083,0.8385964912280702,2.44,0.5,0.79,4.67,4.76,0.67,0.6,3.49,0.0,3.608877651691437,4.6,165.08,0.039681238355115056,nan
2726,89358336,23570.591,568,17.61,0.0,186.78,-0.01104799285531044,2.5250868797302246,0.5720648765563965,0.00283607586487733,0.02722930908203125,0.0003,0.2132564841498559,0.84625,2.07,0.34,0.79,4.62,4.61,0.52,0.49,3.6,0.0,3.6436806309223173,4.34,161.51,0.04051787336356938,nan
2727,89391104,23631.778,568,18.69,0.0,200.01,-0.011564669199287891,2.6453495025634766,0.5483987927436829,0.0038145912219533784,0.0326385498046875,0.0003,0.19247378161628625,0.8487690504103166,2.47,0.52,0.89,4.91,5.0,0.78,0.58,3.64,0.0,3.847591311633587,4.61,168.69,0.04243445477914065,nan
2728,89423872,23691.186,568,19.93,0.0,213.6,-0.017206022515892982,2.8007380962371826,0.5326040983200073,0.0047310154444630825,0.0383148193359375,0.0003,0.22839685772475996,0.8450854700854701,2.51,0.6,0.96,5.04,5.01,0.73,0.6,3.68,0.0,3.9473989993333816,5.17,177.4,0.04244268964976072,nan
2729,89456640,23753.203,568,17.69,0.0,192.27,-0.01289970614016056,2.436148166656494,0.5656188726425171,0.00321460819600361,0.02960205078125,0.0003,0.24898848428260192,0.8608695652173913,1.98,0.59,0.83,4.41,4.36,0.67,0.45,3.24,0.0,3.3225035214424135,4.29,160.66,0.04381045955233276,nan
2730,89489408,23809.581,568,18.4,0.0,194.34,-0.013725611381232738,2.685555934906006,0.5442389249801636,0.0036524458064945975,0.0328521728515625,0.0003,0.2315051020408163,0.8568102444703143,2.49,0.49,0.88,4.51,4.48,0.59,0.54,3.35,0.0,3.3246904167532922,4.5,166.71,0.04464800807181746,nan
2731,89522176,23869.517,568,19.37,0.0,207.08,-0.014937754720449448,2.45957612991333,0.5180166959762573,0.00361125189260747,0.03446197509765625,0.0003,0.2391496899911426,0.8687982359426681,2.55,0.59,1.03,5.05,5.28,0.93,0.58,3.77,0.0,4.009496321976185,5.01,177.55,0.04380530689377338,nan
2732,89554944,23928.835,568,19.05,0.0,200.97,-0.01560162752866745,2.509464979171753,0.5622581243515015,0.005221216010454555,0.04233551025390625,0.0003,0.27034277198211626,0.8498293515358362,2.46,0.68,0.79,4.83,4.95,0.67,0.64,3.64,0.0,3.7851551640033723,4.55,175.32,0.0399315080139786,nan
2733,89587712,23989.992,568,18.17,0.0,193.56,-0.015973038971424103,2.467075824737549,0.563400387763977,0.004027713524806131,0.03719329833984375,0.0003,0.282708142726441,0.8458781362007168,2.2,0.62,0.68,4.77,4.86,0.49,0.56,3.81,0.0,3.5767093531787397,4.4,167.89,0.04166852787602693,nan
2734,89620480,24045.797,568,18.54,0.0,204.17,-0.015804700553417206,2.761103630065918,0.5483753681182861,0.005281803203274649,0.0450592041015625,0.0003,0.27741736175471116,0.848,2.28,0.55,0.84,4.86,4.88,0.64,0.54,3.7,0.0,3.705028158724308,4.44,168.14,0.045780866290442646,nan
2735,89653248,24100.621,568,17.0,0.0,183.91,-0.012105565518140793,3.013042449951172,0.5645593404769897,0.003964677356748325,0.03662872314453125,0.0003,0.332277478618942,0.8571428571428571,1.86,0.46,0.77,4.39,4.41,0.47,0.51,3.43,0.01,3.40536474250257,4.11,158.22,0.04232613742351532,nan
2736,89686016,24160.85,568,19.12,0.0,208.87,-0.012812305241823196,2.675447940826416,0.5572594404220581,0.003251557627436341,0.03224945068359375,0.0003,0.27965367965367965,0.8635346756152126,2.27,0.63,0.95,4.96,4.89,0.62,0.58,3.69,0.0,3.6537490777671335,4.74,178.66,0.04266733676195145,nan
2737,89718784,24215.594,568,17.16,0.0,189.02,-0.01134460885077715,2.8371353149414062,0.5460720658302307,0.003177261229211581,0.03106689453125,0.0003,0.30313588850174217,0.8720496894409938,1.75,0.54,0.83,4.74,4.82,0.6,0.53,3.69,0.01,3.6655689430236817,4.02,163.76,0.045490558608435094,nan
2738,89751552,24273.283,568,18.01,0.0,204.86,-0.011722387745976448,3.1078710556030273,0.5723291039466858,0.003101961701190703,0.0288238525390625,0.0003,0.27898209236569277,0.8604938271604938,2.25,0.38,0.6,4.49,4.43,0.5,0.5,3.43,0.01,3.2939635878801345,4.25,162.17,0.044700434315018356,nan
2739,89784320,24333.234,568,16.7,0.0,185.3,-0.015465373173356056,2.875342607498169,0.5597248077392578,0.0036805167874263134,0.03436279296875,0.0003,0.2960803368966634,0.8686224489795918,1.72,0.57,0.69,4.36,4.25,0.54,0.47,3.24,0.03,3.2123474696278573,3.87,156.48,0.04420089581981301,nan
2740,89817088,24392.185,568,17.47,0.0,185.86,-0.010633524507284164,2.651381492614746,0.5341626405715942,0.0034151249300578,0.035369873046875,0.0003,0.3414322250639386,0.8607277289836889,2.38,0.64,0.72,4.07,4.07,0.51,0.59,2.97,0.04,3.0467556819319723,4.3,160.81,0.04307598329614848,nan
2741,89849856,24450.733,568,16.94,0.0,202.8,-0.007236940320581198,3.010190010070801,0.5536142587661743,0.0025566801388094973,0.027130126953125,0.0003,0.28371945414154237,0.8641370869033048,1.63,0.52,0.77,4.5,4.43,0.52,0.48,3.43,0.0,3.3377578979730607,4.07,158.8,0.044119005324319005,nan
2742,89882624,24507.802,568,18.94,0.0,209.08,-0.014258010312914848,3.0958869457244873,0.5507314205169678,0.0031191514100328277,0.02716827392578125,0.0003,0.25036949453148094,0.8431372549019608,2.47,0.67,0.92,4.73,4.82,0.71,0.61,3.5,0.01,3.6935309529304505,4.63,170.91,0.037557817762717605,nan
2743,89915392,24564.145,568,20.92,0.0,218.17,-0.01617344841361046,2.637855052947998,0.5133125185966492,0.005311943708193212,0.04245758056640625,0.0003,0.26043453401943967,0.8383110195674562,2.95,0.64,0.8,5.05,5.08,0.53,0.57,3.98,0.0,3.9226141629368065,5.07,186.02,0.041754685109481215,nan
2744,89948160,24618.822,568,20.48,0.0,215.76,-0.015681542456150055,2.8230016231536865,0.4942092299461365,0.004778123151083946,0.04068756103515625,0.0003,0.27238372093023255,0.8516542155816436,2.56,0.67,1.02,5.2,5.38,0.96,0.72,3.7,0.01,4.1624837943911555,5.11,181.78,0.04238094680476934,nan
2745,89980928,24676.188,568,20.47,0.0,269.86,-0.007962125353515148,2.305889129638672,0.5199095010757446,0.0034866320814899154,0.03231048583984375,0.0003,0.26931818181818185,0.8453276047261009,2.95,0.74,0.99,5.17,5.17,0.65,0.57,3.95,0.0,3.999374308884144,5.04,182.7,0.039807800902053714,nan
2746,90013696,24734.912,568,19.5,0.0,216.49,-0.01774665340781212,2.610684871673584,0.5053099393844604,0.004787524666561183,0.038421630859375,0.0003,0.22699040090344438,0.8805970149253731,2.87,0.65,0.91,5.45,5.63,0.78,0.57,4.28,0.0,4.355911461412907,4.82,182.42,0.040747517137788236,nan
2747,90046464,24788.696,568,17.48,0.0,181.09,-0.020741548389196396,2.832549571990967,0.5187801122665405,0.006329568450041734,0.04177093505859375,0.0003,0.27048634243837444,0.8324742268041238,1.94,0.53,0.9,4.35,4.49,0.81,0.57,3.11,0.01,3.4742034709453584,4.39,157.39,0.04211697750724852,nan
2748,90079232,24845.904,568,19.78,0.0,227.22,-0.01491261925548315,2.4127817153930664,0.5021401643753052,0.004212832302755487,0.03485870361328125,0.0003,0.22538552787663108,0.8628691983122363,2.78,0.49,1.13,5.12,5.23,0.84,0.57,3.82,0.01,3.999758671671152,4.98,176.12,0.03810177289415151,nan
2749,90112000,24900.693,568,19.24,0.0,236.49,-0.015651244670152664,2.751692771911621,0.5258961319923401,0.004326202012123304,0.03821563720703125,0.0003,0.22334723049434188,0.8560354374307863,2.07,0.53,0.94,5.26,5.2,0.72,0.62,3.86,0.0,3.9228175829350946,4.98,174.64,0.0403072516201064,nan
2750,90144768,24957.294,568,19.53,0.0,217.6,-0.017489824444055557,2.4256432056427,0.516473650932312,0.0051850840651255226,0.043731689453125,0.0003,0.21735395189003437,0.8580508474576272,2.71,0.53,0.97,5.44,5.5,0.83,0.72,3.95,0.01,4.171596823781729,4.9,177.57,0.0376776039483957,nan
2751,90177536,25012.84,568,18.45,0.0,199.27,-0.019953321665525436,2.5987398624420166,0.5264745354652405,0.006232599325585397,0.0485992431640625,0.0003,0.19836272040302266,0.8365714285714285,2.46,0.54,0.9,5.01,5.22,0.79,0.52,3.91,0.0,4.0263905803859235,4.67,166.19,0.04208856029435992,nan
2752,90210304,25069.188,568,21.75,0.0,234.14,-0.010340254753828049,2.637221574783325,0.5229333639144897,0.0034895632363145523,0.02968597412109375,0.0003,0.22413322413322415,0.8434093161546086,3.47,0.64,1.16,5.75,5.87,0.83,0.77,4.27,0.01,4.61248262912035,5.59,191.17,0.04188967670779675,nan
2753,90243072,25126.307,568,17.78,0.0,193.78,-0.01647076942026615,2.728393316268921,0.5181782245635986,0.004409602267969603,0.03560638427734375,0.0003,0.18817029574260644,0.807372175980975,2.02,0.42,0.86,4.91,4.9,0.63,0.59,3.68,0.0,3.786273596063256,4.41,162.06,0.04396761581301689,nan
2754,90275840,25181.717,568,18.33,0.0,195.04,-0.019235027953982353,2.7584474086761475,0.5273544788360596,0.005244912551688685,0.03662872314453125,0.0003,0.19407687460617518,0.8108720271800679,2.59,0.5,0.96,4.9,4.82,0.88,0.56,3.38,0.0,3.700227795690298,4.72,166.03,0.0406570389168337,nan
2755,90308608,25238.101,568,17.89,0.0,190.9,-0.01565438136458397,3.0764641761779785,0.5313715934753418,0.0042214212292606135,0.0353546142578125,0.0003,0.21117424242424243,0.8360248447204969,2.19,0.42,0.96,4.57,4.64,0.6,0.53,3.51,0.01,3.539424296915531,4.72,169.17,0.045055870548821986,nan
2756,90341376,25296.083,568,18.87,0.0,203.57,-0.018395965918898582,2.51442813873291,0.5426642298698425,0.005106803978037533,0.04150390625,0.0003,0.18863912515188336,0.7987220447284346,2.09,0.45,0.89,5.33,5.31,0.66,0.64,4.01,0.0,3.9460184784978627,4.74,172.79,0.03962609218433499,nan
2757,90374144,25352.747,568,18.06,0.0,199.73,-0.014552504755556583,2.6213250160217285,0.5432592630386353,0.0045918484978528795,0.03522491455078125,0.0003,0.2310077519379845,0.8175438596491228,1.98,0.53,0.98,4.78,4.76,0.77,0.49,3.5,0.0,3.723552505373955,4.47,164.7,0.046651617623865604,nan
2758,90406912,25410.122,568,19.56,0.0,233.22,-0.017616428434848785,2.3289670944213867,0.5101461410522461,0.005565994483731629,0.04264068603515625,0.0003,0.1980461811722913,0.8335220838052095,2.1,0.54,0.95,5.28,5.66,0.79,0.58,4.29,0.0,4.420611520856619,4.92,174.38,0.040021107881329954,nan
2759,90439680,25464.978,568,19.67,0.0,224.35,-0.011813934892416,2.8142220973968506,0.5202016830444336,0.003635130788325114,0.032562255859375,0.0003,0.2353623188405797,0.8188888888888889,2.35,0.59,0.99,5.05,4.89,0.54,0.53,3.82,0.0,3.6816240449249746,5.05,177.62,0.040831652586348355,nan
2760,90472448,25520.088,568,20.06,0.0,221.84,-0.015228359028697014,2.2292582988739014,0.5240994691848755,0.004520413257068867,0.03896331787109375,0.0003,0.19148936170212766,0.8328141225337488,2.39,0.58,1.1,5.19,5.07,0.82,0.61,3.64,0.0,3.693264075815678,5.38,182.21,0.03777194127906114,nan
2761,90505216,25577.389,568,20.24,0.0,214.99,-0.01124418806284666,2.6669507026672363,0.5205510258674622,0.0029299436750989116,0.02909088134765625,0.0003,0.26333808844507844,0.8278775079197466,2.51,0.64,0.83,5.19,5.1,0.59,0.62,3.89,0.01,3.7920344996452333,4.99,183.23,0.044242774485610425,nan
2762,90537984,25632.653,568,19.76,0.0,210.1,-0.01826898381114006,2.7569432258605957,0.5269670486450195,0.0040584967951531326,0.03601837158203125,0.0003,0.22587150677038317,0.8072805139186295,2.5,0.53,1.07,4.8,4.6,0.74,0.57,3.29,0.01,3.5195888829231263,5.11,181.09,0.04463449097238481,nan
2763,90570752,25687.396,568,19.45,0.0,204.84,-0.01687765121459961,2.667105197906494,0.5280871391296387,0.005465241845968194,0.04123687744140625,0.0003,0.22111436950146626,0.8040089086859689,2.8,0.46,0.84,4.93,5.18,0.69,0.63,3.86,0.01,4.021273254305124,4.87,175.51,0.03883716155542061,nan
2764,90603520,25749.101,568,18.42,0.0,238.53,-0.014138400554656982,2.9861364364624023,0.5284322500228882,0.00406321885876082,0.037750244140625,0.0003,0.2900694234832478,0.8082191780821918,2.45,0.43,0.89,4.99,4.85,0.8,0.49,3.56,0.0,3.7215998446941376,4.56,168.45,0.03794755518902093,nan
2765,90636288,25806.191,568,17.08,0.0,223.66,-0.011167429387569427,2.9152398109436035,0.5517385601997375,0.003252647037555789,0.03406524658203125,0.0003,0.30710417330359985,0.8293299620733249,1.77,0.36,0.72,4.31,4.32,0.61,0.55,3.16,0.04,3.2655180910229684,4.22,159.53,0.04172487568575889,nan
2766,90669056,25862.637,568,19.23,0.0,197.92,-0.01407608948647976,2.7393791675567627,0.5462576746940613,0.003502947062173689,0.03049468994140625,0.0003,0.26116207951070336,0.847084708470847,2.94,0.57,0.89,4.81,4.84,0.7,0.5,3.64,0.01,3.5839050695300103,4.8,171.29,0.04401290009263903,nan
2767,90701824,25919.474,568,19.53,0.0,209.6,-0.016315508633852005,3.1689350605010986,0.5391936302185059,0.004593322527227883,0.03977203369140625,0.0003,0.2414289830020167,0.8070953436807096,2.94,0.46,0.93,4.94,4.76,0.62,0.62,3.52,0.0,3.6300878328084947,5.01,180.12,0.04319814627524465,nan
2768,90734592,25978.741,568,18.41,0.0,202.04,-0.009517868980765343,2.9052934646606445,0.5536745190620422,0.003325322784405671,0.03284454345703125,0.0003,0.2948943661971831,0.8020477815699659,2.81,0.5,0.93,4.86,4.98,0.56,0.6,3.82,0.04,3.7561958357691765,4.46,169.41,0.045581464539282024,nan
2769,90767360,26035.735,568,18.58,0.0,200.43,-0.01615935191512108,3.0083184242248535,0.5404080748558044,0.0026778365818813654,0.02423095703125,0.0003,0.29677226539151225,0.8063420158550396,2.15,0.63,0.87,4.79,4.87,0.47,0.57,3.83,0.0,3.659460613131523,4.55,168.44,0.03876348817721009,nan
2770,90800128,26094.811,568,17.8,0.0,191.26,-0.011642838828265667,3.36704158782959,0.5475316643714905,0.0028210051095243216,0.026458740234375,0.0003,0.32868649318463444,0.8137847642079806,2.01,0.33,0.74,4.56,4.45,0.45,0.48,3.52,0.01,3.2947859916090967,4.42,163.05,0.04032761510461569,nan
2771,90832896,26153.349,568,19.09,0.0,204.2,-0.006228171288967133,3.000965118408203,0.5170121788978577,0.002988036456201826,0.02866363525390625,0.0003,0.24715398442180947,0.828125,2.35,0.51,0.74,5.03,4.91,0.6,0.46,3.85,0.0,3.8405187541246413,4.45,168.97,0.0443588140187785,nan
2772,90865664,26212.261,568,18.34,0.0,200.16,-0.016948463395237923,3.3615102767944336,0.5361140966415405,0.004693930791404455,0.04082489013671875,0.0003,0.257661038148843,0.8062645011600929,2.31,0.43,0.91,4.78,4.91,0.75,0.47,3.69,0.0,3.723515124246478,4.73,161.89,0.03765487938653678,nan
2773,90898432,26273.0,568,18.62,0.0,199.98,-0.013003398664295673,2.746671199798584,0.5221909880638123,0.004608104696330884,0.04177093505859375,0.0003,0.2160551897146441,0.8331428571428572,2.04,0.44,0.93,4.94,4.97,0.73,0.42,3.82,0.0,3.763388930261135,4.52,165.35,0.04326662851963192,nan
2774,90931200,26330.237,568,16.04,0.0,177.83,-0.014484589919447899,2.9587361812591553,0.5753910541534424,0.0038042711854018307,0.03707122802734375,0.0003,0.28063885267275096,0.8293650793650794,1.82,0.35,0.68,4.14,4.26,0.49,0.42,3.35,0.02,3.184677437245846,3.8,152.59,0.037635255604982376,nan
