iter,global_step,wall_seconds,sps,ep_ret,win,ep_len,pg,v,ent,kl,clipfrac,lr,energy_unspent,card_take,upgrades,removes,elites,potions_got,potions_used,potions_used_elite,potions_used_boss,potions_used_normal,potions_expired,potion_use_hp,relics,hp_lost,aux,potion_ent
2775,90963968,52.894,619,28.014285714285716,0.014285714285714285,302.0,0.0006932911928743124,19.23773193359375,0.527737021446228,0.00045145818353375944,0.0034637451171875,0.0003,0.2993532491530644,0.8329741379310345,8.314285714285715,0.5857142857142857,1.1,7.9,7.757142857142857,0.7285714285714285,1.1,5.928571428571429,0.02857142857142857,6.480995665703501,7.285714285714286,202.5857142857143,0.03873747028410435,nan
2776,90996736,109.339,599,31.64,0.03,359.15,1.1249445378780365e-05,19.459238052368164,0.5077707767486572,7.518758508240353e-05,0.00040435791015625,0.0003,0.25760950259836674,0.8418006430868167,10.05,0.84,1.68,8.94,9.56,1.27,1.32,6.97,0.02,7.9330381411314015,8.71,235.41,0.034838881343603134,nan
2777,91029504,163.553,601,31.79,0.06,376.35,0.0002225814387202263,20.111427307128906,0.513979434967041,0.00012416074695664747,0.00072479248046875,0.0003,0.2828576622432285,0.8357641090678504,9.73,0.82,1.64,9.01,9.51,1.18,1.37,6.96,0.04,7.870485151559114,8.51,225.34,0.03641603607684374,nan
2778,91062272,222.336,589,32.07,0.06,368.94,-9.502889588475227e-05,22.371673583984375,0.4927639961242676,0.00011676145965111573,0.0006256103515625,0.0003,0.27003676470588234,0.8407894736842105,10.82,0.73,1.76,9.14,9.39,1.27,1.55,6.57,0.02,7.873420605659485,8.65,224.75,0.032895659329369664,nan
2779,91095040,278.378,588,32.32,0.09,367.23,-0.0004953206516802311,22.34076690673828,0.4665989875793457,0.0003325192614340722,0.0025177001953125,0.0003,0.26191790907417634,0.8384030418250951,10.45,0.85,1.79,9.08,9.17,1.28,1.36,6.53,0.02,7.859641836285591,8.61,231.66,0.03299276391044259,nan
2780,91127808,332.755,590,29.95,0.05,344.99,7.77682289481163e-05,17.696857452392578,0.5103194117546082,9.671140634281983e-05,0.00054168701171875,0.0003,0.23896053145760063,0.8303512259774686,8.97,1.06,1.47,7.95,8.22,1.07,1.19,5.96,0.02,6.8145447784662245,7.9,222.39,0.03918573749251664,nan
2781,91160576,387.149,592,29.99,0.02,331.98,0.0009563383646309376,18.86383628845215,0.5072911381721497,0.00016692852986466278,0.00112152099609375,0.0003,0.2533008328255129,0.8527519656897784,9.03,0.85,1.29,8.43,8.51,0.94,1.33,6.24,0.01,7.116164202094078,7.37,210.99,0.0323368048411794,nan
2782,91193344,437.349,599,30.33,0.06,343.67,-0.00026190001517534256,21.41271209716797,0.48731115460395813,0.00012684108071425726,0.00066375732421875,0.0003,0.28063089055587614,0.8517006802721089,9.8,0.89,1.4,8.72,9.28,1.05,1.29,6.94,0.04,7.686619410514831,7.9,215.56,0.03247110726078972,nan
2783,91226112,497.628,592,31.25,0.05,384.52,-0.00599334854632616,17.052440643310547,0.48837196826934814,0.0038781002271832676,0.03382110595703125,0.0003,0.2610941086457536,0.8482384823848238,9.66,0.87,1.41,8.42,8.69,1.02,1.15,6.52,0.01,7.14169340968132,8.04,224.06,0.03415600425796583,nan
2784,91258880,558.601,586,31.15,0.03,346.03,-0.007397998124361038,18.517730712890625,0.5065023303031921,0.00527949478336609,0.04608154296875,0.0003,0.2372438730413821,0.8520238885202389,9.66,0.85,1.52,8.68,9.2,1.15,1.26,6.79,0.02,7.609279193878174,7.92,221.14,0.03294273145729676,nan
2785,91291648,615.738,585,30.36,0.06,343.17,-0.002888011746108532,19.718795776367188,0.5040696859359741,0.006400763199792436,0.04465484619140625,0.0003,0.20247851289226465,0.8424283765347885,9.02,0.91,1.47,8.36,8.5,1.0,1.3,6.2,0.02,7.063136850595474,7.66,219.65,0.0350305613828823,nan
2786,91324416,673.412,583,31.38,0.06,348.44,-0.007623125799000263,19.948951721191406,0.49826478958129883,0.0034278486795358276,0.030487060546875,0.0003,0.26964742958440024,0.8338741077222582,10.23,0.79,1.47,8.8,9.11,1.04,1.23,6.84,0.02,7.58593903541565,8.21,218.7,0.03550156427081674,nan
2787,91357184,733.575,580,29.96,0.02,328.66,-0.008803724311292171,20.687477111816406,0.49308058619499207,0.003351028207532636,0.02866363525390625,0.0003,0.21517213771016813,0.8276353276353277,9.65,0.66,1.25,8.15,8.48,0.86,1.21,6.41,0.02,6.9981252586841585,7.62,213.38,0.03523148794192821,nan
2788,91389952,792.295,579,31.54,0.04,348.87,-0.007182652130723,20.488073348999023,0.48329758644104004,0.003063944527411877,0.0264739990234375,0.0003,0.255786350148368,0.8354346383543464,10.54,0.92,1.58,8.76,9.16,1.22,1.26,6.68,0.04,7.611156735420227,8.34,220.39,0.034169640159234405,nan
2789,91422720,853.038,576,31.65,0.07,351.01,-0.007019012235105038,22.003416061401367,0.53145432472229,0.003924453480635748,0.03359222412109375,0.0003,0.24990261005064277,0.8452685421994884,9.94,0.8,1.54,9.17,9.18,1.04,1.37,6.77,0.02,7.709674433469773,8.03,224.84,0.03770567919127643,nan
2790,91455488,914.821,573,31.2,0.03,342.61,-0.01047416590154171,17.456085205078125,0.5161083936691284,0.003818482113445043,0.03267669677734375,0.0003,0.2181160875677847,0.8655052264808363,10.43,0.93,1.44,8.57,8.94,1.01,1.17,6.76,0.01,7.569975565671921,8.09,224.74,0.0335579514503479,nan
2791,91488256,976.103,570,31.13,0.05,340.14,-0.004816240631043911,22.797534942626953,0.4994566738605499,0.003457694306121084,0.032806396484375,0.0003,0.22379778051787916,0.8526244952893675,9.16,0.87,1.69,8.76,8.65,1.14,1.32,6.19,0.0,7.338510380387306,8.32,224.39,0.035506451735273004,nan
2792,91521024,1039.213,567,32.25,0.04,353.73,-0.007174071855843067,19.912506103515625,0.48274755477905273,0.0028509621541843444,0.02440643310546875,0.0003,0.2257938063504508,0.8681528662420382,10.03,0.86,1.68,9.17,9.18,1.12,1.33,6.73,0.04,7.612684183120727,8.71,226.61,0.03351310937432572,nan
2793,91553792,1099.706,566,32.79,0.05,362.69,-0.008995063602924347,23.099990844726562,0.4803831875324249,0.003855146905266338,0.03166961669921875,0.0003,0.22684921087659252,0.8651399491094147,11.56,0.9,1.89,9.27,9.2,1.12,1.3,6.78,0.02,7.680311784744263,8.92,229.34,0.033716627571266145,nan
2794,91586560,1157.531,566,32.1,0.06,354.14,-0.009012684226036072,20.510967254638672,0.5161290168762207,0.002948512450416274,0.02530670166015625,0.0003,0.24582199766809174,0.8405063291139241,10.16,0.91,1.84,9.12,9.42,1.32,1.31,6.79,0.02,7.819895484447479,8.89,227.0,0.030747001990675926,nan
2795,91619328,1215.44,566,31.35,0.03,336.36,-0.006317378953099251,21.545516967773438,0.49332648515701294,0.0025095811239452814,0.0222015380859375,0.0003,0.2154126213592233,0.8414795244385733,10.08,0.89,1.55,8.7,9.05,1.17,1.27,6.61,0.02,7.575813506245613,8.26,224.74,0.03412658756133169,nan
2796,91652096,1268.841,568,32.25,0.06,351.71,-0.005410422571003437,21.15247917175293,0.4808940589427948,0.001986495814477962,0.01874542236328125,0.0003,0.235493519441675,0.8332260141661301,11.17,0.96,1.53,9.32,9.62,1.18,1.46,6.98,0.03,8.104702535271645,8.62,224.28,0.029350846481975168,nan
2797,91684864,1324.211,569,29.45,0.06,325.86,-0.007977340370416641,18.002695083618164,0.48290812969207764,0.0027415745994971985,0.025390625,0.0003,0.2382225879448673,0.8440559440559441,9.2,1.05,1.63,7.83,7.66,0.99,1.06,5.61,0.01,6.2750087672472,7.98,210.54,0.03641932923346758,nan
2798,91717632,1378.844,570,33.28,0.09,367.7,-0.0064265429973602295,19.441267013549805,0.4874369204044342,0.002111232311904132,0.01761627197265625,0.0003,0.22031662269129287,0.8312577833125778,10.78,0.87,1.71,8.89,9.05,0.93,1.52,6.6,0.02,7.473986594676972,9.04,235.81,0.03674784174654633,nan
2799,91750400,1435.483,570,32.42,0.06,369.23,-0.00812827330082655,20.977577209472656,0.4630722403526306,0.0028707416909696803,0.0211639404296875,0.0003,0.20961538461538462,0.8397755610972568,11.85,0.8,1.7,8.49,9.11,1.26,1.31,6.54,0.02,7.553863540440798,8.69,223.8,0.03293346747523174,nan
2800,91783168,1488.744,572,33.81,0.06,381.21,-0.004706814885139465,20.116863250732422,0.4632173478603363,0.0024762031459886202,0.0226287841796875,0.0003,0.25621414913957935,0.8312655086848635,11.71,0.88,1.85,8.76,9.0,1.24,1.42,6.34,0.02,7.424707163572311,9.31,229.86,0.03288355463882908,nan
2801,91815936,1546.031,572,31.82,0.01,346.38,-0.0047835782170295715,22.162899017333984,0.5125921964645386,0.002989996968722153,0.0247344970703125,0.0003,0.2069870759289176,0.8367609254498715,11.1,0.85,1.88,9.19,9.65,1.3,1.5,6.85,0.0,8.031140414178372,9.03,223.58,0.034379758522845805,nan
2802,91848704,1601.532,572,31.74,0.08,348.99,-0.006397792138159275,21.78209114074707,0.48883360624313354,0.0018028500452089702,0.0158538818359375,0.0003,0.22052785923753665,0.8175324675324676,10.18,0.89,1.87,9.24,9.38,1.3,1.37,6.71,0.03,7.551380962133408,8.94,229.36,0.035158776910975575,nan
2803,91881472,1655.856,573,31.06,0.02,335.24,-0.009062204509973526,22.915569305419922,0.5011889934539795,0.004352476011746376,0.03180694580078125,0.0003,0.2346264960792406,0.8324503311258278,11.09,0.77,1.6,8.4,8.66,1.12,1.26,6.28,0.01,7.214267137646675,8.26,215.65,0.03223827725742012,nan
2804,91914240,1710.995,574,29.41,0.04,319.99,-0.005642442032694817,20.903348922729492,0.4684184193611145,0.0038303837722537537,0.03277587890625,0.0003,0.22538477756694075,0.836587129428778,9.35,0.73,1.68,8.11,8.31,1.33,1.26,5.72,0.01,6.946197332143783,8.11,202.85,0.03101644985144958,nan
2805,91947008,1764.426,575,31.35,0.02,338.63,-0.005891258828341961,22.72576904296875,0.48654383420944214,0.0036557472417086956,0.0308990478515625,0.0003,0.23038912909203213,0.8406846609611587,11.7,0.84,1.86,8.67,8.69,1.34,1.21,6.14,0.01,7.299547746181488,8.59,224.82,0.033700964180752635,nan
2806,91979776,1819.852,576,32.24,0.03,355.34,-0.009111529216170311,20.160579681396484,0.4959869980812073,0.0025706305528103712,0.02198028564453125,0.0003,0.2514642717688403,0.8341902313624678,11.14,0.81,2.16,9.38,9.44,1.62,1.26,6.56,0.01,7.790201603770256,9.26,228.6,0.033510417328216136,nan
2807,92012544,1875.808,576,32.52,0.04,348.05,-0.005198600701987743,20.544658660888672,0.48625805974006653,0.0056915575847824584,0.04294586181640625,0.0003,0.2914842817349781,0.8192307692307692,10.95,0.79,1.79,9.32,9.3,1.1,1.26,6.94,0.0,7.717758630514145,8.87,224.2,0.033857599715702236,nan
2808,92045312,1933.062,576,31.73,0.09,354.67,-0.007005958817899227,17.565086364746094,0.5065339803695679,0.004622911821854814,0.03789520263671875,0.0003,0.25626578589469595,0.8285175879396985,11.08,0.79,1.84,9.3,9.9,1.18,1.47,7.25,0.03,8.065291039943695,8.6,229.79,0.03595678287092596,nan
2809,92078080,1988.389,576,32.39,0.08,350.11,-0.005712389480322599,23.321115493774414,0.48881417512893677,0.0030393283608987076,0.028472900390625,0.0003,0.2894736842105263,0.8455128205128205,10.75,0.69,1.91,9.42,9.6,1.27,1.46,6.87,0.05,7.7005275690555575,8.99,232.37,0.03680460888426751,nan
2810,92110848,2044.173,577,32.15,0.04,332.05,-0.004335224628448486,24.983051300048828,0.4828334450721741,0.0048185348140918904,0.03546142578125,0.0003,0.237165888841748,0.8308724832214766,12.02,0.8,1.93,9.14,9.22,1.32,1.5,6.4,0.0,7.523174219131469,8.92,222.63,0.030486747156828642,nan
2811,92143616,2099.39,577,31.58,0.07,338.91,-0.003622193820774555,23.183156967163086,0.4805481433868408,0.0013409288245043172,0.01255035400390625,0.0003,0.23525760397268777,0.8555334658714381,11.09,0.82,1.71,9.07,9.3,1.14,1.26,6.9,0.05,7.5707403928041455,8.63,220.28,0.03072905685985461,nan
2812,92176384,2156.031,577,30.54,0.07,330.45,-0.005299322307109833,22.574665069580078,0.5097771883010864,0.0016352073416783242,0.0147857666015625,0.0003,0.22582657517155333,0.8641379310344828,11.07,1.01,1.68,8.73,8.94,1.32,1.39,6.23,0.0,7.291181326657534,8.3,210.81,0.033303236472420394,nan
2813,92209152,2210.617,578,30.0,0.05,324.01,-0.003311069216579199,21.700654983520508,0.4953468441963196,0.003811908177794976,0.0338897705078125,0.0003,0.22813442481688928,0.8383768913342503,9.97,0.69,1.78,8.29,9.18,1.46,1.37,6.35,0.02,7.529095168113709,8.2,201.52,0.030276553065050393,nan
2814,92241920,2267.682,578,29.79,0.06,326.56,-0.006265800911933184,25.596946716308594,0.48519760370254517,0.0024545663924300243,0.02121734619140625,0.0003,0.2223138791503403,0.8537414965986394,11.01,0.88,1.87,8.23,8.14,1.26,1.03,5.85,0.04,6.596547275558114,8.26,202.91,0.030655751179438084,nan
2815,92274688,2321.31,578,31.36,0.02,328.93,-0.00720605906099081,21.302654266357422,0.49207931756973267,0.003936403367276853,0.03485107421875,0.0003,0.22598391874735504,0.828956228956229,10.83,0.7,1.84,8.51,8.82,1.23,1.36,6.23,0.01,7.141258334815502,8.51,218.18,0.029437414661515504,nan
2816,92307456,2372.57,580,31.23,0.01,339.62,-0.00681643933057785,22.355588912963867,0.5076996684074402,0.004055032827778859,0.03408050537109375,0.0003,0.29538721963605585,0.8330058939096268,10.41,0.82,1.97,8.36,8.56,1.39,1.29,5.88,0.0,6.853004357814789,8.39,217.3,0.03293764864793047,nan
2817,92340224,2428.597,580,30.62,0.05,336.6,-0.009127486497163773,22.407447814941406,0.48588812351226807,0.003720352134678251,0.0352783203125,0.0003,0.2471490773377566,0.8407138136153338,10.72,0.75,1.8,8.15,8.47,1.39,1.1,5.98,0.01,6.897475623190403,8.47,210.1,0.02892516227439046,nan
2818,92372992,2481.722,580,31.22,0.07,331.48,-0.0047701275907456875,21.872098922729492,0.5286985635757446,0.0028110198724533575,0.03073883056640625,0.0003,0.23175182481751824,0.8462046204620463,10.4,0.88,1.69,8.39,8.24,1.25,0.95,6.04,0.04,6.594849688410759,8.6,212.54,0.03175962815294042,nan
2819,92405760,2534.094,581,31.15,0.02,335.97,-0.010014558210968971,19.84624481201172,0.5075390338897705,0.002831695238796783,0.02371978759765625,0.0003,0.2672904800650936,0.8495934959349594,10.13,0.76,1.8,7.95,8.65,1.15,1.21,6.29,0.0,6.924113344550133,8.77,217.87,0.03395168267888948,nan
2820,92438528,2588.798,582,29.62,0.05,324.06,-0.008256502449512482,22.389310836791992,0.48268377780914307,0.0025637855172675472,0.02155303955078125,0.0003,0.26500322650032265,0.8283321702721563,9.87,0.73,1.6,8.2,8.38,1.04,1.25,6.09,0.01,6.620197392106056,8.08,207.19,0.030030330643057823,nan
2821,92471296,2642.296,582,30.97,0.07,330.75,-0.007424302399158478,21.315933227539062,0.4737358093261719,0.00311170329041488,0.02629852294921875,0.0003,0.2361111111111111,0.835781041388518,11.06,0.73,1.86,8.16,8.38,1.35,1.32,5.71,0.0,6.762730890214443,8.68,209.74,0.029211388900876045,nan
2822,92504064,2697.473,583,29.81,0.06,323.94,-0.007357996888458729,27.097110748291016,0.49479061365127563,0.0028178045943718644,0.02954864501953125,0.0003,0.23122487835836683,0.8284145504461222,9.88,0.86,1.93,8.47,9.46,1.51,1.46,6.49,0.0,7.531817056015134,8.38,213.52,0.03175982023822144,nan
2823,92536832,2749.02,584,32.59,0.05,367.31,-0.007890567183494568,21.17864418029785,0.46813666820526123,0.0035976967621991207,0.0300140380859375,0.0003,0.2369410781445884,0.8238672622846203,12.96,0.67,2.06,8.77,9.51,1.48,1.52,6.51,0.01,7.687799419946969,9.35,227.47,0.0325461101019755,nan
2824,92569600,2802.705,584,31.38,0.05,338.31,-0.006494380533695221,24.55893325805664,0.4954352080821991,0.0015366092592294933,0.013427734375,0.0003,0.2507883119613202,0.806984126984127,11.03,0.74,1.71,8.86,9.38,1.19,1.34,6.85,0.03,7.590373377799988,8.47,218.19,0.032239423715509474,nan
2825,92602368,2857.736,584,31.7,0.08,331.74,-0.008279813453555107,24.128101348876953,0.4863608479499817,0.0031600784855640995,0.0255279541015625,0.0003,0.24070204763894693,0.8181818181818182,11.84,0.83,1.82,8.98,9.34,1.09,1.27,6.98,0.03,7.678509216308594,8.65,219.36,0.02925688202958554,nan
2826,92635136,2911.829,585,32.18,0.06,389.24,-0.005569609813392162,24.035415649414062,0.4861627221107483,0.0020122914100397793,0.017791748046875,0.0003,0.22688013482199285,0.8235668789808918,11.98,0.88,1.85,8.81,9.77,1.47,1.59,6.71,0.02,8.020863057374955,9.14,226.07,0.030741603346541524,nan
2827,92667904,2964.877,585,31.95,0.05,399.82,-0.00690818764269352,23.81182861328125,0.5019372701644897,0.001996257185282957,0.0184478759765625,0.0003,0.2439578599462921,0.8153553299492385,12.44,0.76,1.76,9.23,9.26,1.13,1.46,6.67,0.0,7.525606023669243,8.55,221.7,0.03385396534577012,nan
2828,92700672,3019.29,586,28.48,0.02,298.04,-0.008398867212235928,22.38904571533203,0.5041235685348511,0.0034816268341728573,0.029327392578125,0.0003,0.19899817850637522,0.8001412429378532,8.61,0.8,1.8,8.35,8.33,1.16,1.1,6.07,0.0,6.711438800692559,7.79,203.96,0.03570528281852603,nan
2829,92733440,3072.187,586,33.01,0.09,347.18,-0.006711242254823446,23.474239349365234,0.4810801148414612,0.003013713733082568,0.028961181640625,0.0003,0.24800654262931915,0.8178993163455562,13.1,0.83,1.91,9.35,9.12,1.31,1.41,6.4,0.03,7.632174409627915,9.07,230.32,0.03305152419488877,nan
2830,92766208,3124.949,587,29.42,0.05,314.64,-0.007054319605231285,21.292177200317383,0.5025320053100586,0.00221048204247154,0.0193328857421875,0.0003,0.22723214285714285,0.7897293546148508,8.71,0.74,1.6,7.9,8.16,0.99,1.28,5.89,0.02,6.721931554079056,7.73,205.47,0.028443478513509035,nan
2831,92798976,3179.77,587,29.58,0.07,320.81,-0.009146399796009064,25.468978881835938,0.49948352575302124,0.0038984464763416327,0.03044891357421875,0.0003,0.23219746614242026,0.7910652920962199,10.45,0.75,1.64,8.19,8.94,1.18,1.2,6.56,0.03,7.174345589280128,8.37,215.33,0.031207789026666433,nan
2832,92831744,3235.99,587,30.15,0.02,325.34,-0.007083951961249113,20.052284240722656,0.4959254860877991,0.004825006173803104,0.04177093505859375,0.0003,0.25225806451612903,0.8184300341296928,10.24,0.73,1.76,8.26,8.28,1.17,1.08,6.03,0.02,6.669007892608643,8.3,209.39,0.03155217174207792,nan
2833,92864512,3290.296,587,28.93,0.04,310.33,-0.01181039772927761,23.079418182373047,0.5212743282318115,0.0033523423644226114,0.0263214111328125,0.0003,0.2637149028077754,0.8061959654178674,9.47,0.75,1.51,7.54,7.72,1.1,1.08,5.54,0.05,6.254750453233719,7.82,211.66,0.03345711308065802,nan
2834,92897280,3349.521,586,29.6,0.01,312.8,-0.006223568692803383,22.415908813476562,0.48200082778930664,0.0050276772291226735,0.0435333251953125,0.0003,0.2600700525394046,0.8060522696011004,9.31,0.79,1.79,7.82,8.1,1.51,1.06,5.53,0.01,6.483170920312404,8.14,207.12,0.030822382075712085,nan
2835,92930048,3402.813,587,30.16,0.02,321.72,-0.007931318134069443,25.653858184814453,0.49697259068489075,0.0029984067022326144,0.02545928955078125,0.0003,0.23364084960308948,0.8348122866894198,10.65,0.73,1.78,7.52,7.57,1.19,0.9,5.48,0.0,6.087961123883725,8.53,215.46,0.033645184768829495,nan
2836,92962816,3458.175,587,31.08,0.05,324.64,-0.011834586970508099,27.769304275512695,0.4861096143722534,0.003923550833178524,0.03090667724609375,0.0003,0.23355263157894737,0.8153638814016172,11.42,0.74,1.9,8.62,8.63,1.34,1.25,6.04,0.0,7.150247700810432,8.93,215.1,0.030137577559798956,nan
2837,92995584,3511.556,587,30.04,0.05,320.46,-0.0058744847774505615,23.95431137084961,0.5002546310424805,0.0028782491367564944,0.028594970703125,0.0003,0.21095113438045376,0.7994505494505495,10.83,0.79,1.8,8.05,8.18,1.26,1.13,5.79,0.01,6.591612819433212,8.51,210.86,0.03401195496553555,nan
2838,93028352,3567.626,587,28.52,0.04,301.0,-0.006980719976127148,24.509960174560547,0.4905455708503723,0.0015162921932869722,0.01355743408203125,0.0003,0.20599163957268926,0.8035320088300221,9.5,0.7,1.52,7.53,7.79,1.02,1.17,5.6,0.04,6.233886477351189,7.76,195.81,0.029642598994541913,nan
2839,93061120,3620.868,588,29.48,0.04,310.55,-0.007792921736836433,21.77864646911621,0.4741339683532715,0.00286688884960995,0.0236358642578125,0.0003,0.25823451910408435,0.8026874115983027,8.98,0.84,1.71,7.84,8.46,1.25,1.13,6.08,0.01,6.712243567705155,8.37,206.87,0.031089120486285537,nan
2840,93093888,3675.058,588,31.71,0.08,341.55,-0.006102718412876129,26.39258575439453,0.47589051723480225,0.003981947824627241,0.0342559814453125,0.0003,0.24461163074420497,0.8072131147540984,11.96,0.93,1.83,8.7,9.28,1.35,1.23,6.7,0.04,7.46445809841156,9.26,223.26,0.03647361439652741,nan
2841,93126656,3728.389,588,30.62,0.03,323.6,-0.009617929346859455,23.00867462158203,0.4761943817138672,0.002653069976815914,0.02336883544921875,0.0003,0.24484590860786398,0.7878787878787878,10.81,0.83,1.67,8.47,8.65,1.08,1.38,6.19,0.0,6.902743779420852,8.1,212.75,0.0307746707694605,nan
2842,93159424,3788.438,588,30.88,0.05,329.14,-0.00858041737228632,23.72941780090332,0.48127904534339905,0.003675544344332593,0.0343780517578125,0.0003,0.24766751484308736,0.8154563624250499,10.82,0.74,1.76,8.28,8.45,0.99,1.43,6.03,0.01,6.902760488986969,8.58,217.38,0.0332612722995691,nan
2843,93192192,3846.157,587,29.7,0.04,316.96,-0.009128588251769543,24.610267639160156,0.4791632890701294,0.0031964379267037657,0.02931976318359375,0.0003,0.23201046663759267,0.8059187887130076,10.16,0.82,1.61,8.03,8.16,1.05,1.15,5.96,0.04,6.491819026470185,7.98,221.18,0.030926948704291135,nan
2844,93224960,3902.656,587,30.35,0.04,315.78,-0.00538997258991003,26.406681060791016,0.4760858714580536,0.0052160525468138985,0.04143524169921875,0.0003,0.26019080659150046,0.8174216027874565,10.33,0.68,1.74,7.84,8.08,1.13,1.16,5.79,0.01,6.543673605918884,8.41,213.09,0.03479188174242154,nan
2845,93257728,3958.723,587,30.69,0.02,332.25,-0.00643339566886425,21.569324493408203,0.4875521659851074,0.0046103323389701245,0.03745269775390625,0.0003,0.2484694954612624,0.8211382113821138,10.27,0.66,1.62,8.24,8.64,1.07,1.38,6.19,0.02,7.127722386717796,8.62,218.28,0.032179118832573295,nan
2846,93290496,4013.312,587,32.67,0.03,444.14,-0.009881171397864819,22.6994686126709,0.48078617453575134,0.0029764691850289182,0.0222320556640625,0.0003,0.24602695634681152,0.8122605363984674,12.67,0.79,2.06,8.82,8.94,1.32,1.28,6.34,0.05,7.181188847720623,9.48,232.06,0.031018662790302187,nan
2847,93323264,4066.634,588,31.71,0.03,368.84,-0.008578663691878319,21.620563507080078,0.49384140968322754,0.004398942700760244,0.0400543212890625,0.0003,0.21682982711935014,0.8094620868438107,10.68,0.66,1.7,8.6,9.03,1.06,1.36,6.61,0.01,7.300526888370514,8.49,223.93,0.03045716736232862,nan
2848,93356032,4117.786,588,30.67,0.0,436.19,-0.010512554086744785,20.951374053955078,0.5244210958480835,0.003740639061533102,0.027130126953125,0.0003,0.23671399594320486,0.7920792079207921,10.49,0.72,1.46,7.87,8.16,0.85,1.29,6.02,0.03,6.606292345821857,7.9,210.72,0.030824212008155882,nan
2849,93388800,4173.755,588,31.13,0.05,333.18,-0.006760880351066589,24.732845306396484,0.4903184771537781,0.0029614392908570153,0.02816009521484375,0.0003,0.23091020158827122,0.7675820495646349,11.21,0.63,1.7,8.26,8.67,1.26,1.36,6.05,0.02,6.946255950331688,8.43,219.45,0.030095308262389153,nan
2850,93421568,4229.0,588,32.12,0.04,343.43,-0.008803868666291237,29.58621597290039,0.508987545967102,0.0034442793330811128,0.03144073486328125,0.0003,0.21687729311047696,0.7978521794061908,12.15,0.77,1.68,9.06,9.38,1.23,1.43,6.72,0.01,7.588723895847798,8.52,226.11,0.032433982472866774,nan
2851,93454336,4282.431,589,29.47,0.05,308.79,-0.008471153676509857,29.697097778320312,0.47890233993530273,0.0031228893796253487,0.02669525146484375,0.0003,0.25824420677361853,0.7869907076483202,9.84,0.62,1.8,7.74,7.89,1.24,1.29,5.36,0.02,6.452992806434631,8.67,205.44,0.03342614264693111,nan
2852,93487104,4337.718,589,29.44,0.04,310.86,-0.009264027699828148,25.28852081298828,0.49625837802886963,0.002256602599288726,0.020965576171875,0.0003,0.24299674267100976,0.8047722342733189,9.47,0.69,1.6,7.52,7.68,0.95,1.14,5.59,0.0,6.204793635606766,8.15,204.42,0.0342804787796922,nan
2853,93519872,4394.676,589,30.33,0.06,325.76,-0.010069291107356548,27.272010803222656,0.4965011775493622,0.0030675434417446468,0.0252685546875,0.0003,0.2910558742298704,0.822311289245157,10.62,0.82,1.84,7.75,8.19,1.18,1.22,5.79,0.01,6.524214366972447,8.2,204.59,0.03221150144236162,nan
2854,93552640,4450.625,589,32.55,0.07,355.86,-0.006494677159935236,22.557279586791992,0.4832265377044678,0.0018396177750901188,0.01610565185546875,0.0003,0.26428012519561817,0.8232731798382078,11.65,0.85,2.05,8.71,9.07,1.26,1.1,6.71,0.02,7.334998808503151,9.37,227.18,0.03473099757684395,nan
2855,93585408,4499.951,589,30.29,0.1,323.93,-0.007927478291094303,24.311290740966797,0.501905083656311,0.003485348402477939,0.03116607666015625,0.0003,0.2551535549011359,0.814002828854314,10.81,0.8,1.77,8.39,8.54,1.32,1.2,6.02,0.0,6.923253751695156,8.33,218.34,0.028686995210591704,nan
2856,93618176,4554.508,589,29.31,0.07,328.85,-0.006060444749891758,30.842697143554688,0.49793124198913574,0.002361515404119885,0.02344512939453125,0.0003,0.27855924978687124,0.7915492957746478,10.18,0.7,1.68,7.9,8.29,1.14,1.38,5.77,0.03,6.6807247620821,8.06,210.5,0.030049282184336334,nan
2857,93650944,4608.807,590,30.71,0.04,327.78,-0.005619348958134651,26.71973419189453,0.49771779775619507,0.004560338040505485,0.03858184814453125,0.0003,0.2769485903814262,0.8029294274300932,10.91,0.84,1.59,7.98,8.01,0.88,1.2,5.93,0.01,6.502752525806427,8.4,218.64,0.030318945762701333,nan
2858,93683712,4662.464,590,28.28,0.05,310.78,-0.007636742666363716,31.38776397705078,0.5013703107833862,0.003942283925823631,0.03814697265625,0.0003,0.2717701250274183,0.7898230088495575,9.93,0.73,1.48,7.49,8.03,0.94,1.08,6.01,0.01,6.398148476481437,7.75,203.94,0.034647548804059625,nan
2859,93716480,4718.16,590,31.64,0.04,341.14,-0.012062165886163712,25.050350189208984,0.4839516282081604,0.004121250443915869,0.03644561767578125,0.0003,0.32173017507723994,0.7811012916383413,11.17,0.62,1.7,8.59,8.85,1.08,1.18,6.59,0.02,7.276538288593292,8.8,217.93,0.030286575143691152,nan
2860,93749248,4769.657,590,28.5,0.04,308.91,-0.006954859476536512,32.58214569091797,0.4719514548778534,0.0035175384838339596,0.03360748291015625,0.0003,0.2469352014010508,0.7832973362131029,10.11,0.71,1.9,7.73,7.82,1.33,1.11,5.38,0.01,6.289007889032364,8.03,203.01,0.03388720960356295,nan
2861,93782016,4822.501,591,32.69,0.03,348.64,-0.006084391847252846,21.313961029052734,0.4687824547290802,0.0019522776541975873,0.0174560546875,0.0003,0.268159688412853,0.8161718256475048,11.08,0.79,2.14,8.59,8.34,1.37,1.18,5.79,0.01,6.800751139521599,9.56,228.27,0.030273941345512867,nan
2862,93814784,4877.333,591,31.77,0.05,378.13,-0.01073826476931572,28.160188674926758,0.48467355966567993,0.0024006281947777097,0.02098846435546875,0.0003,0.2760511882998172,0.7981888745148771,10.89,0.79,2.11,8.42,8.1,1.37,1.06,5.67,0.01,6.502904982566833,9.49,216.97,0.030757110798731446,nan
2863,93847552,4932.009,591,30.03,0.05,316.94,-0.012454110197722912,24.446102142333984,0.503042459487915,0.0039926679635584605,0.03289794921875,0.0003,0.27825136612021856,0.8098885793871866,10.34,0.77,1.69,8.31,8.24,1.13,1.06,6.05,0.0,6.759575796723365,8.29,207.94,0.02977475884836167,nan
2864,93880320,4987.621,591,30.44,0.03,334.14,-0.008945295587182045,26.574302673339844,0.5011282563209534,0.0025239684052849043,0.02496337890625,0.0003,0.27387755102040817,0.8235294117647058,10.97,0.76,1.76,8.52,8.97,1.33,1.25,6.39,0.03,7.221574989259243,8.25,215.77,0.0322279377724044,nan
2865,93913088,5040.092,591,29.74,0.06,358.1,-0.012028969824314117,28.965984344482422,0.5230638980865479,0.0027317355847458202,0.024993896484375,0.0003,0.21636101380589326,0.8211497515968772,9.83,0.63,1.67,8.03,8.07,1.06,1.03,5.98,0.03,6.459464846849442,8.04,213.69,0.03360222926130518,nan
2866,93945856,5094.321,591,28.31,0.05,312.77,-0.009242302738130093,30.810993194580078,0.5433570146560669,0.0034124145278155993,0.03342437744140625,0.0003,0.23701022146507666,0.8118668596237337,9.05,0.75,1.72,7.93,7.96,1.07,1.18,5.71,0.07,6.477158493697643,8.09,211.11,0.03713450988288969,nan
2867,93978624,5148.512,591,28.54,0.02,316.55,-0.006158392410725355,27.831302642822266,0.5101478099822998,0.0018312143814682713,0.01775360107421875,0.0003,0.3169661512745508,0.8374816983894583,8.88,0.73,1.55,8.36,8.56,0.99,1.17,6.4,0.01,6.9933141222596165,7.8,211.13,0.0335686860489659,nan
2868,94011392,5202.734,592,28.27,0.03,310.04,-0.012760872021317482,28.187541961669922,0.5377990007400513,0.003144129156453346,0.02801513671875,0.0003,0.31208270514753395,0.8355359765051396,9.33,0.76,1.62,8.17,8.82,1.27,1.19,6.36,0.02,7.145219610929489,8.17,205.61,0.03329303569626063,nan
2869,94044160,5256.242,592,29.48,0.04,420.39,-0.008535467088222504,31.365873336791992,0.5229822993278503,0.0031875362150799447,0.0305328369140625,0.0003,0.32489451476793246,0.8300205620287868,10.01,0.81,1.65,8.46,8.81,1.22,1.35,6.24,0.01,7.152791040986776,8.11,208.06,0.03213846916332841,nan
2870,94076928,5308.243,592,31.0,0.1,339.53,-0.008472055196762085,26.403963088989258,0.4983704686164856,0.003280656756658118,0.0308685302734375,0.0003,0.2711075116420328,0.833554376657825,11.15,0.87,1.83,9.2,9.91,1.54,1.36,7.01,0.05,8.218499428629876,8.78,220.03,0.03135120210936293,nan
2871,94109696,5360.596,592,30.21,0.05,325.5,-0.01016165316104889,27.68215560913086,0.5353614091873169,0.0025202828067634186,0.02240753173828125,0.0003,0.26775392237819984,0.8306233062330624,9.81,0.8,1.76,8.48,9.12,1.18,1.28,6.66,0.04,7.514199476838112,8.3,211.61,0.031334680621512234,nan
2872,94142464,5413.625,593,29.29,0.07,324.31,-0.007770504802465439,29.15603256225586,0.5088538527488708,0.0018811101062965463,0.01827239990234375,0.0003,0.2698282910874898,0.8369098712446352,9.87,0.79,1.59,8.0,8.09,1.06,1.24,5.79,0.03,6.559514110684395,8.33,212.63,0.031255355570465326,nan
2873,94175232,5467.102,593,29.79,0.07,317.21,-0.0090784328058362,28.473854064941406,0.49429941177368164,0.0025928476636352116,0.0244903564453125,0.0003,0.2751299826689775,0.8322851153039832,10.14,0.75,1.8,8.07,8.71,1.37,1.1,6.24,0.03,7.190418990254402,8.39,202.51,0.030757883505430073,nan
2874,94208000,5520.888,593,31.34,0.08,343.8,-0.008809604682028294,24.085250854492188,0.5239406824111938,0.0024774999746739468,0.0244293212890625,0.0003,0.2686781609195402,0.8487394957983193,10.83,0.85,1.65,8.82,9.17,1.22,1.22,6.73,0.03,7.285842990279198,8.57,213.28,0.0308617809205316,nan
2875,94240768,5574.848,593,32.59,0.07,354.67,-0.007703511975705624,22.51953887939453,0.4935665726661682,0.0025792191070763693,0.02631378173828125,0.0003,0.287229862475442,0.8361075544174136,11.69,0.79,1.96,9.16,10.37,1.5,1.53,7.34,0.03,8.388976123332977,9.12,220.4,0.030315628740936518,nan
2876,94273536,5628.828,593,27.83,0.08,295.34,-0.008123563602566719,31.851783752441406,0.5199261903762817,0.002796653356824663,0.0257415771484375,0.0003,0.3121764573486383,0.8439878234398782,9.3,0.5,1.51,7.5,8.12,1.21,1.13,5.78,0.04,6.679686661958694,7.65,194.95,0.03215896163601428,nan
2877,94306304,5683.594,593,29.12,0.05,316.8,-0.005021543242037296,29.416276931762695,0.522875189781189,0.0033955716113496237,0.032012939453125,0.0003,0.26046901172529313,0.8546099290780141,10.12,0.92,1.64,7.84,8.08,1.08,1.07,5.93,0.02,6.721322957873344,7.86,213.92,0.03337928873952478,nan
2878,94339072,5743.656,593,28.31,0.02,296.22,-0.011220350861549377,30.765419006347656,0.5088974237442017,0.002623872204566169,0.023773193359375,0.0003,0.2940908053844399,0.8566203365032918,9.28,0.64,1.41,7.59,7.76,0.73,1.02,6.01,0.01,6.342896829545498,7.51,194.47,0.032062315789517015,nan
2879,94371840,5799.715,593,28.55,0.03,343.54,-0.007832161150872707,34.12781524658203,0.5217665433883667,0.0034303977927265805,0.03144073486328125,0.0003,0.3013260173754001,0.8454349388928828,9.88,0.75,1.69,7.62,8.31,1.21,1.11,5.99,0.02,6.7148407441377636,7.96,202.9,0.03240397333865985,nan
2880,94404608,5856.683,593,29.99,0.03,326.93,-0.007083738222718239,26.03311538696289,0.507331132888794,0.002240420029863799,0.0209197998046875,0.0003,0.24700944386149004,0.8411602209944752,10.18,0.82,1.78,8.26,9.23,1.24,1.3,6.69,0.0,7.538273821473122,8.55,210.36,0.03178195562213659,nan
2881,94437376,5907.711,593,28.27,0.03,307.71,-0.011020856909453869,30.05264663696289,0.5439916849136353,0.00235599917965601,0.0205841064453125,0.0003,0.2952339874919129,0.8520923520923521,8.78,0.57,1.69,7.89,8.21,1.33,1.15,5.73,0.02,6.585572517514229,7.68,200.62,0.03236675483640283,nan
2882,94470144,5961.784,593,30.12,0.03,318.26,-0.012933100573718548,28.716777801513672,0.5152102708816528,0.0038263442011157167,0.0323333740234375,0.0003,0.2655034685726298,0.8456703910614525,9.96,0.9,1.76,8.28,9.03,1.47,1.18,6.38,0.01,7.430671939849853,8.26,205.29,0.031300764239858836,nan
2883,94502912,6014.729,593,30.9,0.05,334.76,-0.008847873657941818,28.494335174560547,0.5170902013778687,0.003394257883087448,0.03273773193359375,0.0003,0.2613752295449908,0.8384166125892277,10.28,0.8,1.74,8.67,8.74,1.16,1.16,6.42,0.04,7.033811315419152,8.56,223.11,0.03559323714580387,nan
2884,94535680,6067.244,594,31.05,0.07,428.62,-0.009908420033752918,26.613859176635742,0.5350911617279053,0.0024726709185642903,0.0236663818359375,0.0003,0.2735181064131095,0.8245496997998666,10.73,0.81,1.65,8.66,9.55,1.27,1.35,6.93,0.02,7.799718228578567,8.4,219.6,0.033492188435047865,nan
2885,94568448,6122.79,594,28.9,0.03,331.33,-0.009036896750330925,29.623510360717773,0.5417479276657104,0.002594044122872674,0.02155303955078125,0.0003,0.35615550755939523,0.8574577516531962,9.08,0.77,1.61,7.75,8.07,1.21,1.04,5.82,0.03,6.41264321744442,7.76,205.81,0.034019935701508075,nan
2886,94601216,6183.119,593,29.7,0.03,312.09,-0.010824179276823997,27.25506019592285,0.5191551446914673,0.0035753656605379547,0.03295135498046875,0.0003,0.300280232808795,0.8536754507628294,9.91,0.82,1.56,8.32,8.5,1.07,1.34,6.09,0.01,7.0605837285518644,8.14,204.88,0.028897437558043748,nan
2887,94633984,6239.978,593,29.0,0.02,310.01,-0.006998466327786446,27.614778518676758,0.5394347906112671,0.005392572677010321,0.0433807373046875,0.0003,0.30177140447068745,0.8585503166783955,9.18,0.74,1.74,7.57,7.84,1.3,0.88,5.66,0.01,6.3708430814743044,8.27,204.26,0.03184006188530475,nan
2888,94666752,6296.753,593,28.84,0.04,312.9,-0.010137702338397503,30.854867935180664,0.5502105951309204,0.0026650038369098183,0.02555084228515625,0.0003,0.33514303612445184,0.8555160142348754,8.62,0.75,1.71,7.94,8.58,1.11,1.29,6.18,0.01,7.078292293548584,7.77,219.49,0.03480004466837272,nan
2889,94699520,6351.077,593,28.06,0.06,300.83,-0.006641260348260403,34.33367919921875,0.543144166469574,0.0036135064296729524,0.0345916748046875,0.0003,0.3795193764884174,0.8552238805970149,8.82,0.73,1.5,8.05,8.39,1.16,1.05,6.18,0.02,6.894693412482739,7.62,207.85,0.037920886650681496,nan
2890,94732288,6404.969,593,30.49,0.05,336.42,-0.0032253339886665344,25.539867401123047,0.5303855538368225,0.0026013630160548473,0.02565765380859375,0.0003,0.3343930061593483,0.8323066392881588,10.13,0.65,1.66,8.75,9.33,1.15,1.35,6.83,0.01,7.498121415376663,8.5,226.52,0.03875723422970623,nan
2891,94765056,6457.133,593,31.08,0.07,340.25,-0.009486828930675983,25.450658798217773,0.5252329111099243,0.0023637687560551512,0.02187347412109375,0.0003,0.29921875,0.8380513495720869,9.67,0.76,1.9,8.8,9.36,1.3,1.43,6.63,0.03,7.68274403333664,8.5,219.71,0.034884590306319296,nan
2892,94797824,6510.161,593,30.07,0.05,331.08,-8.222460746765137e-05,22.439334869384766,0.5007854700088501,0.001876941397142673,0.02062225341796875,0.0003,0.3128784820347194,0.8510494245091401,9.18,0.73,1.74,8.39,8.58,1.09,1.31,6.18,0.02,7.123567119240761,8.23,214.69,0.03463116136845201,nan
2893,94830592,6566.232,593,30.38,0.04,329.19,-0.006141611374914646,26.01978874206543,0.5370223522186279,0.001967281269557475,0.019378662109375,0.0003,0.3503882142146128,0.8525815217391305,9.57,0.86,1.6,8.69,9.38,1.23,1.27,6.88,0.01,7.657680535316468,8.6,229.39,0.034541088389232755,nan
2894,94863360,6620.762,593,27.67,0.03,297.36,-0.007711948826909065,31.87925910949707,0.4985637962818146,0.002048635804442256,0.018798828125,0.0003,0.29814077025232405,0.8656934306569343,8.4,0.66,1.84,8.08,8.39,1.24,1.01,6.14,0.02,6.994784564375878,7.85,206.09,0.03408857138128951,nan
2895,94896128,6674.988,593,29.22,0.04,314.99,-0.005960150621831417,23.568477630615234,0.5298557281494141,0.0025760490789537016,0.02385711669921875,0.0003,0.3077080351666326,0.8666196189131969,8.86,0.7,1.89,7.95,8.31,1.3,1.14,5.87,0.06,6.791719870567322,8.37,217.86,0.035351690952666104,nan
2896,94928896,6728.111,594,29.96,0.02,327.04,-0.00880295317620039,29.157852172851562,0.5244524478912354,0.0037014144931504234,0.03265380859375,0.0003,0.27030869212022746,0.8508833922261484,9.73,0.67,1.79,8.76,9.49,1.44,1.5,6.55,0.02,7.920970458984375,8.62,215.39,0.03485140576958656,nan
2897,94961664,6781.903,594,30.04,0.06,368.52,-0.008009029552340508,23.76282501220703,0.5256431102752686,0.0026624423944667797,0.02632904052734375,0.0003,0.29250243427458616,0.8583776595744681,9.24,0.72,1.7,8.45,8.95,1.26,1.24,6.45,0.01,7.508605383038521,8.33,220.42,0.034017040801700205,nan
2898,94994432,6837.649,594,31.16,0.07,333.52,-0.013327976688742638,24.020084381103516,0.5024276971817017,0.004050688787799572,0.03450775146484375,0.0003,0.30204241948153965,0.8465179175118324,10.44,0.75,1.8,8.6,8.89,1.24,1.27,6.38,0.02,7.296141810044646,8.7,229.05,0.03027722582919523,nan
2899,95027200,6895.273,594,28.98,0.01,309.98,-0.00997993815690279,29.72957420349121,0.5270950794219971,0.0028341325692053942,0.024932861328125,0.0003,0.32731471761494857,0.8623595505617978,9.04,0.72,1.65,8.05,8.44,1.29,1.14,6.01,0.0,6.831974907517433,8.07,207.26,0.032043830200564116,nan
2900,95059968,6949.242,594,28.26,0.03,341.48,-0.00496806763112545,33.76085662841797,0.5247051119804382,0.0011175810487884519,0.00994873046875,0.0003,0.3443550141396563,0.8637702503681886,8.9,0.68,1.8,7.84,8.34,1.27,1.2,5.87,0.0,6.96023402929306,7.96,203.41,0.030632443085778505,nan
2901,95092736,7004.927,594,31.22,0.03,336.87,-0.011306310072541237,27.6110897064209,0.5195384621620178,0.0022689879431254667,0.02019500732421875,0.0003,0.3018533123028391,0.8488918737407656,9.93,0.69,1.8,8.45,8.79,1.19,1.2,6.4,0.01,7.194813603162766,8.67,224.78,0.033345438132528216,nan
2902,95125504,7059.373,594,30.78,0.02,423.77,-0.01172312069684267,27.512847900390625,0.5349484086036682,0.0027440257206023944,0.022216796875,0.0003,0.3481201511836085,0.8372093023255814,9.77,0.82,1.87,8.36,8.76,1.37,1.39,6.0,0.03,7.2353308874368665,8.86,231.23,0.034438070899341255,nan
2903,95158272,7116.346,593,29.48,0.05,322.26,-0.01169393490999937,31.488445281982422,0.5306239128112793,0.004180745172476463,0.03449249267578125,0.0003,0.31076985249545364,0.8627726952850105,9.04,0.6,1.6,8.12,8.71,1.24,1.33,6.14,0.04,7.167496282160283,8.13,211.09,0.03217763401335105,nan
2904,95191040,7174.261,593,26.02,0.06,289.42,-0.008860811591148376,41.365909576416016,0.5780065059661865,0.0036353797923993625,0.0357208251953125,0.0003,0.4056830601092896,0.8300165837479271,8.2,0.74,1.5,7.08,7.37,1.13,0.98,5.26,0.0,6.046589413881302,7.25,193.98,0.04463172715622932,nan
2905,95223808,7232.797,593,26.4,0.03,370.45,-0.006352624855935574,38.83988952636719,0.5598504543304443,0.0028047537059592287,0.0249786376953125,0.0003,0.3850327831788379,0.8454692556634305,8.46,0.63,1.47,7.13,7.05,0.93,0.94,5.18,0.0,5.647187472879887,7.05,198.74,0.03332445176783949,nan
2906,95256576,7288.8,593,30.05,0.08,320.31,-0.007567993365228176,35.21886444091797,0.5583667755126953,0.003202325016445684,0.03076934814453125,0.0003,0.3537442280666533,0.8452722063037249,9.02,0.67,1.63,8.36,8.78,1.23,1.31,6.24,0.05,7.157566415965557,8.25,217.91,0.03555732930544764,nan
2907,95289344,7341.589,593,29.75,0.01,315.84,-0.0072660744190216064,31.36903190612793,0.5349323749542236,0.0024460544067892442,0.0227813720703125,0.0003,0.3176518715483739,0.8546348314606742,9.5,0.64,1.68,8.63,9.03,1.15,1.47,6.41,0.01,7.370071057081223,8.33,221.37,0.038786753197200596,nan
2908,95322112,7396.975,593,27.95,0.07,298.4,-0.009702745825052261,35.026676177978516,0.5532702207565308,0.003481695389154993,0.03307342529296875,0.0003,0.3814917717460996,0.8457405986185725,8.96,0.7,1.61,7.45,8.15,1.29,1.19,5.67,0.02,6.677057648599148,7.61,208.55,0.034067888744175434,nan
2909,95354880,7451.48,593,28.71,0.04,306.66,-0.010590984486043453,31.429697036743164,0.5588861107826233,0.003530979139924284,0.0309600830078125,0.0003,0.3457785320322444,0.8531271960646521,9.2,0.86,1.57,7.89,7.81,1.23,1.02,5.56,0.06,6.288291414380073,7.85,217.89,0.032519979344215244,nan
2910,95387648,7505.684,593,28.23,0.03,298.56,-0.007066505961120129,30.08707618713379,0.5493428707122803,0.007061760915803461,0.04705810546875,0.0003,0.34520255863539445,0.873821609862219,9.6,0.89,1.41,8.13,8.62,0.97,1.21,6.44,0.0,6.965890093147754,7.65,206.35,0.030209321703296155,nan
2911,95420416,7563.191,593,31.83,0.07,346.12,-0.00953296571969986,26.8627872467041,0.5285142660140991,0.00529468010427081,0.04766082763671875,0.0003,0.33378535451375435,0.8740157480314961,10.9,0.86,1.66,8.56,9.33,1.04,1.36,6.93,0.01,7.815376134216786,8.8,229.59,0.033395061327610165,nan
2912,95453184,7618.429,593,26.99,0.04,292.06,-0.008249462582170963,39.75434112548828,0.5592865943908691,0.0036429657190524267,0.032012939453125,0.0003,0.2847084708470847,0.859122401847575,8.32,0.78,1.5,7.66,8.12,1.3,1.08,5.74,0.0,6.679997892975807,7.18,199.5,0.03540695260744542,nan
2913,95485952,7674.079,593,29.05,0.05,307.85,-0.009700436145067215,32.98345184326172,0.5786672830581665,0.004038007483302408,0.0360870361328125,0.0003,0.3231865284974093,0.8770090845562544,9.8,0.58,1.67,8.32,8.03,1.2,1.01,5.82,0.04,6.532762512862682,7.67,209.12,0.033902142953593284,nan
2914,95518720,7729.851,593,26.69,0.05,294.31,-0.006569006945937872,37.9854736328125,0.580755889415741,0.004575434442074311,0.03885650634765625,0.0003,0.36928662964545067,0.8622291021671826,7.92,0.71,1.3,7.49,7.73,0.98,1.04,5.71,0.01,6.293181026875973,7.13,199.52,0.03563611546996981,nan
2915,95551488,7783.655,593,31.22,0.04,344.65,-0.006020945496857166,25.521156311035156,0.5345504283905029,0.0038216169784917042,0.03725433349609375,0.0003,0.3013883532587736,0.8512987012987013,10.77,0.84,1.8,8.68,8.61,1.15,1.17,6.29,0.02,6.981613382101059,8.66,230.99,0.03523595258593559,nan
2916,95584256,7835.69,593,29.21,0.04,314.68,-0.011874156072735786,32.259605407714844,0.5433682203292847,0.003917193413826681,0.03029632568359375,0.0003,0.338153274116918,0.8740213523131672,9.41,0.65,1.6,7.98,7.89,1.14,1.13,5.62,0.06,6.373919947147369,7.96,212.09,0.032345998159144074,nan
2917,95617024,7889.848,593,30.14,0.07,324.15,-0.004761102609336376,25.102184295654297,0.536137580871582,0.0027744974724441818,0.02539825439453125,0.0003,0.2908048330944092,0.8694424841213833,9.36,0.82,1.4,7.87,8.28,1.06,1.22,6.0,0.02,6.754091953039169,8.07,221.17,0.03134188806870952,nan
2918,95649792,7947.664,593,29.75,0.04,318.01,-0.008471895009279251,28.95726203918457,0.5811951160430908,0.0022504674535639424,0.0189056396484375,0.0003,0.3068301966589131,0.8734439834024896,9.67,1.04,1.48,7.9,8.36,1.1,1.09,6.17,0.0,6.818141605854034,7.85,210.57,0.035935695050284266,nan
2919,95682560,8002.679,593,27.8,0.05,297.6,-0.011140111833810806,31.600765228271484,0.538112461566925,0.0033408070684117774,0.0255584716796875,0.0003,0.28495809439788267,0.8655015197568389,7.95,0.8,1.4,7.29,7.55,1.13,0.91,5.51,0.01,6.026166470646858,7.27,198.55,0.034470998332835734,nan
2920,95715328,8056.369,593,27.29,0.0,297.35,-0.00641715619713068,34.37866973876953,0.553542971611023,0.003421366603674869,0.031951904296875,0.0003,0.3135857461024499,0.8636009353078722,8.73,0.69,1.5,7.74,7.7,1.0,1.23,5.47,0.0,6.333262512683868,7.2,196.36,0.03171293338527903,nan
2921,95748096,8110.924,593,29.67,0.05,320.79,-0.007573544047772884,28.017797470092773,0.5405684113502502,0.0016617520160195909,0.014892578125,0.0003,0.29724166323589957,0.8802008608321378,9.44,0.81,1.69,8.12,8.33,1.21,1.34,5.78,0.01,6.777128780484199,8.06,214.36,0.035469927825033665,nan
2922,95780864,8165.935,593,31.09,0.04,335.08,-0.005551291164010763,25.607990264892578,0.5429531931877136,0.001942528616780237,0.01760101318359375,0.0003,0.32527157204345153,0.8885774351786966,10.96,0.92,1.78,8.29,8.3,1.1,1.27,5.93,0.0,6.830060735344887,8.4,214.93,0.033177178469486535,nan
2923,95813632,8223.066,593,30.8,0.07,336.62,-0.006986954249441624,29.931331634521484,0.5504553318023682,0.0035539025452351325,0.03269195556640625,0.0003,0.30430430430430433,0.8695359784801614,10.13,1.03,1.72,8.07,8.63,1.37,1.27,5.99,0.03,6.9940595936775205,8.86,226.28,0.03541943430900574,nan
2924,95846400,8278.176,593,27.57,0.02,307.11,-0.0058026863262057304,30.954692840576172,0.5652057528495789,0.002251826914061894,0.0207672119140625,0.0003,0.29977021098809276,0.8783685360524399,8.49,0.81,1.41,7.89,7.79,0.86,1.07,5.86,0.01,6.198489924371242,7.17,211.44,0.03637516463641077,nan
2925,95879168,8333.881,593,30.35,0.08,326.09,-0.00512470118701458,29.146556854248047,0.5309180021286011,0.0012205367081747909,0.01050567626953125,0.0003,0.2920833333333333,0.8689895470383275,10.19,0.98,1.75,8.11,8.56,1.25,1.24,6.07,0.01,6.950403103530407,8.43,211.51,0.032133751024957746,nan
2926,95911936,8387.964,593,28.95,0.05,306.55,-0.007077652029693127,27.268218994140625,0.5733605623245239,0.0017928425431250616,0.01586151123046875,0.0003,0.2851587815942968,0.868828297715549,9.1,0.94,1.6,7.76,8.25,1.14,1.25,5.86,0.0,6.721423273384571,7.75,204.71,0.030271570780314505,nan
2927,95944704,8441.354,593,27.17,0.03,283.1,-0.0061685326509177685,36.8108024597168,0.5640429258346558,0.0035391095778720683,0.033355712890625,0.0003,0.30452003727865795,0.850592885375494,8.4,0.79,1.51,7.0,7.19,1.1,1.08,5.01,0.03,5.781135466694832,7.53,195.83,0.03203904570546001,nan
2928,95977472,8497.519,593,28.72,0.05,402.26,-0.009090710431337357,31.18335723876953,0.5400770902633667,0.0023158207522442353,0.02010345458984375,0.0003,0.30718954248366015,0.8643695014662757,9.66,0.72,1.52,7.9,8.53,1.25,1.1,6.18,0.02,6.898326615095138,7.75,207.75,0.03200707503128797,nan
2929,96010240,8553.669,593,30.62,0.06,416.46,-0.009149327874183655,26.05721092224121,0.5470093488693237,0.0054162167052709265,0.05049896240234375,0.0003,0.2906321719173795,0.8765867418899859,10.37,0.84,1.82,8.56,8.9,1.39,1.12,6.39,0.03,7.258231787979603,8.71,218.31,0.03316658246330917,nan
2930,96043008,8609.602,593,29.92,0.03,317.86,-0.0075167021714150906,29.846813201904297,0.55881667137146,0.002267364163003549,0.0205078125,0.0003,0.3134233853946813,0.8591836734693877,9.65,0.83,1.73,7.87,8.25,1.06,1.15,6.04,0.01,6.734698795974254,8.46,215.96,0.030221202527172863,nan
2931,96075776,8669.164,593,28.07,0.04,307.08,-0.010059919208288193,35.908355712890625,0.5671752691268921,0.002156864237093714,0.02022552490234375,0.0003,0.30327868852459017,0.8462697814619442,8.32,0.9,1.71,7.86,8.19,1.2,1.15,5.84,0.01,6.643631424307824,7.8,208.87,0.03469226835295558,nan
2932,96108544,8725.925,593,27.12,0.04,299.15,-0.007972224615514278,35.058860778808594,0.5678635239601135,0.002244531228370761,0.020263671875,0.0003,0.32336119665640123,0.8580246913580247,8.3,0.81,1.69,7.8,7.98,1.33,1.09,5.56,0.02,6.375341630876064,7.74,197.88,0.03645078337285668,nan
2933,96141312,8782.806,593,24.8,0.04,265.04,-0.008298840373754501,39.77949523925781,0.5513780117034912,0.003584100004559332,0.0334930419921875,0.0003,0.3548076923076923,0.8504672897196262,7.68,0.64,1.38,6.8,7.32,1.16,0.96,5.2,0.01,5.9114653015136716,6.8,183.95,0.03513229277450591,nan
2934,96174080,8838.839,593,28.46,0.04,304.47,-0.007033136207610369,29.23240089416504,0.5077792406082153,0.0031936042865936543,0.0343017578125,0.0003,0.3016759776536313,0.8787003610108304,9.54,0.68,1.8,8.15,8.06,1.28,1.09,5.69,0.03,6.543927212953568,7.84,212.07,0.03231230063829571,nan
2935,96206848,8895.431,593,29.07,0.05,309.33,-0.008926115930080414,29.967243194580078,0.5411607623100281,0.004311899471417746,0.03739166259765625,0.0003,0.2747136190072126,0.8672817601135557,9.02,0.82,1.8,7.81,8.08,1.24,1.14,5.7,0.02,6.383209669291973,8.12,220.33,0.03362841653870419,nan
2936,96239616,8950.455,593,30.18,0.05,314.99,-0.005916690919548273,32.58301544189453,0.525313138961792,0.002535150279015852,0.02371978759765625,0.0003,0.27710583153347734,0.8795345653661876,10.1,0.91,1.74,7.85,8.75,1.12,1.33,6.3,0.0,7.17638862721622,8.69,218.93,0.031376427854411304,nan
2937,96272384,9003.569,593,32.6,0.09,354.23,-0.011766362935304642,22.23812484741211,0.5182063579559326,0.0031937284062451,0.0287322998046875,0.0003,0.2563496751329002,0.8742709008425146,10.32,0.77,1.98,9.08,9.24,1.53,1.36,6.35,0.02,7.605194126963616,9.42,234.44,0.031996585021261126,nan
2938,96305152,9057.297,593,28.23,0.02,306.62,-0.007616251241415739,33.310791015625,0.5358943939208984,0.0027860099520466974,0.024658203125,0.0003,0.29810238305383935,0.8684020245842372,9.29,0.8,1.64,8.3,8.74,1.39,1.29,6.06,0.0,7.0117050850391385,7.81,210.07,0.0338429186376743,nan
2939,96337920,9110.103,593,28.81,0.03,311.36,-0.00928892195224762,33.0965690612793,0.5507460832595825,0.0020213090717504656,0.02042388916015625,0.0003,0.3078414476518742,0.8691718858733473,9.27,0.65,1.7,8.31,9.16,1.35,1.33,6.48,0.01,7.339999767839909,7.8,217.95,0.034266720816958696,nan
2940,96370688,9162.543,593,26.58,0.03,293.28,-0.008586836978793144,31.609317779541016,0.524549126625061,0.0018159505286803324,0.01578521728515625,0.0003,0.3111260655002243,0.8731284475965327,7.56,0.91,1.54,7.1,7.25,1.05,1.13,5.07,0.01,5.778161721229553,7.27,196.34,0.033640078792814165,nan
2941,96403456,9214.248,593,27.21,0.05,329.28,-0.007179216481745243,32.377052307128906,0.5541554689407349,0.0034913036258785723,0.03488922119140625,0.0003,0.32902494331065757,0.8704703161141095,8.9,0.77,1.6,7.34,8.26,1.3,1.08,5.88,0.0,6.885052879750728,7.84,198.05,0.033192544942721725,nan
2942,96436224,9267.188,594,30.07,0.06,321.45,-0.007651543244719505,32.018653869628906,0.5158162713050842,0.002283076496837566,0.0225830078125,0.0003,0.3319103521878335,0.8728870858688302,9.35,0.82,1.83,8.5,8.83,1.26,1.23,6.34,0.02,7.291496315002441,8.38,215.72,0.03099833312444389,nan
2943,96468992,9323.754,593,26.16,0.05,278.58,-0.00721137085929513,37.345916748046875,0.523980975151062,0.002786862972527615,0.02570343017578125,0.0003,0.299576071596797,0.8666666666666667,8.11,0.75,1.37,7.3,7.44,1.14,0.92,5.38,0.0,6.061339378356934,7.03,191.72,0.03377813822589815,nan
2944,96501760,9379.914,593,27.79,0.02,303.2,-0.005695575848221779,31.75460433959961,0.5413282513618469,0.0015528967500983981,0.01424407958984375,0.0003,0.2832292595896521,0.872836719337848,8.08,0.8,1.58,7.74,7.8,1.25,0.79,5.76,0.02,6.291036072820425,7.8,205.17,0.0335362630430609,nan
2945,96534528,9432.301,594,29.23,0.04,373.91,-0.007219255436211824,30.356365203857422,0.5232163667678833,0.0016227367244141533,0.01561737060546875,0.0003,0.2897292829096921,0.8555478018143754,9.37,0.82,1.77,8.11,8.18,1.15,1.2,5.83,0.02,6.524406902194023,8.16,214.06,0.03287777281366289,nan
2946,96567296,9489.387,593,30.2,0.07,360.86,-0.004243541043251753,26.252450942993164,0.5105568766593933,0.00102823383156192,0.00952911376953125,0.0003,0.25888219405776025,0.8755074424898511,10.23,0.78,1.91,8.6,8.9,1.35,1.26,6.29,0.04,7.213674432188273,8.72,213.9,0.03413054195698351,nan
2947,96600064,9544.005,593,30.5,0.03,328.13,-0.009808599948883057,27.49652671813965,0.5391745567321777,0.0020711313869412606,0.0196380615234375,0.0003,0.2660830618892508,0.844923504867872,10.13,0.74,1.62,8.24,8.85,1.4,1.22,6.23,0.01,7.361448166966438,8.1,220.27,0.034905696171335876,nan
2948,96632832,9599.405,593,30.38,0.09,326.28,-0.009873575530946255,29.98078155517578,0.5490272045135498,0.0031417983390724658,0.0300140380859375,0.0003,0.25556471558120364,0.8539944903581267,10.09,0.85,2.03,8.68,9.28,1.54,1.45,6.29,0.02,7.573647072464228,8.99,218.0,0.035279559320770204,nan
2949,96665600,9650.275,594,29.5,0.06,321.29,-0.01036782469600439,24.835899353027344,0.5335856080055237,0.002284649358614388,0.0198516845703125,0.0003,0.27365728900255754,0.8444444444444444,10.55,0.82,1.93,7.99,8.06,1.27,1.01,5.78,0.01,6.590664460659027,8.3,212.84,0.03323440725216642,nan
2950,96698368,9702.486,594,31.47,0.06,347.34,-0.007624796591699123,24.402997970581055,0.5107144713401794,0.0026944892310325486,0.02515411376953125,0.0003,0.25254303599374023,0.841025641025641,10.27,0.83,1.97,9.1,9.24,1.24,1.37,6.63,0.02,7.698850309252739,9.04,224.5,0.03242293925723061,nan
2951,96731136,9756.229,594,27.71,0.07,408.35,-0.00363330845721066,31.13021469116211,0.5297393798828125,0.004009418704697509,0.03290557861328125,0.0003,0.28635204081632654,0.8388059701492537,8.63,0.68,1.7,8.0,8.74,1.3,1.36,6.08,0.04,7.116410190314054,7.8,197.09,0.03411307808710262,nan
2952,96763904,9809.54,594,28.46,0.02,306.38,-0.007193159312009811,31.014320373535156,0.5465240478515625,0.0041725779919090655,0.03807830810546875,0.0003,0.23912573036139365,0.847647498132935,9.18,0.73,1.74,7.99,8.05,1.44,1.03,5.58,0.02,6.5983603170514105,8.13,206.98,0.03441647917497903,nan
2953,96796672,9862.221,594,29.29,0.08,339.18,-0.01320180855691433,27.49277114868164,0.5581305027008057,0.004123132741412405,0.03488922119140625,0.0003,0.24225293132328307,0.8349650349650349,9.11,0.91,1.82,8.15,8.05,1.28,1.12,5.65,0.03,6.571551544368267,8.25,212.68,0.030492835270706564,nan
2954,96829440,9916.587,594,28.49,0.03,321.07,-0.007720833644270897,29.138019561767578,0.5530322194099426,0.003312803027057498,0.03387451171875,0.0003,0.28745791245791247,0.8253275109170306,8.87,0.84,1.68,8.42,8.73,1.3,1.42,6.01,0.0,6.884508159905672,8.0,207.1,0.032743238378316164,nan
2955,96862208,9972.94,594,29.55,0.07,324.49,-0.008763645775616169,29.62021255493164,0.5502660274505615,0.0036320031755678883,0.033660888671875,0.0003,0.28470637061631043,0.8129496402877698,9.97,0.69,1.72,8.43,8.77,1.49,1.37,5.91,0.0,7.002569908797741,8.28,208.92,0.03353201731806621,nan
2956,96894976,10025.917,594,30.84,0.06,449.06,-0.008835847489535809,26.52182388305664,0.5319340825080872,0.0028932202506837257,0.026458740234375,0.0003,0.2757981462409887,0.8092959671907041,10.34,0.82,1.83,8.34,8.76,1.37,1.44,5.95,0.01,7.248630324602127,8.89,220.55,0.03133873932529241,nan
2957,96927744,10080.815,594,30.49,0.05,331.55,-0.008664099499583244,31.56399154663086,0.5611780881881714,0.00319810690319855,0.03076934814453125,0.0003,0.27296641036017805,0.8048946295037389,9.72,0.81,1.46,8.85,9.14,1.06,1.33,6.75,0.02,7.586909373998642,8.09,221.84,0.035566334845498204,nan
2958,96960512,10137.838,594,27.55,0.04,306.69,-0.008232761174440384,33.034454345703125,0.568102240562439,0.003629309848633966,0.03479766845703125,0.0003,0.30609243697478994,0.7801047120418848,8.22,0.82,1.52,7.97,8.23,1.29,1.07,5.87,0.01,6.682397893667221,7.46,208.76,0.03290893812663853,nan
2959,96993280,10189.738,594,29.27,0.05,320.4,-0.008372983895242214,29.69146728515625,0.5515879392623901,0.004063901422455274,0.0339508056640625,0.0003,0.30341075538815654,0.7964664310954064,8.71,0.66,1.82,8.53,9.43,1.35,1.35,6.73,0.01,7.553355369567871,8.09,223.97,0.030956005037296563,nan
2960,97026048,10246.76,594,28.98,0.04,332.51,-0.00546405091881752,30.37320899963379,0.5352432727813721,0.0026645282357833366,0.0274200439453125,0.0003,0.29324240545567265,0.7941376959781867,9.58,0.62,1.93,9.06,9.45,1.71,1.31,6.43,0.04,7.696739981472493,7.95,215.99,0.034878668549936265,nan
2961,97058816,10303.346,594,28.13,0.05,307.55,-0.008643211796879768,29.22696876525879,0.5455023050308228,0.0040913326919280735,0.036773681640625,0.0003,0.2932232841007819,0.7865168539325843,9.45,0.78,1.7,8.35,8.41,1.31,1.04,6.06,0.02,6.851410462856292,7.58,204.5,0.030302574625238776,nan
2962,97091584,10356.614,594,27.29,0.07,307.5,-0.011427043005824089,35.92776870727539,0.5441436171531677,0.005245417531568819,0.04502105712890625,0.0003,0.3338629142078983,0.8125960061443932,8.28,0.77,1.51,8.0,8.82,1.18,1.11,6.53,0.04,7.1382873547077175,7.51,203.11,0.034770522499457,nan
2963,97124352,10411.619,594,29.92,0.04,355.28,-0.00982535071671009,25.07972526550293,0.5158408880233765,0.005302054427659186,0.04117584228515625,0.0003,0.3227848101265823,0.8173076923076923,9.83,0.7,1.6,9.01,9.59,1.13,1.46,7.0,0.01,7.815647900998592,8.15,219.44,0.030635610688477755,nan
2964,97157120,10466.311,594,30.2,0.03,331.54,-0.00799025222659111,29.105867385864258,0.5343071222305298,0.0042176490385372745,0.03879547119140625,0.0003,0.30803666595608614,0.8465346534653465,9.92,0.68,1.85,8.44,8.33,1.44,1.09,5.8,0.02,6.994068127274513,8.29,217.99,0.033325320575386286,nan
2965,97189888,10518.923,594,28.95,0.04,310.31,-0.00977170281112194,27.987733840942383,0.5317822694778442,0.003112387908515757,0.03052520751953125,0.0003,0.24841599300852085,0.849507735583685,9.65,0.73,1.73,8.51,8.82,1.3,1.29,6.23,0.0,7.191985645890236,7.88,201.06,0.031080188346095383,nan
2966,97222656,10579.05,594,31.37,0.04,332.78,-0.008348194882273674,25.62818145751953,0.5088096261024475,0.0023443398137601434,0.02231597900390625,0.0003,0.2997507270461155,0.8664886515353805,10.27,0.67,1.65,8.83,8.97,1.26,1.18,6.53,0.03,7.252318525314331,8.69,218.18,0.031968069553840905,nan
2967,97255424,10634.434,594,28.8,0.03,298.53,-0.0076134782284498215,29.81330680847168,0.5292520523071289,0.00194894650159938,0.01688385009765625,0.0003,0.2641338760741746,0.8388728323699421,8.89,0.91,1.59,8.11,8.39,1.09,1.2,6.1,0.01,6.792287380099297,7.94,204.63,0.03340755368117243,nan
2968,97288192,10692.001,594,28.84,0.03,311.63,-0.007492305710911751,31.063814163208008,0.5415387153625488,0.003004789462579538,0.02993011474609375,0.0003,0.34291147263891825,0.8373275236020334,9.68,0.68,1.54,8.4,8.68,1.27,1.18,6.23,0.0,7.085668684244156,7.81,216.83,0.034135324822273105,nan
2969,97320960,10752.617,594,29.14,0.03,309.03,-0.007784763351082802,29.636260986328125,0.5142296552658081,0.0034125610967521425,0.03183746337890625,0.0003,0.30337078651685395,0.8404332129963898,9.02,0.8,1.53,8.4,8.76,0.96,1.3,6.5,0.01,7.01332577675581,8.25,209.72,0.03214419609867036,nan
2970,97353728,10809.471,594,29.73,0.07,315.6,-0.00521714286878705,23.751602172851562,0.530916690826416,0.002555049344323379,0.024200439453125,0.0003,0.30604203152364273,0.8545581071677105,10.21,0.71,1.58,8.58,9.18,1.32,1.32,6.54,0.0,7.362426109611988,8.2,207.07,0.030858241894748062,nan
2971,97386496,10863.362,594,32.79,0.04,360.22,-0.007584358565509319,19.82733154296875,0.507800817489624,0.0035940447884570403,0.02838897705078125,0.0003,0.26301261829652994,0.8397965670692944,10.54,0.81,1.88,9.64,9.66,1.52,1.26,6.88,0.02,7.762654138207435,9.12,239.46,0.03152890200726688,nan
2972,97419264,10918.439,594,30.87,0.01,330.41,-0.004509042017161846,25.908281326293945,0.5279953479766846,0.0030846390821750447,0.0292816162109375,0.0003,0.2504708097928437,0.8152909336941814,10.72,0.74,1.85,9.14,9.25,1.43,1.33,6.49,0.02,7.701212901771068,8.42,220.36,0.03505425516050309,nan
2973,97452032,10972.806,594,31.13,0.06,336.18,-0.0031033996492624283,29.73023796081543,0.50797438621521,0.0015425904516632727,0.01544952392578125,0.0003,0.22688564476885645,0.8486301369863014,10.53,0.92,1.82,8.55,9.51,1.46,1.31,6.74,0.03,8.057585123628378,8.92,225.36,0.03449963591992855,nan
2974,97484800,11024.02,594,31.3,0.09,337.12,-0.011403735727071762,27.625242233276367,0.5239688158035278,0.002747309828635025,0.02373504638671875,0.0003,0.26189997991564573,0.8591644204851752,9.65,0.77,1.55,8.74,9.21,1.14,1.38,6.69,0.06,7.731260735392571,8.77,227.56,0.03420880238991231,nan
2975,97517568,11077.768,594,30.55,0.08,330.02,-0.006643841974437237,26.33126449584961,0.5059264898300171,0.0026641568515515246,0.02535247802734375,0.0003,0.26698327482965106,0.8343516632722335,9.7,0.83,1.84,8.53,8.78,1.43,1.12,6.23,0.04,7.274838269948959,8.66,217.44,0.03296713234158233,nan
2976,97550336,11130.822,594,32.28,0.06,348.26,-0.011065454222261906,23.314586639404297,0.49983811378479004,0.003947289554588451,0.03421783447265625,0.0003,0.24763819095477388,0.8463010204081632,10.2,0.86,2.01,9.73,10.33,1.72,1.49,7.12,0.03,8.454243965446949,9.01,238.09,0.03098378807771951,nan
2977,97583104,11183.131,594,31.61,0.08,346.68,-0.008417714387178421,30.094165802001953,0.49067580699920654,0.0037891344650233805,0.03369140625,0.0003,0.24217821782178217,0.8501945525291829,10.5,0.72,1.86,9.44,9.88,1.43,1.32,7.13,0.02,8.406051723957061,9.2,223.89,0.03323300974443555,nan
2978,97615872,11236.844,594,27.72,0.06,318.51,-0.00907715130597353,33.31694412231445,0.518064022064209,0.003599569544348924,0.032745361328125,0.0003,0.28548680618744315,0.8507912584777694,8.72,0.65,1.35,8.21,8.23,1.02,1.1,6.11,0.02,6.725868074893952,7.62,203.09,0.0332894041785039,nan
2979,97648640,11292.967,594,29.09,0.07,403.27,-0.004443671554327011,32.1673583984375,0.4868462383747101,0.003355247949571094,0.03314208984375,0.0003,0.27388677556500335,0.8640915593705293,10.32,0.92,1.49,7.84,8.72,1.04,1.25,6.43,0.04,7.1305142363905905,7.98,204.59,0.03308514627860859,nan
2980,97681408,11346.699,594,28.93,0.06,311.2,-0.008547498844563961,31.758544921875,0.5077071189880371,0.002332757285785192,0.01998138427734375,0.0003,0.2981731187472814,0.8464311463590483,8.67,0.79,1.59,8.24,8.89,1.28,1.32,6.29,0.0,7.450158952698112,7.99,203.78,0.03266208939021453,nan
2981,97714176,11399.757,595,30.79,0.06,361.22,-0.00582167599350214,33.762779235839844,0.5116408467292786,0.002114297266757603,0.0211029052734375,0.0003,0.26392099180500106,0.8641975308641975,10.67,0.77,1.81,8.4,8.58,1.28,1.28,6.02,0.03,7.098273609951138,8.73,219.81,0.03024808259215206,nan
2982,97746944,11455.399,594,28.61,0.06,308.59,-0.004541328642517328,33.56196594238281,0.5507228970527649,0.0013246632085781584,0.01190948486328125,0.0003,0.2924944812362031,0.8547445255474453,8.49,0.74,1.66,8.48,9.54,1.5,1.47,6.57,0.05,7.918864508867264,7.95,199.23,0.03483740903902799,nan
2983,97779712,11509.254,595,29.01,0.03,310.45,-0.009654021821916103,33.85356140136719,0.5405153036117554,0.004540323340663122,0.04077911376953125,0.0003,0.27888700084961765,0.841304347826087,10.31,0.83,1.54,8.33,8.73,1.14,1.35,6.24,0.01,7.223193554878235,7.8,219.67,0.032387216051574796,nan
2984,97812480,11563.892,595,27.83,0.09,302.08,-0.007737333420664072,38.29827880859375,0.5490549802780151,0.004774819252020279,0.04993438720703125,0.0003,0.36071349922924467,0.8409436834094368,8.38,0.68,1.43,8.46,8.55,1.03,1.19,6.33,0.01,6.996799570918083,7.49,207.27,0.03309050376992673,nan
2985,97845248,11618.551,595,25.84,0.03,274.4,-0.009855864569544792,38.2681770324707,0.5496429204940796,0.0052434227504249975,0.045928955078125,0.0003,0.37357954545454547,0.8404605263157895,7.6,0.75,1.24,7.63,8.14,1.21,1.08,5.85,0.04,6.585378277897835,6.86,191.0,0.03145192237570882,nan
2986,97878016,11673.788,595,25.2,0.05,263.96,-0.007623607758432627,43.58734893798828,0.5703950524330139,0.0050037626128016655,0.0434417724609375,0.0003,0.431396484375,0.8345802161263508,7.61,0.66,1.31,7.32,7.53,1.17,0.95,5.41,0.08,6.025524642243981,6.95,183.05,0.033685838570818305,nan
2987,97910784,11729.158,595,25.61,0.04,280.71,-0.011961282230913639,43.228614807128906,0.5286849737167358,0.003307124963953356,0.0296478271484375,0.0003,0.3946519133241125,0.836038961038961,8.98,0.67,1.43,7.4,7.22,0.98,0.84,5.4,0.04,5.916542896032333,7.12,195.6,0.03440068807685748,nan
2988,97943552,11784.158,595,26.62,0.03,286.48,-0.010741880163550377,38.09410095214844,0.5460147857666016,0.0034153077229461815,0.03662109375,0.0003,0.3959990907024324,0.8296354992076069,8.51,0.67,1.47,7.98,8.17,1.2,1.11,5.86,0.01,6.592886948734522,7.49,198.33,0.03463004407240078,nan
2989,97976320,11839.613,595,25.89,0.05,378.3,-0.010752024129033089,33.834228515625,0.5286433696746826,0.004229753438323769,0.043853759765625,0.0003,0.43118856121537086,0.8221690590111643,7.88,0.69,1.38,7.49,7.5,0.99,1.05,5.46,0.01,6.055101556479931,7.16,193.21,0.03524863306665793,nan
2990,98009088,11897.016,594,26.72,0.1,291.85,-0.009678257629275322,47.06446075439453,0.5162560939788818,0.0033688787464427605,0.03353118896484375,0.0003,0.41453287197231836,0.8177533385703064,8.78,0.7,1.7,7.67,8.44,1.22,1.31,5.91,0.04,6.785796983838082,8.01,199.53,0.03592320275492966,nan
2991,98041856,11953.072,594,25.48,0.03,279.35,-0.006409667432308197,38.16932678222656,0.5587067008018494,0.0033766909023142944,0.033599853515625,0.0003,0.40899701629561624,0.8282111899133175,7.36,0.74,1.36,7.67,8.0,1.33,0.93,5.74,0.03,6.443763675689698,6.74,189.46,0.03462067898362875,nan
2992,98074624,12008.123,594,27.52,0.05,291.86,-0.010246220976114273,35.899906158447266,0.5388720631599426,0.003307106340798782,0.03018951416015625,0.0003,0.3426651735722284,0.8160237388724035,8.74,0.7,1.52,8.03,8.18,1.13,1.02,6.03,0.03,6.656966677308082,7.77,200.97,0.03361567290266976,nan
2993,98107392,12065.486,594,27.22,0.05,292.9,-0.011065443977713585,38.274444580078125,0.5166194438934326,0.0035549787319268944,0.0328826904296875,0.0003,0.3934573157069236,0.8181818181818182,9.33,0.73,1.59,8.3,8.51,1.1,1.15,6.26,0.02,6.990388892292977,7.61,202.52,0.03516467195004225,nan
2994,98140160,12121.855,594,26.97,0.02,298.06,-0.006203901953995228,38.28758239746094,0.5059406757354736,0.0037766518101989277,0.03665924072265625,0.0003,0.36647475642161204,0.7884310618066561,8.48,0.76,1.51,7.32,7.88,1.08,1.1,5.7,0.03,6.301917685866356,7.57,196.33,0.035404951544478536,nan
2995,98172928,12173.92,594,29.25,0.04,320.88,-0.008928945288062096,30.400190353393555,0.49656611680984497,0.004137615417391771,0.03479766845703125,0.0003,0.2980159541828595,0.7951724137931034,9.75,0.77,1.63,8.38,9.46,1.32,1.41,6.73,0.02,7.663322771191597,7.94,208.98,0.03261953522451222,nan
2996,98205696,12228.454,594,27.09,0.04,278.88,-0.0063658966682851315,37.04843521118164,0.5226850509643555,0.003705267712462046,0.0322418212890625,0.0003,0.3752310536044362,0.7852614896988906,9.13,0.59,1.51,7.26,7.36,1.05,0.94,5.37,0.04,6.0116858279705045,7.81,198.38,0.03220823884475976,nan
2997,98238464,12285.897,594,28.89,0.04,311.33,-0.008226582780480385,36.609764099121094,0.4832436442375183,0.00340498582067994,0.0298004150390625,0.0003,0.3469739392634073,0.7905166312809625,9.52,0.86,1.73,8.19,8.36,1.36,1.25,5.75,0.04,6.8587521272897725,8.51,215.3,0.03620372840669006,nan
2998,98271232,12337.929,594,28.62,0.02,299.26,-0.00764736020937562,31.132326126098633,0.49143186211586,0.003080390098773478,0.02870941162109375,0.0003,0.3266546600630347,0.7980225988700564,10.79,0.88,1.61,8.23,8.44,1.25,1.21,5.98,0.02,6.87416917681694,7.97,197.13,0.033373043523170054,nan
2999,98304000,12388.34,595,28.41,0.03,303.76,-0.005479482933878899,31.371017456054688,0.5177438259124756,0.0023519161916567555,0.022064208984375,0.0003,0.33614901451158763,0.7901418969380134,9.76,0.88,1.64,7.93,8.02,1.26,1.19,5.57,0.01,6.590037332773209,7.81,213.69,0.03391529357759282,nan
3000,98336768,12442.933,595,28.14,0.05,310.89,-0.00930776447057724,31.076065063476562,0.49154770374298096,0.00344370218473955,0.02745819091796875,0.0003,0.3212094653812445,0.8056768558951966,9.65,0.69,1.73,7.89,8.15,1.23,1.17,5.75,0.03,6.636218182146549,8.03,203.33,0.03272722795372829,nan
3001,98369536,12494.599,595,26.74,0.03,281.59,-0.002946872729808092,34.44593048095703,0.5285537838935852,0.006229490315888597,0.05994415283203125,0.0003,0.3207762557077626,0.7959814528593508,8.7,0.73,1.59,7.18,7.56,1.07,0.9,5.59,0.01,6.169108148217202,7.32,203.9,0.0358358173398301,nan
3002,98402304,12547.019,595,26.36,0.03,385.31,-0.00798734650015831,33.816280364990234,0.5331135988235474,0.002857701818413716,0.02857208251953125,0.0003,0.36784190433415676,0.7971808927173062,7.92,0.74,1.55,6.94,7.02,1.09,0.99,4.94,0.0,5.485435559749603,7.23,194.1,0.03663522843271494,nan
3003,98435072,12599.769,595,28.07,0.02,306.81,-0.010318945161998272,32.20377731323242,0.5171316266059875,0.0027029889923824157,0.02242279052734375,0.0003,0.3089192025183631,0.7927272727272727,9.26,0.68,1.64,8.0,8.37,1.36,1.2,5.81,0.01,6.60629403501749,7.62,205.94,0.03506054275203496,nan
3004,98467840,12651.393,595,27.55,0.04,319.85,-0.007356447633355856,30.48862075805664,0.5047823190689087,0.0034697437690738298,0.033050537109375,0.0003,0.37174058390907067,0.7913779830638953,8.74,0.64,1.76,8.02,8.71,1.26,1.46,5.99,0.01,7.080937776938081,7.91,196.7,0.031201469711959362,nan
3005,98500608,12703.353,595,26.55,0.02,289.71,-0.008397133089601994,36.03443908691406,0.5215198397636414,0.003644352953216412,0.0359344482421875,0.0003,0.3487599645704163,0.7759938837920489,7.7,0.71,1.51,7.48,7.97,1.05,1.1,5.82,0.0,6.413695082068443,7.31,207.64,0.037259475444443524,nan
3006,98533376,12758.663,595,31.04,0.08,421.95,-0.006744047626852989,31.609834671020508,0.5010961890220642,0.0035325511060619874,0.032440185546875,0.0003,0.4028445931813428,0.7687543014452857,10.45,0.9,1.86,8.53,8.9,1.45,1.34,6.11,0.01,7.139020290076733,9.18,224.22,0.031121660897042602,nan
3007,98566144,12812.905,595,25.72,0.02,277.31,-0.006370873656123877,42.22329330444336,0.5393878221511841,0.002358041966829205,0.02201080322265625,0.0003,0.40055376095985235,0.7777777777777778,7.99,0.62,1.32,7.18,7.4,0.9,1.1,5.4,0.0,5.864366161972284,7.19,189.85,0.03524958237539977,nan
3008,98598912,12867.467,595,29.07,0.04,407.71,-0.009644575417041779,34.62855529785156,0.5327848196029663,0.0026853495598402333,0.02584075927734375,0.0003,0.3345001093852549,0.7704335465529495,9.22,0.68,1.83,8.19,8.7,1.31,1.35,6.04,0.03,7.1986064064502715,8.59,207.56,0.029631346696987748,nan
3009,98631680,12922.12,595,29.4,0.05,315.7,-0.00843675434589386,36.58684158325195,0.516869068145752,0.0029255854350935806,0.0282745361328125,0.0003,0.35649226858716376,0.7787921348314607,10.25,0.78,1.85,7.83,8.12,1.42,1.17,5.53,0.05,6.646926378458739,8.42,220.96,0.033248184190597385,nan
3010,98664448,12977.86,595,28.09,0.05,304.04,-0.007396840490400791,30.811389923095703,0.5433000326156616,0.00212651841115985,0.0217132568359375,0.0003,0.3203501094091904,0.803030303030303,9.05,0.81,1.53,8.17,8.18,1.22,1.04,5.92,0.01,6.620610407590866,7.47,206.32,0.03642811928875744,nan
3011,98697216,13031.818,595,26.83,0.04,290.64,-0.0029583312571048737,34.47460174560547,0.5482227802276611,0.0027226089026584077,0.02729034423828125,0.0003,0.35482436638506004,0.7808641975308642,8.51,0.66,1.52,8.09,8.26,1.24,1.11,5.91,0.02,6.5944781324267385,7.46,202.27,0.03709487267769873,nan
3012,98729984,13084.84,596,30.49,0.05,332.18,-0.008877335116267204,29.511127471923828,0.4966581165790558,0.0018934155669398933,0.01911163330078125,0.0003,0.3073523503415026,0.7822045152722443,10.05,0.76,2.05,9.03,9.72,1.47,1.24,7.01,0.02,8.045092221200466,8.87,221.52,0.03185492823831737,nan
3013,98762752,13138.968,596,28.32,0.03,306.76,-0.008329041302204132,31.39834213256836,0.49410587549209595,0.0016459131875876665,0.01345062255859375,0.0003,0.3399606729298667,0.7865003668378576,9.13,0.64,1.69,8.41,8.23,1.29,1.19,5.75,0.03,6.758640157580376,7.94,208.92,0.03206779604079202,nan
3014,98795520,13191.489,596,29.28,0.06,310.15,-0.00546254962682724,29.282596588134766,0.5017639398574829,0.0034743513355692812,0.030487060546875,0.0003,0.27978378378378377,0.7969613259668509,9.79,0.68,1.94,8.18,9.09,1.31,1.32,6.46,0.0,7.524328112602234,8.57,210.23,0.031187456334009767,nan
3015,98828288,13247.189,596,28.15,0.07,309.8,-0.0033176476135849953,35.0057373046875,0.5196367502212524,0.005112545374458932,0.0390625,0.0003,0.32786516853932585,0.7833456153279292,8.62,0.71,1.64,7.99,8.26,1.15,1.08,6.03,0.03,6.760355077385903,8.14,203.22,0.031803474586922675,nan
3016,98861056,13301.389,596,27.68,0.04,298.69,-0.007104229182004929,32.955108642578125,0.5368914008140564,0.0024879829874322468,0.02295684814453125,0.0003,0.3272285966460724,0.799405646359584,8.66,0.68,1.54,7.66,8.33,1.07,1.3,5.96,0.01,6.747692950367927,7.5,206.17,0.03583377576433122,nan
3017,98893824,13358.423,596,28.57,0.06,307.75,-0.003167371265590191,31.40851593017578,0.5092813372612,0.004825342014441958,0.04279327392578125,0.0003,0.31041936878512755,0.7912727272727272,9.27,0.61,1.71,8.38,9.26,1.62,1.28,6.36,0.02,7.577779121100902,7.97,206.25,0.028633344685658813,nan
3018,98926592,13412.199,596,28.79,0.07,313.16,-0.008954654447734356,30.170196533203125,0.535213053226471,0.0026295078455689236,0.02407073974609375,0.0003,0.3209565764631844,0.7872340425531915,8.72,0.76,1.7,7.89,7.89,1.0,1.24,5.65,0.05,6.50029752343893,7.8,210.81,0.036918419413268566,nan
3019,98959360,13467.535,596,26.73,0.04,288.3,-0.010201462544500828,35.667884826660156,0.5506811141967773,0.0025312137113928657,0.02304840087890625,0.0003,0.3262557077625571,0.78149300155521,7.81,0.62,1.37,7.65,7.82,0.99,1.12,5.71,0.03,6.361849452853203,7.19,202.14,0.033253410016186535,nan
3020,98992128,13521.082,596,27.55,0.05,296.5,-0.00842259544879198,34.91627502441406,0.5388316512107849,0.0019214501968463082,0.0182037353515625,0.0003,0.27604630454140694,0.7907313540912382,8.3,0.72,1.73,8.06,8.64,1.33,1.32,5.99,0.02,6.893969502151013,7.75,209.05,0.03516850608866662,nan
3021,99024896,13575.484,596,31.25,0.06,335.54,-0.008455176837742329,28.61195945739746,0.520342230796814,0.003125999369899546,0.02564239501953125,0.0003,0.2993963782696177,0.776686313032089,10.45,0.83,1.99,9.19,9.81,1.77,1.27,6.77,0.03,8.012203206419946,8.95,229.64,0.03349996608449146,nan
3022,99057664,13635.806,595,29.21,0.06,314.35,-0.00794963724911213,29.895954132080078,0.5347102880477905,0.002673459117772836,0.0261688232421875,0.0003,0.2547689699025011,0.7692852087756546,8.52,0.82,1.73,8.43,8.77,1.38,1.06,6.33,0.04,7.118594524264336,8.41,214.35,0.030879919591825455,nan
3023,99090432,13687.255,596,30.88,0.06,332.05,-0.01025518961250782,27.307893753051758,0.5114865303039551,0.0036056434648230606,0.03460693359375,0.0003,0.30106183635227984,0.7793199167244969,10.03,0.78,1.81,8.71,9.2,1.5,1.5,6.2,0.01,7.6990398812294005,8.91,221.57,0.03304556867806241,nan
3024,99123200,13741.966,596,31.98,0.06,357.37,-0.007178850471973419,25.10025978088379,0.49371832609176636,0.002656454464442959,0.02130889892578125,0.0003,0.26934207987651937,0.7912652536929994,9.82,0.93,1.99,9.23,10.0,1.49,1.53,6.98,0.02,8.339824345707893,9.21,231.36,0.03340209962334484,nan
3025,99155968,13798.074,596,30.57,0.05,330.47,-0.005995096638798714,27.00849723815918,0.5309475660324097,0.00240849244299568,0.02086639404296875,0.0003,0.22344322344322345,0.799039780521262,9.85,0.87,1.96,8.99,9.45,1.51,1.47,6.47,0.02,7.8625833964347835,8.59,223.82,0.030990175087936223,nan
3026,99188736,13848.812,596,31.79,0.09,345.12,-0.008753438480198383,29.49247932434082,0.524634838104248,0.0019554446162146633,0.01842498779296875,0.0003,0.2546132705143306,0.7985564304461942,10.07,0.82,2.05,9.23,9.71,1.52,1.34,6.85,0.03,8.08093596816063,9.26,231.67,0.03437070921063423,nan
3027,99221504,13902.567,596,30.3,0.03,332.49,-0.008043382316827774,27.131446838378906,0.5208801627159119,0.003015821035234012,0.0268096923828125,0.0003,0.2447821681864235,0.8091603053435115,9.48,0.77,1.82,8.9,9.02,1.41,1.38,6.23,0.0,7.485794829130173,8.62,221.29,0.03288829530356452,nan
3028,99254272,13954.86,596,30.42,0.06,422.77,-0.0064891017973423,30.274473190307617,0.5454619526863098,0.0023310471949571365,0.02126312255859375,0.0003,0.2504233700254022,0.7848525469168901,9.59,0.68,1.86,9.07,9.4,1.41,1.31,6.68,0.01,7.8970710927248,8.37,223.27,0.03355123434448615,nan
3029,99287040,14009.562,596,31.17,0.04,372.62,-0.008472350426018238,24.862117767333984,0.5498384237289429,0.0031152271604923953,0.0250396728515625,0.0003,0.2670299727520436,0.7998700454840806,9.71,0.97,2.02,9.23,9.95,1.39,1.51,7.05,0.0,8.216011483371258,8.9,235.95,0.03172713681124151,nan
3030,99319808,14063.843,596,32.84,0.07,352.76,-0.008894704282283783,23.147804260253906,0.5067869424819946,0.0027515219134670588,0.025726318359375,0.0003,0.22910891089108912,0.8025974025974026,10.58,0.9,2.02,9.62,9.93,1.57,1.45,6.91,0.01,8.190390746593476,9.54,236.58,0.033435192657634616,nan
3031,99352576,14115.607,596,28.8,0.07,311.36,-0.005459760781377554,28.746131896972656,0.5606740117073059,0.0027427253480709624,0.02335357666015625,0.0003,0.23565924657534246,0.7944055944055944,9.25,0.81,1.71,8.91,9.44,1.52,1.18,6.74,0.01,7.970150784254074,7.91,202.89,0.03475339710712433,nan
3032,99385344,14168.689,596,31.67,0.05,351.0,-0.00882731843739748,25.834217071533203,0.5452042818069458,0.002704279694341949,0.02376556396484375,0.0003,0.2671978235522736,0.8118105126541207,10.43,0.83,1.89,9.82,9.83,1.49,1.4,6.94,0.01,8.118123483359813,8.71,238.76,0.03512117586797103,nan
3033,99418112,14220.516,596,31.82,0.06,349.61,-0.008035749197006226,23.236793518066406,0.5347549915313721,0.003055141870220268,0.024993896484375,0.0003,0.28607012837708373,0.8229442970822282,10.41,0.88,1.91,9.98,10.14,1.57,1.61,6.96,0.04,8.626303673386573,9.05,240.37,0.03447573183802888,nan
3034,99450880,14274.754,596,31.27,0.03,456.44,-0.005071284715086222,26.687564849853516,0.509638249874115,0.002667909911622246,0.0251922607421875,0.0003,0.2720631786771964,0.8143133462282398,9.87,0.83,1.99,9.72,10.48,1.64,1.58,7.26,0.02,8.75557496547699,8.71,231.77,0.030513916979543865,nan
3035,99483648,14329.505,596,33.33,0.04,370.28,-0.007883732207119465,23.21868133544922,0.4947599470615387,0.002313059887228519,0.0218658447265625,0.0003,0.2724252491694352,0.8217578365089121,11.19,0.93,2.21,10.01,10.04,1.6,1.48,6.96,0.0,8.240372483730317,9.66,247.12,0.03349240840179846,nan
3036,99516416,14383.222,596,29.62,0.06,324.07,-0.010301601141691208,27.91015625,0.5419041514396667,0.004060477685925434,0.03324127197265625,0.0003,0.2860151642796967,0.8152777777777778,9.31,0.86,1.82,9.04,9.66,1.41,1.38,6.87,0.02,7.916949593126774,8.49,216.63,0.036536209168843925,nan
3037,99549184,14436.901,596,30.15,0.05,334.96,-0.00848492793738842,30.039020538330078,0.5453689098358154,0.002992976988451801,0.029541015625,0.0003,0.24323224099328314,0.8150917743031951,10.41,0.87,1.97,9.08,9.76,1.59,1.5,6.67,0.01,8.019501590132712,8.71,216.71,0.033780481258872896,nan
3038,99581952,14491.213,596,30.03,0.02,332.09,-0.006794311106204987,31.117467880249023,0.5355221033096313,0.004634284246776588,0.0424346923828125,0.0003,0.25226860254083483,0.8345612860013396,9.38,1.01,1.67,8.91,9.21,1.26,1.2,6.75,0.01,7.619548581689596,8.48,213.85,0.03289899724768475,nan
3039,99614720,14545.066,597,30.36,0.06,334.08,-0.005302217788994312,29.961576461791992,0.5392618179321289,0.0034529813556503086,0.03206634521484375,0.0003,0.25635808748728384,0.7884231536926147,9.64,0.8,1.96,9.53,10.52,1.57,1.46,7.49,0.04,8.724486988186836,8.64,219.63,0.03460281668230891,nan
3040,99647488,14598.607,597,28.92,0.05,339.49,-0.0074453894048929214,31.158693313598633,0.5583144426345825,0.0016256515984878206,0.013671875,0.0003,0.25899431937723544,0.800557880055788,9.31,0.85,1.82,8.48,9.03,1.4,1.26,6.37,0.02,7.463943333625793,8.04,211.04,0.033361466543283314,nan
3041,99680256,14652.417,597,30.51,0.06,363.33,-0.007666790392249823,29.15432357788086,0.5219166278839111,0.0023038313566701163,0.01963043212890625,0.0003,0.29944178628389156,0.7872909698996655,10.6,0.9,1.86,9.24,9.83,1.69,1.42,6.72,0.01,8.040264892578126,8.6,227.97,0.032271623495034873,nan
3042,99713024,14709.1,597,30.98,0.07,344.37,-0.00810032244771719,27.878673553466797,0.5241466760635376,0.0024409042995046093,0.02037811279296875,0.0003,0.28019323671497587,0.8038692461641094,10.39,0.83,1.76,9.16,9.2,1.35,1.29,6.56,0.03,7.502229838371277,8.52,220.54,0.035502620856277645,nan
3043,99745792,14760.504,597,29.48,0.03,319.5,-0.005586369428783655,30.47565460205078,0.5347678661346436,0.0023875561307136195,0.02272796630859375,0.0003,0.24865424430641822,0.8111111111111111,10.03,0.79,1.74,8.42,8.88,1.49,1.25,6.14,0.02,7.4275449275970455,8.33,211.76,0.03380594862392172,nan
3044,99778560,14815.832,597,30.61,0.04,398.7,-0.0045844754204154015,26.601789474487305,0.5429853200912476,0.003488179637486155,0.03224945068359375,0.0003,0.26624949535728704,0.8084824387011266,10.04,0.87,1.89,8.69,8.99,1.48,1.36,6.15,0.01,7.375912830829621,8.75,217.39,0.030692011467181146,nan
3045,99811328,14868.417,597,29.85,0.05,321.4,-0.009011384099721909,31.176517486572266,0.5209732055664062,0.0022584714361073566,0.01934814453125,0.0003,0.2636214666120442,0.7866306549628629,9.66,0.79,1.84,8.28,8.52,1.33,1.42,5.77,0.0,6.833823142573237,8.36,217.17,0.032079877448268235,nan
3046,99844096,14923.6,597,31.06,0.07,342.39,-0.010393327102065086,27.973127365112305,0.5057473182678223,0.004344508272652092,0.03815460205078125,0.0003,0.24829659318637273,0.8142948308870454,10.6,0.98,2.22,9.44,10.23,1.7,1.77,6.76,0.01,8.43154659986496,9.3,226.52,0.0318070431239903,nan
3047,99876864,14979.889,597,31.09,0.08,351.63,-0.004503991454839706,26.313703536987305,0.5202687978744507,0.002489282646479296,0.024749755859375,0.0003,0.25041322314049586,0.8020901371652515,10.79,0.93,1.96,8.86,9.33,1.45,1.41,6.47,0.05,7.6659553509950635,8.92,227.45,0.033382034685928375,nan
3048,99909632,15035.335,597,29.65,0.08,331.56,-0.010257000103592873,31.440156936645508,0.5693551301956177,0.003685686040796554,0.03061676025390625,0.0003,0.2890656874745002,0.8261168384879725,9.26,0.8,1.84,8.68,9.32,1.53,1.26,6.53,0.03,7.565279304683209,8.33,218.26,0.03248899133177474,nan
3049,99942400,15091.451,597,29.49,0.08,324.63,-0.007117874920368195,29.54568862915039,0.5371245741844177,0.0020562240950425803,0.02019500732421875,0.0003,0.2909921129099211,0.8166666666666667,10.02,1.04,1.77,8.68,8.72,1.34,1.28,6.1,0.01,7.057003678027541,8.0,212.1,0.030467505799606442,nan
3050,99975168,15146.494,597,26.03,0.05,288.08,-0.010040408000349998,38.67250061035156,0.5546455383300781,0.002635983395322228,0.02248382568359375,0.0003,0.34640231677433725,0.806989674344718,7.96,0.58,1.5,7.67,7.74,1.08,1.04,5.62,0.01,6.114384460151196,7.12,193.66,0.03237184789031744,nan
3051,100007936,15198.543,597,27.24,0.07,297.44,-0.007598472759127617,38.3100471496582,0.5318778157234192,0.0038484206265252396,0.036102294921875,0.0003,0.3029698581560284,0.8185328185328186,8.89,0.63,1.64,7.9,8.44,1.42,1.16,5.86,0.0,6.913286719024182,7.49,200.8,0.034858597500715405,nan
3052,100040704,15254.867,597,26.19,0.03,296.85,-0.007382371462881565,34.40562057495117,0.5529963970184326,0.0032256302891937594,0.0296783447265625,0.0003,0.28860092246870195,0.8186770428015564,7.77,0.8,1.6,7.87,8.17,1.51,1.13,5.53,0.01,6.538709512650967,6.97,191.42,0.030174619692843407,nan
3053,100073472,15309.804,597,27.56,0.05,301.49,-0.010187840089201927,36.399810791015625,0.5333109498023987,0.005899968301378067,0.04467010498046875,0.0003,0.30500894454382826,0.8014981273408239,9.26,0.79,1.72,8.21,8.22,1.24,1.11,5.87,0.01,6.648601477742195,7.58,195.16,0.029410162707790732,nan
3054,100106240,15366.042,597,32.65,0.14,365.61,-0.00995145458728075,27.166095733642578,0.49427270889282227,0.0037614158139263054,0.0335540771484375,0.0003,0.2740541578644133,0.8020631850419084,11.41,0.92,2.0,9.54,10.02,1.78,1.71,6.53,0.03,8.314724982976914,9.53,225.65,0.03379686933476478,nan
3055,100139008,15422.033,597,28.77,0.08,308.34,-0.008847597986459732,33.45133972167969,0.5349637269973755,0.005065010894782063,0.041534423828125,0.0003,0.2917570498915401,0.8226848528356066,9.0,0.76,1.84,8.52,8.8,1.47,1.49,5.84,0.06,7.163012228310108,7.99,211.13,0.029580094502307475,nan
3056,100171776,15477.029,597,29.07,0.05,337.39,-0.003456029575318098,33.40196228027344,0.5270686149597168,0.003696413741977267,0.0344390869140625,0.0003,0.32230895645028756,0.8157894736842105,9.23,0.64,1.78,9.07,9.39,1.45,1.28,6.66,0.03,7.8141087549924855,8.23,217.57,0.03399194299709052,nan
3057,100204544,15530.691,597,29.31,0.02,318.4,-0.004958105273544788,29.387258529663086,0.5292112827301025,0.0008919634125845732,0.00814056396484375,0.0003,0.3293044953350297,0.799721835883171,9.05,0.93,1.81,8.54,8.71,1.17,1.31,6.23,0.03,7.179014973640442,8.29,212.1,0.03241833671927452,nan
3058,100237312,15583.452,597,30.7,0.04,338.73,-0.010012413375079632,27.12147331237793,0.5199425220489502,0.002587984145407063,0.02158355712890625,0.0003,0.27202227082919067,0.7890932982917214,9.83,0.99,1.92,9.37,9.75,1.51,1.54,6.7,0.0,7.824334354698658,8.38,230.07,0.03270903148222715,nan
3059,100270080,15639.293,597,27.68,0.03,296.56,-0.006226973608136177,32.22372817993164,0.5249382853507996,0.0026188483203100077,0.02581787109375,0.0003,0.32073774179037334,0.7871064467766117,9.6,0.91,1.73,8.01,8.41,1.5,1.44,5.47,0.01,6.885468581616879,7.51,207.24,0.031750249210745096,nan
3060,100302848,15699.502,596,30.76,0.04,333.68,-0.007981738075613976,28.70421600341797,0.5403367280960083,0.0026033111351466687,0.02271270751953125,0.0003,0.28015251856311457,0.782520325203252,10.87,0.92,1.74,8.74,9.29,1.59,1.33,6.37,0.01,7.549370184540749,8.34,223.9,0.03126982075627893,nan
3061,100335616,15754.17,596,29.81,0.03,330.34,-0.007143418304622173,25.725940704345703,0.508884847164154,0.0024387437532880085,0.02083587646484375,0.0003,0.31788485095957536,0.7595024187975121,9.33,0.85,1.74,8.54,8.47,1.21,1.21,6.05,0.05,6.9067598092556,8.15,218.45,0.03069001412950456,nan
3062,100368384,15810.608,596,30.0,0.09,420.47,-0.007480308413505554,26.65695571899414,0.5327005386352539,0.004031673524366397,0.03656005859375,0.0003,0.2754528419737664,0.7864338482202821,9.78,0.91,1.73,8.63,9.26,1.19,1.32,6.75,0.06,7.702154586315155,8.0,213.11,0.030203839705791324,nan
3063,100401152,15864.216,596,30.91,0.07,340.56,-0.008288421668112278,28.09600067138672,0.5478032231330872,0.004857662494202941,0.03842926025390625,0.0003,0.28795180722891567,0.7725118483412322,9.81,0.83,1.71,8.85,9.23,1.4,1.33,6.5,0.01,7.586551862955093,8.69,220.5,0.03145274781854823,nan
3064,100433920,15920.831,596,31.97,0.1,351.73,-0.006811084691435099,27.357009887695312,0.5236752033233643,0.002649634014773028,0.02336883544921875,0.0003,0.2879459980713597,0.7932569974554707,11.63,0.81,2.05,9.39,9.87,1.67,1.46,6.74,0.01,8.06935835301876,9.2,235.69,0.03196870116516948,nan
3065,100466688,15973.284,596,28.16,0.03,302.89,-0.010096333920955658,31.9623966217041,0.5542398691177368,0.004584729104863072,0.041839599609375,0.0003,0.27166482910694595,0.8008817046289493,8.82,0.79,1.64,8.25,8.83,1.34,1.23,6.26,0.01,7.260922388732434,7.7,209.72,0.030272118339780718,nan
3066,100499456,16026.881,597,28.37,0.02,311.44,-0.010576387867331505,31.027191162109375,0.560600996017456,0.005328351312016366,0.04628753662109375,0.0003,0.26995156875131604,0.7910764872521246,9.13,0.75,1.71,8.28,8.49,1.07,1.11,6.31,0.01,7.034656888395548,7.82,204.27,0.034037483972497284,nan
3067,100532224,16084.007,596,30.15,0.04,350.48,-0.012339459732174873,32.84616470336914,0.5392594337463379,0.003045564042508886,0.02451324462890625,0.0003,0.29160063391442154,0.8079734219269104,10.03,0.94,1.68,8.52,8.55,1.21,1.04,6.3,0.0,6.980680160522461,8.07,218.0,0.03260427375789732,nan
3068,100564992,16136.198,597,26.81,0.04,301.24,-0.007448685355484486,31.07171630859375,0.5517039895057678,0.00306842328006951,0.0283355712890625,0.0003,0.2725123576187406,0.8079571537872992,7.65,0.77,1.61,7.8,8.3,1.35,1.08,5.87,0.0,6.868978006839752,7.47,199.96,0.032380056916736066,nan
3069,100597760,16192.753,596,30.72,0.07,348.05,-0.010625717230141163,27.744775772094727,0.5151015520095825,0.004305637776326421,0.036895751953125,0.0003,0.2335235097383435,0.8110749185667753,10.26,0.74,2.13,8.81,9.23,1.55,1.47,6.21,0.03,7.4990379181504245,8.81,216.97,0.03259946114849299,nan
3070,100630528,16245.744,597,30.81,0.08,338.23,-0.007093216758221388,23.305805206298828,0.5143522024154663,0.007114067775148669,0.04571533203125,0.0003,0.2815034619188922,0.8150638870208473,10.01,0.76,1.83,8.49,8.81,1.24,1.3,6.27,0.0,7.130909531116486,8.28,223.5,0.03544086089823395,nan
3071,100663296,16299.761,597,32.12,0.11,373.05,-0.007815506309270859,24.445762634277344,0.5049374103546143,0.0021476301358518413,0.02051544189453125,0.0003,0.24411878133436174,0.8247358607830951,11.2,0.86,2.15,9.17,9.32,1.4,1.46,6.46,0.04,7.489362381398678,9.06,227.72,0.029853446991182864,nan
3072,100696064,16352.984,597,31.35,0.11,350.27,-0.010150346904993057,27.86517333984375,0.5327592492103577,0.0034807861827630404,0.02661895751953125,0.0003,0.25538218447560734,0.8204956463496316,10.72,0.8,2.01,8.36,8.85,1.59,1.26,6.0,0.01,7.195720762312412,8.9,213.09,0.03106465289602056,nan
3073,100728832,16408.425,597,31.99,0.07,355.18,-0.008082093670964241,22.44009780883789,0.5066945552825928,0.004589702183835698,0.043701171875,0.0003,0.25248091603053435,0.805628272251309,10.37,1.02,2.0,8.65,9.44,1.64,1.41,6.39,0.01,7.703327485322952,8.98,224.77,0.03164973360253498,nan
3074,100761600,16463.298,597,31.56,0.1,345.96,-0.008903484791517258,30.855308532714844,0.4924253225326538,0.0044180029990457115,0.03878021240234375,0.0003,0.23302715654952078,0.8176691729323309,10.63,0.84,2.37,8.82,9.21,1.58,1.32,6.31,0.02,7.64258952498436,9.73,219.51,0.031067909090779722,nan
3075,100794368,16516.102,597,30.15,0.04,357.32,-0.00978999212384224,30.041202545166016,0.5410504937171936,0.003427227258029575,0.03177642822265625,0.0003,0.20180904522613066,0.8115079365079365,10.3,0.82,1.88,8.52,9.29,1.37,1.47,6.45,0.04,7.560288782715798,8.51,212.84,0.03031622094567865,nan
3076,100827136,16572.249,597,30.84,0.06,340.02,-0.008975351229310036,28.563615798950195,0.4912298321723938,0.003126947791145085,0.0288848876953125,0.0003,0.23787199347737464,0.8032021347565044,10.37,0.84,1.95,8.17,8.51,1.25,1.43,5.83,0.05,6.928073971867561,8.46,215.95,0.029525167657993734,nan
3077,100859904,16626.249,597,30.17,0.05,338.84,-0.008730851113796234,26.482608795166016,0.49725931882858276,0.002532743347728683,0.02362060546875,0.0003,0.22484371849163137,0.7843915343915344,10.13,1.03,2.03,8.13,8.24,1.32,1.42,5.5,0.01,6.584933111667633,8.6,211.86,0.031008978374302387,nan
3078,100892672,16682.107,597,31.03,0.07,339.38,-0.007040191441774368,29.74460792541504,0.5071031451225281,0.0011851657397983217,0.01067352294921875,0.0003,0.21656565656565657,0.7891566265060241,10.93,0.86,2.08,8.47,8.71,1.5,1.4,5.81,0.02,6.9774642750620846,8.67,214.03,0.028493159043136984,nan
3079,100925440,16736.514,597,32.08,0.04,353.98,-0.00690530426800251,24.425189971923828,0.47513318061828613,0.0019102249042930453,0.01665496826171875,0.0003,0.2408859270874167,0.7697749196141479,11.02,0.78,2.09,8.58,8.6,1.34,1.4,5.86,0.02,6.877468052506447,9.2,221.72,0.03052433580160141,nan
3080,100958208,16789.542,597,32.98,0.11,361.68,-0.007997591979801655,33.09386444091797,0.47441065311431885,0.0036007838026819172,0.02881622314453125,0.0003,0.24955960070463887,0.7764331210191083,12.96,0.84,2.23,8.41,8.76,1.47,1.35,5.94,0.02,7.147928548455238,9.69,217.01,0.027594427461735904,nan
3081,100990976,16844.15,597,29.13,0.06,317.74,-0.008080699481070042,32.976417541503906,0.5030443668365479,0.004072227072811074,0.03524017333984375,0.0003,0.21997444633730834,0.789399293286219,10.37,0.79,1.84,7.79,8.61,1.47,1.3,5.84,0.01,6.729600423574448,8.4,201.62,0.030641615157946944,nan
3082,101023744,16898.758,597,29.03,0.05,320.13,-0.004084001295268536,26.548383712768555,0.5062581896781921,0.0035543366855108616,0.0334930419921875,0.0003,0.2507030067056024,0.8002842928216063,9.85,0.78,2.1,8.1,8.65,1.59,1.49,5.57,0.0,7.07999019742012,8.44,204.46,0.031483176979236305,nan
3083,101056512,16953.684,597,30.68,0.09,339.95,-0.008500046096742153,30.14444351196289,0.5238308906555176,0.00556312523036695,0.0448150634765625,0.0003,0.22244133307040032,0.8069472277889111,11.21,0.81,2.0,8.01,8.43,1.39,1.29,5.75,0.02,6.832880722880364,8.96,214.72,0.03182595502585173,nan
3084,101089280,17007.7,597,30.51,0.02,334.85,-0.0036104931496083736,29.52658462524414,0.5186547040939331,0.00605723468152064,0.048370361328125,0.0003,0.2797841427978414,0.797986577181208,10.51,0.94,2.07,8.06,8.33,1.46,1.29,5.58,0.02,6.597681940197945,8.97,217.41,0.034694928326644,nan
3085,101122048,17062.723,597,30.45,0.08,332.48,-0.008471612818539143,26.684478759765625,0.49047818779945374,0.005189091948295754,0.0400238037109375,0.0003,0.23289070480081717,0.8237704918032787,9.54,0.98,1.88,7.88,7.86,1.3,1.24,5.32,0.01,6.285428840816021,8.57,213.53,0.0294057842111215,nan
3086,101154816,17117.381,597,31.18,0.04,332.68,-0.0053756567649543285,31.05877685546875,0.5134738683700562,0.002774117622806216,0.027984619140625,0.0003,0.24681561912716643,0.7864271457085829,10.55,0.84,2.27,8.26,9.25,1.66,1.39,6.2,0.02,7.513421996235848,9.12,210.19,0.02974457055097446,nan
3087,101187584,17170.922,597,30.37,0.06,332.05,-0.006611882243305445,29.518009185791016,0.49730464816093445,0.0023923327037209674,0.0241241455078125,0.0003,0.2708981539099772,0.8051247471341875,9.96,0.81,1.9,8.32,9.24,1.42,1.32,6.5,0.04,7.517360495328903,8.11,212.23,0.033283589116763324,nan
3088,101220352,17224.891,597,29.09,0.03,322.12,-0.006237308029085398,30.92972183227539,0.5269339084625244,0.0027356927976427414,0.02571868896484375,0.0003,0.2551972846839202,0.8268041237113402,9.73,0.73,2.01,8.2,8.36,1.36,1.13,5.87,0.03,6.771840574145317,8.42,213.9,0.03338786284439266,nan
3089,101253120,17276.785,597,27.96,0.05,313.41,-0.007680274546146393,44.659080505371094,0.5397964715957642,0.0034068328084231325,0.02935028076171875,0.0003,0.2897496255082388,0.8034066713981547,9.86,0.72,1.82,7.68,8.12,1.33,1.22,5.57,0.05,6.600412159562111,7.9,207.11,0.034113856381736696,nan
3090,101285888,17334.126,597,29.95,0.04,325.56,-0.007538227364420891,33.41317367553711,0.5176433324813843,0.003270372192787363,0.02834320068359375,0.0003,0.23375,0.8218352310783658,9.96,0.82,2.13,8.39,8.9,1.46,1.22,6.22,0.0,7.199660767912865,8.69,223.22,0.03322539170039818,nan
3091,101318656,17387.832,597,30.3,0.04,329.94,-0.012319358065724373,30.162944793701172,0.5517825484275818,0.003131416153507871,0.0283355712890625,0.0003,0.27302165553531677,0.7921385742838108,10.22,0.82,1.94,8.22,8.76,1.32,1.19,6.25,0.01,6.927589234113693,8.56,225.77,0.03427561873104423,nan
3092,101351424,17439.915,597,30.4,0.03,335.16,-0.008555324748158455,28.597225189208984,0.5200430154800415,0.0034635660373396604,0.0291900634765625,0.0003,0.28665865384615385,0.7897918065815984,9.41,0.88,1.88,8.47,8.97,1.41,1.22,6.34,0.01,7.240761395096779,8.72,227.61,0.031544364464934915,nan
3093,101384192,17493.152,597,30.9,0.05,344.17,-0.009025000035762787,31.473846435546875,0.5247907042503357,0.0035920385266763333,0.02858734130859375,0.0003,0.2581718535917009,0.7855329949238579,10.17,0.96,2.04,9.22,9.74,1.65,1.5,6.59,0.02,7.80413558959961,8.73,223.77,0.03189443645533174,nan
3094,101416960,17548.467,597,27.73,0.02,302.6,-0.004379283171147108,38.71616744995117,0.538731575012207,0.004685684672779189,0.04299163818359375,0.0003,0.25,0.7744807121661721,8.9,0.71,1.67,7.4,7.74,1.25,1.1,5.39,0.02,6.3483322733640675,7.71,198.89,0.03666442108806223,nan
3095,101449728,17600.6,597,28.45,0.07,346.72,-0.006408571265637875,34.50883483886719,0.5021029710769653,0.004473524363277193,0.03823089599609375,0.0003,0.2996941896024465,0.7982708933717579,10.44,0.85,2.01,7.96,8.3,1.51,1.23,5.56,0.02,6.793005558848381,8.17,201.51,0.031030284066218883,nan
3096,101482496,17655.922,597,30.47,0.09,335.26,-0.00807863287627697,34.499473571777344,0.5175367593765259,0.0031889028086311555,0.033294677734375,0.0003,0.31311930241775665,0.7901484480431848,11.11,0.87,1.99,8.48,9.31,1.44,1.39,6.48,0.0,7.607909352183342,9.1,218.15,0.03298194654053077,nan
3097,101515264,17709.987,597,27.55,0.05,293.05,-0.00845719687640667,40.80812072753906,0.5431300401687622,0.002072883728146735,0.0183258056640625,0.0003,0.2967352415026834,0.7875288683602771,9.02,0.83,1.66,7.57,8.06,1.41,1.13,5.52,0.01,6.568879262804985,7.43,199.95,0.03320051572518423,nan
3098,101548032,17762.841,597,28.88,0.09,315.57,-0.007855883799493313,36.100502014160156,0.544508695602417,0.003476268656015691,0.03728485107421875,0.0003,0.34246866369237305,0.7858156028368795,10.03,0.86,1.79,7.75,7.95,1.23,1.24,5.48,0.06,6.458724879026413,8.09,205.44,0.034620105870999396,nan
3099,101580800,17814.004,597,30.69,0.06,335.44,-0.00665974710136652,29.539100646972656,0.5279215574264526,0.0017054313448170433,0.0183563232421875,0.0003,0.29453298365947145,0.8163129973474801,10.55,0.91,1.98,8.5,8.74,1.44,1.35,5.95,0.04,7.006864786744118,8.63,219.6,0.03249164699809626,nan
3100,101613568,17867.742,597,30.49,0.08,335.08,-0.007233683951199055,34.677734375,0.49918341636657715,0.0017179294580955684,0.01613616943359375,0.0003,0.29666800481734246,0.812133072407045,11.75,0.89,2.13,8.73,9.17,1.81,1.19,6.17,0.0,7.24291063606739,8.57,225.75,0.031225910875946283,nan
3101,101646336,17922.395,597,29.61,0.07,313.43,-0.008595160208642483,30.71685028076172,0.5270220041275024,0.002098247677480458,0.0190887451171875,0.0003,0.2677878395860285,0.8118668596237337,9.66,0.97,1.9,7.94,8.32,1.42,1.36,5.54,0.02,6.880267403125763,8.49,213.11,0.031468917324673384,nan
3102,101679104,17975.911,597,32.15,0.06,338.38,-0.00828629918396473,22.949535369873047,0.5069948434829712,0.0036570659057986177,0.02953338623046875,0.0003,0.2628,0.8143044619422573,11.37,0.82,2.17,9.28,9.31,1.72,1.39,6.2,0.03,7.625366142392158,9.23,221.28,0.0305531807243824,nan
3103,101711872,18029.272,597,29.7,0.09,328.42,-0.00888188648968935,31.358043670654297,0.5397194623947144,0.0034380754958078796,0.0302734375,0.0003,0.30277834110728047,0.8319783197831978,9.82,1.07,1.92,8.27,9.19,1.42,1.6,6.17,0.05,7.500169984996319,8.5,211.74,0.032918440585490316,nan
3104,101744640,18079.67,598,30.19,0.06,329.62,-0.004534706473350525,27.699771881103516,0.5087237358093262,0.002079399082163036,0.0189361572265625,0.0003,0.31252533441426833,0.7997302764666218,9.82,0.97,1.98,8.24,8.52,1.4,1.49,5.63,0.0,6.913444079011679,8.59,212.05,0.02968626463552937,nan
3105,101777408,18132.253,598,29.49,0.05,383.87,-0.007108446676284075,33.22675323486328,0.5032068490982056,0.0031571728432027157,0.0277862548828125,0.0003,0.31053604436229204,0.8196605374823197,9.23,0.84,1.97,8.38,8.58,1.45,1.14,5.99,0.01,7.045876544713974,8.3,215.8,0.03610567864961922,nan
3106,101810176,18183.681,598,30.26,0.06,333.07,-0.004708191379904747,27.92477798461914,0.4976256489753723,0.006891010223839089,0.04563140869140625,0.0003,0.27107679465776297,0.8299039780521262,10.53,0.9,2.0,8.36,8.81,1.41,1.35,6.05,0.01,7.070686907172203,8.47,220.58,0.030792533536441624,nan
3107,101842944,18238.523,598,30.39,0.1,426.28,-0.008986154571175575,32.09649658203125,0.4778572916984558,0.005546220906950339,0.0451812744140625,0.0003,0.30087572977481236,0.8292358803986711,10.55,0.96,2.21,8.85,8.99,1.55,1.32,6.12,0.03,7.263927934914827,8.67,212.0,0.030661612283438444,nan
3108,101875712,18294.824,598,27.09,0.06,294.97,-0.010188739746809006,41.34832000732422,0.48746269941329956,0.0042168490801088865,0.03771209716796875,0.0003,0.3066123188405797,0.7946564885496183,8.07,0.73,1.68,7.65,8.06,1.32,1.18,5.56,0.05,6.485463851392269,7.28,192.74,0.0313817405840382,nan
3109,101908480,18345.764,598,30.34,0.04,327.99,-0.011265587992966175,32.93894958496094,0.4942345917224884,0.004549257843109444,0.03716278076171875,0.0003,0.30491599253266954,0.8125,10.83,0.71,1.76,8.6,8.63,1.37,1.15,6.11,0.01,7.0606821005046365,8.42,221.1,0.036512627615593374,nan
3110,101941248,18399.219,598,28.72,0.04,317.74,-0.006459573283791542,35.834571838378906,0.511339545249939,0.0030968123608090536,0.0255889892578125,0.0003,0.30398365679264555,0.803314121037464,10.13,0.85,1.8,8.04,8.08,1.19,1.1,5.79,0.03,6.286577744334936,7.97,213.46,0.03337499685585499,nan
3111,101974016,18450.54,598,27.35,0.03,305.16,-0.010426925495266914,33.145469665527344,0.5060395002365112,0.002117871212760747,0.0196990966796875,0.0003,0.3245274914089347,0.8019431988041853,8.33,0.86,1.52,8.35,8.53,1.42,1.36,5.75,0.04,6.707296180250123,7.1,209.47,0.034501121612265706,nan
3112,102006784,18501.196,598,28.27,0.04,302.4,-0.007277896627783775,32.47637939453125,0.5004161596298218,0.003962113479246909,0.0357818603515625,0.0003,0.32934397163120566,0.7810007251631617,9.24,0.93,1.72,8.23,8.54,1.3,1.3,5.94,0.04,6.979625507714227,7.5,203.17,0.03349654015619308,nan
3113,102039552,18552.598,598,29.52,0.03,315.91,-0.008248328231275082,32.91876220703125,0.47708144783973694,0.0033040019823147304,0.02685546875,0.0003,0.33459755583649387,0.7956989247311828,9.72,0.97,1.8,8.3,8.26,1.42,1.14,5.7,0.04,6.686148115992546,8.04,224.15,0.03325037652393803,nan
3114,102072320,18604.231,598,28.18,0.05,398.51,-0.008734889328479767,39.11543273925781,0.5093961358070374,0.003374939505306429,0.03310394287109375,0.0003,0.32430632630410655,0.8061901252763449,8.91,0.78,1.64,8.24,8.59,1.28,1.17,6.14,0.05,6.982169293882325,7.46,203.91,0.03513448033481836,nan
3115,102105088,18655.339,598,28.9,0.05,385.87,-0.011168092489242554,32.43855667114258,0.514236330986023,0.004573116169918734,0.04041290283203125,0.0003,0.2666111226827744,0.79,9.41,0.83,1.81,8.54,8.77,1.43,1.36,5.98,0.06,7.135387237071991,7.97,212.57,0.031085814465768635,nan
3116,102137856,18704.836,599,30.44,0.1,327.1,-0.005399106536060572,29.918621063232422,0.46307823061943054,0.003140748282532968,0.0284881591796875,0.0003,0.3025867254862643,0.7797858099062919,10.11,1.03,1.77,8.97,9.18,1.3,1.31,6.57,0.04,7.435819467306137,8.3,213.28,0.03223363956203684,nan
3117,102170624,18757.834,599,31.22,0.05,332.1,-0.008415658958256245,25.58700942993164,0.47959238290786743,0.0032329990532247166,0.03046417236328125,0.0003,0.30194805194805197,0.7707349966284558,10.45,0.95,1.99,8.82,9.16,1.61,1.63,5.92,0.05,7.487858025729656,8.94,221.59,0.031833646062295884,nan
3118,102203392,18808.734,599,32.6,0.04,342.84,-0.00944206677377224,23.152633666992188,0.45127764344215393,0.00253119752198927,0.02581024169921875,0.0003,0.33274231678487,0.7824427480916031,11.31,1.1,1.94,9.45,10.27,1.48,1.76,7.03,0.05,8.470581923723222,9.45,232.07,0.02966877620201558,nan
3119,102236160,18860.694,599,31.18,0.02,338.8,-0.010137345641851425,32.29814529418945,0.47972381114959717,0.004601157988929572,0.0408477783203125,0.0003,0.30897745571658614,0.800935203740815,10.29,1.04,1.98,9.01,10.51,1.84,1.72,6.95,0.02,8.45000932097435,8.76,221.85,0.03457202739082277,nan
3120,102268928,18908.394,599,29.7,0.05,324.35,-0.00921730324625969,27.34262466430664,0.4597405791282654,0.00402995787513305,0.032470703125,0.0003,0.2968980797636632,0.8025122121423587,10.02,0.84,1.85,8.64,9.54,1.52,1.48,6.54,0.02,7.620263282656669,8.39,216.86,0.03296101320302114,nan
3121,102301696,18957.975,599,30.33,0.05,426.6,-0.011864690110087395,26.459484100341797,0.45915067195892334,0.004632245385430167,0.04262542724609375,0.0003,0.26734949832775917,0.8126666666666666,10.29,0.99,2.09,9.02,8.99,1.83,1.38,5.78,0.0,7.223538803458214,8.54,213.74,0.03382942226016894,nan
3122,102334464,19008.711,599,28.82,0.03,314.87,-0.008808238431811333,30.340572357177734,0.4600978493690491,0.0024813442140043662,0.02452850341796875,0.0003,0.3138183383555747,0.807332854061826,8.52,0.95,1.87,7.84,7.99,1.55,1.25,5.19,0.01,6.456200469434261,8.01,214.28,0.033044522744603455,nan
3123,102367232,19060.905,599,29.89,0.07,531.43,-0.00967097282409668,29.446849822998047,0.46614575386047363,0.004157879979459267,0.034027099609375,0.0003,0.35636827556878586,0.8200138985406532,9.36,0.98,1.82,8.39,8.68,1.4,1.33,5.95,0.13,7.19222230643034,8.5,208.76,0.031538027978967875,nan
3124,102400000,19113.323,600,30.32,0.04,338.11,-0.0101071922108531,29.36922836303711,0.47851136326789856,0.004395414369469108,0.0371856689453125,0.0003,0.3603921568627451,0.8105192178017532,9.58,0.99,1.85,9.01,9.26,1.68,1.45,6.13,0.02,7.397528301477433,8.14,228.07,0.034974181675352156,nan
3125,102432768,19163.761,600,28.69,0.06,308.11,-0.009553475305438042,29.984180450439453,0.460823118686676,0.0049866100973758876,0.04315948486328125,0.0003,0.2994077648607151,0.8419540229885057,9.41,0.96,1.55,8.42,8.67,1.33,1.32,6.02,0.01,6.869851402640343,7.62,213.21,0.030341559962835163,nan
3126,102465536,19215.165,600,29.64,0.08,323.75,-0.007396843284368515,33.167823791503906,0.48529431223869324,0.0030810787593509303,0.0278472900390625,0.0003,0.31383647798742137,0.8285322359396433,9.83,0.78,1.74,8.57,9.3,1.51,1.25,6.54,0.03,7.382430745661258,7.99,218.92,0.03839043143671006,nan
3127,102498304,19265.73,600,30.11,0.07,329.33,-0.004095613956451416,25.514772415161133,0.4632248878479004,0.00282072310511694,0.0264892578125,0.0003,0.3117408906882591,0.8221614227086184,10.34,0.83,1.69,8.69,9.34,1.35,1.24,6.75,0.04,7.556362481117248,8.23,225.13,0.033860619354527444,nan
3128,102531072,19315.555,600,30.53,0.1,322.32,-0.01071283407509327,27.07907485961914,0.45943695306777954,0.0034269241036213316,0.0312042236328125,0.0003,0.2711252653927813,0.8215038650737878,9.43,0.92,1.95,8.37,8.52,1.4,1.29,5.83,0.03,6.937155739068985,8.38,224.37,0.03752670600079,nan
3129,102563840,19364.854,600,28.68,0.03,314.19,-0.006591948214918375,29.839941024780273,0.46311211585998535,0.0023393559309852208,0.02249908447265625,0.0003,0.29183542954593905,0.8207142857142857,9.14,0.79,1.77,8.35,8.81,1.39,1.19,6.23,0.02,7.227595300078392,7.83,214.01,0.035845424863509834,nan
3130,102596608,19413.702,600,29.33,0.04,328.74,-0.009145351126790047,26.179107666015625,0.47035476565361023,0.002197768544988321,0.02117919921875,0.0003,0.30859453993933267,0.8113590263691683,9.06,0.9,1.94,8.67,8.69,1.48,1.29,5.92,0.01,7.013817972242832,8.18,218.13,0.0322534785955213,nan
3131,102629376,19466.396,600,30.39,0.05,443.29,-0.006262269802391529,21.541141510009766,0.4598791301250458,0.004898248539291217,0.04257965087890625,0.0003,0.31097316780136164,0.8311688311688312,9.44,0.82,2.09,8.95,8.77,1.75,1.27,5.75,0.05,7.142770853042602,8.64,217.43,0.033341678499709815,nan
3132,102662144,19516.546,601,30.98,0.07,433.48,-0.01036818791180849,24.700794219970703,0.4815077483654022,0.003589166547655509,0.0278167724609375,0.0003,0.282524862999797,0.8238341968911918,10.48,0.84,2.2,9.05,9.49,1.66,1.48,6.35,0.09,7.7596740862727165,8.9,221.95,0.03205903933849186,nan
3133,102694912,19567.138,601,28.7,0.02,413.36,-0.009474381804466248,31.223735809326172,0.4856206178665161,0.0038973518937268636,0.03662109375,0.0003,0.2632995239080936,0.8318149964961458,8.81,0.93,1.8,8.22,8.3,1.34,1.19,5.77,0.04,6.517899344563484,7.96,212.28,0.031894798506982625,nan
3134,102727680,19619.32,601,30.03,0.05,429.4,-0.00540770823135972,29.123519897460938,0.4911494553089142,0.0035167841355701057,0.03528594970703125,0.0003,0.2943418940609952,0.8315068493150685,9.39,1.07,1.99,9.08,9.15,1.48,1.46,6.21,0.07,7.248934648036957,8.81,227.63,0.03600252070464194,nan
3135,102760448,19673.762,601,29.38,0.03,331.33,-0.008874641731381416,31.63997459411621,0.5030348300933838,0.0037529737704176114,0.03238677978515625,0.0003,0.2823101777059774,0.826056338028169,9.46,0.9,1.94,8.81,9.09,1.61,1.35,6.13,0.03,7.313975936770439,8.5,219.46,0.033035455795470625,nan
3136,102793216,19728.095,601,28.75,0.02,322.18,-0.0037583839148283005,30.16016387939453,0.4798906147480011,0.0032577602509036296,0.03070831298828125,0.0003,0.3067279565399081,0.8257411424439624,9.25,0.93,1.8,8.21,8.54,1.46,1.36,5.72,0.02,6.853754194825887,7.91,217.71,0.040411268128082156,nan
3137,102825984,19779.225,601,29.48,0.03,345.24,-0.007486637681722641,28.647201538085938,0.4993748068809509,0.003160404651112003,0.0309600830078125,0.0003,0.34015091342335185,0.8544955387783116,9.77,0.88,1.9,8.46,8.26,1.38,1.25,5.63,0.0,6.503658512122929,8.1,228.95,0.03477770450990647,nan
3138,102858752,19831.39,601,27.62,0.05,372.18,-0.0069845872931182384,30.957666397094727,0.49849164485931396,0.003095587706354763,0.029876708984375,0.0003,0.3,0.852180339985218,9.03,0.88,1.83,7.58,8.22,1.3,1.21,5.71,0.02,6.68562517285347,7.85,210.6,0.03446801635436714,nan
3139,102891520,19879.777,601,30.94,0.04,536.9,-0.009706488810479641,25.160306930541992,0.48477423191070557,0.00404922576862532,0.0407562255859375,0.0003,0.33792690233672856,0.8361316319677636,10.17,0.99,1.96,9.07,9.1,1.46,1.31,6.33,0.03,7.347335724830628,9.0,224.61,0.030051316309254616,nan
3140,102924288,19933.739,601,28.17,0.06,310.95,-0.007121197879314423,33.966102600097656,0.508353590965271,0.0019164877235766653,0.017547607421875,0.0003,0.36594827586206896,0.8235294117647058,8.65,0.91,1.59,8.46,9.13,1.34,1.24,6.55,0.03,7.4785170155763625,7.36,210.69,0.03946475172415376,nan
3141,102957056,19988.466,601,25.85,0.05,281.34,-0.0051180231384932995,29.514083862304688,0.48528069257736206,0.0014959402159320234,0.01329803466796875,0.0003,0.33512126865671643,0.7933227344992051,7.35,0.76,1.65,7.64,8.14,1.26,1.36,5.52,0.01,6.6939100134372715,7.0,192.21,0.03266595571767539,nan
3142,102989824,20043.711,601,29.92,0.07,329.11,-0.007986330427229404,26.978532791137695,0.47382527589797974,0.0024577045076057402,0.0214385986328125,0.0003,0.35526315789473684,0.8274914089347079,8.99,0.86,1.78,8.47,8.59,1.34,1.19,6.06,0.06,6.896801205277443,8.19,221.97,0.03521140408702195,nan
3143,103022592,20094.499,601,29.52,0.12,413.67,-0.010173942893743515,33.58576965332031,0.48029041290283203,0.0031661070022153126,0.02808380126953125,0.0003,0.36245598591549294,0.8165467625899281,9.13,0.76,1.8,8.31,8.4,1.43,1.1,5.87,0.09,6.791016096295789,8.25,221.2,0.03626511385664344,nan
3144,103055360,20145.436,601,29.49,0.03,323.89,-0.012171097099781036,27.125932693481445,0.4861939549446106,0.003166046098641573,0.02881622314453125,0.0003,0.3206655710764174,0.7953586497890295,9.33,0.88,1.99,8.63,9.16,1.53,1.32,6.31,0.01,7.586912930011749,8.23,229.16,0.03642980568110943,nan
3145,103088128,20196.246,601,27.26,0.05,520.01,-0.011176805943250656,32.023948669433594,0.5233017802238464,0.00263047156025209,0.02691650390625,0.0003,0.35902004454342984,0.7859806114839671,8.01,0.87,1.6,7.68,8.6,1.17,1.37,6.06,0.07,6.972069333046675,7.36,201.61,0.03419966681394726,nan
3146,103120896,20252.29,601,30.49,0.04,352.95,-0.00532525684684515,24.558189392089844,0.5067494511604309,0.0031048833329805348,0.030670166015625,0.0003,0.33373277411623725,0.7921122994652406,10.03,0.87,1.98,9.42,9.48,1.6,1.56,6.32,0.01,7.771123235970736,8.7,226.64,0.03219861665274948,nan
3147,103153664,20307.138,601,26.74,0.04,301.89,-0.00952332466840744,41.73027420043945,0.5205315351486206,0.0025974085708639905,0.024017333984375,0.0003,0.3286303451269807,0.7944996180290298,8.55,0.78,1.49,7.59,8.0,0.93,1.22,5.85,0.01,6.396919338703156,7.13,213.74,0.033155042910948396,nan
3148,103186432,20360.608,601,29.78,0.09,326.8,-0.004329013638198376,31.268600463867188,0.4877334535121918,0.0026313160736890495,0.02838134765625,0.0003,0.2849138825482465,0.7963464140730717,8.98,0.98,1.93,8.61,8.64,1.36,1.3,5.98,0.07,6.926709327995777,8.52,228.22,0.03355386795010418,nan
3149,103219200,20411.831,602,28.28,0.03,304.72,-0.008047509007155895,26.82245635986328,0.4933013617992401,0.002112156096529816,0.019622802734375,0.0003,0.28037988344485215,0.7818311874105865,7.6,0.85,1.88,8.48,8.83,1.43,1.27,6.13,0.01,7.229832476973534,7.96,219.0,0.03240422473754734,nan
3150,103251968,20467.6,601,26.62,0.04,303.57,-0.005109254736453295,40.683738708496094,0.5158081650733948,0.003295026687965219,0.02970123291015625,0.0003,0.2810528605612356,0.7714949651432997,7.17,0.62,1.66,7.51,7.28,1.28,0.98,5.02,0.04,5.786537757515907,7.36,215.38,0.04108269582502544,nan
3151,103284736,20520.313,602,30.91,0.02,336.7,-0.013361895456910133,23.652877807617188,0.4844818115234375,0.0033742353084562637,0.0257568359375,0.0003,0.2958199356913183,0.782184655396619,9.51,0.96,1.96,8.9,9.07,1.35,1.18,6.54,0.02,7.441900036334991,8.5,235.04,0.03664445492904633,nan
3152,103317504,20575.897,601,30.39,0.05,334.13,-0.006610988639295101,28.8372745513916,0.48296910524368286,0.0027879052311732266,0.02508544921875,0.0003,0.3094715852442672,0.7848101265822784,9.38,0.84,1.92,9.06,9.04,1.46,1.26,6.32,0.01,7.4630220666527745,8.37,234.77,0.032642454432789236,nan
3153,103350272,20627.842,602,32.86,0.09,447.47,-0.006271872203797102,25.376296997070312,0.46841710805892944,0.0029291492010941056,0.02779388427734375,0.0003,0.3023975251353442,0.7873817034700316,10.41,1.02,1.97,9.38,9.56,1.67,1.37,6.52,0.01,7.92203122228384,9.0,241.42,0.031450144364498556,nan
3154,103383040,20680.054,602,28.1,0.07,410.6,-0.011929401196539402,34.11132049560547,0.482205331325531,0.0036666054793954572,0.03154754638671875,0.0003,0.34955292160532336,0.7672727272727272,7.65,0.74,1.74,8.48,8.98,1.18,1.38,6.42,0.01,7.183348335623741,7.75,216.82,0.035541354096494615,nan
3155,103415808,20733.363,602,30.94,0.09,424.1,-0.010960315354168415,27.618301391601562,0.46863073110580444,0.004081183264815991,0.0416259765625,0.0003,0.3057834290401969,0.8046289993192648,9.95,0.81,2.05,9.24,10.02,1.59,1.5,6.93,0.06,8.208438662290574,9.06,228.8,0.03156012744875625,nan
3156,103448576,20785.689,602,29.51,0.07,319.14,-0.00930327270179987,30.425142288208008,0.48989400267601013,0.0034396082516536808,0.027496337890625,0.0003,0.3625237391854822,0.7803837953091685,9.67,0.75,1.77,8.93,9.16,1.3,1.45,6.41,0.0,7.58703885436058,8.35,225.08,0.031033758481498808,nan
3157,103481344,20839.316,602,28.21,0.06,361.98,-0.009384728968143463,31.400264739990234,0.5316574573516846,0.002701520740174601,0.02614593505859375,0.0003,0.32822151224707136,0.7764198418404026,8.98,0.91,1.75,8.23,8.96,1.59,1.16,6.21,0.04,7.3303361880779265,8.01,217.0,0.03400649566901848,nan
3158,103514112,20892.644,602,27.07,0.03,300.77,-0.005963358096778393,34.321083068847656,0.5132346153259277,0.002860255554168134,0.0295867919921875,0.0003,0.3596664472240509,0.7746585735963581,7.75,0.69,1.73,7.83,8.17,1.4,1.12,5.65,0.01,6.696353554427624,7.68,205.4,0.03071810636902228,nan
3159,103546880,20945.525,602,27.55,0.03,411.37,-0.0066051478497684,36.94320297241211,0.5125835537910461,0.00489290838001466,0.04270172119140625,0.0003,0.3171759747102213,0.7614138438880707,8.37,0.76,1.75,8.46,8.71,1.36,1.22,6.13,0.05,7.12327896296978,7.34,209.1,0.033020725881215185,nan
3160,103579648,20999.903,602,29.87,0.03,337.06,-0.00626177154481411,31.579151153564453,0.5042263269424438,0.005408200121621576,0.04251861572265625,0.0003,0.31859816806053365,0.762525737817433,9.0,0.8,1.84,9.24,9.95,1.5,1.47,6.98,0.0,8.158335214853286,8.45,225.07,0.03241766197606921,nan
3161,103612416,21050.845,602,28.2,0.03,318.24,-0.006709657609462738,31.380966186523438,0.5139657258987427,0.0034853242462418166,0.03470611572265625,0.0003,0.2707535121328225,0.7397260273972602,8.02,0.82,2.02,8.72,9.27,1.59,1.49,6.19,0.0,7.688533547520637,7.92,215.74,0.0314682480529882,nan
3162,103645184,21103.309,602,29.03,0.06,322.22,-0.005429037846624851,32.74456024169922,0.5200644135475159,0.0024743188667457616,0.02393341064453125,0.0003,0.27145214521452143,0.7589599437807449,8.45,0.8,1.76,8.74,9.1,1.24,1.33,6.53,0.01,7.602693594098091,7.89,220.56,0.03575486037880182,nan
3163,103677952,21154.577,602,26.68,0.04,318.06,-0.00880096573382616,33.788330078125,0.5127883553504944,0.002843078604371385,0.0269317626953125,0.0003,0.23460861917326298,0.7255779269202088,6.7,0.81,1.87,8.03,8.26,1.47,1.07,5.72,0.01,6.639027652740478,7.3,202.03,0.030963661789428443,nan
3164,103710720,21206.224,602,29.39,0.07,328.65,-0.011106518097221851,27.400964736938477,0.4732341170310974,0.004040175371983423,0.036895751953125,0.0003,0.26191471571906355,0.7406896551724138,9.32,0.82,1.8,8.66,9.07,1.42,1.25,6.4,0.01,7.495582121610641,7.92,213.75,0.02909155166707933,nan
3165,103743488,21257.146,602,28.4,0.07,314.97,-0.005732477642595768,34.63277816772461,0.46238407492637634,0.006290142223974726,0.04795074462890625,0.0003,0.25301724137931036,0.7290922087205146,9.19,0.79,2.09,8.51,9.1,1.81,1.22,6.07,0.03,7.475780122876167,8.26,216.24,0.03333565284265205,nan
3166,103776256,21310.175,602,29.12,0.1,328.11,-0.003782059997320175,29.909664154052734,0.4861850142478943,0.008569898669293252,0.06272125244140625,0.0003,0.2334263033683759,0.7027797576621525,8.96,0.71,1.96,8.66,9.04,1.78,1.33,5.93,0.05,7.3216249960660935,7.9,210.88,0.03192074690014124,nan
3167,103809024,21363.527,602,31.92,0.04,367.3,-0.009426274336874485,27.265300750732422,0.48217177391052246,0.0020349983931282623,0.01967620849609375,0.0003,0.2497100889060688,0.7490706319702602,9.6,0.81,2.49,10.22,10.23,1.83,1.55,6.85,0.01,8.284998401403428,9.36,244.15,0.034737570909783244,nan
3168,103841792,21415.713,602,29.05,0.03,324.38,-0.007987601682543755,29.022071838378906,0.49187201261520386,0.0037285014295207475,0.03279876708984375,0.0003,0.2784544309113818,0.7729502452697968,9.28,0.82,1.96,9.2,9.6,1.63,1.38,6.59,0.0,7.849194584488869,8.2,229.01,0.03713361162226647,nan
3169,103874560,21471.158,602,29.68,0.08,416.17,-0.006460308562964201,30.109085083007812,0.4808894991874695,0.002120351962702216,0.01987457275390625,0.0003,0.27728047740835465,0.7684135977337111,9.04,0.91,1.98,8.98,9.21,1.64,1.46,6.11,0.04,7.473358476758003,8.19,223.1,0.03278859582496807,nan
3170,103907328,21523.299,602,30.72,0.06,348.08,-0.011009881272912025,25.489551544189453,0.49896109104156494,0.0032765360728035375,0.030029296875,0.0003,0.2755649176560705,0.7716330513988289,9.76,0.92,2.31,9.21,9.81,2.0,1.48,6.33,0.06,8.022742576003075,8.62,231.37,0.032281169667840004,nan
3171,103940096,21572.381,603,32.12,0.07,367.14,0.015581510961055756,26.32575225830078,0.4704674482345581,0.011733068425830705,0.08086688701923077,0.0003,0.28714034057545507,0.7606679035250464,10.48,0.84,2.4,9.31,9.43,1.56,1.23,6.64,0.05,7.526364009380341,9.45,236.01,0.03172685750401937,nan
3172,103972864,21625.754,603,28.75,0.07,312.59,-0.004890946671366692,39.51165008544922,0.49735891819000244,0.0008316876433269726,0.00797271728515625,0.0003,0.35785508530910703,0.7768115942028986,9.08,0.71,1.81,8.17,8.55,1.54,1.33,5.68,0.02,6.985868117213249,7.84,208.67,0.032920510217081755,nan
3173,104005632,21682.471,602,27.62,0.05,391.53,-0.004854905419051647,40.07720184326172,0.5137816071510315,0.0007886583787666268,0.006622314453125,0.0003,0.3330470259823921,0.7749266862170088,8.97,0.75,1.65,7.7,7.59,1.12,1.09,5.38,0.04,5.914275915324688,7.32,210.52,0.031147905625402927,nan
3174,104038400,21734.134,603,29.26,0.07,312.66,-0.009170783683657646,30.411476135253906,0.4822024703025818,0.002692925375029631,0.02288818359375,0.0003,0.33593420497680304,0.7569721115537849,9.87,0.76,1.97,8.95,9.36,1.54,1.6,6.22,0.03,7.278359110355377,8.07,218.89,0.03128511877730489,nan
3175,104071168,21789.165,603,27.49,0.01,292.39,-0.00941864587366581,30.28066635131836,0.4979741871356964,0.0025613774446924253,0.0261993408203125,0.0003,0.3584822413412751,0.7306826706676669,8.59,0.83,1.62,7.9,8.11,1.28,1.05,5.78,0.05,6.303654366135597,7.21,202.07,0.03187268425244838,nan
3176,104103936,21841.92,603,29.39,0.07,321.18,-0.004618979059159756,27.712066650390625,0.4961899518966675,0.001962571244064293,0.0192413330078125,0.0003,0.3188613557239402,0.7488119484046164,9.5,0.9,1.81,8.61,8.79,1.43,1.2,6.16,0.01,6.950538481473923,7.81,220.0,0.030580189952161163,nan
3177,104136704,21895.01,603,27.62,0.0,292.47,-0.008498743176460266,36.488216400146484,0.5314760208129883,0.0033654427338660753,0.0257568359375,0.0003,0.32864595146291675,0.7696296296296297,8.23,0.77,1.6,8.39,8.29,1.32,1.22,5.75,0.04,6.494268031716347,7.45,204.65,0.03132847364759073,nan
3178,104169472,21949.169,603,29.23,0.08,309.54,-0.005188792012631893,29.52710723876953,0.49026215076446533,0.0018810668129844998,0.0187530517578125,0.0003,0.34747606614447346,0.7702794819359237,9.42,0.75,1.65,8.99,8.91,1.42,1.33,6.16,0.03,7.005385753512383,7.83,212.43,0.0334526528022252,nan
3179,104202240,22002.742,603,28.43,0.12,330.62,-0.008288569748401642,38.3751335144043,0.49110573530197144,0.005547716071390596,0.0399017333984375,0.0003,0.2779267202859696,0.7656934306569343,10.4,0.69,1.99,8.29,8.39,1.41,1.19,5.79,0.01,6.7504337669909,8.03,209.81,0.02979240770218894,nan
3180,104235008,22057.587,603,28.57,0.05,303.35,-0.0085458904504776,33.034000396728516,0.49157291650772095,0.00245047906560103,0.02460479736328125,0.0003,0.3087975243147657,0.7896995708154506,8.29,0.66,1.75,8.79,8.82,1.27,1.56,5.99,0.02,7.043823751807213,7.9,211.76,0.032600809703581035,nan
3181,104267776,22110.27,603,24.24,0.04,357.5,-0.010907409712672234,38.017425537109375,0.5224320292472839,0.0024294366573371917,0.02121734619140625,0.0003,0.330842052815147,0.7390946502057614,6.49,0.62,1.52,7.51,7.65,1.3,0.96,5.39,0.06,6.015767562687397,6.41,187.63,0.03051910037174821,nan
3182,104300544,22164.699,603,31.01,0.05,352.22,-0.006019011605530977,23.448755264282227,0.473819375038147,0.0026290629680829625,0.0258331298828125,0.0003,0.3342874667757105,0.779607346421786,9.59,0.82,1.91,9.71,10.5,1.7,1.26,7.54,0.02,8.430689127445222,8.71,228.33,0.032182823691982776,nan
3183,104333312,22219.995,603,31.71,0.08,336.65,-0.01255426649004221,28.956892013549805,0.48620137572288513,0.003282939938230811,0.030975341796875,0.0003,0.3653419406899334,0.7534854245880862,10.43,1.08,1.88,9.44,9.87,1.64,1.36,6.87,0.03,8.033917996883392,8.84,232.71,0.03674121608491987,nan
3184,104366080,22274.955,603,32.27,0.05,359.52,-0.008640553802251816,26.03456687927246,0.470066100358963,0.00535921622179103,0.04706573486328125,0.0003,0.3483793994829986,0.764375,10.94,0.98,2.12,10.32,10.57,1.73,1.33,7.51,0.02,8.48428171902895,9.08,235.07,0.030317392258439213,nan
3185,104398848,22329.138,603,26.75,0.06,287.28,-0.01071485411375761,40.916473388671875,0.5115407705307007,0.003066335703124423,0.02361297607421875,0.0003,0.38493339457969683,0.7513307984790875,8.67,0.81,1.6,7.48,7.54,1.18,1.15,5.21,0.03,5.944721508026123,7.17,198.79,0.0346932343672961,nan
3186,104431616,22383.775,603,28.71,0.06,379.99,-0.012830981984734535,33.60567092895508,0.5047426223754883,0.004300070442127435,0.0375823974609375,0.0003,0.39166484835260745,0.7756813417190775,9.4,0.71,1.73,8.5,9.16,1.28,1.31,6.57,0.0,7.433941315412522,8.43,205.91,0.03050432726740837,nan
3187,104464384,22438.963,603,27.33,0.05,306.13,-0.010110118426382542,36.70847702026367,0.5101322531700134,0.006094150702551815,0.0535888671875,0.0003,0.36501495087569413,0.761757902852737,8.41,0.75,1.79,8.68,9.0,1.5,1.39,6.11,0.0,7.408950862288475,7.47,207.53,0.03634655469795689,nan
3188,104497152,22491.883,603,28.3,0.08,304.17,-0.004762493073940277,28.198978424072266,0.5117318630218506,0.005823742397637943,0.05106353759765625,0.0003,0.4057877813504823,0.7644444444444445,9.06,0.75,1.8,8.68,9.16,1.66,1.38,6.12,0.0,7.3980865603685375,7.75,213.1,0.03222201974131167,nan
3189,104529920,22542.39,603,27.52,0.06,318.65,-0.011876078322529793,38.945404052734375,0.5303115844726562,0.002732075346216334,0.02564239501953125,0.0003,0.34002707581227437,0.7759273277819834,8.2,0.77,1.49,8.23,8.99,1.18,1.32,6.49,0.02,7.395667059421539,7.23,206.12,0.038267210707999766,nan
3190,104562688,22596.861,603,29.09,0.09,315.25,-0.010954041965305805,31.153526306152344,0.5291602611541748,0.002018436054754602,0.0189971923828125,0.0003,0.3627554244786181,0.7698803659394793,8.38,0.8,1.85,8.76,9.07,1.26,1.55,6.26,0.02,7.456463167667389,8.2,215.2,0.02991798095172271,nan
3191,104595456,22645.41,603,29.88,0.09,339.57,-0.007586286403238773,29.848892211914062,0.5113720297813416,0.003134827865352463,0.0287017822265625,0.0003,0.34481353168942325,0.7778546712802769,9.44,0.83,1.98,9.07,9.36,1.56,1.31,6.49,0.05,7.76369457423687,8.54,220.63,0.033874280692543834,nan
3192,104628224,22695.843,603,29.37,0.06,314.65,-0.008318141102790833,28.593284606933594,0.4941202700138092,0.003919407745229364,0.037384033203125,0.0003,0.3603777634685555,0.7792665726375176,9.35,0.8,1.79,8.49,8.61,1.09,1.33,6.19,0.02,6.981320530921221,7.76,219.6,0.03138390136882663,nan
3193,104660992,22748.678,603,28.14,0.04,337.84,-0.008459184318780899,34.36811065673828,0.5075400471687317,0.004281196837624179,0.03823089599609375,0.0003,0.329286162863722,0.7836853605243991,8.74,0.98,1.92,8.05,7.89,1.4,0.94,5.55,0.01,6.439606497883797,8.06,211.0,0.036231677688192576,nan
3194,104693760,22802.242,603,27.58,0.06,314.36,-0.00873873382806778,32.94465637207031,0.5258752107620239,0.002607381369102768,0.0276031494140625,0.0003,0.37882949503486163,0.7824456114028507,8.31,0.8,1.6,8.65,8.93,1.18,1.61,6.14,0.05,7.26233930170536,7.75,208.0,0.03322295215912163,nan
3195,104726528,22857.97,603,26.16,0.03,284.46,-0.008660313673317432,32.07725524902344,0.5361723303794861,0.0032442899890838817,0.03322601318359375,0.0003,0.4164079822616408,0.7722308892355694,7.64,0.87,1.58,7.16,7.68,1.1,1.1,5.48,0.03,6.139368488136679,6.85,195.12,0.03404066653456539,nan
3196,104759296,22911.788,603,26.12,0.04,381.5,-0.009669534862041473,34.41843795776367,0.5274704098701477,0.005573461444896566,0.0475921630859375,0.0003,0.40695811398489357,0.7699836867862969,7.92,0.94,1.55,7.89,8.03,1.32,1.05,5.66,0.04,6.515187949538231,6.96,197.2,0.031958539329934865,nan
3197,104792064,22965.551,603,27.91,0.08,302.15,-0.006444660481065512,37.5816535949707,0.5538502931594849,0.004585079917433177,0.04439544677734375,0.0003,0.4163424124513619,0.7419106317411402,8.27,0.7,1.67,8.23,8.52,1.2,1.23,6.09,0.02,6.882763150334358,7.81,211.12,0.03747374308295548,nan
3198,104824832,23019.004,603,25.9,0.06,286.87,-0.006032026372849941,38.254486083984375,0.555938720703125,0.006408932564681891,0.06114959716796875,0.0003,0.36455807802512674,0.7479935794542536,7.85,0.91,1.47,7.82,7.72,1.01,1.22,5.49,0.04,6.228254615217447,6.95,196.47,0.03305876691592857,nan
3199,104857600,23073.397,603,26.91,0.08,298.77,-0.009837402030825615,36.86405944824219,0.5611795783042908,0.00536814193446844,0.04740142822265625,0.0003,0.43267155804920154,0.7699386503067485,7.96,0.84,1.66,7.87,8.53,1.37,1.15,6.01,0.04,6.77409153431654,7.32,197.67,0.03782459266949445,nan
3200,104890368,23124.347,603,24.94,0.02,407.25,-0.00916796363890171,38.8192253112793,0.5192068815231323,0.007310472352287434,0.05865478515625,0.0003,0.4688279301745636,0.7558799675587997,7.35,0.76,1.35,7.26,7.57,1.08,0.96,5.53,0.01,6.129050818085671,6.58,189.72,0.03144010016694665,nan
3201,104923136,23178.079,603,24.8,0.07,372.05,-0.007248648442327976,40.94401168823242,0.558631420135498,0.003073680337820406,0.03105926513671875,0.0003,0.41662911221270843,0.7483333333333333,6.7,0.83,1.52,7.29,7.18,1.01,1.05,5.12,0.05,5.707832048237324,6.46,185.6,0.03560586558887735,nan
3202,104955904,23232.688,603,26.83,0.06,302.27,-0.011190619319677353,40.85346984863281,0.5314090251922607,0.007325388946469502,0.0588836669921875,0.0003,0.3483050847457627,0.7509377344336085,9.57,0.86,1.76,7.91,7.82,1.31,1.17,5.34,0.08,6.239499784111977,7.53,204.47,0.03715786838438362,nan
3203,104988672,23289.25,603,26.89,0.07,292.96,-0.0028879400342702866,35.73040008544922,0.5221849083900452,0.006885897389878437,0.0421905517578125,0.0003,0.3591641271223335,0.7595712098009189,8.88,0.85,1.61,7.53,8.06,1.43,1.2,5.43,0.02,6.590410959124565,7.23,200.67,0.0342893599299714,nan
3204,105021440,23342.878,603,26.85,0.05,302.75,-0.003473700024187565,39.387603759765625,0.5323419570922852,0.00598175329849937,0.047576904296875,0.0003,0.3517082372668204,0.785876993166287,8.5,0.85,1.65,8.13,8.26,1.26,1.25,5.75,0.02,6.643193893432617,7.15,201.16,0.035476139979436994,nan
3205,105054208,23395.836,603,27.83,0.09,404.79,-0.011266455985605717,29.499923706054688,0.5444197654724121,0.002948300543039295,0.0258941650390625,0.0003,0.3395196506550218,0.7651515151515151,8.73,0.81,1.82,8.47,8.84,1.56,1.27,6.01,0.08,7.096525462269783,7.61,200.61,0.033399319916497916,nan
3206,105086976,23448.371,603,25.97,0.02,293.16,-0.0026631252840161324,32.814453125,0.5565812587738037,0.005602612120071626,0.04868316650390625,0.0003,0.3282828282828283,0.7531645569620253,7.45,0.68,1.63,7.93,8.18,1.43,0.97,5.78,0.0,6.4852504748106,6.74,200.41,0.03506426280364394,nan
3207,105119744,23498.26,603,27.51,0.03,307.25,-0.01083376444876194,32.685585021972656,0.5287333130836487,0.002675468910751988,0.02648162841796875,0.0003,0.32828498293515357,0.7838660578386606,7.87,0.8,1.74,7.71,7.72,1.18,1.11,5.43,0.0,6.082152672857046,7.24,197.31,0.03273302403977141,nan
3208,105152512,23551.481,603,26.22,0.03,288.21,-0.007298694923520088,32.25510025024414,0.533444344997406,0.0042699874853724396,0.0412139892578125,0.0003,0.3602730676062541,0.7642405063291139,7.3,0.82,1.54,7.18,7.34,1.08,1.06,5.2,0.03,5.978362956047058,6.99,196.18,0.03225212579127401,nan
3209,105185280,23603.654,603,30.33,0.09,490.82,-0.010199204087257385,27.867462158203125,0.5285332798957825,0.0045467333105193575,0.04247283935546875,0.0003,0.3251112009704812,0.7841291190316073,10.54,0.9,1.79,9.58,10.09,1.44,1.64,7.01,0.06,8.333279335200787,8.39,217.47,0.03579884069040418,nan
3210,105218048,23655.781,603,26.72,0.07,295.01,-0.00939089059829712,32.499610900878906,0.556077241897583,0.0026226032548493095,0.0232391357421875,0.0003,0.3277402484201351,0.7939581719597212,7.62,0.79,1.47,7.53,7.53,0.91,1.11,5.51,0.03,6.188101343661547,6.85,199.75,0.03523543162737042,nan
3211,105250816,23708.457,603,28.37,0.04,374.08,-0.012267089448869228,27.938922882080078,0.570904552936554,0.0028349639177349673,0.02732086181640625,0.0003,0.3070322310590205,0.8332108743570904,8.7,0.88,1.8,8.3,9.16,1.47,1.39,6.3,0.0,7.674042605757713,7.85,211.27,0.0314256027340889,nan
3212,105283584,23762.835,603,26.65,0.05,302.63,-0.0058060260489583015,35.40861511230469,0.5582805871963501,0.0015138672202965608,0.01517486572265625,0.0003,0.31946222791293216,0.8194864048338368,7.88,0.96,1.7,7.58,7.45,1.07,0.92,5.46,0.03,6.0613460293412205,7.1,198.02,0.03188259212765843,nan
3213,105316352,23813.315,604,29.35,0.04,321.0,-0.006323096342384815,29.483646392822266,0.5288581848144531,0.002360881018958594,0.0223541259765625,0.0003,0.2878182200715338,0.8343949044585988,9.29,0.96,1.91,8.59,8.5,1.27,1.31,5.92,0.03,6.997175337076187,8.01,209.25,0.03173214785056189,nan
3214,105349120,23865.188,604,29.15,0.05,322.06,-0.010829680599272251,26.31911849975586,0.5406064987182617,0.0051924221207855226,0.04688262939453125,0.0003,0.3185933880817014,0.8108493932905068,9.09,0.97,1.7,8.29,8.47,1.13,1.26,6.08,0.02,6.865155650526285,8.02,212.56,0.031246631173416972,nan
3215,105381888,23919.288,604,31.34,0.07,349.32,-0.00943794660270214,25.417770385742188,0.5488134622573853,0.0029223362254811036,0.02788543701171875,0.0003,0.34375,0.80649436713055,9.86,0.99,2.01,9.39,10.05,1.79,1.49,6.77,0.04,8.164136344045401,8.69,234.31,0.033375650993548334,nan
3216,105414656,23973.371,604,26.0,0.05,287.67,-0.007084635552018881,35.9223518371582,0.5602221488952637,0.003776931116135529,0.039947509765625,0.0003,0.35300768882858435,0.8234824281150159,8.2,0.89,1.58,7.55,7.6,1.36,0.93,5.31,0.01,6.231717709302902,6.83,197.38,0.03495581611059606,nan
3217,105447424,24027.563,604,26.42,0.02,310.24,-0.00733910221606493,33.926902770996094,0.5768038034439087,0.003798047800898985,0.0365142822265625,0.0003,0.3908193908193908,0.843289371605896,8.76,0.78,1.57,7.5,7.74,1.28,1.21,5.25,0.02,6.2158714535087345,7.26,204.4,0.03622752497904003,nan
3218,105480192,24077.821,604,26.91,0.06,317.69,-0.008797859773039818,37.086875915527344,0.5384685397148132,0.0038013522335518246,0.03667449951171875,0.0003,0.38046387154326494,0.8286792452830188,9.32,0.89,1.57,7.53,7.93,1.37,1.19,5.37,0.02,6.408084134161473,7.18,199.95,0.03366351354634389,nan
3219,105512960,24130.396,604,28.88,0.05,392.13,-0.0066899792291224,29.32440185546875,0.5317205786705017,0.004045113777294773,0.04032135009765625,0.0003,0.3328524319868096,0.820178448867536,9.0,1.0,1.59,8.23,8.57,1.28,1.18,6.11,0.02,6.618078772425651,7.41,215.09,0.03384547168388963,nan
3220,105545728,24183.992,604,29.79,0.03,499.31,-0.00776319857686758,26.70932960510254,0.5366664528846741,0.0026932230773581978,0.02829742431640625,0.0003,0.3280687724910036,0.8393234672304439,10.82,1.01,1.81,8.78,9.05,1.33,1.42,6.3,0.01,7.364741250276565,8.1,219.74,0.03302515432005748,nan
3221,105578496,24233.795,604,29.72,0.06,437.52,-0.009465156123042107,22.511188507080078,0.5061806440353394,0.004805000462965836,0.04332733154296875,0.0003,0.3055105348460292,0.8207417582417582,9.63,0.99,1.65,8.59,8.9,1.2,1.18,6.52,0.03,7.231316675543785,7.7,214.49,0.02966342563740909,nan
3222,105611264,24284.566,604,25.52,0.02,384.4,-0.0036573673132807016,30.02447509765625,0.561946451663971,0.003662063742240207,0.03568267822265625,0.0003,0.33142595559624627,0.8220810166799047,7.62,0.91,1.49,7.48,7.64,1.14,1.0,5.5,0.05,6.260035054981708,6.92,185.02,0.03128571604611352,nan
3223,105644032,24336.735,604,26.51,0.04,290.83,-0.005343169905245304,32.83222579956055,0.5627892017364502,0.0034795116716850316,0.0274505615234375,0.0003,0.3410581547879318,0.7945098039215687,7.25,0.85,1.59,7.54,7.75,1.19,1.13,5.43,0.03,6.280243529677391,6.92,204.11,0.036458594200666994,nan
3224,105676800,24386.975,604,31.05,0.03,344.0,-0.006294682621955872,20.833309173583984,0.5107922554016113,0.00471163758527382,0.0416259765625,0.0003,0.3310836868492094,0.8084526244035446,9.27,1.11,1.83,9.21,9.87,1.41,1.52,6.94,0.05,8.132236138284206,8.33,220.25,0.031600176298525184,nan
3225,105709568,24437.469,604,29.59,0.05,418.5,-0.009329631924629211,29.630718231201172,0.5355594158172607,0.0037862850316514596,0.04503631591796875,0.0003,0.32728031726153206,0.8047379755922469,9.86,1.07,1.65,8.05,8.5,1.06,1.25,6.19,0.03,6.8314057326316835,7.71,209.23,0.03632404585368931,nan
3226,105742336,24489.439,604,27.17,0.07,405.7,-0.00810073222965002,31.363677978515625,0.560128390789032,0.0018459577128169258,0.02100372314453125,0.0003,0.355982905982906,0.7966742252456538,7.82,0.88,1.62,7.83,7.84,1.16,1.26,5.42,0.02,6.317199366986752,7.32,203.17,0.03194724762579426,nan
3227,105775104,24542.293,604,28.35,0.06,417.43,-0.007496356964111328,26.937664031982422,0.5311506986618042,0.0027536450929801504,0.02654266357421875,0.0003,0.2972169109836414,0.8114328136599851,9.18,1.06,1.55,7.96,8.26,1.17,1.17,5.92,0.05,6.6280776357650755,7.52,205.9,0.03481379512231797,nan
3228,105807872,24594.182,604,30.09,0.11,322.86,-0.009600086137652397,27.024728775024414,0.5338189601898193,0.0029303465747716473,0.0260162353515625,0.0003,0.34798000832986253,0.8125,10.07,0.84,1.77,8.21,8.37,1.33,1.25,5.79,0.04,6.803815923631191,7.99,212.42,0.03419568564277142,nan
3229,105840640,24648.86,604,30.6,0.05,362.53,-0.010065024718642235,27.119979858398438,0.5333627462387085,0.004423377182092736,0.0446014404296875,0.0003,0.36163522012578614,0.8126684636118598,10.09,0.77,1.97,8.9,9.3,1.46,1.42,6.42,0.03,7.679821638911963,8.22,217.53,0.03119737235829234,nan
3230,105873408,24704.166,604,30.06,0.07,333.14,-0.0077746557071805,30.8101863861084,0.5215751528739929,0.004731588051413382,0.0433349609375,0.0003,0.29654608624565704,0.8152692569870484,11.16,1.08,1.87,8.69,8.97,1.17,1.26,6.54,0.02,7.288817475438118,7.91,210.44,0.03239050891716033,nan
3231,105906176,24756.451,604,25.48,0.01,283.09,-0.005032812710851431,31.816017150878906,0.576675534248352,0.0025399043103107033,0.022735595703125,0.0003,0.3328840970350404,0.8016326530612244,7.01,0.81,1.33,7.52,7.7,0.97,0.98,5.75,0.01,6.126119656562805,6.33,193.64,0.03640315402299166,nan
