iter,global_step,wall_seconds,sps,ep_ret,win,ep_len,pg,v,ent,kl,clipfrac,lr,energy_unspent,card_take,upgrades,removes,elites,potions_got,potions_used,potions_used_elite,potions_used_boss,potions_used_normal,potions_expired,potion_use_hp,relics,hp_lost,aux
366,12025856,49.521,661,17.42,0.0,195.31,-0.00028292578645050526,8.888872146606445,0.5650495290756226,0.00014028681968625278,0.00034332275390625,0.0003,0.14987405541561713,0.9306569343065694,2.18,0.4,1.44,4.8,0.17,0.0,0.0,0.17,0.01,0.11318357616662979,5.05,160.29,0.04193579335696995
367,12058624,108.789,602,17.0,0.0,187.46,-3.68806067854166e-05,11.460199356079102,0.5622435212135315,2.8524189076506445e-05,8.392333984375e-05,0.0003,0.1928851174934726,0.9374201787994891,2.98,0.47,1.32,4.51,0.18,0.0,0.0,0.18,0.0,0.14534222900867463,4.6,162.57,0.04123440955299884
368,12091392,164.796,596,17.36,0.0,194.08,-0.0003356044180691242,11.023473739624023,0.5461506843566895,3.60253692264223e-05,6.866455078125e-05,0.0003,0.14342105263157895,0.9587378640776699,3.32,0.3,1.27,4.62,0.19,0.0,0.0,0.19,0.01,0.12735200315713882,4.91,161.66,0.04584132041782141
369,12124160,219.934,595,17.64,0.0,199.53,3.1515955924987793e-06,12.19023323059082,0.5319266319274902,5.5332675898966954e-05,0.00029754638671875,0.0003,0.16138059701492538,0.9452214452214452,2.23,0.29,1.47,5.05,0.23,0.0,0.0,0.23,0.01,0.15675308659672738,5.02,164.84,0.04041180538479239
370,12156928,276.25,593,16.22,0.0,181.16,-0.00014947867020964622,12.08559799194336,0.5342763662338257,8.26156679778478e-05,0.0003814697265625,0.0003,0.18397524071526822,0.9529569892473119,2.29,0.36,1.17,4.38,0.17,0.0,0.0,0.17,0.01,0.13353750556707383,4.39,150.52,0.04325473413337022
371,12189696,333.178,590,17.69,0.0,197.48,-0.0002538580447435379,11.510927200317383,0.5317906141281128,3.73365214230148e-05,0.000152587890625,0.0003,0.1568627450980392,0.9428571428571428,2.01,0.43,1.2,4.79,0.12,0.0,0.0,0.12,0.0,0.08527724251151085,4.72,160.95,0.04204658616799861
372,12222464,393.217,583,16.77,0.0,189.33,1.283944584429264e-05,10.195915222167969,0.556971549987793,4.710414771125215e-05,0.00014495849609375,0.0003,0.18232772832179361,0.9412515964240102,2.58,0.33,1.21,4.76,0.1,0.0,0.0,0.1,0.01,0.08151236325502395,4.42,156.41,0.04488671396393329
373,12255232,450.35,582,17.47,0.0,188.73,-4.1291117668151855e-05,11.228300094604492,0.5234733819961548,5.4689867241108914e-05,0.00025177001953125,0.0003,0.16205533596837945,0.9466019417475728,2.52,0.5,1.16,4.54,0.15,0.0,0.0,0.15,0.0,0.11027826480567456,4.65,158.41,0.04236192558892071
374,12288000,511.088,577,15.72,0.0,176.32,-0.0048911720514297485,12.61273193359375,0.5492302179336548,0.0016594196998482857,0.01775360107421875,0.0003,0.17700348432055749,0.9506172839506173,2.43,0.34,1.0,4.41,0.19,0.0,0.0,0.19,0.01,0.15320227563381195,3.98,151.76,0.046260397299192846
375,12320768,570.198,574,17.08,0.0,189.15,-0.002477952279150486,11.982732772827148,0.5264745950698853,0.001747053838073498,0.01816558837890625,0.0003,0.16155088852988692,0.9382566585956417,2.1,0.41,1.29,4.83,0.15,0.0,0.0,0.15,0.01,0.12649342119693757,4.73,162.75,0.046809649909846485
376,12353536,629.674,572,18.64,0.0,206.41,-0.004761461168527603,11.84727668762207,0.5335479974746704,0.0014714800264528094,0.0132598876953125,0.0003,0.18238805970149255,0.9280742459396751,2.23,0.56,1.45,5.19,0.16,0.0,0.0,0.16,0.0,0.10655440032482147,5.18,171.83,0.047111340682022274
377,12386304,689.53,570,17.14,0.0,188.62,-0.006936093792319298,11.380024909973145,0.5263051390647888,0.0033301484694447936,0.0319976806640625,0.0003,0.17191601049868765,0.9451371571072319,2.23,0.42,1.05,4.73,0.17,0.0,0.0,0.17,0.01,0.11081519126892089,4.53,162.15,0.04260090785101056
378,12419072,749.17,568,17.75,0.0,196.13,-0.0032574599608778954,10.335447311401367,0.5507851839065552,0.005778112455175233,0.04425811767578125,0.0003,0.16894087069525665,0.933806146572104,2.97,0.37,1.41,4.7,0.2,0.0,0.0,0.2,0.01,0.1529732009768486,4.72,161.31,0.04425357736181468
379,12451840,806.388,568,18.13,0.0,201.01,-0.004496351350098848,11.779621124267578,0.5418961048126221,0.004080354858899682,0.03701019287109375,0.0003,0.174268637936458,0.9269141531322506,2.37,0.54,1.47,5.02,0.13,0.0,0.0,0.13,0.0,0.10086288750171661,4.99,166.95,0.05139432614669204
380,12484608,864.576,568,17.01,0.0,190.53,-0.006052806507796049,12.65839958190918,0.5343524217605591,0.001519676554352145,0.01403045654296875,0.0003,0.17790200591910554,0.9142857142857143,2.44,0.45,1.26,4.53,0.1,0.0,0.0,0.1,0.0,0.05484098292887211,4.74,151.74,0.04443537746556103
381,12517376,922.168,568,17.93,0.0,200.99,-0.0052067795768380165,11.658533096313477,0.5281656980514526,0.0022382711674850952,0.02217864990234375,0.0003,0.1549471064094586,0.9248826291079812,3.52,0.42,1.23,5.17,0.17,0.0,0.0,0.17,0.01,0.1401009464263916,4.74,167.43,0.043050603359006345
382,12550144,978.892,569,17.39,0.0,188.64,-0.0080660879611969,10.84408187866211,0.5701508522033691,0.0019761181472119915,0.019927978515625,0.0003,0.18137886597938144,0.9304677623261695,2.33,0.31,1.24,5.11,0.11,0.0,0.0,0.11,0.01,0.0832751053571701,4.57,154.24,0.040646042325533926
383,12582912,1036.166,569,15.44,0.0,175.28,-0.007878860458731651,10.551755905151367,0.5772197842597961,0.0025044709736050663,0.02204132080078125,0.0003,0.20221223643276875,0.9266943291839558,1.63,0.38,1.07,4.43,0.11,0.0,0.0,0.11,0.0,0.08661983400583267,4.09,145.51,0.04051630024332553
384,12615680,1094.626,568,17.26,0.0,196.95,-0.007819603197276592,12.272560119628906,0.5500146746635437,0.0019276207164580228,0.01833343505859375,0.0003,0.18450528935905414,0.9166666666666666,2.32,0.31,1.16,5.14,0.16,0.0,0.0,0.16,0.01,0.12829044312238694,4.51,160.11,0.04601891303900629
385,12648448,1153.612,568,16.91,0.0,191.11,-0.01049266941845417,11.139699935913086,0.5534917116165161,0.004802221872893142,0.038360595703125,0.0003,0.23584,0.918546365914787,1.7,0.31,1.03,4.99,0.13,0.0,0.0,0.13,0.0,0.10380882382392884,4.35,154.4,0.04369861294981092
386,12681216,1213.263,567,17.94,0.0,204.44,-0.008931162767112255,12.413708686828613,0.5305709838867188,0.00558998915033726,0.04923248291015625,0.0003,0.20492307692307693,0.9208972845336482,2.27,0.47,1.37,5.15,0.15,0.0,0.0,0.15,0.0,0.1027533869445324,4.74,163.47,0.04576607444323599
387,12713984,1270.089,567,16.53,0.0,188.65,-0.005730689503252506,13.569296836853027,0.5508228540420532,0.004774133282694493,0.0447845458984375,0.0003,0.2593769866497139,0.9161372299872935,2.91,0.48,1.27,4.77,0.15,0.0,0.0,0.15,0.02,0.11060332357883454,4.58,155.39,0.04876425419934094
388,12746752,1329.71,566,17.65,0.0,199.69,-0.004649399779736996,12.81297492980957,0.5593395829200745,0.002649773517674703,0.02626800537109375,0.0003,0.2556923076923077,0.9106487148102815,2.96,0.36,1.19,4.9,0.24,0.0,0.0,0.24,0.02,0.18086635410785676,4.86,166.06,0.04510538058821112
389,12779520,1390.748,565,16.95,0.0,192.36,-0.0082172192633152,13.457910537719727,0.5790892839431763,0.0020389903935722486,0.0214996337890625,0.0003,0.27988614800759015,0.865359477124183,2.87,0.41,1.15,4.68,0.12,0.0,0.0,0.12,0.0,0.10509170085191727,4.53,155.54,0.04384144558571279
390,12812288,1448.347,565,19.34,0.0,217.99,-0.006681901402771473,11.912301063537598,0.556433916091919,0.00561885681588592,0.05377197265625,0.0003,0.22772567409144198,0.9045005488474204,2.32,0.43,1.6,5.6,0.2,0.0,0.0,0.2,0.0,0.16124784260988234,5.67,173.82,0.04374355135951191
391,12845056,1507.456,565,14.14,0.0,168.92,-0.005297651514410973,10.835453033447266,0.5457529425621033,0.0067241251686596115,0.058074951171875,0.0003,0.29694019471488176,0.9039881831610044,1.98,0.33,0.97,4.17,0.11,0.0,0.0,0.11,0.01,0.08843281596899033,3.82,137.94,0.040886144852265716
392,12877824,1566.855,564,15.47,0.0,176.92,-0.0064158509485423565,13.108888626098633,0.539571225643158,0.005342699100253867,0.04842376708984375,0.0003,0.30287648054145516,0.8933143669985776,2.95,0.26,1.03,4.67,0.11,0.0,0.0,0.11,0.03,0.09095217853784561,4.09,145.18,0.04552380833774805
393,12910592,1627.061,563,15.65,0.0,172.61,-0.006208561360836029,10.00585651397705,0.5670563578605652,0.004157519790993547,0.04083251953125,0.0003,0.28921061702861084,0.8688981868898187,2.74,0.55,0.96,4.43,0.2,0.0,0.0,0.2,0.03,0.15132070124149322,3.99,145.63,0.046949239214882255
394,12943360,1686.061,563,16.34,0.0,183.25,-0.00415624026209116,12.778974533081055,0.5286140441894531,0.0015407441424315493,0.014984130859375,0.0003,0.2043261231281198,0.8910012674271229,2.1,0.34,1.19,4.98,0.12,0.0,0.0,0.12,0.0,0.09260286986827851,4.23,153.32,0.048240795033052564
395,12976128,1744.095,563,17.11,0.0,191.33,-0.0041761938482522964,10.122169494628906,0.5211079120635986,0.0017397893710437984,0.01691436767578125,0.0003,0.1960455764075067,0.8607277289836889,2.59,0.38,1.16,4.82,0.13,0.0,0.0,0.13,0.0,0.10632332295179367,4.64,154.66,0.045906720915809274
396,13008896,1803.75,563,16.08,0.0,174.45,-0.007151045836508274,12.964037895202637,0.55329430103302,0.0015886638817619314,0.015625,0.0003,0.25341745531019977,0.8563685636856369,2.32,0.32,1.21,4.52,0.06,0.0,0.0,0.06,0.05,0.04979166746139527,4.34,144.59,0.044845481403172016
397,13041664,1861.709,563,16.51,0.0,182.99,-0.006254082545638084,11.535200119018555,0.5454395413398743,0.0020676788326738915,0.02059173583984375,0.0003,0.20344029110155476,0.8606770833333334,2.13,0.36,1.14,4.57,0.17,0.0,0.0,0.17,0.0,0.12750978112220765,4.53,153.04,0.042595318984240294
398,13074432,1920.974,562,18.14,0.0,207.99,-0.0038008298724889755,11.651901245117188,0.5295937061309814,0.003110397218279104,0.029571533203125,0.0003,0.2110521386200437,0.8736717827626919,2.64,0.46,1.36,5.34,0.19,0.0,0.0,0.19,0.0,0.1350814026594162,5.14,167.97,0.04351404425688088
399,13107200,1976.197,563,17.22,0.0,196.54,-0.0046560256741940975,11.003819465637207,0.5358980894088745,0.0029753712507840646,0.0303192138671875,0.0003,0.22484632804917504,0.8592233009708737,2.38,0.37,1.25,4.9,0.18,0.0,0.0,0.18,0.02,0.1417515131831169,4.51,160.1,0.04626377683598548
400,13139968,2032.575,564,15.91,0.0,180.11,-0.003481092397123575,12.50573444366455,0.5116328001022339,0.002921956480179233,0.0286407470703125,0.0003,0.19375,0.8426051560379919,2.31,0.32,1.13,4.58,0.13,0.0,0.0,0.13,0.01,0.0991224093735218,4.18,152.37,0.047710450482554734
401,13172736,2088.821,564,16.94,0.0,198.8,-0.005358001682907343,11.368217468261719,0.522908627986908,0.0018783213535584764,0.0196990966796875,0.0003,0.21439749608763695,0.8096446700507615,2.28,0.44,1.18,4.69,0.16,0.0,0.0,0.16,0.0,0.1152153867483139,4.48,161.03,0.05031308066099882
402,13205504,2149.026,564,15.46,0.0,170.62,-0.005962652154266834,10.91646957397461,0.5503528714179993,0.003953791315211674,0.03830718994140625,0.0003,0.17207334273624825,0.7988668555240793,2.43,0.29,1.08,4.74,0.13,0.0,0.0,0.13,0.03,0.0860412796586752,4.11,143.38,0.04552986426278949
403,13238272,2202.911,565,17.62,0.0,196.35,-0.006702529266476631,10.163957595825195,0.5291038751602173,0.001854975456893726,0.0178070068359375,0.0003,0.22392344497607655,0.8163522012578617,2.13,0.46,1.31,5.03,0.14,0.0,0.0,0.14,0.0,0.10763326019048691,4.68,160.97,0.04064330400433391
404,13271040,2263.639,564,16.95,0.0,191.16,-0.005198082886636257,11.33548355102539,0.5162475109100342,0.002188665769438103,0.0229034423828125,0.0003,0.21061041866410993,0.8612143742255266,2.43,0.44,1.28,5.0,0.22,0.0,0.0,0.22,0.0,0.17432116121053695,4.69,154.76,0.04289269866421819
405,13303808,2321.216,564,17.15,0.0,202.48,-0.006087196990847588,9.895919799804688,0.5401446223258972,0.0023748595600068256,0.022369384765625,0.0003,0.21692961165048544,0.8092909535452323,2.08,0.41,1.3,4.92,0.12,0.0,0.0,0.12,0.01,0.08717304736375808,4.91,160.03,0.04480030247941613
406,13336576,2376.938,565,18.01,0.0,204.86,-0.005038874689489603,12.271093368530273,0.5235454440116882,0.0027562262733908938,0.03009033203125,0.0003,0.23570773463772546,0.8186215235792019,3.1,0.52,1.35,5.18,0.15,0.0,0.0,0.15,0.02,0.10865277737379074,5.05,161.22,0.03838703746441752
407,13369344,2433.54,565,16.58,0.0,193.51,-0.004922802560031414,10.558238983154297,0.519988477230072,0.0013475867892793758,0.01230621337890625,0.0003,0.1978125,0.852437417654809,2.53,0.35,1.32,4.55,0.16,0.0,0.0,0.16,0.02,0.11140322774648666,4.47,156.84,0.04740437387954444
408,13402112,2485.552,566,17.78,0.0,204.3,-0.005891964305192232,11.277521133422852,0.5290311574935913,0.0022749062582079205,0.01985931396484375,0.0003,0.18682634730538922,0.8009535160905841,2.22,0.41,1.25,5.12,0.16,0.0,0.0,0.16,0.02,0.11019820272922516,4.79,162.31,0.04199934867210686
409,13434880,2539.026,567,17.73,0.0,203.07,-0.004676660522818565,10.92542839050293,0.5072174072265625,0.001109705297153596,0.010772705078125,0.0003,0.2027231467473525,0.8039950062421972,2.19,0.42,1.3,5.05,0.2,0.0,0.0,0.2,0.0,0.14897539839148521,4.96,160.8,0.048444542568176985
410,13467648,2594.281,568,17.77,0.0,204.72,-0.009069766849279404,10.310545921325684,0.5090440511703491,0.002431734198466984,0.0208282470703125,0.0003,0.19911242603550297,0.8170011806375442,1.97,0.41,1.35,5.27,0.16,0.0,0.0,0.16,0.01,0.09817296534776687,5.07,163.54,0.04632118938025087
411,13500416,2650.75,568,18.58,0.0,209.94,-0.0032245651818811893,10.917704582214355,0.4836066961288452,0.005085883722415474,0.04801177978515625,0.0003,0.20060514372163388,0.8615209988649262,2.84,0.47,1.25,5.28,0.16,0.0,0.0,0.16,0.02,0.10887117937207222,5.08,168.55,0.046782636432908475
412,13533184,2706.999,568,17.02,0.0,207.99,-0.005817637778818607,10.621065139770508,0.5074465870857239,0.0012104535109074277,0.0120391845703125,0.0003,0.19532500800512329,0.8405063291139241,2.53,0.42,1.47,5.21,0.2,0.0,0.0,0.2,0.0,0.1504123205691576,4.86,160.29,0.04180216894019395
413,13565952,2764.912,568,17.42,0.0,213.94,-0.005042471922934055,12.993202209472656,0.5160524845123291,0.002554422064974915,0.02117919921875,0.0003,0.19284414796846575,0.8316953316953317,3.21,0.37,1.05,5.04,0.16,0.0,0.0,0.16,0.01,0.10798609107732773,4.36,163.7,0.04128602100536227
414,13598720,2821.091,569,19.58,0.0,216.73,-0.003712336765602231,10.274657249450684,0.5120589137077332,0.0026726722809371495,0.02541351318359375,0.0003,0.15897287939988458,0.8346281908990011,3.54,0.58,1.43,5.51,0.13,0.0,0.0,0.13,0.0,0.10412252485752106,5.33,177.1,0.04450300440657884
415,13631488,2879.98,568,16.45,0.0,190.59,-0.005554651841521263,10.17001724243164,0.523661732673645,0.0016569114403921503,0.01499176025390625,0.0003,0.15862290862290862,0.85,2.44,0.49,1.15,4.64,0.09,0.0,0.0,0.09,0.0,0.06564262688159943,4.5,149.38,0.046231047017499804
416,13664256,2940.728,568,17.79,0.0,206.18,-0.003149118274450302,12.193336486816406,0.4742045998573303,0.0023900018654785526,0.0213623046875,0.0003,0.15457606366697277,0.8918918918918919,2.5,0.42,1.38,5.24,0.24,0.0,0.0,0.24,0.01,0.18804237902164458,5.01,163.61,0.044067359529435635
417,13697024,2996.06,568,18.3,0.0,209.01,-0.003694651648402214,11.40623664855957,0.47240355610847473,0.0027365982548701595,0.02687835693359375,0.0003,0.19672131147540983,0.8872266973532796,2.41,0.44,1.39,5.18,0.15,0.0,0.0,0.15,0.0,0.12653394877910615,4.86,164.04,0.04130004346370697
418,13729792,3052.408,568,19.78,0.0,224.53,-0.005269192159175873,11.605225563049316,0.4905620217323303,0.0019659196616430563,0.01866912841796875,0.0003,0.214992927864215,0.8898582333696837,2.77,0.42,1.39,5.91,0.13,0.0,0.0,0.13,0.01,0.10467169523239135,5.57,180.87,0.044752226560376585
419,13762560,3110.263,568,17.23,0.0,207.51,-0.004361867904663086,11.532413482666016,0.5076305270195007,0.0020698301590300616,0.02030181884765625,0.0003,0.18566676746295735,0.8922155688622755,2.16,0.53,1.21,5.39,0.19,0.0,0.0,0.19,0.0,0.1258586275577545,4.76,166.47,0.046987325651571155
420,13795328,3167.055,569,17.48,0.0,196.54,-0.003014518180862069,10.319339752197266,0.5083690881729126,0.004998118624648384,0.04703521728515625,0.0003,0.16431039899465913,0.8957055214723927,1.97,0.38,1.3,5.18,0.14,0.0,0.0,0.14,0.0,0.09638527244329452,4.69,159.63,0.04564699355978519
421,13828096,3221.254,569,17.89,0.0,205.72,-0.007279509212821722,11.476875305175781,0.5438730716705322,0.001774708030382044,0.017425537109375,0.0003,0.16453771289537714,0.8823529411764706,1.85,0.46,1.29,5.19,0.21,0.0,0.0,0.21,0.0,0.14018964588642122,4.64,160.19,0.044180376920849085
422,13860864,3278.081,569,16.74,0.0,188.43,-0.005456266924738884,10.740547180175781,0.5289403200149536,0.001816316895201453,0.016754150390625,0.0003,0.18735669832951196,0.8767833981841764,2.71,0.26,1.17,4.88,0.2,0.0,0.0,0.2,0.01,0.1295497727394104,4.45,150.57,0.046635609469376504
423,13893632,3339.151,569,16.85,0.0,191.76,-0.005212266929447651,11.479412078857422,0.522381067276001,0.0025500032944307804,0.0278167724609375,0.0003,0.18343949044585986,0.8888888888888888,2.64,0.49,1.17,4.79,0.22,0.0,0.0,0.22,0.02,0.17337865397334098,4.43,159.6,0.04562706616707146
424,13926400,3394.78,569,17.09,0.0,234.81,-0.0070600141771137714,11.046446800231934,0.519008457660675,0.002917891068193512,0.02642822265625,0.0003,0.1937984496124031,0.8883374689826302,2.24,0.38,1.37,4.77,0.14,0.0,0.0,0.14,0.01,0.11248783707618713,4.68,153.24,0.04089791304431856
425,13959168,3455.083,569,17.53,0.0,200.45,-0.002226924989372492,11.147960662841797,0.535207986831665,0.0072138819292035805,0.05228424072265625,0.0003,0.1694202463202163,0.8742586002372479,2.54,0.44,1.33,5.33,0.13,0.0,0.0,0.13,0.01,0.08529916644096375,4.92,164.58,0.04622591321822256
426,13991936,3514.136,568,16.86,0.0,186.59,-0.007096027955412865,10.754865646362305,0.5446773767471313,0.0016738816009080892,0.0167083740234375,0.0003,0.20504313205043131,0.888745148771022,2.52,0.38,1.19,4.84,0.18,0.0,0.0,0.18,0.01,0.1317976638674736,4.76,151.06,0.04133288701996207
427,14024704,3571.416,568,16.62,0.0,194.45,-0.004542579874396324,10.070148468017578,0.5174306631088257,0.0026608685523115128,0.0264129638671875,0.0003,0.18403755868544602,0.8975,2.63,0.48,1.18,4.77,0.16,0.0,0.0,0.16,0.01,0.12735981673002242,4.42,155.61,0.0365628901636228
428,14057472,3630.912,568,16.75,0.0,183.62,-0.006169501692056656,10.549613952636719,0.5349933505058289,0.0024040251687438285,0.0200042724609375,0.0003,0.18470273881095525,0.9170068027210885,2.04,0.35,1.03,4.54,0.19,0.0,0.0,0.19,0.0,0.16081913590431213,4.37,151.67,0.04428063367959112
429,14090240,3688.487,568,18.31,0.0,216.68,-0.007709084078669548,9.876710891723633,0.5399423837661743,0.0030480824975711585,0.02948760986328125,0.0003,0.2156286721504113,0.9049255441008018,2.4,0.47,1.21,5.62,0.15,0.0,0.0,0.15,0.01,0.09580672353506088,4.86,167.38,0.04485550697427243
430,14123008,3746.105,568,19.87,0.0,226.37,-0.006064637564122677,12.361372947692871,0.5233895778656006,0.003624519181357755,0.03235626220703125,0.0003,0.22752497225305215,0.8955386289445049,2.61,0.43,1.48,5.41,0.21,0.0,0.0,0.21,0.0,0.16338672280311584,5.86,181.13,0.04524902207776904
431,14155776,3804.562,568,14.81,0.0,174.64,-0.008275210857391357,11.446122169494629,0.56524258852005,0.002427071703095862,0.025238037109375,0.0003,0.21376571806750497,0.9076005961251863,2.55,0.39,0.9,4.31,0.12,0.0,0.0,0.12,0.0,0.08873075753450393,3.78,141.9,0.0427509342553094
432,14188544,3861.623,568,16.71,0.0,188.06,-0.0054085636511445045,11.404818534851074,0.5420855283737183,0.0059359878849818415,0.04877471923828125,0.0003,0.25039923347173426,0.9169859514687101,2.07,0.28,1.17,4.39,0.11,0.0,0.0,0.11,0.02,0.08580147117376327,4.5,151.68,0.04319736419711262
433,14221312,3919.08,568,18.94,0.0,218.52,-0.0032474910840392113,10.546951293945312,0.5317881107330322,0.002088131094922119,0.02068328857421875,0.0003,0.2546242774566474,0.9052987598647125,2.7,0.42,1.36,5.4,0.17,0.0,0.0,0.17,0.0,0.12182146310806274,5.04,174.92,0.045973910368047655
434,14254080,3980.268,568,16.72,0.0,191.65,-0.004671026021242142,11.503669738769531,0.5521467924118042,0.0014138401434955483,0.013092041015625,0.0003,0.2197092084006462,0.908150064683053,2.19,0.35,1.16,4.6,0.12,0.0,0.0,0.12,0.0,0.09566954046487808,4.36,154.04,0.042702530045062304
435,14286848,4038.278,568,18.53,0.0,211.76,-0.004164852201938629,13.328719139099121,0.5474354028701782,0.0032462639440495877,0.0300445556640625,0.0003,0.24827188940092165,0.9103291713961408,2.66,0.47,1.19,5.41,0.24,0.0,0.0,0.24,0.0,0.1763599306344986,4.93,165.6,0.042152354726567864
436,14319616,4096.201,567,17.64,0.0,203.73,-0.006298305466771126,11.588663101196289,0.5453037023544312,0.003277764044298692,0.0316162109375,0.0003,0.23652694610778444,0.9099639855942377,2.28,0.43,1.0,4.91,0.17,0.0,0.0,0.17,0.01,0.13390591263771057,4.73,158.98,0.04624415747821331
437,14352384,4151.545,568,16.1,0.0,187.7,-0.004343908280134201,11.563667297363281,0.5838853120803833,0.0021829466478777704,0.0233001708984375,0.0003,0.2657986662432518,0.8863636363636364,2.03,0.29,0.95,4.49,0.12,0.0,0.0,0.12,0.03,0.09956836551427842,3.96,147.47,0.04573685699142516
438,14385152,4207.951,568,16.47,0.0,194.25,-0.005749691277742386,10.716595649719238,0.5844354629516602,0.002291352256065693,0.02425384521484375,0.0003,0.2740311260299054,0.8932291666666666,2.01,0.37,0.94,4.77,0.2,0.0,0.0,0.2,0.02,0.16726578295230865,4.2,152.64,0.045878621633164585
439,14417920,4263.881,568,17.4,0.0,205.96,-0.007005289196968079,11.771387100219727,0.5461620092391968,0.004271329891594178,0.0410003662109375,0.0003,0.24438454627133874,0.8640192539109507,2.37,0.41,1.19,5.25,0.18,0.0,0.0,0.18,0.01,0.13847778141498565,4.56,161.63,0.042162825469858944
440,14450688,4318.164,569,17.01,0.0,192.34,-0.00825132243335247,9.085115432739258,0.5499556064605713,0.0030641763523959753,0.03118896484375,0.0003,0.27565707133917394,0.8499353169469599,2.15,0.37,1.02,4.62,0.18,0.0,0.0,0.18,0.02,0.13971371367573737,4.29,157.59,0.0453734090551734
441,14483456,4375.539,569,17.08,0.0,192.45,-0.004818123299628496,12.506155014038086,0.5441913604736328,0.0025517901340776916,0.02550506591796875,0.0003,0.24936386768447838,0.8512696493349455,2.1,0.37,1.22,4.74,0.17,0.0,0.0,0.17,0.0,0.11979983933269978,4.75,157.05,0.04327193845529109
442,14516224,4432.401,569,17.83,0.0,200.91,-0.007912999019026756,10.137006759643555,0.5594138503074646,0.0017716080675995727,0.01752471923828125,0.0003,0.20402476780185758,0.8480861244019139,2.13,0.54,1.12,4.93,0.17,0.0,0.0,0.17,0.02,0.1251402984559536,4.78,161.59,0.04103721957653761
443,14548992,4490.221,569,17.76,0.0,202.62,-0.007750103250145912,9.690156936645508,0.5351710319519043,0.002965151322712245,0.03122711181640625,0.0003,0.19047619047619047,0.8691476590636255,2.7,0.32,1.14,4.88,0.06,0.0,0.0,0.06,0.04,0.04347222179174423,4.58,163.69,0.044316833605989814
444,14581760,4547.019,569,18.22,0.0,204.9,-0.007780794985592365,11.758602142333984,0.5143694877624512,0.0029182264349287834,0.0271453857421875,0.0003,0.22922374429223744,0.8628640776699029,2.36,0.51,1.17,5.13,0.14,0.0,0.0,0.14,0.02,0.11417025834321975,4.72,162.19,0.042435652343556285
445,14614528,4601.21,569,18.09,0.0,208.42,-0.002986977342516184,10.502552032470703,0.5394523739814758,0.0027118397564436236,0.02831268310546875,0.0003,0.18615751789976134,0.8610451306413301,2.48,0.32,1.19,5.19,0.14,0.0,0.0,0.14,0.02,0.10487531289458275,4.53,163.89,0.04596560820937157
446,14647296,4659.239,569,18.83,0.0,212.96,-0.0021572820842266083,10.429417610168457,0.5382224917411804,0.0011094552382928669,0.01053619384765625,0.0003,0.23126463700234193,0.8662857142857143,2.26,0.27,1.36,5.44,0.22,0.0,0.0,0.22,0.04,0.1677263005077839,5.37,172.86,0.043043011450208724
447,14680064,4720.006,569,18.5,0.0,223.76,-0.006536209024488926,10.417282104492188,0.5609130859375,0.001692278244206591,0.0160064697265625,0.0003,0.21236802413273,0.8487972508591065,2.85,0.37,1.16,5.36,0.17,0.0,0.0,0.17,0.01,0.12805899530649184,4.81,163.35,0.043765399255789816
448,14712832,4780.008,568,17.69,0.0,207.27,-0.007138567976653576,11.260310173034668,0.5442675352096558,0.002275068115807244,0.02350616455078125,0.0003,0.19492293744333636,0.8599088838268792,2.23,0.41,1.15,5.2,0.13,0.0,0.0,0.13,0.03,0.0878803725540638,4.57,161.12,0.04439435771200806
449,14745600,4833.511,569,18.2,0.0,207.45,-0.008273206651210785,10.585144996643066,0.5565498471260071,0.0028226388396461743,0.0252685546875,0.0003,0.20085339835416033,0.8760139049826188,2.46,0.46,1.16,5.49,0.21,0.0,0.0,0.21,0.03,0.16619244903326036,4.71,162.99,0.039804250467568636
450,14778368,4894.966,569,17.78,0.0,198.38,-0.007784069515764713,13.72470760345459,0.5219104290008545,0.0019764841684377643,0.018890380859375,0.0003,0.2504667081518357,0.8698296836982968,2.26,0.33,1.22,5.2,0.22,0.0,0.0,0.22,0.05,0.1792014330625534,4.75,160.87,0.04428377118892968
451,14811136,4954.649,568,17.18,0.0,192.97,-0.007169356569647789,11.111757278442383,0.5513960123062134,0.001952744103576265,0.01947784423828125,0.0003,0.1967948717948718,0.8626974483596598,2.49,0.42,1.1,5.21,0.16,0.0,0.0,0.16,0.05,0.1272674423456192,4.47,156.28,0.04227273177821189
452,14843904,5014.629,568,17.11,0.0,193.21,-0.006752442568540573,9.80561637878418,0.5488117933273315,0.0037516841971978465,0.03868865966796875,0.0003,0.20704985709749127,0.8739290085679314,2.52,0.55,1.22,5.17,0.21,0.0,0.0,0.21,0.0,0.1621047116816044,4.56,155.81,0.04354841529857367
453,14876672,5069.191,568,18.22,0.0,209.9,-0.005469269119203091,11.565582275390625,0.5638450980186462,0.0015308370180378006,0.01502227783203125,0.0003,0.17670078266104755,0.8703703703703703,2.04,0.42,1.16,5.18,0.25,0.0,0.0,0.25,0.0,0.20600214034318923,4.97,167.41,0.04686398454941809
454,14909440,5127.205,568,17.43,0.0,192.21,-0.005774227902293205,13.146413803100586,0.5382383465766907,0.0022140561950436677,0.02138519287109375,0.0003,0.18635926993275698,0.8814993954050786,2.67,0.4,1.11,4.7,0.15,0.0,0.0,0.15,0.03,0.11305898398160935,4.74,155.51,0.04787482810206711
455,14942208,5183.352,568,17.87,0.0,206.39,-0.008320719003677368,10.821884155273438,0.5559573173522949,0.0031191614737338114,0.0260772705078125,0.0003,0.22930315664085765,0.8826347305389222,2.59,0.62,1.22,5.45,0.25,0.0,0.0,0.25,0.0,0.1970993247628212,4.85,166.54,0.04543600894976407
456,14974976,5238.607,569,19.55,0.0,220.91,-0.007490883581340313,11.733596801757812,0.5270859003067017,0.005038740891336602,0.04407501220703125,0.0003,0.20914844649021863,0.8997844827586207,2.51,0.47,1.31,5.55,0.16,0.0,0.0,0.16,0.0,0.12017680197954178,5.14,173.74,0.04353636724408716
457,15007744,5295.403,569,17.06,0.0,196.08,-0.006667739246040583,12.688636779785156,0.5308429598808289,0.00305956843817512,0.030853271484375,0.0003,0.20527769254372508,0.8966376089663761,2.22,0.38,1.14,5.02,0.22,0.0,0.0,0.22,0.02,0.1770809143781662,4.44,160.51,0.051182906492613256
458,15040512,5349.417,569,17.43,0.0,197.52,-0.008204948157072067,10.771574020385742,0.5433986186981201,0.0033180009393447563,0.030792236328125,0.0003,0.18994943109987358,0.9056152927120669,2.45,0.45,1.21,5.13,0.16,0.0,0.0,0.16,0.0,0.11784011662006379,4.51,156.25,0.04400625138077885
459,15073280,5406.525,569,19.8,0.0,219.73,-0.005449080839753151,10.274395942687988,0.5076344013214111,0.003339760395533631,0.03314208984375,0.0003,0.19302870533099004,0.87882096069869,2.6,0.53,1.49,5.59,0.09,0.0,0.0,0.09,0.01,0.06373493999242782,5.51,169.38,0.04069344571325928
460,15106048,5462.443,569,18.6,0.0,201.25,-0.004398496821522713,10.739063262939453,0.5189253091812134,0.0020867416771750413,0.0218048095703125,0.0003,0.19303201506591336,0.9258400926998841,2.67,0.47,1.27,5.58,0.17,0.0,0.0,0.17,0.0,0.12117344662547111,4.89,167.54,0.03872354538179934
461,15138816,5520.333,569,19.16,0.0,209.78,-0.004740096163004637,11.297063827514648,0.528737485408783,0.001833594826848639,0.0180206298828125,0.0003,0.2073608617594255,0.896976483762598,2.57,0.49,1.33,5.48,0.17,0.0,0.0,0.17,0.02,0.1301000565290451,4.94,172.55,0.045729379169642925
462,15171584,5575.012,570,17.26,0.0,194.92,-0.008061842061579227,10.030521392822266,0.5563122630119324,0.0027369530411789356,0.02779388427734375,0.0003,0.2041544952937358,0.8825665859564165,2.29,0.29,1.25,5.24,0.13,0.0,0.0,0.13,0.01,0.0859900264441967,4.68,153.88,0.044329932890832424
463,15204352,5628.976,570,17.73,0.0,197.97,-0.008333735167980194,10.810750961303711,0.5181444883346558,0.00294509017743394,0.02947235107421875,0.0003,0.1939032055311125,0.8902291917973462,2.11,0.42,1.23,5.14,0.12,0.0,0.0,0.12,0.0,0.08758088260889053,4.73,158.56,0.04473284410778433
464,15237120,5685.156,570,18.38,0.0,199.64,-0.002664510626345873,9.690900802612305,0.511986494064331,0.0022455109918269045,0.02349090576171875,0.0003,0.18207636478384348,0.8845238095238095,2.74,0.32,1.32,5.06,0.16,0.0,0.0,0.16,0.02,0.1367811644077301,4.94,164.36,0.04791293037123978
465,15269888,5738.629,571,18.51,0.0,207.51,-0.005476008169353008,10.233570098876953,0.5215973854064941,0.001531547985550219,0.01511383056640625,0.0003,0.19223826714801445,0.8906426155580609,2.27,0.48,1.08,4.97,0.12,0.0,0.0,0.12,0.0,0.08075794756412506,4.75,163.15,0.04594412259757519
466,15302656,5794.54,571,17.17,0.0,194.76,-0.005517598241567612,10.287551879882812,0.5264161825180054,0.0019962248117053605,0.0196075439453125,0.0003,0.2423573904821935,0.8882063882063882,2.46,0.4,0.98,4.92,0.21,0.0,0.0,0.21,0.02,0.13976652547717094,4.18,156.73,0.04212458140682429
467,15335424,5851.838,571,17.41,0.0,202.86,-0.0070528993383049965,12.631176948547363,0.5231399536132812,0.0017941421132405821,0.018035888671875,0.0003,0.2180306905370844,0.8976279650436954,2.16,0.37,1.25,5.17,0.16,0.0,0.0,0.16,0.04,0.11782587468624114,4.66,162.55,0.04747375741135329
468,15368192,5908.771,571,17.7,0.0,194.24,-0.005771558731794357,12.87464427947998,0.5845462083816528,0.003462564336288665,0.0357513427734375,0.0003,0.2531969309462916,0.897908979089791,2.83,0.5,1.12,4.85,0.18,0.0,0.0,0.18,0.0,0.13722913712263107,4.55,159.54,0.04359101387672126
469,15400960,5970.089,570,18.09,0.0,193.72,-0.003081267699599266,13.787863731384277,0.5429130792617798,0.004467181720713143,0.045684814453125,0.0003,0.23677335075114303,0.9018475750577367,2.82,0.43,1.2,5.03,0.19,0.0,0.0,0.19,0.0,0.1455061349272728,4.57,164.09,0.04574071185197681
470,15433728,6027.999,570,17.64,0.0,190.51,-0.0023272312246263027,12.675069808959961,0.5642651319503784,0.001534460645643776,0.01567840576171875,0.0003,0.25016329196603526,0.9065656565656566,3.04,0.5,1.07,4.68,0.19,0.0,0.0,0.19,0.0,0.14848134696483611,4.38,159.14,0.0467652726219967
471,15466496,6087.877,570,16.09,0.0,175.79,-0.005067931488156319,12.46009635925293,0.5471531748771667,0.0009727067616722707,0.0094451904296875,0.0003,0.22191496716211545,0.8935611038107752,2.57,0.45,0.94,4.46,0.13,0.0,0.0,0.13,0.03,0.09611612446606159,4.05,146.88,0.04528527602087706
472,15499264,6146.308,570,17.46,0.0,192.26,-0.008559074252843857,12.314445495605469,0.5711489319801331,0.0022744415956026387,0.0219573974609375,0.0003,0.2423469387755102,0.8797083839611178,2.33,0.48,1.12,4.67,0.15,0.0,0.0,0.15,0.02,0.1161370313167572,4.45,158.24,0.04515311645809561
473,15532032,6205.176,570,16.88,0.0,210.62,-0.0037971888668835163,11.06446361541748,0.5535647869110107,0.001556849682401662,0.0149383544921875,0.0003,0.2055296469020653,0.8996188055908514,3.29,0.42,1.07,4.42,0.15,0.0,0.0,0.15,0.02,0.12599137872457505,4.35,153.08,0.04380717221647501
474,15564800,6266.69,569,17.14,0.0,185.38,-0.005405759438872337,12.015607833862305,0.6028486490249634,0.002347899476603743,0.02109527587890625,0.0003,0.24148197155143897,0.8734643734643734,2.36,0.5,1.03,4.39,0.12,0.0,0.0,0.12,0.0,0.08185249835252761,4.38,151.34,0.04349129437468946
475,15597568,6328.478,569,14.37,0.0,158.32,-0.003072588238865137,10.868967056274414,0.60570228099823,0.0032653716456536586,0.03084564208984375,0.0003,0.2686898593634345,0.8453757225433526,1.85,0.38,0.76,3.63,0.13,0.0,0.0,0.13,0.01,0.08425950318574905,3.59,136.76,0.0444816630333662
476,15630336,6386.39,569,16.35,0.0,182.05,-0.0051880148239433765,11.243568420410156,0.5770763158798218,0.004654531088419844,0.042144775390625,0.0003,0.2415282392026578,0.874189364461738,2.52,0.4,0.86,4.31,0.15,0.0,0.0,0.15,0.03,0.10115111589431763,3.94,155.82,0.05163590225856751
477,15663104,6444.276,569,17.19,0.0,186.99,-0.004186318721622229,10.849381446838379,0.5771212577819824,0.003860106493220883,0.0364837646484375,0.0003,0.276324395029431,0.8790931989924433,2.62,0.51,1.16,4.4,0.2,0.0,0.0,0.2,0.0,0.1367316798120737,4.4,157.16,0.044486505328677595
478,15695872,6503.946,569,17.3,0.0,189.1,-0.002773184794932604,9.940362930297852,0.6036202907562256,0.006455626505044165,0.05912017822265625,0.0003,0.27053140096618356,0.8861689106487148,2.4,0.3,0.99,4.63,0.16,0.0,0.0,0.16,0.03,0.11270291671156883,4.22,151.7,0.04409650666639209
479,15728640,6563.964,569,16.98,0.0,185.58,-0.003853839822113514,13.654953956604004,0.5938507318496704,0.007625253331013937,0.0637359619140625,0.0003,0.33083929733246586,0.899873257287706,3.05,0.41,0.93,4.64,0.1,0.0,0.0,0.1,0.02,0.0625059363245964,4.16,153.15,0.04369928175583482
480,15761408,6623.619,568,16.2,0.0,180.42,-0.00865652784705162,10.683858871459961,0.6002381443977356,0.004886109860137822,0.0499725341796875,0.0003,0.26621848739495796,0.8773946360153256,2.49,0.44,0.86,4.47,0.18,0.0,0.0,0.18,0.03,0.11132210075855255,3.79,149.38,0.04092455841600895
481,15794176,6684.861,568,16.27,0.0,181.01,-0.00550836930051446,9.949864387512207,0.6005324125289917,0.0051294936633894395,0.05167388916015625,0.0003,0.23414961422341496,0.8893333333333333,2.44,0.31,0.99,4.38,0.08,0.0,0.0,0.08,0.02,0.06525056540966034,4.05,145.61,0.0442121458472684
482,15826944,6746.698,568,15.84,0.0,176.19,-0.005508587695658207,10.193391799926758,0.5929551124572754,0.0033433741230624037,0.0354156494140625,0.0003,0.21978021978021978,0.8838797814207651,2.38,0.43,0.95,4.29,0.2,0.0,0.0,0.2,0.01,0.13086950540542602,3.95,144.66,0.04243765526916832
483,15859712,6807.224,568,17.04,0.0,189.3,-0.009702233597636223,10.834646224975586,0.6025710105895996,0.0035057105993701043,0.0306396484375,0.0003,0.2010939510939511,0.9006060606060606,2.41,0.33,1.12,4.84,0.14,0.0,0.0,0.14,0.0,0.10314398109912873,4.43,160.09,0.047877670265734196
484,15892480,6865.04,568,16.23,0.0,188.07,-0.007326645776629448,10.99718952178955,0.5988342761993408,0.004149971531319352,0.04297637939453125,0.0003,0.25186144383295567,0.8669201520912547,2.58,0.32,0.83,4.45,0.14,0.0,0.0,0.14,0.0,0.1037299969792366,4.09,149.19,0.04640100838150829
485,15925248,6924.064,567,17.91,0.0,203.83,-0.008845431730151176,9.839405059814453,0.590374231338501,0.0034116698299584414,0.03211212158203125,0.0003,0.22212037885731745,0.8835063437139562,2.65,0.54,1.12,4.92,0.1,0.0,0.0,0.1,0.01,0.0753536942601204,4.53,161.07,0.04355001705698669
486,15958016,6982.74,567,16.4,0.0,186.4,-0.008959057740867138,9.870043754577637,0.6042659282684326,0.0035635299163345735,0.03400421142578125,0.0003,0.17864015394483643,0.8864516129032258,2.49,0.31,0.98,4.21,0.13,0.0,0.0,0.13,0.0,0.08331122860312462,4.31,154.07,0.047136489767581224
487,15990784,7038.816,567,17.66,0.0,200.41,-0.004461115691810846,11.612944602966309,0.5945566892623901,0.0034572556547232125,0.03618621826171875,0.0003,0.24445812807881773,0.8817966903073287,2.24,0.36,1.16,4.95,0.13,0.0,0.0,0.13,0.0,0.07771635353565216,4.55,157.23,0.04749525582883507
488,16023552,7095.388,568,17.16,0.0,191.0,-0.0059621320106089115,10.230558395385742,0.5883798003196716,0.0012407977164912154,0.01137542724609375,0.0003,0.20397690827453496,0.8728179551122195,2.68,0.41,0.97,4.44,0.05,0.0,0.0,0.05,0.0,0.04398842215538025,4.41,157.29,0.04374192166142166
489,16056320,7153.294,568,17.61,0.0,198.75,-0.009638947434723377,9.566258430480957,0.5981881618499756,0.0021073461643048574,0.02143096923828125,0.0003,0.25371775417298936,0.8808104886769964,2.32,0.48,0.88,4.7,0.12,0.0,0.0,0.12,0.03,0.09766098529100418,4.48,156.96,0.04281922453083098
490,16089088,7208.722,568,16.78,0.0,194.77,-0.007024304009974003,9.048528671264648,0.6046567559242249,0.0034680441411865104,0.0337982177734375,0.0003,0.2339435308718585,0.881851400730816,2.25,0.39,0.94,4.59,0.14,0.0,0.0,0.14,0.01,0.11397746622562409,4.11,149.76,0.04174225591123104
491,16121856,7266.687,568,17.57,0.0,199.07,-0.0031815888360142708,10.227922439575195,0.5871248841285706,0.004361261889300749,0.04212188720703125,0.0003,0.24511002444987776,0.895933014354067,2.87,0.33,1.26,4.79,0.07,0.0,0.0,0.07,0.02,0.057736111283302305,4.55,160.71,0.045448525226674974
492,16154624,7322.623,568,17.04,0.0,194.02,-0.008423815481364727,11.116989135742188,0.5763623714447021,0.0026061832279538066,0.0241546630859375,0.0003,0.23039064903106737,0.9165673420738975,2.34,0.49,1.17,4.72,0.14,0.0,0.0,0.14,0.01,0.09438458554446698,4.73,160.54,0.0416810946771875
493,16187392,7379.415,568,15.9,0.0,179.13,-0.010952945798635483,11.241952896118164,0.5786799788475037,0.002388854744594937,0.02433013916015625,0.0003,0.32365003417634997,0.8888888888888888,2.99,0.43,0.94,4.02,0.09,0.0,0.0,0.09,0.02,0.06043171018362045,4.16,148.16,0.043699516681954265
494,16220160,7434.312,568,16.11,0.0,183.23,-0.007002132013440132,11.295384407043457,0.5851089954376221,0.0019483752265613274,0.01836395263671875,0.0003,0.22130334105193517,0.9078282828282829,2.27,0.37,1.1,4.25,0.09,0.0,0.0,0.09,0.02,0.07612499952316285,4.42,152.67,0.042127858148887753
495,16252928,7499.236,568,17.73,0.0,200.0,-0.007127786986529827,10.327984809875488,0.5661563277244568,0.002520312688290005,0.02433013916015625,0.0003,0.24076317383403997,0.8915375446960667,2.54,0.45,1.1,4.92,0.15,0.0,0.0,0.15,0.01,0.11681853041052818,4.48,168.25,0.03805312712211162
496,16285696,7560.861,567,18.56,0.0,197.64,-0.006096798460930586,10.26043701171875,0.5760608911514282,0.0021330520883111603,0.0214691162109375,0.0003,0.23145212428662015,0.9156908665105387,3.15,0.51,1.14,4.91,0.14,0.0,0.0,0.14,0.02,0.10046251565217972,4.78,167.56,0.043622240773402154
497,16318464,7616.378,567,17.7,0.0,201.3,-0.0055070905946195126,10.193180084228516,0.5450144410133362,0.0032785964576689253,0.03104400634765625,0.0003,0.24815043156596794,0.8796185935637664,2.65,0.49,1.14,4.61,0.09,0.0,0.0,0.09,0.02,0.05757705107331276,4.77,163.62,0.0432183847296983
498,16351232,7677.516,567,16.53,0.0,180.14,-0.00781741552054882,10.156917572021484,0.5877581238746643,0.0017838291859106903,0.017425537109375,0.0003,0.25776602775941837,0.8826739427012278,2.75,0.36,1.01,4.15,0.09,0.0,0.0,0.09,0.02,0.06726724177598953,4.38,153.7,0.0443372008157894
499,16384000,7739.501,567,17.33,0.0,188.69,-0.009783062152564526,10.79311466217041,0.59413743019104,0.0037197084250806256,0.0338287353515625,0.0003,0.23170731707317074,0.8929471032745592,2.46,0.44,1.0,4.58,0.12,0.0,0.0,0.12,0.01,0.09277482241392136,4.39,157.75,0.04435141396243125
500,16416768,7797.457,567,16.95,0.0,186.69,-0.009277328848838806,11.14306354522705,0.6035523414611816,0.004618143667528329,0.0414581298828125,0.0003,0.28993506493506493,0.8660826032540676,2.79,0.31,0.88,4.45,0.09,0.0,0.0,0.09,0.02,0.05890391141176224,4.17,153.7,0.043574623530730605
501,16449536,7857.799,567,15.82,0.0,171.23,-0.008985396474599838,11.536616325378418,0.6031050086021423,0.0031408355021653733,0.03131103515625,0.0003,0.2449330127104088,0.8809523809523809,2.49,0.36,0.89,4.14,0.11,0.0,0.0,0.11,0.04,0.07768055573105812,4.03,146.57,0.045755420345813036
502,16482304,7919.565,566,16.75,0.0,188.57,-0.003981981426477432,11.269548416137695,0.5783275365829468,0.0022089455873128827,0.02344512939453125,0.0003,0.2479819179851469,0.8764186633039092,3.12,0.33,1.02,4.78,0.12,0.0,0.0,0.12,0.01,0.07874678909778594,4.29,153.75,0.04709585220552981
503,16515072,7975.071,567,16.98,0.0,188.98,-0.004127681255340576,11.180710792541504,0.5772749185562134,0.0015165950566427,0.01535797119140625,0.0003,0.21562606618901398,0.865265760197775,2.63,0.36,1.06,4.45,0.13,0.0,0.0,0.13,0.04,0.10167620956897735,4.21,151.79,0.03764163958840072
504,16547840,8036.318,566,16.88,0.0,187.98,-0.007599163800477982,13.072418212890625,0.5739191770553589,0.0022034179665979536,0.02243804931640625,0.0003,0.21992238033635186,0.8797953964194374,3.4,0.36,1.16,4.49,0.12,0.0,0.0,0.12,0.0,0.0994120877981186,4.27,149.15,0.04027894861064851
505,16580608,8092.675,566,17.59,0.0,189.92,-0.005596287548542023,10.023703575134277,0.5692843794822693,0.003008299205930598,0.0294189453125,0.0003,0.21037085658024285,0.8618090452261307,2.44,0.43,0.86,4.68,0.09,0.0,0.0,0.09,0.01,0.0638749998807907,4.2,152.26,0.042832438135519624
506,16613376,8152.922,566,18.74,0.0,209.43,-0.007873640395700932,10.877843856811523,0.5738370418548584,0.0025809863918766496,0.0282135009765625,0.0003,0.28588200763134725,0.8427895981087471,2.31,0.36,1.19,5.05,0.14,0.0,0.0,0.14,0.01,0.09803597338497638,5.12,166.33,0.042326202732510865
507,16646144,8211.759,566,16.56,0.0,183.26,-0.005751142278313637,9.71112060546875,0.5902277231216431,0.0023776039280960504,0.02388763427734375,0.0003,0.2395287958115183,0.8375634517766497,2.63,0.37,0.92,4.44,0.13,0.0,0.0,0.13,0.04,0.0726519825309515,4.25,152.97,0.04429198452271521
508,16678912,8268.008,566,16.06,0.0,181.62,-0.006991196423768997,10.058086395263672,0.5801398754119873,0.005876253564395029,0.0569915771484375,0.0003,0.22537562604340566,0.8522427440633246,2.3,0.26,1.05,4.08,0.1,0.0,0.0,0.1,0.02,0.0727542370557785,4.15,143.65,0.04363442386966199
509,16711680,8329.819,566,17.5,0.0,199.44,-0.004044814966619015,12.938525199890137,0.5449052453041077,0.0038042789152541445,0.04107666015625,0.0003,0.25227410551849605,0.8408812729498164,2.28,0.48,1.1,5.02,0.13,0.0,0.0,0.13,0.0,0.08805531144142151,4.48,161.92,0.04432379559148103
510,16744448,8386.191,566,17.25,0.0,194.87,-0.004905213601887226,10.532289505004883,0.5437353849411011,0.004942765107387004,0.04254150390625,0.0003,0.2534862101022622,0.8827751196172249,2.87,0.32,1.18,4.79,0.09,0.0,0.0,0.09,0.04,0.05900012746453285,4.5,153.57,0.043224762310273945
511,16777216,8443.619,566,19.3,0.0,211.84,-0.0054924204014241695,12.52271556854248,0.5303913354873657,0.002231592783573433,0.02294158935546875,0.0003,0.22077922077922077,0.8440265486725663,3.1,0.49,1.1,5.2,0.14,0.0,0.0,0.14,0.01,0.09718340963125228,4.83,170.71,0.044648090028204024
512,16809984,8501.889,566,18.52,0.0,211.31,-0.003649474121630192,10.01689338684082,0.5319472551345825,0.006128186242648326,0.0438079833984375,0.0003,0.22358302477926517,0.8521939953810623,3.0,0.35,1.25,5.08,0.18,0.0,0.0,0.18,0.01,0.14623755037784578,4.95,169.9,0.04612146515864879
513,16842752,8560.374,566,18.23,0.0,202.13,-0.003659658133983612,9.77401065826416,0.5456439256668091,0.0020955899452701487,0.02130889892578125,0.0003,0.19134466769706338,0.8789289871944121,2.17,0.41,1.15,4.88,0.1,0.0,0.0,0.1,0.0,0.0763519823551178,4.61,161.47,0.04713304073084146
514,16875520,8619.677,566,17.83,0.0,197.82,-0.00681347819045186,10.290355682373047,0.5382693409919739,0.001968536865462056,0.01683807373046875,0.0003,0.21772699197035206,0.8991696322657177,2.51,0.36,1.36,5.11,0.17,0.0,0.0,0.17,0.0,0.1180985090136528,4.69,163.56,0.03745222871657461
515,16908288,8678.056,566,17.15,0.0,190.32,-0.007049280218780041,12.638072967529297,0.5225416421890259,0.003638799560121697,0.0326385498046875,0.0003,0.2268562401263823,0.8973384030418251,2.85,0.39,1.09,4.88,0.08,0.0,0.0,0.08,0.0,0.05909339129924774,4.45,158.33,0.045897125150077045
516,16941056,8731.737,566,16.8,0.0,188.75,-0.00831440556794405,11.82991886138916,0.518673300743103,0.0059928134705273806,0.04906463623046875,0.0003,0.22493489583333334,0.8911138923654568,2.56,0.32,1.05,4.92,0.17,0.0,0.0,0.17,0.0,0.13793440967798232,4.28,153.19,0.04592571686953306
517,16973824,8791.236,566,19.4,0.0,211.05,-0.0068900310434401035,10.704992294311523,0.5079852342605591,0.003470732050203651,0.0357818603515625,0.0003,0.1732094695834582,0.8855555555555555,2.66,0.43,1.27,5.04,0.12,0.0,0.0,0.12,0.01,0.08347441464662551,5.2,171.65,0.04092728963587433
518,17006592,8847.693,566,17.99,0.0,197.27,-0.012558508664369583,11.136972427368164,0.5287562608718872,0.0035410476492643284,0.03278350830078125,0.0003,0.17132754741240758,0.8875453446191052,2.47,0.37,1.19,5.12,0.15,0.0,0.0,0.15,0.0,0.11026304513216019,4.75,160.18,0.04533909272868186
519,17039360,8903.721,566,17.97,0.0,204.57,-0.005400293972343206,11.430997848510742,0.5176888704299927,0.004278980588651393,0.04209136962890625,0.0003,0.1915213469633193,0.8836363636363637,2.15,0.43,1.27,5.02,0.13,0.0,0.0,0.13,0.0,0.10111685395240784,4.79,166.29,0.04620218195486814
520,17072128,8960.375,566,17.44,0.0,188.97,-0.00700335530564189,12.000621795654297,0.5235724449157715,0.002659087083173972,0.02614593505859375,0.0003,0.23540669856459331,0.8911392405063291,3.19,0.33,1.22,4.53,0.12,0.0,0.0,0.12,0.0,0.10900768518447876,4.54,156.4,0.045568771194666624
521,17104896,9017.673,566,17.57,0.0,194.15,-0.00795805361121893,10.073217391967773,0.5130171179771423,0.0015066512158341538,0.01434326171875,0.0003,0.20725552050473187,0.8705583756345178,2.54,0.51,1.12,4.71,0.18,0.0,0.0,0.18,0.0,0.12805118680000305,4.4,159.55,0.044386424822732806
522,17137664,9071.903,567,18.38,0.0,199.4,-0.001922902651131153,12.046109199523926,0.5006812810897827,0.0036253481756602923,0.0330352783203125,0.0003,0.21433041301627034,0.8944954128440367,3.41,0.49,1.17,5.05,0.19,0.0,0.0,0.19,0.01,0.14273730739951135,4.85,161.77,0.045868849381804466
523,17170432,9127.644,567,17.01,0.0,191.56,-0.006150057073682547,10.547988891601562,0.5179030299186707,0.0011546101727049063,0.00960540771484375,0.0003,0.19829760403530897,0.8454882571075402,2.53,0.31,0.99,4.51,0.16,0.0,0.0,0.16,0.0,0.12857366353273392,4.37,157.42,0.04994073207490146
524,17203200,9183.175,567,15.33,0.0,183.3,-0.006025279872119427,9.375401496887207,0.5262192487716675,0.0023626549661912577,0.02291107177734375,0.0003,0.22324786324786325,0.8507042253521127,2.53,0.3,0.99,4.03,0.13,0.0,0.0,0.13,0.01,0.08755585730075836,3.85,141.46,0.05066825926769525
525,17235968,9239.712,567,17.09,0.0,289.36,-0.008277243934571743,11.947427749633789,0.5396144390106201,0.0027767727479499626,0.02582550048828125,0.0003,0.21566666666666667,0.8734335839598998,3.29,0.37,1.11,4.39,0.13,0.0,0.0,0.13,0.02,0.10607454910874367,4.47,150.85,0.046161085134372115
526,17268736,9296.38,567,17.54,0.0,193.4,-0.007364807650446892,9.83850383758545,0.5325911641120911,0.002309812912073994,0.02143096923828125,0.0003,0.1925,0.8789346246973365,2.12,0.31,1.24,4.81,0.17,0.0,0.0,0.17,0.0,0.11463860690593719,4.41,157.32,0.042395684286020696
527,17301504,9353.287,567,19.43,0.0,217.05,-0.007342829369008541,13.339937210083008,0.5374084711074829,0.001414514749455975,0.013580322265625,0.0003,0.18240659017358046,0.8651059085841695,3.21,0.54,1.28,5.83,0.1,0.0,0.0,0.1,0.0,0.07118026107549667,5.09,177.02,0.04518575849942863
528,17334272,9409.792,567,17.17,0.0,190.28,-0.008002912625670433,13.161643028259277,0.5526903867721558,0.0018475377237905377,0.0163116455078125,0.0003,0.22801932367149758,0.876117496807152,2.78,0.36,1.04,4.55,0.12,0.0,0.0,0.12,0.01,0.09159698903560638,4.4,157.7,0.04582798504270613
529,17367040,9468.085,567,17.9,0.0,198.15,-0.00983601063489914,10.896090507507324,0.557917594909668,0.003739083857226433,0.03839874267578125,0.0003,0.22518610421836227,0.8736462093862816,2.87,0.46,1.05,4.83,0.15,0.0,0.0,0.15,0.0,0.11078539371490478,4.38,161.74,0.04186775360722095
530,17399808,9525.668,567,18.34,0.0,203.74,-0.007411990314722061,10.880160331726074,0.5705909729003906,0.004037268869126365,0.0389404296875,0.0003,0.22673893405600723,0.8751445086705202,3.21,0.35,1.07,4.84,0.18,0.0,0.0,0.18,0.02,0.1504141466319561,4.55,170.23,0.04407561174593866
531,17432576,9584.107,567,17.83,0.0,197.51,-0.004440810531377792,10.71555233001709,0.5508440732955933,0.004076328752333325,0.04332733154296875,0.0003,0.2235810598933835,0.8730538922155688,2.7,0.52,1.05,4.96,0.11,0.0,0.0,0.11,0.0,0.07917045056819916,4.17,162.76,0.04835024254862219
532,17465344,9644.102,567,16.33,0.0,187.41,-0.008027277886867523,10.354976654052734,0.5656197667121887,0.0022277819226985685,0.01908111572265625,0.0003,0.21274541358223367,0.8689189189189189,2.17,0.35,1.18,4.5,0.08,0.0,0.0,0.08,0.0,0.04648529455065727,4.09,150.79,0.04744480294175446
533,17498112,9702.026,567,17.77,0.0,201.47,-0.0041696918196976185,9.926753997802734,0.5335779190063477,0.0023964889246315124,0.0229644775390625,0.0003,0.20024382810118865,0.8813760379596679,2.27,0.41,1.19,4.78,0.11,0.0,0.0,0.11,0.0,0.09136046469211578,4.74,159.44,0.04915493237785995
534,17530880,9761.613,567,17.04,0.0,194.02,-0.0028468293603509665,11.32904052734375,0.5555206537246704,0.0010818437854425156,0.009796142578125,0.0003,0.19320388349514564,0.8768211920529801,3.1,0.43,1.11,4.93,0.09,0.0,0.0,0.09,0.01,0.07260318428277969,4.18,154.61,0.04356762522365898
535,17563648,9819.094,567,17.49,0.0,192.71,-0.0041662342846393585,11.512011528015137,0.5672418475151062,0.003005771551812586,0.02953338623046875,0.0003,0.23474928137975087,0.8802902055622733,2.83,0.48,1.17,4.79,0.15,0.0,0.0,0.15,0.02,0.11471661657094956,4.48,160.34,0.04555222683120519
536,17596416,9880.425,567,17.91,0.0,204.26,-0.0041075218468904495,10.945550918579102,0.5790590643882751,0.0014313987793173055,0.0131072998046875,0.0003,0.21025946913212049,0.8703494926719278,2.96,0.57,1.14,4.71,0.13,0.0,0.0,0.13,0.01,0.0905982968211174,4.68,167.72,0.045315543189644814
537,17629184,9937.742,567,16.25,0.0,183.52,-0.004334862343966961,12.310770034790039,0.5647789239883423,0.003934558869275406,0.03092193603515625,0.0003,0.1873767258382643,0.8578616352201258,2.24,0.35,0.9,4.57,0.11,0.0,0.0,0.11,0.03,0.08785526394844055,4.2,154.16,0.04716234398074448
538,17661952,9995.415,567,16.93,0.0,192.6,-0.006667302455753088,10.00522232055664,0.5535606145858765,0.0030454753831463677,0.027069091796875,0.0003,0.18313953488372092,0.8670731707317073,2.51,0.37,1.21,4.52,0.07,0.0,0.0,0.07,0.02,0.052076233625411986,4.55,158.9,0.048988795722834766
539,17694720,10050.774,567,18.7,0.0,212.94,-0.0055156284943223,12.04408073425293,0.5296535491943359,0.005841557475889658,0.0497283935546875,0.0003,0.1775990099009901,0.8689265536723164,3.15,0.53,1.2,5.0,0.11,0.0,0.0,0.11,0.02,0.09124127924442291,4.79,173.35,0.0441207189578563
540,17727488,10107.644,567,15.66,0.0,171.12,-0.006070616189390421,11.856558799743652,0.5682491064071655,0.0025201528588922884,0.0255584716796875,0.0003,0.19439579684763572,0.8715083798882681,2.1,0.38,0.92,4.46,0.13,0.0,0.0,0.13,0.02,0.11431106328964233,3.82,145.1,0.04241233645007014
541,17760256,10163.096,567,18.24,0.0,205.67,-0.0058515723794698715,11.759453773498535,0.5521257519721985,0.003475125897864473,0.03621673583984375,0.0003,0.18652083949157552,0.8751472320376914,2.53,0.51,1.24,5.02,0.13,0.0,0.0,0.13,0.0,0.09498632669448853,4.82,167.88,0.04634056251961738
542,17793024,10221.086,567,17.76,0.0,198.13,-0.010694446042180061,9.440031051635742,0.5684312582015991,0.003341885041322712,0.028533935546875,0.0003,0.17155824508320727,0.8879518072289156,2.57,0.55,0.96,4.86,0.1,0.0,0.0,0.1,0.02,0.08261029422283173,4.38,161.44,0.04545309767127037
543,17825792,10278.079,567,16.61,0.0,186.66,-0.005933772306889296,10.656051635742188,0.5503140687942505,0.0029321245935420848,0.026031494140625,0.0003,0.15950302216252518,0.8987854251012146,2.53,0.35,0.97,5.03,0.12,0.0,0.0,0.12,0.01,0.0897651931643486,4.18,154.31,0.046968058100901544
544,17858560,10334.107,567,19.57,0.0,214.47,-0.007325013633817434,13.008647918701172,0.5179398059844971,0.0022247043959851,0.0202789306640625,0.0003,0.18367970660146699,0.9049723756906077,3.8,0.46,1.31,5.54,0.07,0.0,0.0,0.07,0.0,0.05675643533468246,5.33,170.34,0.044590217992663383
545,17891328,10390.989,567,18.12,0.0,204.38,-0.005541500635445118,9.608444213867188,0.5556350946426392,0.003635623407035382,0.03558349609375,0.0003,0.16106778644271147,0.8875878220140515,2.18,0.46,1.22,4.95,0.08,0.0,0.0,0.08,0.01,0.06377314805984496,4.76,169.47,0.048317100503481925
546,17924096,10448.74,567,17.81,0.0,205.5,-0.006176413968205452,10.522332191467285,0.5397707223892212,0.0026933172861163257,0.0279083251953125,0.0003,0.17017438364401682,0.8736964078794901,2.19,0.38,1.4,5.05,0.07,0.0,0.0,0.07,0.01,0.054064387381076814,4.8,162.23,0.03906846605241299
547,17956864,10509.136,567,18.56,0.0,276.87,-0.0031931456178426743,11.544193267822266,0.549983561038971,0.004645953345573162,0.04805755615234375,0.0003,0.2247356051703878,0.8825541619156214,3.2,0.45,1.24,5.13,0.06,0.0,0.0,0.06,0.01,0.04826870560646057,4.95,171.61,0.04929230804555118
548,17989632,10565.861,567,19.7,0.0,227.62,-0.006444995291531086,9.495758056640625,0.5528558492660522,0.001219826512453892,0.01145172119140625,0.0003,0.19519438444924406,0.8876050420168067,2.35,0.42,1.24,5.56,0.09,0.0,0.0,0.09,0.0,0.07314244210720063,5.2,178.77,0.0446788037661463
549,18022400,10621.541,567,16.98,0.0,195.61,-0.010917401872575283,11.828509330749512,0.5672632455825806,0.002968636271759806,0.02599334716796875,0.0003,0.1672365557973267,0.8669950738916257,3.26,0.47,1.12,4.5,0.1,0.0,0.0,0.1,0.0,0.07323801539838314,4.52,156.86,0.0425860503455624
550,18055168,10681.704,567,16.93,0.0,192.16,-0.008246462792158127,10.579019546508789,0.5686891078948975,0.003503675364868286,0.03057098388671875,0.0003,0.15201523325928276,0.8697850821744627,2.49,0.4,0.99,4.9,0.15,0.0,0.0,0.15,0.0,0.10782352924346923,4.18,154.95,0.04338232078589499
551,18087936,10737.649,567,17.86,0.0,199.67,-0.008306329138576984,9.763530731201172,0.549889087677002,0.003603025659629111,0.03208160400390625,0.0003,0.16469857054070852,0.855621301775148,2.47,0.6,1.2,4.81,0.1,0.0,0.0,0.1,0.01,0.0630674859881401,4.63,163.38,0.04459513269830495
552,18120704,10794.792,567,19.82,0.0,227.21,-0.006456294097006321,12.19297981262207,0.5387040376663208,0.0033011092646972884,0.03211212158203125,0.0003,0.16908742121129078,0.8813559322033898,2.77,0.39,1.28,5.85,0.13,0.0,0.0,0.13,0.0,0.08423447780311108,5.18,176.29,0.043864461476914585
553,18153472,10853.424,567,19.63,0.0,217.79,-0.006886557675898075,11.7239990234375,0.5092012882232666,0.0026223734460018022,0.0245513916015625,0.0003,0.1584445734184562,0.8797399783315276,2.31,0.46,1.46,5.72,0.13,0.0,0.0,0.13,0.0,0.08368522420525551,5.38,174.78,0.04366747825406492
554,18186240,10911.624,567,19.06,0.0,208.94,-0.00828185211867094,11.614035606384277,0.5116851925849915,0.0029349147944230936,0.0230560302734375,0.0003,0.18642506142506143,0.8734321550741163,2.24,0.49,1.41,5.08,0.08,0.0,0.0,0.08,0.01,0.07035581886768341,5.58,172.99,0.041638182708993554
555,18219008,10969.171,567,19.99,0.0,221.42,-0.004085703752934933,12.32796859741211,0.5279080867767334,0.005054732026565034,0.0428466796875,0.0003,0.2080745341614907,0.8968421052631579,3.49,0.64,1.36,5.59,0.1,0.0,0.0,0.1,0.0,0.08096724599599839,5.5,175.7,0.04399326059501618
556,18251776,11027.246,567,18.62,0.0,207.08,-0.007424843031913042,11.732497215270996,0.5440204739570618,0.0034756480394833034,0.03321075439453125,0.0003,0.18367952522255193,0.8955223880597015,2.46,0.42,1.23,5.11,0.14,0.0,0.0,0.14,0.01,0.09886524558067322,4.94,168.51,0.04491171415429562
557,18284544,11083.671,567,16.55,0.0,191.31,-0.01013011485338211,12.807106018066406,0.5497472286224365,0.002489785207899331,0.0245819091796875,0.0003,0.19842022116903635,0.8723135271807838,2.7,0.48,1.23,4.5,0.03,0.0,0.0,0.03,0.0,0.02376910448074341,4.22,156.23,0.04448594665154815
558,18317312,11142.623,567,18.74,0.0,217.0,-0.01071918848901987,11.87977409362793,0.5279567241668701,0.003476243589261685,0.0290069580078125,0.0003,0.19863420427553444,0.8871851040525739,2.63,0.36,1.31,5.15,0.11,0.0,0.0,0.11,0.0,0.08263088196516037,5.03,170.65,0.04060168378055096
559,18350080,11202.163,567,18.0,0.0,194.97,-0.006917914375662804,11.817997932434082,0.5486080050468445,0.0033972331436871173,0.033111572265625,0.0003,0.1763769500159185,0.8888888888888888,2.63,0.37,1.33,5.19,0.14,0.0,0.0,0.14,0.0,0.09631007000803947,4.71,158.68,0.0489645159104839
560,18382848,11260.981,567,16.28,0.0,186.78,-0.007565713487565517,10.639530181884766,0.5555406808853149,0.004082665665237073,0.0399627685546875,0.0003,0.1386499007279947,0.8554987212276215,2.29,0.38,1.07,4.43,0.11,0.0,0.0,0.11,0.01,0.07533496737480164,4.37,146.86,0.04373447841499001
561,18415616,11315.434,567,19.43,0.01,214.92,-0.0041674477979540825,11.631050109863281,0.5168858766555786,0.0026699582948026546,0.02870941162109375,0.0003,0.18625730994152045,0.8837471783295711,2.73,0.46,1.18,5.16,0.13,0.0,0.0,0.13,0.03,0.09047719955444336,5.24,172.19,0.044396467856131494
562,18448384,11375.303,567,17.64,0.0,192.83,-0.011388433165848255,11.295814514160156,0.5587022304534912,0.0029007285374973435,0.0265045166015625,0.0003,0.15462239583333334,0.8657799274486094,2.62,0.38,1.13,4.61,0.12,0.0,0.0,0.12,0.0,0.08843376070261001,4.54,156.4,0.0418977327644825
563,18481152,11430.116,567,19.3,0.0,213.71,-0.00513208843767643,10.880451202392578,0.5186911821365356,0.0036674560415406177,0.03473663330078125,0.0003,0.20311563810665068,0.863481228668942,2.23,0.44,1.41,5.06,0.16,0.0,0.0,0.16,0.0,0.1411612069606781,5.29,169.34,0.04017759079579264
564,18513920,11490.841,567,16.62,0.0,186.47,-0.007961617782711983,11.455833435058594,0.5556689500808716,0.003968701924549123,0.03859710693359375,0.0003,0.19703799098518995,0.8640897755610972,2.02,0.45,1.06,4.56,0.1,0.0,0.0,0.1,0.01,0.07771120727062225,4.2,152.34,0.044455053517594934
565,18546688,11547.457,567,17.25,0.0,194.75,-0.005922273267060518,12.793935775756836,0.5440826416015625,0.0018214752852827587,0.01892852783203125,0.0003,0.18814352574102963,0.8738207547169812,2.72,0.31,1.07,4.45,0.07,0.0,0.0,0.07,0.01,0.04842151135206223,4.49,161.42,0.04656330752186477
566,18579456,11606.804,567,18.76,0.0,209.96,-0.005279819015413523,9.740850448608398,0.522871732711792,0.0019240362818209178,0.0184783935546875,0.0003,0.2074294205052006,0.8710407239819005,2.46,0.53,1.32,5.06,0.13,0.0,0.0,0.13,0.0,0.09740381985902787,5.06,169.84,0.0426109847612679
567,18612224,11662.921,567,17.93,0.0,201.67,-0.0059121353551745415,12.044453620910645,0.5412147045135498,0.0018468324583977846,0.0160369873046875,0.0003,0.18059381695745333,0.8641686182669789,2.35,0.38,1.14,4.64,0.1,0.0,0.0,0.1,0.0,0.07077941119670868,4.36,158.4,0.040682700695469975
568,18644992,11719.654,567,16.9,0.0,189.53,-0.004649368114769459,11.377401351928711,0.535897970199585,0.0015484041641684598,0.01628875732421875,0.0003,0.18330071754729288,0.8766404199475065,2.95,0.32,0.98,4.38,0.11,0.0,0.0,0.11,0.01,0.07176317274570465,4.4,151.94,0.04500735900364816
569,18677760,11777.894,567,17.19,0.0,196.77,-0.006268080323934555,11.662489891052246,0.542432427406311,0.0014873116664944064,0.01412200927734375,0.0003,0.15662272441933459,0.8620253164556962,2.84,0.31,1.08,4.48,0.11,0.0,0.0,0.11,0.0,0.09266233801841736,4.4,158.88,0.04132507543545216
570,18710528,11837.739,567,17.06,0.0,187.81,-0.007174869067966938,9.265863418579102,0.5486456751823425,0.0028157876729437703,0.026519775390625,0.0003,0.1581516433452652,0.8508217446270544,2.48,0.42,0.96,4.47,0.11,0.0,0.0,0.11,0.02,0.08370639562606812,4.33,153.38,0.0438089647796005
571,18743296,11893.843,567,19.49,0.0,212.36,-0.008390788920223713,12.920845031738281,0.5401948690414429,0.002746540217120952,0.02585601806640625,0.0003,0.16646919431279622,0.844542447629548,2.44,0.49,1.25,5.16,0.07,0.0,0.0,0.07,0.0,0.0559770667552948,5.3,173.24,0.04068109719082713
572,18776064,11952.001,567,18.28,0.0,208.21,-0.011463848873972893,11.484097480773926,0.5538288354873657,0.0030616879009244258,0.02740478515625,0.0003,0.21100638491942839,0.8492343934040048,2.62,0.58,1.17,4.9,0.08,0.0,0.0,0.08,0.02,0.056092736944556236,4.91,168.8,0.042431463836692274
573,18808832,12008.521,567,18.29,0.0,206.28,-0.00610438734292984,11.760334014892578,0.5477594137191772,0.005601373793922448,0.0485382080078125,0.0003,0.17618469015795868,0.8643274853801169,2.66,0.47,1.15,4.71,0.09,0.0,0.0,0.09,0.0,0.06431039094924927,4.83,165.74,0.03954281285405159
574,18841600,12072.661,567,16.34,0.0,181.36,-0.009923944249749184,11.62877082824707,0.5677565932273865,0.0031631036206363206,0.0298309326171875,0.0003,0.17085597826086957,0.8598484848484849,2.87,0.32,1.12,4.45,0.07,0.0,0.0,0.07,0.01,0.05755319237709045,4.35,154.16,0.041618952294811606
575,18874368,12131.679,567,18.46,0.0,204.82,-0.005782586522400379,13.758955001831055,0.5279855728149414,0.005998972915222112,0.05306243896484375,0.0003,0.18326693227091634,0.8466042154566745,2.99,0.44,1.35,4.42,0.07,0.0,0.0,0.07,0.01,0.05799601554870606,5.0,163.72,0.041923676268197596
576,18907136,12189.421,567,17.51,0.0,199.34,-0.005473300814628601,11.081072807312012,0.5512576103210449,0.0034973430935565375,0.0370330810546875,0.0003,0.19049128367670365,0.8683901292596945,2.78,0.46,1.18,4.24,0.07,0.0,0.0,0.07,0.02,0.06324900031089782,4.6,162.27,0.04206507478374988
577,18939904,12244.585,567,18.74,0.0,205.81,-0.0048860786482691765,13.669425010681152,0.5457063317298889,0.0025705187723588097,0.0236968994140625,0.0003,0.1974699166923789,0.8594847775175644,3.34,0.48,1.27,5.04,0.07,0.0,0.0,0.07,0.01,0.05927451014518738,4.98,169.75,0.04517998918890953
578,18972672,12299.059,567,18.08,0.0,205.22,-0.008244208060204983,12.66943073272705,0.5292298793792725,0.0015914337644744592,0.0136566162109375,0.0003,0.20229122701236057,0.8525943396226415,3.27,0.36,1.24,4.63,0.05,0.0,0.0,0.05,0.02,0.027493618447333574,4.69,168.97,0.04271370067726821
579,19005440,12357.182,567,18.33,0.0,197.31,-0.008267585188150406,10.253939628601074,0.5478079319000244,0.002205892337485693,0.01788330078125,0.0003,0.20322886989553657,0.8319327731092437,3.07,0.42,1.11,4.79,0.07,0.0,0.0,0.07,0.01,0.04000000074505806,4.58,162.73,0.04154195566661656
580,19038208,12416.343,567,18.1,0.0,202.48,-0.008888782002031803,11.00209903717041,0.5800816416740417,0.005890038826805721,0.04891204833984375,0.0003,0.21662546353522869,0.8497041420118343,2.25,0.45,1.14,4.44,0.06,0.0,0.0,0.06,0.01,0.0525,4.63,165.83,0.04422328597865999
581,19070976,12473.334,567,17.57,0.0,194.91,-0.0034537725150585175,13.432710647583008,0.5655624270439148,0.0030119907879679886,0.0311126708984375,0.0003,0.18854265029902423,0.8274173806609547,2.61,0.37,1.06,4.57,0.06,0.0,0.0,0.06,0.01,0.04276677072048187,4.48,157.23,0.04375546530354768
582,19103744,12530.287,567,16.69,0.0,186.29,-0.007970577105879784,12.42315673828125,0.5608433485031128,0.0028218046428492016,0.02808380126953125,0.0003,0.2407170294494238,0.81375,1.96,0.39,0.88,4.07,0.05,0.0,0.0,0.05,0.01,0.028849999904632568,4.04,154.3,0.04306045256089419
583,19136512,12584.719,567,16.27,0.0,184.46,-0.005008355714380741,11.588656425476074,0.5464348196983337,0.0028847053625327135,0.03040313720703125,0.0003,0.21191831268831604,0.835509138381201,2.16,0.44,1.06,4.32,0.07,0.0,0.0,0.07,0.01,0.048375000357627866,4.25,152.74,0.04170970059931278
584,19169280,12642.28,567,17.75,0.0,195.77,-0.007834347896277905,11.786845207214355,0.5359154343605042,0.0015288335091554472,0.0130767822265625,0.0003,0.16800256492465535,0.8389830508474576,2.25,0.38,1.22,4.55,0.08,0.0,0.0,0.08,0.0,0.06950000047683716,4.73,157.27,0.04389023734256625
585,19202048,12701.402,567,18.17,0.0,205.75,-0.00773447472602129,11.480199813842773,0.5369939804077148,0.0024284836314336644,0.02248382568359375,0.0003,0.21816479400749064,0.8657957244655582,2.75,0.43,1.17,4.65,0.09,0.0,0.0,0.09,0.0,0.07281355917453766,4.81,163.51,0.0464081623358652
586,19234816,12760.942,567,17.29,0.0,291.24,-0.0076262145303189754,12.995443344116211,0.5259325504302979,0.003103141568146839,0.0287017822265625,0.0003,0.1813953488372093,0.8257668711656442,2.96,0.27,1.09,4.85,0.09,0.0,0.0,0.09,0.02,0.0620942223072052,4.45,158.77,0.05028091184794903
587,19267584,12815.908,567,20.78,0.0,231.58,-0.0063011134043335915,12.813196182250977,0.536886990070343,0.0023567036907365946,0.0234222412109375,0.0003,0.18417307144890407,0.8477157360406091,3.16,0.41,1.48,5.74,0.13,0.0,0.0,0.13,0.0,0.10178071141242981,5.78,184.1,0.041576052783057094
588,19300352,12874.015,567,17.72,0.0,201.56,-0.006844938732683659,14.066152572631836,0.5390967130661011,0.0023890859846460444,0.02336883544921875,0.0003,0.226124460874923,0.8483412322274881,2.94,0.43,1.21,4.67,0.09,0.0,0.0,0.09,0.0,0.06216758251190185,4.67,158.57,0.041594383190386
589,19333120,12932.595,567,19.34,0.0,220.64,-0.004592866636812687,12.530267715454102,0.5446119904518127,0.0026885498284059395,0.02568817138671875,0.0003,0.16085790884718498,0.8588490770901195,2.6,0.42,1.37,5.24,0.09,0.0,0.0,0.09,0.01,0.07643963724374771,5.25,168.62,0.04366604669485241
590,19365888,12992.934,567,17.71,0.0,202.02,-0.00418718671426177,10.89727783203125,0.5466783046722412,0.0012094749065596488,0.01155853271484375,0.0003,0.18050314465408804,0.8315151515151515,2.8,0.41,1.27,4.67,0.06,0.0,0.0,0.06,0.01,0.03992732629179954,4.76,158.64,0.0454977503977716
591,19398656,13051.691,567,17.49,0.0,198.11,-0.008721629157662392,12.637616157531738,0.5575678944587708,0.001553754901181037,0.014495849609375,0.0003,0.19657577679137603,0.873341375150784,2.69,0.41,1.16,4.74,0.1,0.0,0.0,0.1,0.0,0.08013917207717895,4.68,158.64,0.040644145221449435
592,19431424,13108.584,567,17.82,0.0,202.42,-0.006744274869561195,11.941598892211914,0.5702358484268188,0.003791077825951561,0.037261962890625,0.0003,0.1916923076923077,0.8707093821510298,2.07,0.56,0.99,4.67,0.06,0.0,0.0,0.06,0.01,0.045374999642372134,4.56,158.09,0.03952752554323524
593,19464192,13167.032,567,17.64,0.0,198.71,-0.005945393815636635,13.647651672363281,0.5304293632507324,0.0030083390881827654,0.0295257568359375,0.0003,0.20945522855353788,0.8566308243727598,2.25,0.41,1.17,4.69,0.04,0.0,0.0,0.04,0.02,0.023526098728179932,4.69,159.35,0.044983420870266855
594,19496960,13221.191,567,19.0,0.0,213.62,-0.003061919705942273,13.928360939025879,0.5145325660705566,0.0022824861520405193,0.0223388671875,0.0003,0.20800696257615317,0.8550228310502284,2.38,0.48,1.21,4.7,0.07,0.0,0.0,0.07,0.01,0.05486842155456543,4.8,169.57,0.04561459133401513
595,19529728,13276.599,567,17.96,0.0,288.98,-0.0027957092970609665,13.487747192382812,0.5259451866149902,0.006685668263116895,0.04053497314453125,0.0003,0.18394437420986093,0.8559523809523809,2.61,0.37,1.21,4.54,0.09,0.0,0.0,0.09,0.03,0.06761059761047364,4.71,166.82,0.04671469226013869
596,19562496,13335.639,567,17.56,0.0,191.96,-0.006798005662858486,15.616020202636719,0.5246633291244507,0.0020477452365526005,0.017730712890625,0.0003,0.21012824728707663,0.8753086419753087,3.02,0.43,1.16,4.53,0.04,0.0,0.0,0.04,0.02,0.03074999988079071,4.67,155.34,0.045649339561350644
597,19595264,13393.04,567,17.59,0.0,195.58,-0.002550574252381921,12.548574447631836,0.5530002117156982,0.00488405739611153,0.04933929443359375,0.0003,0.18967828418230562,0.86875,3.25,0.41,1.18,4.69,0.05,0.0,0.0,0.05,0.0,0.031904761791229246,4.58,157.89,0.04227665066719055
598,19628032,13449.57,567,17.58,0.0,195.16,-0.008210979402065277,12.843465805053711,0.550848126411438,0.00518477528925132,0.0469207763671875,0.0003,0.20219284101902613,0.873341375150784,2.61,0.32,1.34,4.68,0.06,0.0,0.0,0.06,0.02,0.047749999761581424,4.75,159.33,0.04518908751197159
599,19660800,13508.069,567,18.83,0.0,202.4,-0.007865327410399914,14.840513229370117,0.5500980019569397,0.00377832297203895,0.0339508056640625,0.0003,0.21136934673366833,0.8628841607565012,3.43,0.43,1.12,4.42,0.08,0.0,0.0,0.08,0.0,0.06223071217536926,4.87,166.62,0.041725877206772566
600,19693568,13568.055,567,18.12,0.0,195.7,-0.006493743509054184,12.826932907104492,0.5296270847320557,0.004639014493363902,0.04154205322265625,0.0003,0.20230105465004794,0.8619447779111644,2.51,0.36,1.19,4.83,0.06,0.0,0.0,0.06,0.02,0.04718888476490975,4.68,159.05,0.04276418359950185
601,19726336,13627.988,567,18.6,0.0,208.13,-0.005772566422820091,12.96976375579834,0.5411750078201294,0.0031615575580872246,0.03216552734375,0.0003,0.1958128078817734,0.8445190156599552,2.67,0.41,1.36,4.95,0.03,0.0,0.0,0.03,0.02,0.02625,5.04,164.56,0.0455585002200678
602,19759104,13689.291,567,15.99,0.0,176.36,-0.007500957231968641,11.512475967407227,0.5633807182312012,0.003330254656248144,0.0277557373046875,0.0003,0.18976545842217485,0.8864864864864865,2.17,0.42,1.04,4.26,0.03,0.0,0.0,0.03,0.0,0.02255372852087021,4.11,147.36,0.044415505486540496
603,19791872,13748.775,567,17.22,0.0,187.45,-0.00745667889714241,13.616847038269043,0.5786083936691284,0.003023478506634092,0.02838897705078125,0.0003,0.22841965471447542,0.8836045056320401,2.77,0.3,1.05,4.74,0.09,0.0,0.0,0.09,0.02,0.06738218367099762,4.3,155.93,0.04446753778029233
604,19824640,13808.862,567,18.27,0.0,203.06,-0.007626818958669901,12.457980155944824,0.539218544960022,0.0031459736000556404,0.031219482421875,0.0003,0.19429097605893186,0.880093131548312,3.08,0.42,1.19,4.71,0.06,0.0,0.0,0.06,0.02,0.048875000327825546,4.67,162.48,0.04300434736069292
605,19857408,13871.431,566,17.33,0.0,187.34,-0.005657116882503033,14.28551197052002,0.5503646731376648,0.0023124474304268006,0.02252960205078125,0.0003,0.24523251923720307,0.87625,3.17,0.38,1.07,4.61,0.05,0.0,0.0,0.05,0.02,0.0425,4.37,157.09,0.04470789909828454
606,19890176,13929.502,566,16.19,0.0,178.57,-0.007571174297481775,12.50891399383545,0.5578993558883667,0.004177403482003683,0.03623199462890625,0.0003,0.2274281805745554,0.8702490170380078,2.67,0.4,1.0,4.32,0.11,0.0,0.0,0.11,0.01,0.0874444442987442,4.07,147.87,0.04291477019432932
607,19922944,13986.052,566,17.84,0.0,197.78,-0.007397939916700125,13.718273162841797,0.562140941619873,0.0056799280865789115,0.05204010009765625,0.0003,0.2544545170365739,0.8654545454545455,2.43,0.36,1.09,4.68,0.09,0.0,0.0,0.09,0.0,0.06405173003673553,4.44,162.99,0.038023462635464966
608,19955712,14045.169,566,17.18,0.0,192.57,-0.012597327120602131,10.47700023651123,0.5675792694091797,0.003692555519933194,0.03649139404296875,0.0003,0.2748501104449353,0.8712029161603888,2.35,0.51,1.12,4.72,0.03,0.0,0.0,0.03,0.02,0.017985293865203856,4.44,154.76,0.04135008342564106
609,19988480,14105.134,566,15.21,0.0,174.67,-0.007934791967272758,12.763877868652344,0.5592297315597534,0.0033979552728169438,0.03453826904296875,0.0003,0.2577213452299245,0.8620689655172413,2.18,0.31,0.97,4.18,0.06,0.0,0.0,0.06,0.01,0.049124999940395354,3.68,144.5,0.0454115888569504
610,20021248,14164.051,566,16.34,0.0,191.65,-0.004991158843040466,12.315534591674805,0.585986852645874,0.003701788303999365,0.039337158203125,0.0003,0.2929726162982514,0.8662162162162163,2.4,0.3,0.94,4.32,0.09,0.0,0.0,0.09,0.02,0.06710053876042366,4.26,152.06,0.042467769351787865
611,20054016,14222.963,566,15.86,0.0,169.88,-0.003268782515078783,11.269671440124512,0.5466158986091614,0.0031276110557314496,0.03279876708984375,0.0003,0.34726688102893893,0.8670360110803325,2.88,0.27,0.85,3.97,0.06,0.0,0.0,0.06,0.02,0.047595588862895964,3.87,145.28,0.042093861498869956
612,20086784,14278.368,566,16.91,0.0,188.93,-0.009665343910455704,11.892735481262207,0.5775905847549438,0.0017890233194179928,0.017181396484375,0.0003,0.30673076923076925,0.8548585485854858,2.08,0.38,1.16,4.44,0.07,0.0,0.0,0.07,0.0,0.06267126500606537,4.53,156.74,0.046318611479364336
613,20119552,14336.046,566,15.8,0.0,175.84,-0.012867490760982037,10.249238014221191,0.5624244213104248,0.004488129530557217,0.04224395751953125,0.0003,0.30379321920107416,0.8530997304582211,2.61,0.26,1.02,4.01,0.02,0.0,0.0,0.02,0.0,0.015,3.9,146.31,0.041804507724009454
614,20152320,14395.125,566,15.34,0.0,170.59,-0.00610346719622612,13.061399459838867,0.5937738418579102,0.0034671317531547174,0.0368804931640625,0.0003,0.33400469956361195,0.850480109739369,2.21,0.37,0.91,4.16,0.03,0.0,0.0,0.03,0.05,0.02774999976158142,4.01,148.13,0.051111692329868674
615,20185088,14453.859,566,15.85,0.0,225.38,-0.01107792742550373,12.219057083129883,0.5827682018280029,0.0030353416124171417,0.0300750732421875,0.0003,0.31092436974789917,0.8701986754966887,2.96,0.34,1.04,4.3,0.07,0.0,0.0,0.07,0.03,0.05872270107269287,4.06,147.26,0.04393393115606159
616,20217856,14514.646,566,16.1,0.0,187.23,-0.009619093500077724,14.371099472045898,0.6006852388381958,0.003432580870267543,0.03630828857421875,0.0003,0.34714193962748874,0.8618421052631579,2.22,0.53,1.04,3.99,0.05,0.0,0.0,0.05,0.03,0.04431034505367279,4.22,155.45,0.044146958156488836
617,20250624,14573.413,566,15.26,0.0,174.15,-0.003994958475232124,12.568342208862305,0.598752498626709,0.0038558193877520353,0.0411376953125,0.0003,0.3866133866133866,0.8528571428571429,2.28,0.39,0.88,3.97,0.04,0.0,0.0,0.04,0.04,0.022657966911792754,3.94,145.01,0.04894521296955645
618,20283392,14633.092,566,14.77,0.0,168.15,-0.008303516544401646,12.821331024169922,0.609302818775177,0.002682515192077517,0.0265960693359375,0.0003,0.3417502594258042,0.8604992657856094,2.14,0.34,0.88,3.63,0.06,0.0,0.0,0.06,0.01,0.045514706373214725,3.77,141.85,0.043391278013587
619,20316160,14691.343,566,16.72,0.0,181.84,-0.007734811864793301,11.86599063873291,0.5626233220100403,0.0018841748657223434,0.01883697509765625,0.0003,0.2756195579370395,0.8549618320610687,2.69,0.44,1.17,4.39,0.08,0.0,0.0,0.08,0.04,0.06357183873653412,4.52,153.85,0.0479292836971581
620,20348928,14752.82,566,15.46,0.0,172.84,-0.00569062028080225,12.592780113220215,0.5864976048469543,0.004659412040467714,0.0478515625,0.0003,0.30430430430430433,0.8424753867791842,1.98,0.39,0.99,4.15,0.06,0.0,0.0,0.06,0.02,0.045805555582046506,4.08,145.09,0.043537586578167975
621,20381696,14812.335,566,17.69,0.0,197.69,-0.00789467804133892,11.57252311706543,0.570839524269104,0.00425382952218456,0.040283203125,0.0003,0.2624048706240487,0.8574793875147232,2.56,0.35,1.14,4.79,0.09,0.0,0.0,0.09,0.0,0.07795930147171021,4.71,161.85,0.04501148813869804
622,20414464,14870.808,566,17.05,0.0,185.87,-0.008468173444271088,12.739002227783203,0.5709759593009949,0.003741008222959863,0.03871917724609375,0.0003,0.274703557312253,0.8391248391248392,3.19,0.35,1.04,4.36,0.09,0.0,0.0,0.09,0.0,0.07888186812400817,4.39,154.69,0.04327360645402223
623,20447232,14932.172,566,16.24,0.0,180.32,-0.007487655617296696,13.472756385803223,0.5806289911270142,0.00415298550785792,0.0341796875,0.0003,0.2800664451827243,0.8517060367454068,2.92,0.34,0.91,4.52,0.04,0.0,0.0,0.04,0.0,0.027000000178813936,4.08,150.66,0.04168346174992621
624,20480000,14987.698,566,17.4,0.0,193.68,-0.007518745958805084,9.18985652923584,0.5526633262634277,0.004122139462367613,0.04158782958984375,0.0003,0.23,0.8200934579439252,3.0,0.42,1.13,4.81,0.07,0.0,0.0,0.07,0.0,0.05297535747289658,4.44,156.46,0.04365267453249544
625,20512768,15046.02,566,18.56,0.0,204.84,-0.0045620715245604515,10.842900276184082,0.5508584976196289,0.005004809908854213,0.04491424560546875,0.0003,0.224222086638194,0.8264367816091954,2.52,0.49,1.26,4.7,0.03,0.0,0.0,0.03,0.02,0.02774999976158142,4.78,160.91,0.044494430418126285
626,20545536,15102.956,566,18.01,0.0,198.7,-0.0028683850541710854,12.544700622558594,0.5167694687843323,0.006333372617064015,0.05246734619140625,0.0003,0.2461783439490446,0.8160377358490566,2.65,0.41,1.17,4.71,0.13,0.0,0.0,0.13,0.01,0.11324502825737,4.78,160.66,0.04589029308408499
627,20578304,15156.13,566,17.78,0.0,202.33,-0.008893851190805435,11.034852027893066,0.5171849727630615,0.002634070330202576,0.0229339599609375,0.0003,0.27786306416948114,0.8267148014440433,2.86,0.41,1.24,4.66,0.1,0.0,0.0,0.1,0.01,0.07380555644631386,4.82,165.34,0.041663020849227905
628,20611072,15211.642,566,18.36,0.0,211.37,-0.0074942829087376595,11.012839317321777,0.5371078252792358,0.0029510060479651656,0.02826690673828125,0.0003,0.18665464382326422,0.8090395480225989,2.85,0.36,1.21,4.93,0.05,0.0,0.0,0.05,0.05,0.04150478959083557,4.83,162.61,0.046785043203271925
629,20643840,15268.569,566,17.84,0.0,212.64,-0.008825372904539108,11.114910125732422,0.5546770691871643,0.0050275621399578085,0.04227447509765625,0.0003,0.2164016214530714,0.795593635250918,2.91,0.35,1.19,4.95,0.02,0.0,0.0,0.02,0.0,0.015,4.7,161.32,0.04199560917913914
630,20676608,15326.735,566,16.53,0.0,184.0,-0.009080877527594566,10.66734790802002,0.5462315082550049,0.005801406242227358,0.0528411865234375,0.0003,0.20666666666666667,0.8056628056628057,2.43,0.45,1.11,4.46,0.09,0.0,0.0,0.09,0.02,0.0688708782196045,4.33,148.31,0.04086683131754398
631,20709376,15381.483,566,17.84,0.0,198.06,-0.005392752587795258,10.378843307495117,0.49744582176208496,0.003941274560986585,0.03277587890625,0.0003,0.1979297365119197,0.8217237308146399,2.53,0.49,1.15,4.82,0.12,0.0,0.0,0.12,0.02,0.10151069462299347,4.69,156.08,0.0468395835487172
632,20742144,15439.494,566,17.54,0.0,205.91,-0.005666187033057213,11.968210220336914,0.5130280256271362,0.0021717473036346746,0.02042388916015625,0.0003,0.18949984467225847,0.8075060532687651,1.97,0.41,1.27,4.75,0.06,0.0,0.0,0.06,0.01,0.044769231081008914,4.65,161.42,0.046076114755123854
633,20774912,15496.252,566,17.18,0.0,195.66,-0.008327824994921684,10.179525375366211,0.5113704800605774,0.0015685653680179712,0.014892578125,0.0003,0.23947283831565414,0.8354114713216958,2.77,0.29,1.35,4.81,0.05,0.0,0.0,0.05,0.01,0.04148443162441254,4.64,155.23,0.03937530249822885
634,20807680,15549.337,566,19.35,0.0,218.72,-0.007430995348840952,11.512571334838867,0.5078356266021729,0.0020137569493385854,0.01586151123046875,0.0003,0.16945668135095449,0.8315450643776824,3.31,0.5,1.45,5.33,0.1,0.0,0.0,0.1,0.02,0.08550000011920929,5.03,175.11,0.0447227715048939
635,20840448,15604.614,566,18.11,0.0,206.45,-0.006651807576417923,11.525806427001953,0.5148055553436279,0.002539945595572135,0.02355194091796875,0.0003,0.19146977600490947,0.8466819221967964,2.46,0.48,1.15,4.85,0.03,0.0,0.0,0.03,0.03,0.023060897588729857,4.55,158.12,0.045686109457165
636,20873216,15662.892,566,17.74,0.0,198.9,-0.007963327690958977,10.643560409545898,0.5411626100540161,0.0028921077810650786,0.02617645263671875,0.0003,0.2174992243251629,0.8317757009345794,2.61,0.45,1.04,4.93,0.03,0.0,0.0,0.03,0.03,0.025086206793785096,4.45,157.86,0.04528245225083083
637,20905984,15716.447,567,19.32,0.0,247.42,-0.0018240115605294704,10.443046569824219,0.5340538024902344,0.0031171467987860524,0.03310394287109375,0.0003,0.15888954518606024,0.8254504504504504,3.29,0.49,1.35,5.22,0.04,0.0,0.0,0.04,0.02,0.03225000023841858,5.28,174.41,0.046727089677006006
638,20938752,15775.352,567,17.76,0.0,199.62,-0.009596552699804306,10.289551734924316,0.5563008189201355,0.002590764310767213,0.02381134033203125,0.0003,0.1588035769349368,0.844047619047619,2.72,0.32,1.21,5.12,0.05,0.0,0.0,0.05,0.03,0.04330555558204651,4.86,160.31,0.04352503421250731
639,20971520,15834.122,567,17.15,0.0,194.53,-0.009073253720998764,9.715327262878418,0.5453507900238037,0.002480315999150662,0.0252227783203125,0.0003,0.19064290260980268,0.847001223990208,1.96,0.32,1.09,4.77,0.02,0.0,0.0,0.02,0.01,0.01949999988079071,4.51,159.32,0.04458520608022809
640,21004288,15889.62,567,16.78,0.0,184.51,-0.008428279310464859,9.985525131225586,0.5395035743713379,0.003626295264211876,0.0334930419921875,0.0003,0.1772451046590142,0.8365019011406845,3.05,0.41,1.05,4.74,0.05,0.0,0.0,0.05,0.02,0.035320804715156556,4.31,146.38,0.03873105195816606
641,21037056,15948.682,567,17.76,0.0,200.19,-0.009312680922448635,12.835548400878906,0.536647617816925,0.003455295328876673,0.0320587158203125,0.0003,0.15782828282828282,0.823170731707317,2.32,0.37,1.18,4.56,0.05,0.0,0.0,0.05,0.02,0.04071565926074982,4.52,160.02,0.03682626475347206
642,21069824,16004.567,567,16.76,0.0,188.2,-0.005156459286808968,10.082015991210938,0.5452246069908142,0.0025806803790260346,0.02558135986328125,0.0003,0.19006335445148384,0.8050314465408805,3.1,0.38,1.11,4.55,0.06,0.0,0.0,0.06,0.01,0.051502907276153566,4.4,153.2,0.04139203287195414
643,21102592,16061.584,567,18.06,0.0,200.23,-0.007393192499876022,10.202613830566406,0.5526456236839294,0.0024448404354870945,0.02507781982421875,0.0003,0.1761786600496278,0.8177399756986634,2.96,0.32,1.23,4.76,0.09,0.0,0.0,0.09,0.02,0.072531219124794,4.68,163.76,0.04269302566535771
644,21135360,16119.469,567,18.95,0.0,209.39,-0.003699348308146,12.090583801269531,0.5234391689300537,0.0015065813464048006,0.01540374755859375,0.0003,0.16968951736858284,0.8604651162790697,3.01,0.41,1.38,5.11,0.1,0.0,0.0,0.1,0.0,0.07274101346731186,5.14,171.48,0.04523073835298419
645,21168128,16173.654,567,19.28,0.0,212.99,-0.0061658392660319805,10.202736854553223,0.5333852171897888,0.0011402157253428413,0.01010894775390625,0.0003,0.18916464891041163,0.8306188925081434,3.04,0.41,1.22,5.44,0.06,0.0,0.0,0.06,0.0,0.037407563179731367,4.84,173.35,0.04143456742167473
646,21200896,16232.169,567,18.46,0.0,209.09,-0.005372891202569008,10.703203201293945,0.5331850051879883,0.001066638584006796,0.00954437255859375,0.0003,0.16681668166816682,0.8546910755148741,2.58,0.46,1.25,5.42,0.03,0.0,0.0,0.03,0.05,0.023761494159698485,4.81,170.65,0.04852971970103681
647,21233664,16291.049,567,18.32,0.0,201.4,-0.005824150517582893,10.464345932006836,0.5184069275856018,0.0014647290876723673,0.01435089111328125,0.0003,0.16274752475247525,0.8488095238095238,2.97,0.4,1.23,4.89,0.03,0.0,0.0,0.03,0.0,0.02525000035762787,4.87,166.76,0.03857024013996124
648,21266432,16347.337,567,17.28,0.0,198.56,-0.008567452430725098,9.540444374084473,0.5398948192596436,0.0029180468812910476,0.03033447265625,0.0003,0.1903409090909091,0.850909090909091,2.2,0.45,1.28,5.01,0.08,0.0,0.0,0.08,0.0,0.058722175657749176,4.65,163.0,0.04034162755124271
649,21299200,16406.531,567,18.88,0.0,213.51,-0.005282018333673477,10.580720901489258,0.5393720865249634,0.002970645354480439,0.03082275390625,0.0003,0.16103669190448455,0.8589595375722543,2.78,0.36,1.22,5.33,0.02,0.0,0.0,0.02,0.0,0.010907894372940064,4.87,170.35,0.04337797628249973
650,21331968,16461.492,567,18.45,0.0,210.73,-0.007361383177340031,11.597297668457031,0.5471003651618958,0.002381595871668196,0.02313995361328125,0.0003,0.13623895153916488,0.8458904109589042,2.63,0.51,1.19,5.19,0.03,0.0,0.0,0.03,0.0,0.03,4.81,165.16,0.04343749606050551
651,21364736,16520.048,567,18.23,0.0,203.48,-0.00745836365967989,10.106767654418945,0.5048788785934448,0.0027063125986614978,0.022796630859375,0.0003,0.17754407670893907,0.8178571428571428,2.6,0.41,1.15,4.98,0.02,0.0,0.0,0.02,0.0,0.01975000023841858,4.6,163.47,0.039734670775942504
652,21397504,16579.605,567,18.21,0.0,207.75,-0.00748435128480196,12.351468086242676,0.5362444519996643,0.003286758782792276,0.02740478515625,0.0003,0.16635859519408502,0.8583234946871311,2.82,0.44,1.35,4.78,0.1,0.0,0.0,0.1,0.05,0.07912499964237213,4.94,171.84,0.04527778853662312
653,21430272,16637.313,567,16.98,0.0,185.83,-0.008974778465926647,11.437963485717773,0.5528184175491333,0.00311700835752049,0.03000640869140625,0.0003,0.1465576005453306,0.82625,2.59,0.4,1.17,4.67,0.03,0.0,0.0,0.03,0.0,0.01939705938100815,4.33,148.93,0.03997684677597135
654,21463040,16696.375,567,17.55,0.0,252.01,-0.007858987897634506,12.036182403564453,0.5465890765190125,0.0034577960210526726,0.03400421142578125,0.0003,0.17809983896940418,0.8446115288220551,2.53,0.34,1.11,4.91,0.05,0.0,0.0,0.05,0.0,0.030169943496584892,4.44,157.79,0.043946768273599446
655,21495808,16755.165,567,17.45,0.0,193.48,-0.009563397616147995,11.747701644897461,0.553852915763855,0.0023641999676939918,0.02278900146484375,0.0003,0.15841269841269842,0.83875,2.82,0.52,1.05,4.59,0.11,0.0,0.0,0.11,0.02,0.08892391264438629,4.44,162.9,0.04413032659795135
656,21528576,16810.633,567,17.6,0.0,205.23,-0.003138810396194458,12.398889541625977,0.5520888566970825,0.00367824461977051,0.03558349609375,0.0003,0.19818976279650438,0.8243243243243243,2.58,0.41,1.09,4.95,0.02,0.0,0.0,0.02,0.01,0.016875,4.62,163.38,0.04519990552216768
657,21561344,16868.617,567,18.34,0.0,211.49,-0.007938524708151817,11.046565055847168,0.5641216039657593,0.0016550363964711323,0.01512908935546875,0.0003,0.19589774078478003,0.8352402745995423,2.59,0.35,1.25,5.34,0.03,0.0,0.0,0.03,0.01,0.02237500011920929,4.81,161.03,0.04423120873980224
658,21594112,16925.254,567,18.76,0.0,209.17,-0.006689863279461861,12.016822814941406,0.5494441390037537,0.0019332290837610344,0.0187835693359375,0.0003,0.24059018367961457,0.8245614035087719,2.65,0.44,1.34,5.1,0.07,0.0,0.0,0.07,0.01,0.04987500071525574,5.08,170.49,0.04316099104471505
659,21626880,16983.524,567,15.45,0.0,177.82,-0.008340686559677124,12.317190170288086,0.5548942685127258,0.003076192697051283,0.02867889404296875,0.0003,0.2,0.8290013679890561,1.81,0.36,0.93,4.15,0.07,0.0,0.0,0.07,0.04,0.0541369765996933,4.17,147.42,0.043013145797885954
660,21659648,17041.234,567,16.53,0.0,182.25,-0.008699391037225723,11.617002487182617,0.5817270278930664,0.002791702553452069,0.028533935546875,0.0003,0.22482893450635386,0.7884097035040432,2.2,0.37,1.01,4.45,0.02,0.0,0.0,0.02,0.04,0.011749999821186066,4.42,150.42,0.04677693475969136
661,21692416,17097.03,567,15.64,0.0,173.23,-0.0026561226695775986,12.905988693237305,0.5487110614776611,0.0015802211376012565,0.0164031982421875,0.0003,0.29033367733058135,0.8275862068965517,2.14,0.31,0.98,4.36,0.02,0.0,0.0,0.02,0.02,0.018160919547080993,4.12,143.36,0.0440253826091066
662,21725184,17155.649,567,17.21,0.0,191.02,-0.006449549458920956,13.623350143432617,0.5591166019439697,0.002889948504275708,0.02814483642578125,0.0003,0.2774091627172196,0.789937106918239,2.69,0.34,1.06,4.72,0.03,0.0,0.0,0.03,0.01,0.02324999988079071,4.53,161.11,0.04616288258694112
663,21757952,17211.938,567,16.63,0.0,183.99,-0.0062476638704538345,13.022377014160156,0.5324506163597107,0.004764801621377046,0.03980255126953125,0.0003,0.24050632911392406,0.8185140073081608,2.74,0.46,1.08,4.36,0.03,0.0,0.0,0.03,0.0,0.022688725590705873,4.24,157.68,0.042916855425573885
664,21790720,17269.381,567,16.89,0.0,189.1,-0.011780764907598495,11.478466033935547,0.5853681564331055,0.0035027592054746037,0.0318450927734375,0.0003,0.2430379746835443,0.7966751918158568,1.78,0.46,1.07,4.62,0.07,0.0,0.0,0.07,0.03,0.05541522979736328,4.1,152.71,0.041767915012314916
665,21823488,17328.495,567,16.55,0.0,186.43,-0.008313702419400215,11.422194480895996,0.5803173184394836,0.004028898314629714,0.03850555419921875,0.0003,0.22406639004149378,0.8121059268600253,2.05,0.39,1.03,4.6,0.04,0.0,0.0,0.04,0.03,0.02553708791732788,4.3,156.72,0.04306614038068801
666,21856256,17383.841,567,15.33,0.0,167.27,-0.007728148717433214,11.883031845092773,0.5740541219711304,0.0023784293228450437,0.02230072021484375,0.0003,0.3026685393258427,0.8031161473087819,2.25,0.33,0.97,3.64,0.04,0.0,0.0,0.04,0.0,0.026482758671045305,4.11,145.28,0.04850290878675878
667,21889024,17439.772,567,16.6,0.0,185.91,-0.007014930248260498,11.432860374450684,0.5592952966690063,0.0024224836077451073,0.0235595703125,0.0003,0.19980411361410383,0.8133669609079445,2.79,0.3,1.16,4.33,0.04,0.0,0.0,0.04,0.01,0.03037500023841858,4.32,153.05,0.04159161855932325
668,21921792,17497.799,567,16.09,0.0,182.82,-0.005800594575703144,13.200570106506348,0.5718420147895813,0.003102538760913376,0.034515380859375,0.0003,0.3319162851536952,0.7911646586345381,2.51,0.43,0.87,4.65,0.06,0.0,0.0,0.06,0.02,0.05183585822582245,4.16,154.65,0.044028442818671465
669,21954560,17557.676,567,16.69,0.0,210.53,-0.009337334893643856,11.680761337280273,0.5624035000801086,0.0038316713991548568,0.036346435546875,0.0003,0.2822951825713409,0.7817955112219451,2.41,0.43,0.99,4.81,0.01,0.0,0.0,0.01,0.01,0.00675000011920929,4.29,161.72,0.04006219620350748
670,21987328,17616.066,567,16.83,0.0,184.5,-0.006778018083423376,10.763702392578125,0.5226004719734192,0.00215481683511598,0.0205535888671875,0.0003,0.2289929441949968,0.8185378590078329,2.26,0.37,1.16,4.38,0.05,0.0,0.0,0.05,0.01,0.040955459773540495,4.45,160.87,0.04178241919726133
671,22020096,17679.162,567,15.86,0.0,240.39,-0.006408718880265951,12.902032852172852,0.5575940608978271,0.0037935501103447677,0.03173065185546875,0.0003,0.2370748299319728,0.8302872062663186,2.55,0.46,0.96,4.37,0.04,0.0,0.0,0.04,0.02,0.033250000476837155,4.09,148.83,0.04525838955305517
672,22052864,17737.247,567,17.27,0.0,190.61,-0.006514967884868383,11.209878921508789,0.5641801953315735,0.0029554967210856375,0.025299072265625,0.0003,0.2493573264781491,0.8071519795657727,3.51,0.38,1.11,4.58,0.04,0.0,0.0,0.04,0.01,0.03929411768913269,4.39,158.61,0.03794054395984858
673,22085632,17791.792,567,17.98,0.0,196.09,-0.00821511261165142,10.83099365234375,0.5460018515586853,0.0031737295593075032,0.03070831298828125,0.0003,0.22671683913452492,0.8132678132678133,2.52,0.48,1.2,4.82,0.05,0.0,0.0,0.05,0.0,0.03639471620321274,4.7,164.22,0.03966099873650819
674,22118400,17851.498,567,16.92,0.0,187.3,-0.006173970177769661,12.665968894958496,0.5588558912277222,0.0036348498841221044,0.03406524658203125,0.0003,0.23061889250814332,0.7779187817258884,2.44,0.37,1.06,4.42,0.03,0.0,0.0,0.03,0.0,0.02400000035762787,4.43,161.5,0.05026640079449862
675,22151168,17906.529,567,17.06,0.0,192.63,-0.0070114703848958015,10.178482055664062,0.5721951723098755,0.005626231836799889,0.0404052734375,0.0003,0.2607458912768647,0.8,1.88,0.42,1.12,4.8,0.07,0.0,0.0,0.07,0.0,0.03803929328918457,4.4,156.77,0.03865690343081951
676,22183936,17964.283,567,19.14,0.0,218.09,-0.008636236190795898,13.395625114440918,0.5615490674972534,0.0034490017409325446,0.02973175048828125,0.0003,0.23934426229508196,0.7984749455337691,2.93,0.45,1.36,5.22,0.04,0.0,0.0,0.04,0.02,0.031136494278907776,5.15,174.46,0.047144287498667836
677,22216704,18021.819,567,16.0,0.0,176.34,-0.008806299418210983,11.636306762695312,0.558586597442627,0.003560658720346055,0.03455352783203125,0.0003,0.20608817354793563,0.7925531914893617,2.98,0.36,1.14,4.39,0.08,0.0,0.0,0.08,0.02,0.07149999916553497,4.19,147.65,0.0385380097432062
678,22249472,18078.945,567,18.03,0.0,211.53,-0.0052648489363491535,9.857206344604492,0.5531919598579407,0.006441154537810689,0.054931640625,0.0003,0.22033392963625523,0.7938751472320377,2.42,0.44,1.29,5.13,0.04,0.0,0.0,0.04,0.0,0.03583620667457581,4.76,165.43,0.04693867918103933
679,22282240,18136.472,567,16.68,0.0,180.31,-0.004786316305398941,11.134078025817871,0.5382465124130249,0.0018444931071996962,0.01938629150390625,0.0003,0.21961982348947726,0.7949061662198391,2.76,0.33,1.04,4.32,0.08,0.0,0.0,0.08,0.01,0.05175000041723252,4.26,155.2,0.044453480979427695
680,22315008,18194.097,567,16.77,0.0,182.78,-0.008933153003454208,10.329075813293457,0.5392758846282959,0.0024412451346051967,0.0231170654296875,0.0003,0.22781854569713142,0.7904884318766067,2.81,0.36,1.27,4.64,0.06,0.0,0.0,0.06,0.0,0.03893895350396633,4.35,159.55,0.045060488395392895
681,22347776,18252.764,567,17.14,0.0,188.25,-0.006379240658134222,10.401871681213379,0.530647873878479,0.0026511782182865318,0.02606201171875,0.0003,0.20395590142671854,0.7916137229987293,2.08,0.33,1.32,4.74,0.04,0.0,0.0,0.04,0.0,0.035648255944252014,4.74,159.07,0.041910435422323644
682,22380544,18311.65,567,16.46,0.0,182.17,-0.009094908833503723,10.888469696044922,0.5383912920951843,0.00160395089631038,0.01416778564453125,0.0003,0.21817574340126963,0.787531806615776,1.77,0.44,0.99,4.52,0.0,0.0,0.0,0.0,0.0,0.0,4.13,152.13,0.042976192431524396
683,22413312,18369.201,567,16.84,0.0,181.54,-0.007207091897726059,10.111687660217285,0.5175920724868774,0.002902843487959217,0.02700042724609375,0.0003,0.2527662517289073,0.7792041078305519,2.96,0.31,1.23,4.67,0.01,0.0,0.0,0.01,0.0,0.009624999761581422,4.61,155.93,0.04132408485747874
684,22446080,18425.812,567,16.62,0.0,188.81,-0.0043901619501411915,10.548641204833984,0.5475822687149048,0.0016256682921493848,0.01409912109375,0.0003,0.22383419689119172,0.7735849056603774,2.32,0.32,1.16,4.59,0.01,0.0,0.0,0.01,0.0,0.0075,4.32,149.44,0.03996333433315158
685,22478848,18482.007,567,17.65,0.0,294.49,-0.009200742468237877,11.665762901306152,0.5294644832611084,0.0028766902177608245,0.0230560302734375,0.0003,0.24649951155975253,0.7640845070422535,2.32,0.46,1.35,5.02,0.06,0.0,0.0,0.06,0.02,0.04828492671251297,4.77,165.47,0.04403166670817882
686,22511616,18538.851,567,18.38,0.0,202.96,-0.005346621386706829,9.846036911010742,0.5374652147293091,0.0020308355491351904,0.02121734619140625,0.0003,0.25712515489467164,0.7855477855477856,2.23,0.32,1.35,5.18,0.03,0.0,0.0,0.03,0.0,0.01638970598578453,5.33,174.28,0.04732825793325901
687,22544384,18596.191,567,15.79,0.0,176.26,-0.0023480630479753017,13.392961502075195,0.5356703996658325,0.0008836654285744316,0.0087890625,0.0003,0.2742876759354617,0.7956989247311828,3.13,0.34,1.06,4.36,0.03,0.0,0.0,0.03,0.02,0.02146428555250168,4.24,149.29,0.045656882459297776
688,22577152,18651.194,567,17.84,0.0,293.29,-0.010268612764775753,12.131518363952637,0.5315684080123901,0.002569303638153997,0.01873016357421875,0.0003,0.22540857230958988,0.7861482381530984,2.02,0.55,1.13,4.84,0.02,0.0,0.0,0.02,0.01,0.010886493921279907,4.64,163.24,0.04114306450355798
689,22609920,18705.12,567,18.09,0.0,196.76,-0.00936216115951538,10.933976173400879,0.5271401405334473,0.0021587959101907472,0.018096923828125,0.0003,0.21288071065989847,0.7779083431257344,2.41,0.43,1.34,4.76,0.03,0.0,0.0,0.03,0.0,0.016427787989377975,4.68,162.73,0.042399525409564376
690,22642688,18763.15,567,19.07,0.0,206.7,-0.008501959964632988,12.501336097717285,0.5178302526473999,0.00248766266901157,0.02105712890625,0.0003,0.19710669077757687,0.8097395243488109,3.3,0.41,1.38,4.96,0.03,0.0,0.0,0.03,0.02,0.02612500011920929,5.01,169.39,0.04335409088525921
691,22675456,18818.691,567,17.27,0.0,193.82,-0.007727861404418945,12.073906898498535,0.5463646650314331,0.0018718433013873437,0.0183868408203125,0.0003,0.20745022479126526,0.817625458996328,2.97,0.4,1.27,4.62,0.02,0.0,0.0,0.02,0.0,0.010499999821186067,4.51,156.18,0.04416690056677908
692,22708224,18872.515,567,19.06,0.0,217.51,-0.005796055309474468,10.484161376953125,0.5205955505371094,0.0026975639217994285,0.02587890625,0.0003,0.19624776652769504,0.8162100456621004,2.45,0.49,1.43,5.1,0.04,0.0,0.0,0.04,0.0,0.023339285850524902,5.38,173.19,0.044774888549000025
693,22740992,18932.46,567,17.88,0.0,192.21,-0.00495685450732708,13.098873138427734,0.5295832753181458,0.0020161776137683773,0.01926422119140625,0.0003,0.19627085377821393,0.8197115384615384,3.27,0.47,1.25,4.84,0.04,0.0,0.0,0.04,0.0,0.03414705872535705,4.84,158.74,0.04142081702593714
694,22773760,18990.14,567,18.77,0.0,319.71,-0.0033374405466020107,11.30819320678711,0.5353024005889893,0.0037171798602457784,0.03298187255859375,0.0003,0.16332726168791742,0.8217142857142857,2.52,0.41,1.26,5.05,0.07,0.0,0.0,0.07,0.0,0.05670930206775665,5.08,166.41,0.043410076177679
695,22806528,19046.786,567,18.22,0.0,199.83,-0.0034810658544301987,11.24102783203125,0.540330171585083,0.0008227419906177147,0.00720977783203125,0.0003,0.16957210776545167,0.8240190249702735,3.05,0.41,1.21,4.89,0.0,0.0,0.0,0.0,0.0,0.0,4.78,167.33,0.04531445540487766
696,22839296,19106.095,567,18.28,0.0,199.62,-0.008607892319560051,11.219846725463867,0.5303011536598206,0.002218619475968353,0.0183868408203125,0.0003,0.1695665928503638,0.8240740740740741,2.92,0.42,1.48,4.97,0.03,0.0,0.0,0.03,0.0,0.01899999998509884,4.98,159.42,0.04338941222522408
697,22872064,19165.921,567,18.2,0.0,197.27,-0.008415981195867062,12.248979568481445,0.5229884386062622,0.0021083766095273404,0.01885223388671875,0.0003,0.21541438245727185,0.8470588235294118,2.63,0.38,1.36,4.9,0.03,0.0,0.0,0.03,0.01,0.019461206793785095,4.89,160.63,0.04225136048626155
698,22904832,19221.907,567,17.0,0.0,182.38,-0.008368529379367828,13.48811149597168,0.587815523147583,0.0028661758765347045,0.02658843994140625,0.0003,0.1969335604770017,0.823146944083225,3.07,0.42,1.14,4.22,0.03,0.0,0.0,0.03,0.01,0.02227729856967926,4.54,150.67,0.04292879009153694
699,22937600,19282.945,567,17.61,0.0,199.11,-0.007858947850763798,12.251022338867188,0.5794950723648071,0.0034863145318126953,0.032470703125,0.0003,0.2173643410852713,0.8263403263403264,2.41,0.36,1.32,4.85,0.04,0.0,0.0,0.04,0.01,0.026095238327980042,4.65,155.69,0.04288519360125065
700,22970368,19338.53,567,18.59,0.0,204.16,-0.006169299129396677,13.694432258605957,0.5627149343490601,0.005369834241150784,0.04563140869140625,0.0003,0.2353662273980999,0.8210023866348448,2.82,0.42,1.22,4.72,0.04,0.0,0.0,0.04,0.01,0.028250000476837157,4.99,163.71,0.042769187362864614
701,23003136,19395.28,567,18.56,0.0,211.51,-0.004137752112001181,13.326269149780273,0.5571981072425842,0.005735709542648237,0.0501251220703125,0.0003,0.2010919017288444,0.8122866894197952,3.53,0.35,1.26,4.81,0.05,0.0,0.0,0.05,0.0,0.04095556259155273,5.21,164.36,0.04417118721175939
702,23035904,19454.729,567,18.5,0.0,202.04,-0.007893608883023262,12.806656837463379,0.5364201664924622,0.0018026512241817727,0.0167083740234375,0.0003,0.18325281803542673,0.7990867579908676,3.6,0.5,1.35,5.08,0.04,0.0,0.0,0.04,0.0,0.034095237851142886,4.88,161.24,0.044310448225587606
703,23068672,19510.118,567,19.1,0.0,215.51,-0.006776874884963036,10.82594108581543,0.5692640542984009,0.0024747682098222867,0.02111053466796875,0.0003,0.18836320893329414,0.8260405549626467,3.18,0.45,1.28,4.87,0.05,0.0,0.0,0.05,0.0,0.03834626436233521,5.13,170.14,0.03844235895667225
704,23101440,19570.968,567,16.7,0.0,180.75,-0.008849972859025002,11.151716232299805,0.5587376356124878,0.0036730789792613905,0.0332489013671875,0.0003,0.1880812952118498,0.8647214854111406,2.97,0.31,1.05,4.51,0.03,0.0,0.0,0.03,0.0,0.021527777910232544,4.31,143.05,0.041135926148854196
705,23134208,19629.056,567,17.3,0.0,193.64,-0.00767604261636734,13.2650146484375,0.5690882205963135,0.002117398659038372,0.01982879638671875,0.0003,0.2536302032913843,0.8523985239852399,2.66,0.46,1.09,4.5,0.01,0.0,0.0,0.01,0.01,0.00925000011920929,4.57,155.01,0.048418488702736795
706,23166976,19684.598,567,18.12,0.0,204.11,-0.007995006628334522,10.723394393920898,0.5521149039268494,0.0023383008969517505,0.021697998046875,0.0003,0.19210607462226334,0.8448687350835322,2.95,0.41,1.27,4.67,0.01,0.0,0.0,0.01,0.0,0.00837499976158142,4.9,159.83,0.04042835265863687
707,23199744,19743.492,567,16.74,0.0,189.15,-0.009528188034892082,11.192622184753418,0.5531170964241028,0.002938324523654501,0.02936553955078125,0.0003,0.2432520325203252,0.8518987341772152,2.39,0.26,1.07,4.32,0.05,0.0,0.0,0.05,0.0,0.02824999988079071,4.39,152.65,0.03983152483124286
708,23232512,19802.138,567,16.25,0.0,204.63,-0.008942505344748497,11.115358352661133,0.5904297232627869,0.0025426698626915822,0.02545928955078125,0.0003,0.2143324607329843,0.8624833110814419,2.39,0.28,0.92,4.52,0.0,0.0,0.0,0.0,0.03,0.0,3.98,147.44,0.04490068252198398
709,23265280,19859.521,567,16.79,0.0,196.17,-0.005977706518024206,13.726505279541016,0.5600608587265015,0.0017671215419028385,0.01674652099609375,0.0003,0.24396362496080276,0.8736591179976162,2.79,0.45,1.18,4.71,0.07,0.0,0.0,0.07,0.0,0.04764147855341434,4.66,150.78,0.042018604930490255
710,23298048,19918.983,567,18.37,0.0,203.88,-0.004545480944216251,13.023719787597656,0.5748087167739868,0.0017488812012516064,0.017333984375,0.0003,0.27946537059538273,0.8460606060606061,2.76,0.54,1.18,4.48,0.02,0.0,0.0,0.02,0.0,0.017142857313156127,4.98,159.91,0.04658027004916221
711,23330816,19975.776,567,18.11,0.0,198.83,-0.007963530719280243,10.60651969909668,0.5727178454399109,0.0018215233353657823,0.01598358154296875,0.0003,0.23483670295489892,0.8600478468899522,2.87,0.45,1.18,4.73,0.04,0.0,0.0,0.04,0.04,0.03357352912425995,4.8,154.93,0.040425520041026175
712,23363584,20034.737,567,17.66,0.0,192.84,-0.005170243792235851,12.57695484161377,0.5656472444534302,0.0017272844115723274,0.01665496826171875,0.0003,0.2427311336164652,0.8814180929095354,3.24,0.37,1.1,4.43,0.03,0.0,0.0,0.03,0.0,0.021274999976158143,4.66,153.67,0.049624654348008335
713,23396352,20093.779,567,17.27,0.0,192.77,-0.006486379541456699,12.449453353881836,0.5708642601966858,0.0019873955726552595,0.01946258544921875,0.0003,0.2286168521462639,0.8850574712643678,2.77,0.36,1.16,4.59,0.05,0.0,0.0,0.05,0.01,0.03550000071525574,4.51,158.05,0.04513738630339503
714,23429120,20148.812,567,19.15,0.0,212.13,-0.009388688951730728,13.119528770446777,0.5730316042900085,0.002523598286870765,0.025238037109375,0.0003,0.20537825059101655,0.8662207357859532,2.15,0.44,1.57,5.2,0.04,0.0,0.0,0.04,0.0,0.03037500023841858,5.49,173.78,0.043434303952381015
715,23461888,20205.657,567,18.82,0.0,225.95,-0.009736131876707077,12.412303924560547,0.5639863610267639,0.004180823587859095,0.042449951171875,0.0003,0.21450428396572827,0.8839390386869871,2.73,0.51,1.25,4.85,0.06,0.0,0.0,0.06,0.0,0.04687500059604645,4.79,169.57,0.04369125876110047
716,23494656,20268.606,567,16.25,0.0,179.6,-0.0078913364559412,11.98460865020752,0.6012020111083984,0.004972680847004085,0.0498046875,0.0003,0.2665773610180844,0.8909574468085106,2.85,0.31,0.96,4.6,0.04,0.0,0.0,0.04,0.02,0.0212279412150383,4.01,149.26,0.043582794489338994
717,23527424,20321.707,567,16.84,0.0,185.33,-0.007634950801730156,12.329761505126953,0.5739178657531738,0.003484840634939701,0.0336151123046875,0.0003,0.23450311577566416,0.8929032258064517,2.98,0.45,0.87,4.33,0.05,0.0,0.0,0.05,0.01,0.040875000357627866,4.07,155.79,0.045670952764339745
718,23560192,20382.071,567,16.44,0.0,179.04,-0.0064788078889250755,12.006783485412598,0.5743218660354614,0.002360319275226175,0.02489471435546875,0.0003,0.2724161533196441,0.9205921938088829,3.37,0.41,1.0,4.25,0.04,0.0,0.0,0.04,0.01,0.03289010941982269,4.26,147.19,0.04394847818184644
719,23592960,20438.755,567,16.43,0.0,185.21,-0.00908359233289957,12.822957038879395,0.5758501291275024,0.0015076582931214944,0.01474761962890625,0.0003,0.2933923490357256,0.903387703889586,2.28,0.36,1.08,4.42,0.03,0.0,0.0,0.03,0.0,0.01951470583677292,4.38,150.04,0.03581387037411332
720,23625728,20496.692,567,16.23,0.0,177.66,-0.009205922484397888,13.07178783416748,0.5772218704223633,0.002222197486503319,0.02215576171875,0.0003,0.305327868852459,0.9003931847968545,2.75,0.35,0.97,4.43,0.07,0.0,0.0,0.07,0.03,0.0533487394452095,4.15,150.69,0.039508941234089434
721,23658496,20556.674,567,19.53,0.0,217.61,-0.005069275852292776,14.452812194824219,0.5320733189582825,0.002288355732389391,0.02159881591796875,0.0003,0.2744811458637825,0.9030172413793104,3.08,0.49,1.42,5.07,0.06,0.0,0.0,0.06,0.01,0.040721834897994996,5.43,178.77,0.0411770383361727
722,23691264,20617.309,567,18.18,0.0,199.77,-0.005900781136006117,11.84869384765625,0.5452739000320435,0.0039841212345663735,0.0377960205078125,0.0003,0.28471589182619267,0.8975552968568102,2.65,0.48,1.05,4.88,0.05,0.0,0.0,0.05,0.03,0.04097222208976745,4.84,165.13,0.04387644899543375
723,23724032,20675.561,567,20.23,0.0,221.46,-0.0040905228815972805,10.252187728881836,0.5150877833366394,0.004105633743961334,0.03208160400390625,0.0003,0.2668728908886389,0.8962962962962963,3.16,0.5,1.49,5.64,0.04,0.0,0.0,0.04,0.0,0.03248648583889008,5.62,181.23,0.040889870026148856
724,23756800,20734.728,567,18.1,0.0,215.67,-0.007085168734192848,12.562722206115723,0.534972608089447,0.0017842200299469368,0.01548004150390625,0.0003,0.24201954397394138,0.9049881235154394,3.42,0.32,1.22,4.66,0.03,0.0,0.0,0.03,0.0,0.01738362103700638,4.89,156.93,0.03904444782529026
725,23789568,20791.517,567,18.46,0.0,197.8,-0.008949873968958855,14.816601753234863,0.5421545505523682,0.0025862182122011745,0.02413177490234375,0.0003,0.21271997530101883,0.9058956916099773,2.58,0.48,1.2,4.67,0.01,0.0,0.0,0.01,0.0,0.002298850566148758,5.02,168.54,0.04501442424952984
726,23822336,20852.96,567,17.23,0.0,184.57,-0.005792143754661083,13.859682083129883,0.5459521412849426,0.0029077506086423455,0.02994537353515625,0.0003,0.2235568902235569,0.9137724550898204,2.83,0.43,1.13,4.33,0.03,0.0,0.0,0.03,0.0,0.02137499988079071,4.58,152.65,0.04202478029765189
727,23855104,20909.381,567,19.37,0.0,210.82,-0.005206064321100712,11.045181274414062,0.5419397950172424,0.00395099160658674,0.03204345703125,0.0003,0.2454212454212454,0.90625,3.59,0.5,1.43,4.66,0.0,0.0,0.0,0.0,0.01,0.0,5.2,167.22,0.04094034095760435
728,23887872,20969.915,567,19.86,0.0,211.92,-0.006834406405687332,15.371342658996582,0.5444493293762207,0.00206544533153874,0.01981353759765625,0.0003,0.23848734370234828,0.8868335146898803,3.15,0.52,1.32,4.98,0.03,0.0,0.0,0.03,0.0,0.028500000238418578,5.26,170.91,0.043723431415855885
729,23920640,21029.767,567,17.77,0.0,190.84,-0.005757629871368408,13.973152160644531,0.5467308759689331,0.0032598270129824414,0.03054046630859375,0.0003,0.24432922877511343,0.9057971014492754,3.1,0.36,1.21,4.6,0.0,0.0,0.0,0.0,0.01,0.0,4.62,156.22,0.047279091202653944
730,23953408,21090.491,567,17.64,0.0,191.96,-0.009243937209248543,13.043309211730957,0.5456509590148926,0.004288073839859408,0.04135894775390625,0.0003,0.18933764135702746,0.9003690036900369,2.9,0.34,1.3,4.57,0.07,0.0,0.0,0.07,0.01,0.0535277783870697,4.75,157.67,0.04099262063391507
731,23986176,21152.936,566,16.43,0.0,180.39,-0.0033113621175289154,12.165901184082031,0.5644037127494812,0.006157210453238804,0.0572052001953125,0.0003,0.2795051822133066,0.9283819628647215,2.8,0.39,1.04,4.38,0.05,0.0,0.0,0.05,0.0,0.038426708877086636,4.23,150.01,0.03816705755889416
732,24018944,21210.673,566,17.01,0.0,206.78,-0.005292309448122978,12.69579029083252,0.5676391124725342,0.0014453863590233595,0.0146026611328125,0.0003,0.23623559539052497,0.9190231362467867,2.8,0.43,1.05,4.13,0.0,0.0,0.0,0.0,0.02,0.0,4.54,150.21,0.04249380738474429
733,24051712,21269.164,566,18.22,0.0,199.23,-0.006595645099878311,14.363479614257812,0.5761599540710449,0.001573698121092093,0.01434326171875,0.0003,0.2592478421701603,0.8861985472154964,2.88,0.35,1.18,4.74,0.02,0.0,0.0,0.02,0.0,0.018921568393707275,4.76,163.28,0.04244790330994874
734,24084480,21326.96,566,16.85,0.0,189.83,-0.008921192958950996,12.483943939208984,0.5562082529067993,0.0025182964689065557,0.018463134765625,0.0003,0.2422680412371134,0.914004914004914,2.12,0.45,1.04,4.61,0.01,0.0,0.0,0.01,0.0,0.0072500002384185795,4.47,153.47,0.040343895088881254
735,24117248,21382.578,567,19.7,0.0,224.09,-0.007133319973945618,12.841267585754395,0.552177906036377,0.0031711860615928344,0.031097412109375,0.0003,0.24450084602368866,0.9165751920965971,2.73,0.4,1.58,5.24,0.02,0.0,0.0,0.02,0.0,0.015124999880790711,5.29,175.86,0.04420976713299751
736,24150016,21439.665,567,16.49,0.0,182.53,-0.008200686424970627,13.241498947143555,0.571742057800293,0.002832331589615933,0.0309295654296875,0.0003,0.2993377483443709,0.9113110539845758,2.42,0.47,0.94,4.37,0.04,0.0,0.0,0.04,0.0,0.025097222328186036,4.13,152.27,0.04156031575985253
737,24182784,21496.569,567,18.51,0.0,203.23,-0.008655938319861889,13.835926055908203,0.547078549861908,0.00532840132535739,0.0471954345703125,0.0003,0.2443340577460416,0.9257142857142857,2.44,0.5,1.19,5.04,0.06,0.0,0.0,0.06,0.0,0.05457352995872498,4.89,164.83,0.04491970594972372
738,24215552,21556.728,566,16.67,0.0,179.27,-0.00981760211288929,13.969964981079102,0.5789400935173035,0.003181745586857687,0.028045654296875,0.0003,0.26926994906621393,0.9323116219667944,3.04,0.32,0.94,4.33,0.05,0.0,0.0,0.05,0.0,0.037226744294166565,4.25,146.8,0.04164807789493352
739,24248320,21613.737,567,17.52,0.0,189.01,-0.005866039544343948,11.011646270751953,0.5647674798965454,0.0026353783773629402,0.02658843994140625,0.0003,0.27982091461464664,0.9238451935081149,3.31,0.29,1.13,4.66,0.03,0.0,0.0,0.03,0.0,0.02449999988079071,4.61,157.7,0.042280734749510884
740,24281088,21671.17,567,18.74,0.0,200.51,-0.00648308452218771,12.805331230163574,0.5266874432563782,0.0025316650462059442,0.02487945556640625,0.0003,0.26049114081442337,0.9146067415730337,2.79,0.36,1.3,5.15,0.05,0.0,0.0,0.05,0.0,0.03912499994039535,5.05,173.49,0.049291076604276896
741,24313856,21726.639,567,18.03,0.0,204.12,-0.005236566998064518,12.622312545776367,0.5529837608337402,0.003720829796407088,0.0361480712890625,0.0003,0.27964547677261614,0.9322429906542056,2.74,0.47,1.31,4.82,0.05,0.0,0.0,0.05,0.0,0.04133659660816193,5.01,162.1,0.040181480115279555
742,24346624,21781.746,567,18.14,0.0,196.07,-0.006150823086500168,12.54699993133545,0.5389107465744019,0.0035033959715065066,0.03485870361328125,0.0003,0.24921531701192717,0.9098557692307693,2.95,0.53,1.25,4.64,0.03,0.0,0.0,0.03,0.0,0.02462500035762787,4.86,163.11,0.04771038284525275
743,24379392,21843.103,567,18.74,0.0,207.82,-0.005782950669527054,13.153974533081055,0.5459948182106018,0.00238368865679206,0.0233154296875,0.0003,0.26226076555023925,0.9181286549707602,2.58,0.41,1.28,4.98,0.08,0.0,0.0,0.08,0.0,0.04623783320188522,4.88,168.02,0.043778184335678816
744,24412160,21902.18,567,16.46,0.0,182.99,-0.008492274209856987,12.652579307556152,0.542783796787262,0.002478786371739261,0.0233001708984375,0.0003,0.24489795918367346,0.9302631578947368,2.78,0.34,1.13,4.4,0.04,0.0,0.0,0.04,0.0,0.037106322050094606,4.26,151.36,0.04283522558398545
745,24444928,21959.471,567,18.2,0.0,198.7,-0.005469173192977905,13.525321960449219,0.5218883752822876,0.003868190973093988,0.0354766845703125,0.0003,0.2960753532182104,0.9207100591715977,2.84,0.48,1.16,4.92,0.03,0.0,0.0,0.03,0.01,0.01959487944841385,4.78,162.69,0.0437022945843637
746,24477696,22015.274,567,18.64,0.0,209.01,-0.009082098491489887,12.196063041687012,0.5330377817153931,0.003344180604358371,0.03049468994140625,0.0003,0.21266282944562254,0.918918918918919,2.4,0.38,1.26,5.02,0.05,0.0,0.0,0.05,0.0,0.046000000238418576,5.05,166.02,0.040600285050459206
747,24510464,22072.965,567,17.54,0.0,194.68,-0.01071980968117714,13.570892333984375,0.5427690744400024,0.0036899254999411824,0.02495574951171875,0.0003,0.26332387259539575,0.9230769230769231,3.07,0.53,1.13,4.77,0.01,0.0,0.0,0.01,0.02,0.008874999880790711,4.73,161.04,0.040737797506153584
748,24543232,22129.375,567,17.33,0.0,192.46,-0.008285882882773876,11.781262397766113,0.5536777377128601,0.0033575361510429502,0.032440185546875,0.0003,0.25984506132989027,0.9220462850182704,2.67,0.42,1.21,4.89,0.04,0.0,0.0,0.04,0.01,0.034999999403953555,4.35,160.83,0.04321123752743006
749,24576000,22188.157,567,18.36,0.0,202.46,-0.005190141964703798,11.43671703338623,0.5727547407150269,0.004035117656371767,0.03752899169921875,0.0003,0.2852369380315917,0.933806146572104,2.54,0.45,1.14,5.22,0.06,0.0,0.0,0.06,0.01,0.04152493521571159,4.59,167.84,0.04271089332178235
750,24608768,22247.896,567,19.06,0.0,205.4,-0.004903862252831459,13.279288291931152,0.5509696006774902,0.002304185381234447,0.02069854736328125,0.0003,0.25943823618242223,0.9149425287356322,2.42,0.53,1.29,4.96,0.01,0.0,0.0,0.01,0.0,0.003125,5.06,169.74,0.04162986529991031
751,24641536,22304.444,567,18.62,0.0,213.04,-0.010503845289349556,12.391526222229004,0.5584512948989868,0.004088284495367134,0.0341033935546875,0.0003,0.2265788686022149,0.9126984126984127,2.9,0.37,1.23,4.84,0.01,0.0,0.0,0.01,0.0,0.01,4.78,165.08,0.03851743368431926
752,24674304,22359.67,567,17.74,0.0,192.73,-0.009040800854563713,13.104644775390625,0.5672739744186401,0.004149073973991335,0.0332489013671875,0.0003,0.29057337220602525,0.9173859432799013,2.46,0.39,1.16,4.67,0.03,0.0,0.0,0.03,0.0,0.026927632093429566,4.63,160.26,0.04459681804291904
753,24707072,22419.537,567,17.44,0.0,194.85,-0.01109878160059452,10.312501907348633,0.5514620542526245,0.0037452869596563687,0.03569793701171875,0.0003,0.28163653663177923,0.9164619164619164,2.2,0.3,1.13,4.8,0.06,0.0,0.0,0.06,0.0,0.043375000059604644,4.49,157.75,0.041261619539000094
754,24739840,22477.853,567,16.73,0.0,203.47,-0.00829459447413683,11.935140609741211,0.5849569439888,0.002793119202124217,0.02710723876953125,0.0003,0.2763613471828769,0.9214723926380368,2.35,0.43,1.21,4.51,0.03,0.0,0.0,0.03,0.01,0.021287168860435485,4.37,153.89,0.04721587838139385
755,24772608,22535.601,567,14.79,0.0,167.37,-0.008591584861278534,12.825444221496582,0.5779361724853516,0.004984282584473476,0.04396820068359375,0.0003,0.32919254658385094,0.918194640338505,2.6,0.3,0.91,3.82,0.03,0.0,0.0,0.03,0.0,0.024479395747184753,3.62,141.09,0.04399640474002808
756,24805376,22590.268,567,18.06,0.0,205.09,-0.008446604013442993,11.840511322021484,0.5684553384780884,0.003177111114609943,0.03458404541015625,0.0003,0.2940655447298494,0.9198113207547169,2.83,0.56,1.42,5.02,0.03,0.0,0.0,0.03,0.01,0.020250000059604645,5.04,166.07,0.0478631341829896
757,24838144,22652.162,567,18.49,0.0,212.8,-0.00770731782540679,12.12481689453125,0.5703708529472351,0.0026122296822137514,0.02681732177734375,0.0003,0.3072674418604651,0.9140893470790378,2.26,0.37,1.46,5.15,0.08,0.0,0.0,0.08,0.0,0.053921961188316346,5.08,169.95,0.042438073316589
758,24870912,22712.458,566,16.79,0.0,193.37,-0.009558355435729027,11.283077239990234,0.5618128776550293,0.004192324634573197,0.04132080078125,0.0003,0.2719652281900031,0.9106487148102815,2.52,0.34,1.19,4.54,0.05,0.0,0.0,0.05,0.0,0.03987500071525574,4.49,158.57,0.04148457059636712
759,24903680,22773.506,566,17.35,0.0,219.55,-0.009684947319328785,12.484275817871094,0.5716573596000671,0.002818783258618396,0.0283660888671875,0.0003,0.33790951638065525,0.9249692496924969,2.21,0.32,1.1,4.85,0.07,0.0,0.0,0.07,0.01,0.05769109129905701,4.49,158.73,0.04466627445071936
760,24936448,22832.631,566,16.93,0.0,188.23,-0.010911108925938606,10.826485633850098,0.5685417056083679,0.003187016567835599,0.029083251953125,0.0003,0.29103269666558756,0.8954489544895449,2.26,0.38,1.16,4.5,0.08,0.0,0.0,0.08,0.0,0.06597756385803223,4.47,155.12,0.041378209833055735
761,24969216,22890.905,566,18.88,0.0,208.83,-0.007911821827292442,13.572890281677246,0.5807621479034424,0.0032978031929928875,0.03415679931640625,0.0003,0.25825647128830703,0.92046783625731,2.98,0.44,1.33,4.9,0.07,0.0,0.0,0.07,0.0,0.05687500059604645,5.12,170.96,0.04658260603900999
762,25001984,22951.199,566,17.53,0.0,189.15,-0.002458358183503151,14.108125686645508,0.5743221640586853,0.0033524834518061652,0.0313568115234375,0.0003,0.24249499666444296,0.8860294117647058,2.24,0.51,1.21,4.51,0.07,0.0,0.0,0.07,0.0,0.05455104351043701,4.74,159.5,0.0401486458722502
763,25034752,23008.612,566,17.9,0.0,193.69,-0.008701669983565807,10.447633743286133,0.5644718408584595,0.0025972965013352223,0.0243682861328125,0.0003,0.23723821989528796,0.9123456790123456,2.52,0.33,1.24,4.94,0.05,0.0,0.0,0.05,0.02,0.04064295530319214,4.73,157.52,0.03562548162881285
764,25067520,23068.039,566,17.45,0.01,197.6,-0.007608093321323395,12.790264129638672,0.5382512807846069,0.004198992942008317,0.04097747802734375,0.0003,0.23597359735973597,0.9245982694684796,2.74,0.47,1.1,4.78,0.02,0.0,0.0,0.02,0.02,0.01287500023841858,4.48,152.86,0.04430326179135591
765,25100288,23123.8,566,18.44,0.0,205.14,-0.0078722033649683,10.994816780090332,0.5224021673202515,0.004251929471871918,0.03936767578125,0.0003,0.24779299847793,0.9291338582677166,2.64,0.43,1.08,5.0,0.07,0.0,0.0,0.07,0.0,0.05466279029846191,4.78,165.77,0.03951203741598874
766,25133056,23182.184,566,17.25,0.0,191.96,-0.008410399779677391,11.431869506835938,0.531537652015686,0.004700676713952134,0.04083251953125,0.0003,0.2575368826170622,0.912826899128269,3.24,0.42,1.0,4.76,0.04,0.0,0.0,0.04,0.0,0.03163102388381958,4.44,154.46,0.04290988657157868
767,25165824,23235.366,566,17.81,0.0,237.12,-0.007509185932576656,10.605517387390137,0.5080689191818237,0.00270587105416098,0.0257568359375,0.0003,0.1971959768363304,0.9115890083632019,2.05,0.43,1.23,4.92,0.07,0.0,0.0,0.07,0.0,0.05474832177162171,4.73,167.12,0.04514297982677817
768,25198592,23296.029,566,19.31,0.0,209.36,-0.005510238464921713,12.095927238464355,0.5412870049476624,0.0022969286387706234,0.02159881591796875,0.0003,0.20733890214797135,0.9234088457389428,3.17,0.38,1.18,5.25,0.05,0.0,0.0,0.05,0.0,0.044375,4.81,170.06,0.050738797057420015
769,25231360,23356.029,566,18.88,0.0,208.42,-0.006312700919806957,15.140848159790039,0.5189774036407471,0.0018631948839384904,0.01725006103515625,0.0003,0.24143114852675887,0.9348837209302325,3.03,0.52,1.24,4.99,0.05,0.0,0.0,0.05,0.0,0.03809237658977509,5.07,164.25,0.04421184444800019
770,25264128,23413.176,566,17.8,0.0,194.76,-0.00794271007180214,12.012654304504395,0.5318480730056763,0.003284220295256546,0.0327606201171875,0.0003,0.21352997755690928,0.905952380952381,3.01,0.46,1.28,4.96,0.09,0.0,0.0,0.09,0.0,0.07647058814764023,4.85,161.83,0.04214581591077149
771,25296896,23471.874,566,17.73,0.0,197.14,-0.0031425305642187595,11.053449630737305,0.5131683349609375,0.0046463115502035635,0.045501708984375,0.0003,0.26048565121412803,0.9226190476190477,2.64,0.36,1.21,4.94,0.12,0.0,0.0,0.12,0.01,0.09468382835388184,4.75,161.01,0.04721247241832316
772,25329664,23528.791,566,17.86,0.0,194.19,-0.00942961685359478,13.147811889648438,0.5253632068634033,0.002377265966288178,0.01857757568359375,0.0003,0.2111361441905375,0.9191176470588235,2.86,0.36,1.27,4.89,0.14,0.0,0.0,0.14,0.0,0.10188354641199111,4.8,157.2,0.03999131394084543
773,25362432,23587.052,566,18.78,0.0,249.41,-0.008649113588035107,12.255924224853516,0.526549756526947,0.002810267374570685,0.02740478515625,0.0003,0.216224552745219,0.8997695852534562,2.69,0.57,1.23,5.2,0.12,0.0,0.0,0.12,0.0,0.10149999976158142,5.05,168.72,0.0446328439284116
774,25395200,23641.897,566,18.64,0.0,209.62,-0.00812888890504837,10.925636291503906,0.5333604216575623,0.0033461050826417704,0.0301666259765625,0.0003,0.16371282667467707,0.9106334841628959,3.0,0.24,1.25,5.31,0.13,0.0,0.0,0.13,0.0,0.10395126566290855,4.69,164.59,0.04778173041995615
775,25427968,23699.663,566,17.47,0.0,199.73,-0.008292082697153091,9.811929702758789,0.5166794061660767,0.0032282636568083944,0.031707763671875,0.0003,0.18048780487804877,0.8989547038327527,2.82,0.3,1.25,4.95,0.07,0.0,0.0,0.07,0.01,0.05487499952316284,4.65,155.42,0.04449166066478938
776,25460736,23760.156,566,17.39,0.0,193.72,-0.006634576246142387,13.64156723022461,0.5453578233718872,0.004346545977568894,0.03978729248046875,0.0003,0.18505221932114882,0.8984962406015038,3.22,0.43,1.14,4.85,0.09,0.0,0.0,0.09,0.0,0.07313946336507797,4.74,159.8,0.04380205110646784
777,25493504,23821.244,566,18.51,0.0,201.35,-0.004454118199646473,11.625429153442383,0.5356400609016418,0.0059003039532967705,0.05118560791015625,0.0003,0.2162586315128688,0.8786057692307693,2.52,0.4,1.29,4.76,0.12,0.0,0.0,0.12,0.0,0.09213207587599755,5.19,167.45,0.0506572334561497
778,25526272,23876.345,566,18.21,0.0,200.57,-0.005242589861154556,12.830227851867676,0.5414570569992065,0.003054778796638402,0.02944183349609375,0.0003,0.2154174283973187,0.8849449204406364,3.17,0.52,1.27,4.76,0.09,0.0,0.0,0.09,0.0,0.07449999928474427,4.81,163.88,0.043347164639271796
779,25559040,23938.791,566,16.8,0.0,189.99,-0.008271746337413788,11.632482528686523,0.5615525245666504,0.0022914346673061914,0.02104949951171875,0.0003,0.20867900446713467,0.9003783102143758,2.25,0.36,1.07,4.68,0.09,0.0,0.0,0.09,0.0,0.06806879639625549,4.43,149.84,0.0421720624435693
780,25591808,23997.598,566,16.68,0.0,182.81,-0.008075629360973835,11.4169921875,0.5513579845428467,0.0030111758684370216,0.0301971435546875,0.0003,0.24966666666666668,0.9064558629776021,2.67,0.47,1.02,4.53,0.04,0.0,0.0,0.04,0.02,0.03559626460075378,4.5,147.15,0.037070119520649314
781,25624576,24052.152,566,17.69,0.0,194.85,-0.006724704056978226,11.85545539855957,0.5227774381637573,0.003368897858308628,0.031982421875,0.0003,0.2068523855267371,0.9101796407185628,2.25,0.39,1.3,5.08,0.05,0.0,0.0,0.05,0.03,0.04041447341442108,4.94,157.71,0.04459127155132592
782,25657344,24111.927,566,19.44,0.0,215.66,-0.0058126430958509445,12.391572952270508,0.5233733654022217,0.0016439503806395805,0.01514434814453125,0.0003,0.2510847555684119,0.9074074074074074,2.75,0.58,1.25,5.11,0.12,0.0,0.0,0.12,0.0,0.07630525380373002,5.23,172.91,0.03927009669132531
783,25690112,24169.904,566,19.92,0.0,221.86,-0.009127714671194553,13.466465950012207,0.5266823768615723,0.002810702229396611,0.0249786376953125,0.0003,0.23646158208108875,0.9100418410041841,2.34,0.57,1.46,5.47,0.08,0.0,0.0,0.08,0.0,0.06088036417961121,5.5,180.61,0.043346666847355664
784,25722880,24225.549,566,18.71,0.0,206.08,-0.010619241744279861,12.37093448638916,0.5167903900146484,0.003233017505749558,0.0310516357421875,0.0003,0.2185230024213075,0.905152224824356,2.76,0.38,1.29,5.04,0.05,0.0,0.0,0.05,0.01,0.04107228934764862,5.21,171.49,0.04235136357601732
785,25755648,24282.503,566,18.63,0.0,207.12,-0.007596379611641169,11.179813385009766,0.5722164511680603,0.003843900314222992,0.0345001220703125,0.0003,0.25015234613040827,0.8955916473317865,2.88,0.51,1.19,5.04,0.08,0.0,0.0,0.08,0.01,0.06032514125108719,4.86,171.84,0.04298871476203203
786,25788416,24338.493,566,18.42,0.0,265.28,-0.004066219553351402,10.234518051147461,0.5509827733039856,0.006076969703485702,0.05157470703125,0.0003,0.25347432024169186,0.897316219369895,2.6,0.54,1.11,5.36,0.1,0.0,0.0,0.1,0.01,0.07604483485221863,4.52,165.75,0.04273552424274385
787,25821184,24392.157,566,17.71,0.0,203.12,-0.009968549013137817,13.206571578979492,0.5274786353111267,0.002330263175906566,0.02093505859375,0.0003,0.22746394230769232,0.8871359223300971,2.21,0.49,1.18,4.94,0.06,0.0,0.0,0.06,0.01,0.04949999958276749,4.47,167.81,0.04590492323040962
788,25853952,24448.975,566,17.62,0.0,203.32,-0.008506372570991516,9.747842788696289,0.5375571846961975,0.0029359442198710894,0.029296875,0.0003,0.20081199250468457,0.9015990159901599,2.4,0.4,1.19,4.95,0.16,0.0,0.0,0.16,0.0,0.13275336772203444,4.75,158.22,0.04744291480164975
789,25886720,24510.087,566,18.34,0.0,212.33,-0.009167862124741077,9.922636032104492,0.5360262393951416,0.003480918356899565,0.0297393798828125,0.0003,0.18889578163771711,0.9143192488262911,2.55,0.42,1.28,5.49,0.08,0.0,0.0,0.08,0.02,0.059616777002811434,4.82,161.47,0.04384084662888199
790,25919488,24568.972,566,18.63,0.0,215.66,-0.010514567606151104,11.806567192077637,0.5124577283859253,0.00327361970317952,0.03308868408203125,0.0003,0.17050553395154053,0.9066059225512528,3.05,0.51,1.37,5.3,0.15,0.0,0.0,0.15,0.01,0.10605380296707154,5.09,170.04,0.0397614681860432
791,25952256,24625.898,566,19.31,0.0,245.57,-0.006336923222988844,9.507444381713867,0.5033708214759827,0.00328936721973605,0.0295562744140625,0.0003,0.19271137026239066,0.9261363636363636,2.91,0.49,1.33,5.22,0.08,0.0,0.0,0.08,0.01,0.06919916927814483,4.97,171.72,0.043432146892882884
792,25985024,24682.5,566,18.58,0.0,215.85,-0.007280431222170591,12.47361946105957,0.5401556491851807,0.004815686970232491,0.04177093505859375,0.0003,0.18829818829818828,0.927765237020316,2.29,0.39,1.44,5.22,0.07,0.0,0.0,0.07,0.0,0.055889706015586856,5.03,166.75,0.04452694091014564
793,26017792,24739.799,566,19.03,0.0,224.1,-0.009918319061398506,10.435029029846191,0.5405675172805786,0.004703208185446783,0.03769683837890625,0.0003,0.19137931034482758,0.9163879598662207,2.41,0.36,1.32,5.4,0.09,0.0,0.0,0.09,0.01,0.06873125553131104,5.06,168.01,0.04071329452563077
794,26050560,24798.019,566,19.23,0.0,238.44,-0.006056151352822781,12.785887718200684,0.5161550641059875,0.002514334518338046,0.02384185791015625,0.0003,0.19097744360902255,0.9148706896551724,2.34,0.46,1.4,5.49,0.07,0.0,0.0,0.07,0.0,0.06275000005960464,5.35,168.69,0.0423650701995939
795,26083328,24856.597,566,19.07,0.0,214.86,-0.0054908618330955505,12.638616561889648,0.49802717566490173,0.0035845123890680952,0.03009033203125,0.0003,0.21258453396059981,0.9218061674008811,3.54,0.48,1.17,5.55,0.15,0.0,0.0,0.15,0.0,0.12270054966211319,5.18,169.77,0.041201605345122516
796,26116096,24916.289,566,17.61,0.0,200.44,-0.00747167132794857,11.99799919128418,0.5552730560302734,0.002690212766040645,0.0269317626953125,0.0003,0.16240409207161124,0.9193357058125742,2.91,0.39,1.14,5.01,0.07,0.0,0.0,0.07,0.03,0.051734015494585034,4.63,157.92,0.04319266614038497
797,26148864,24973.444,566,19.12,0.0,207.67,-0.006719065364450216,12.674549102783203,0.5149064660072327,0.0035972738371583546,0.03267669677734375,0.0003,0.17762753534111864,0.9318706697459584,3.66,0.46,1.27,4.99,0.14,0.0,0.0,0.14,0.03,0.11758460104465485,5.3,172.02,0.04290269606281072
798,26181632,25030.634,566,18.09,0.0,199.46,-0.009540963917970657,12.062845230102539,0.550978422164917,0.002859338510290854,0.0244598388671875,0.0003,0.19435736677115986,0.9396863691194209,3.44,0.48,1.11,4.87,0.08,0.0,0.0,0.08,0.01,0.06929479271173478,4.74,159.3,0.041378576308488846
799,26214400,25085.953,566,18.79,0.0,214.0,-0.00478511955589056,12.6899995803833,0.5276391506195068,0.0026623636363751757,0.02671051025390625,0.0003,0.20457924472197442,0.9355203619909502,2.77,0.4,1.26,5.2,0.08,0.0,0.0,0.08,0.02,0.06068604648113251,5.15,164.15,0.04195147019345313
800,26247168,25141.822,566,19.04,0.0,213.85,-0.010553412139415741,13.366058349609375,0.5271580219268799,0.00281621154857703,0.022186279296875,0.0003,0.19100449775112444,0.9475446428571429,3.44,0.59,1.29,5.33,0.13,0.0,0.0,0.13,0.01,0.09950094163417816,5.21,166.83,0.043801914784125984
801,26279936,25198.035,566,17.05,0.0,190.43,-0.010238923132419586,10.66521167755127,0.5266692042350769,0.0030754609255723153,0.0267486572265625,0.0003,0.17316994517897452,0.9215189873417722,3.06,0.35,1.12,4.34,0.1,0.0,0.0,0.1,0.0,0.08475622057914733,4.51,157.03,0.040940202539786696
802,26312704,25256.73,566,17.28,0.0,192.73,-0.006052978336811066,10.96375846862793,0.5103248357772827,0.0033204814662894933,0.032867431640625,0.0003,0.16930022573363432,0.92875,2.14,0.41,1.09,4.48,0.09,0.0,0.0,0.09,0.01,0.060896341204643246,4.47,152.13,0.04553320456761867
803,26345472,25314.8,566,17.91,0.0,214.43,-0.007816254161298275,11.780713081359863,0.521406888961792,0.0035678290089435905,0.02793121337890625,0.0003,0.17457838850718302,0.9385342789598109,2.83,0.48,1.2,4.56,0.13,0.0,0.0,0.13,0.0,0.1038074716925621,4.9,159.84,0.04367893375456333
804,26378240,25373.847,566,18.57,0.0,215.1,-0.006120534148067236,11.221644401550293,0.5418077707290649,0.0022193082845660683,0.021453857421875,0.0003,0.18450620934358367,0.9305711086226204,3.41,0.45,1.15,4.9,0.13,0.0,0.0,0.13,0.0,0.0907495465874672,5.04,168.55,0.04487590410280973
805,26411008,25428.202,567,18.69,0.0,211.44,-0.010690320283174515,12.738977432250977,0.5422075986862183,0.002956896445482471,0.02837371826171875,0.0003,0.2779126213592233,0.9557321225879682,2.47,0.42,1.27,5.11,0.12,0.0,0.0,0.12,0.01,0.09304497480392455,5.21,164.21,0.038012701901607215
806,26443776,25488.871,566,18.58,0.0,206.15,-0.004848984070122242,14.883459091186523,0.5072199106216431,0.00258587393614107,0.02809906005859375,0.0003,0.23559577677224736,0.9412442396313364,3.15,0.48,1.27,5.37,0.06,0.0,0.0,0.06,0.0,0.05074999988079071,5.04,165.06,0.05051156715489924
807,26476544,25545.414,566,16.87,0.0,195.94,-0.006836952641606331,12.121963500976562,0.5220018625259399,0.002723171186403306,0.02248382568359375,0.0003,0.2534577034416211,0.9444444444444444,2.64,0.33,1.09,4.41,0.08,0.0,0.0,0.08,0.01,0.06901831090450287,4.4,152.47,0.04007690434809774
808,26509312,25603.399,566,18.4,0.0,209.03,-0.004231292754411697,13.316953659057617,0.5283011198043823,0.0021414856613546362,0.021453857421875,0.0003,0.23510032943995207,0.9442508710801394,3.16,0.37,1.32,4.93,0.1,0.0,0.0,0.1,0.0,0.06822884887456894,5.14,164.25,0.04525983100757003
809,26542080,25658.746,567,18.52,0.0,207.91,-0.006117081269621849,11.674270629882812,0.5305988788604736,0.0025163257027998043,0.0251007080078125,0.0003,0.23229043683589137,0.952433628318584,3.06,0.47,1.25,4.78,0.06,0.0,0.0,0.06,0.01,0.049151099026203154,4.87,163.12,0.04221489490009844
810,26574848,25717.566,566,17.45,0.0,221.59,-0.007522034924477339,11.24332332611084,0.5418813824653625,0.0024510689442251987,0.02300262451171875,0.0003,0.19677615571776155,0.9464068209500609,2.85,0.31,1.29,4.51,0.09,0.0,0.0,0.09,0.02,0.07487500011920929,4.74,160.91,0.04466699808835983
811,26607616,25775.335,566,18.51,0.0,215.34,-0.008996468037366867,11.784242630004883,0.5510934591293335,0.003087102511130979,0.02423095703125,0.0003,0.18497624703087887,0.94021101992966,2.37,0.38,1.31,4.76,0.06,0.0,0.0,0.06,0.01,0.046858369410037994,4.93,164.3,0.04189112421590835
812,26640384,25832.881,567,19.14,0.0,214.63,-0.008821148425340652,11.312356948852539,0.541765034198761,0.0039421385156970246,0.0362548828125,0.0003,0.20672514619883042,0.944994499449945,2.84,0.51,1.29,4.98,0.11,0.0,0.0,0.11,0.0,0.0783529408276081,5.03,169.86,0.03947605786379427
813,26673152,25895.501,566,20.4,0.0,226.39,-0.005899762734770775,12.80638313293457,0.5096091628074646,0.003015259105765722,0.02878570556640625,0.0003,0.21918964546989309,0.9361702127659575,3.27,0.5,1.4,5.42,0.14,0.0,0.0,0.14,0.01,0.1076428571343422,5.72,175.53,0.04576261050533503
814,26705920,25954.149,566,17.0,0.0,188.83,-0.004615684971213341,13.326766014099121,0.5312031507492065,0.001743244418435097,0.0169219970703125,0.0003,0.20241499841118527,0.9541511771995044,3.06,0.33,1.14,4.51,0.09,0.0,0.0,0.09,0.01,0.06756368815898896,4.38,156.99,0.048557823058217764
815,26738688,26009.102,566,17.39,0.0,195.66,-0.010152419097721577,12.37527847290039,0.5315319895744324,0.0016694080061796512,0.01483154296875,0.0003,0.24091052797976603,0.9487179487179487,2.63,0.44,1.12,4.65,0.09,0.0,0.0,0.09,0.01,0.07283507250249385,4.58,159.82,0.04480038513429463
816,26771456,26069.234,566,18.79,0.0,208.85,-0.004702485166490078,12.176868438720703,0.5260039567947388,0.003191716938786726,0.0280609130859375,0.0003,0.2236647978754795,0.9432213209733488,2.83,0.49,1.27,4.98,0.06,0.0,0.0,0.06,0.04,0.048175066113471984,5.18,171.74,0.03834430093411356
817,26804224,26125.481,566,18.86,0.0,204.5,-0.007282490376383066,12.06676959991455,0.5170915722846985,0.002438505886857456,0.0234527587890625,0.0003,0.18104534005037784,0.9603365384615384,2.85,0.4,1.25,4.92,0.05,0.0,0.0,0.05,0.01,0.03433764368295669,5.01,165.45,0.04483440250623971
818,26836992,26187.232,566,17.54,0.0,200.38,-0.008670651353895664,11.369767189025879,0.5194350481033325,0.003096628379239519,0.02767181396484375,0.0003,0.19495133819951338,0.9414466130884042,2.63,0.34,1.28,4.7,0.14,0.0,0.0,0.14,0.0,0.11545253336429596,4.87,161.84,0.039418690372258425
819,26869760,26245.168,566,18.44,0.0,210.49,-0.009708165191113949,11.918787002563477,0.5270337462425232,0.005352867638976022,0.04058074951171875,0.0003,0.1715786402100963,0.9478458049886621,2.49,0.51,1.12,5.08,0.1,0.0,0.0,0.1,0.01,0.07573544919490814,4.7,167.41,0.04077248985413462
820,26902528,26303.585,566,18.35,0.0,207.13,-0.007986513897776604,11.944051742553711,0.5150608420372009,0.003025675590265564,0.029632568359375,0.0003,0.15784671532846714,0.9377245508982036,2.58,0.33,1.25,4.89,0.13,0.0,0.0,0.13,0.0,0.10858318626880646,4.94,162.07,0.0420028087683022
821,26935296,26363.205,566,16.24,0.0,190.49,-0.006575402338057756,12.563074111938477,0.563400387763977,0.0023293795680956464,0.02197265625,0.0003,0.23571197933484017,0.9387222946544981,2.88,0.38,0.97,4.18,0.11,0.0,0.0,0.11,0.04,0.0803902144730091,4.19,150.01,0.04323300998657942
822,26968064,26418.493,566,17.52,0.0,201.64,-0.0066832127049565315,10.931713104248047,0.5426383018493652,0.0022622245122789764,0.02008056640625,0.0003,0.17795566502463053,0.9356376638855781,2.59,0.42,1.24,4.8,0.13,0.0,0.0,0.13,0.01,0.10274999976158142,4.79,156.74,0.0431028688326478
823,27000832,26472.61,566,19.04,0.0,222.54,-0.0019393814727663994,13.127545356750488,0.5543484091758728,0.004606258240926309,0.04065704345703125,0.0003,0.1844851904090268,0.9417142857142857,2.43,0.42,1.33,5.19,0.14,0.0,0.0,0.14,0.01,0.10020724475383759,5.45,173.17,0.042294235434383154
824,27033600,26528.193,566,17.33,0.0,189.47,-0.009192993864417076,11.872285842895508,0.5486107468605042,0.002413808155068864,0.0215606689453125,0.0003,0.1591349257585539,0.9332477535301669,3.09,0.33,1.22,4.74,0.09,0.0,0.0,0.09,0.01,0.06261111021041871,4.71,156.01,0.043361264979466796
825,27066368,26589.133,566,18.03,0.0,203.29,-0.009150141850113869,13.88643741607666,0.5570423603057861,0.002720763570238205,0.024383544921875,0.0003,0.17597503900156006,0.947242206235012,2.92,0.3,1.14,4.86,0.14,0.0,0.0,0.14,0.0,0.1071458338201046,4.49,159.73,0.04638292838353664
826,27099136,26645.811,566,16.95,0.0,189.32,-0.007620684802532196,13.673334121704102,0.5415399074554443,0.0024131763365176084,0.01924896240234375,0.0003,0.18055105348460293,0.9267352185089974,2.61,0.29,1.18,4.61,0.1,0.0,0.0,0.1,0.01,0.08028571367263794,4.5,150.12,0.044149623485282063
827,27131904,26703.079,566,17.86,0.0,196.52,-0.0058405958116054535,14.250856399536133,0.5355638861656189,0.0028633156081241395,0.02719879150390625,0.0003,0.18484170131116084,0.9297820823244553,2.52,0.46,1.07,4.81,0.09,0.0,0.0,0.09,0.01,0.06830412924289703,4.74,158.07,0.042912249686196446
828,27164672,26763.587,566,18.68,0.0,215.66,-0.0027974427212029696,13.35098934173584,0.5171532034873962,0.002979882424924085,0.02983856201171875,0.0003,0.1699558173784978,0.9295612009237876,2.36,0.42,1.29,4.75,0.09,0.0,0.0,0.09,0.0,0.0772717398405075,4.8,172.44,0.042675582924857736
829,27197440,26819.347,566,17.84,0.0,202.83,-0.004990148823708296,10.615375518798828,0.5619440078735352,0.001072294027096632,0.00884246826171875,0.0003,0.1588325652841782,0.9289156626506024,1.98,0.39,1.12,4.82,0.06,0.0,0.0,0.06,0.0,0.041926470547914506,4.57,161.11,0.04561770078726113
830,27230208,26879.034,566,20.2,0.0,220.05,-0.0034549846313893795,11.843472480773926,0.5144117474555969,0.0016301367123361388,0.01528167724609375,0.0003,0.18118059614260668,0.9255202628696605,3.22,0.51,1.26,5.49,0.14,0.0,0.0,0.14,0.02,0.11336453050374985,5.27,176.67,0.043624504818581045
831,27262976,26937.475,566,18.44,0.0,207.68,-0.008353265933692455,14.668691635131836,0.5298937559127808,0.002581365948003622,0.0206756591796875,0.0003,0.20401437986818455,0.9208715596330275,3.3,0.45,1.38,5.25,0.08,0.0,0.0,0.08,0.02,0.046268219947814944,5.07,164.85,0.044897691695950925
832,27295744,26995.592,566,16.92,0.0,186.83,-0.00853191688656807,13.844146728515625,0.5554843544960022,0.0020982277482062273,0.01912689208984375,0.0003,0.1559447625463119,0.9126582278481012,3.31,0.5,1.03,4.55,0.06,0.0,0.0,0.06,0.0,0.03933333307504654,4.35,145.85,0.038751087384298444
833,27328512,27054.688,566,19.49,0.0,216.45,-0.006092747673392296,13.251642227172852,0.530908465385437,0.00340895994744983,0.0322723388671875,0.0003,0.16078315040047464,0.935374149659864,3.38,0.49,1.42,5.23,0.11,0.0,0.0,0.11,0.0,0.09002242475748062,5.15,173.69,0.04047523532062769
834,27361280,27111.086,566,19.57,0.0,212.52,-0.008186722174286842,13.25564193725586,0.5347915887832642,0.002377548251956796,0.02103424072265625,0.0003,0.18152011922503725,0.9235095613048369,3.22,0.46,1.27,5.16,0.09,0.0,0.0,0.09,0.0,0.07433931469917297,5.46,165.74,0.042463612044230103
835,27394048,27171.932,566,19.25,0.0,209.91,-0.005755052901804447,12.126962661743164,0.5082941651344299,0.005871314810974582,0.04041290283203125,0.0003,0.17333333333333334,0.9221967963386728,3.83,0.44,1.25,5.1,0.08,0.0,0.0,0.08,0.0,0.06303197741508484,5.03,169.44,0.04249069734942168
836,27426816,27230.25,566,18.68,0.0,210.12,-0.005373510532081127,13.009746551513672,0.5203866958618164,0.001781211022688467,0.01625823974609375,0.0003,0.1673529411764706,0.9224719101123595,2.66,0.52,1.43,5.24,0.11,0.0,0.0,0.11,0.01,0.0897128701210022,5.14,166.78,0.040843186667189
837,27459584,27286.935,566,18.96,0.0,208.29,-0.00820703525096178,14.215129852294922,0.518120527267456,0.0022208333841433614,0.0205841064453125,0.0003,0.1856269113149847,0.9303370786516854,3.02,0.42,1.34,5.29,0.07,0.0,0.0,0.07,0.01,0.054965659379959106,5.34,171.34,0.04053253319580108
838,27492352,27344.19,566,19.91,0.0,229.71,-0.0049049933440983295,12.39037799835205,0.5169324278831482,0.002514568120318472,0.02317047119140625,0.0003,0.17289313640312773,0.9291084854994629,3.35,0.43,1.44,5.46,0.09,0.0,0.0,0.09,0.01,0.059642523527145386,5.43,175.38,0.04161851073149592
839,27525120,27400.729,566,19.67,0.0,221.23,-0.008178659714758396,13.729393005371094,0.5177007913589478,0.0024116371640729994,0.0220184326171875,0.0003,0.1650174621653085,0.9431330472103004,3.43,0.41,1.52,5.55,0.12,0.0,0.0,0.12,0.01,0.09818856000900268,5.41,177.74,0.04410044942051172
840,27557888,27461.507,566,17.87,0.0,215.52,-0.003390408121049404,13.672660827636719,0.5268475413322449,0.0021300250826357114,0.01978302001953125,0.0003,0.19926312557568315,0.9130952380952381,2.69,0.46,1.11,4.88,0.08,0.0,0.0,0.08,0.0,0.05810056358575821,4.77,164.46,0.04616283543873578
841,27590656,27518.947,566,18.87,0.0,213.57,-0.008771303109824657,12.841835021972656,0.5338115692138672,0.002439722837834779,0.0218963623046875,0.0003,0.17441176470588235,0.9228224917309813,2.62,0.52,1.24,5.22,0.14,0.0,0.0,0.14,0.01,0.09482618391513825,5.02,169.67,0.04326399078126997
842,27623424,27575.958,566,18.31,0.0,208.39,-0.007541949860751629,12.581814765930176,0.5213550329208374,0.0032636972570116995,0.028533935546875,0.0003,0.18563922942206654,0.9256756756756757,2.59,0.43,1.26,4.82,0.12,0.0,0.0,0.12,0.0,0.09713080406188965,4.82,168.7,0.045528208604082465
843,27656192,27633.119,566,18.84,0.0,212.04,-0.01067575253546238,15.109354019165039,0.5409975051879883,0.0032133956866857716,0.026611328125,0.0003,0.2172876304023845,0.9171461449942463,2.97,0.36,1.39,5.07,0.11,0.0,0.0,0.11,0.0,0.0890064650774002,5.09,173.83,0.04208690486848354
844,27688960,27691.014,566,16.37,0.0,189.55,-0.009755316190421581,13.967519760131836,0.5463839769363403,0.004237081550684252,0.03931427001953125,0.0003,0.23549810844892813,0.9320754716981132,2.44,0.3,1.1,4.5,0.14,0.0,0.0,0.14,0.04,0.09505947053432465,4.31,152.82,0.04388929076958448
845,27721728,27750.857,566,17.38,0.0,220.62,-0.006380154751241207,13.711864471435547,0.516447901725769,0.0044702304854524755,0.038299560546875,0.0003,0.22637920101458464,0.926829268292683,2.21,0.5,1.31,4.79,0.09,0.0,0.0,0.09,0.02,0.0718081396818161,4.78,159.82,0.04234936984721571
846,27754496,27809.851,566,19.02,0.0,209.28,-0.00594339519739151,12.975202560424805,0.5252909660339355,0.0020849414270287525,0.0190887451171875,0.0003,0.2290683962264151,0.9265033407572383,2.63,0.41,1.32,5.07,0.1,0.0,0.0,0.1,0.01,0.07475789040327072,5.16,172.91,0.044968534260988235
847,27787264,27869.812,566,15.99,0.0,183.78,-0.005978912115097046,12.664172172546387,0.5578213930130005,0.0013052928683805476,0.011474609375,0.0003,0.22179853829043533,0.928,2.34,0.33,1.03,4.38,0.06,0.0,0.0,0.06,0.02,0.04599999994039536,4.12,148.31,0.04595123731996864
848,27820032,27929.003,566,16.6,0.0,190.11,-0.009255964308977127,12.100062370300293,0.509597897529602,0.003516729765664195,0.03365325927734375,0.0003,0.2098256735340729,0.9377382465057179,3.22,0.43,1.16,4.33,0.07,0.0,0.0,0.07,0.02,0.04659972608089447,4.25,156.22,0.0378470626892522
849,27852800,27991.955,566,17.46,0.0,205.69,-0.010926620103418827,15.521047592163086,0.5162661075592041,0.0039973818286398455,0.034637451171875,0.0003,0.25091352009744217,0.9243902439024391,2.83,0.29,1.17,5.1,0.15,0.0,0.0,0.15,0.01,0.1291293865442276,4.56,161.92,0.03841621009632945
850,27885568,28052.631,566,18.35,0.0,209.34,-0.006917634978890419,14.150506973266602,0.5317326784133911,0.0026179619532058496,0.02585601806640625,0.0003,0.22208919485184075,0.9427207637231504,3.18,0.4,1.24,4.72,0.06,0.0,0.0,0.06,0.01,0.04737500011920929,4.92,164.8,0.043813133612275124
851,27918336,28109.682,566,18.25,0.0,204.76,-0.005110630765557289,11.845596313476562,0.5209785103797913,0.0036168439623907034,0.03151702880859375,0.0003,0.2011564211807669,0.9316037735849056,2.52,0.4,1.29,5.16,0.1,0.0,0.0,0.1,0.02,0.0802568805217743,4.83,165.57,0.04099158407188952
852,27951104,28166.355,566,17.71,0.0,195.17,-0.008527161553502083,12.659072875976562,0.4921761155128479,0.003813908836889368,0.035308837890625,0.0003,0.17070866141732283,0.9351415094339622,3.21,0.33,1.18,4.72,0.15,0.0,0.0,0.15,0.01,0.12842642843723298,4.73,158.2,0.04159594629891217
853,27983872,28221.01,566,19.61,0.0,225.19,-0.008584028109908104,12.215368270874023,0.4999995529651642,0.003872428727785149,0.0352935791015625,0.0003,0.21430598921373828,0.9417693169092946,2.66,0.55,1.34,5.14,0.12,0.0,0.0,0.12,0.01,0.09538700133562088,5.18,170.23,0.04649313900154084
854,28016640,28278.235,566,16.27,0.0,183.31,-0.007011656183749437,14.097555160522461,0.5435761213302612,0.004550765859960393,0.0413055419921875,0.0003,0.22358396820139118,0.9252336448598131,2.4,0.44,1.09,4.34,0.09,0.0,0.0,0.09,0.01,0.0645766693353653,4.34,151.57,0.04470718838274479
855,28049408,28337.193,566,18.21,0.0,199.19,-0.009366137906908989,10.838813781738281,0.538460373878479,0.003073794390246576,0.0305023193359375,0.0003,0.22762951334379905,0.9412442396313364,2.65,0.47,1.18,4.68,0.08,0.0,0.0,0.08,0.06,0.06988970518112182,4.94,157.44,0.03985737427137792
856,28082176,28396.097,566,17.43,0.0,195.33,-0.009450574405491352,16.409870147705078,0.5148450136184692,0.003010931819886764,0.0265960693359375,0.0003,0.21870047543581617,0.9414012738853503,2.36,0.34,1.15,4.6,0.14,0.0,0.0,0.14,0.0,0.10916773855686188,4.52,157.41,0.04796080256346613
857,28114944,28453.926,566,18.27,0.0,231.78,-0.006260689347982407,13.765209197998047,0.5349808931350708,0.0037743816812678688,0.0351104736328125,0.0003,0.2116564417177914,0.9432624113475178,2.63,0.28,1.23,4.65,0.12,0.0,0.0,0.12,0.01,0.08543660022318363,4.7,162.17,0.038199366186745465
858,28147712,28510.474,566,19.6,0.0,229.25,-0.006370467133820057,12.718009948730469,0.5558260679244995,0.003333171157464676,0.03130340576171875,0.0003,0.19852740659940005,0.9497863247863247,2.13,0.53,1.38,5.29,0.16,0.0,0.0,0.16,0.02,0.12273563265800476,5.23,182.09,0.043146748561412096
859,28180480,28571.472,566,19.04,0.0,217.26,-0.007822505198419094,14.540071487426758,0.546654462814331,0.0023870721367131864,0.0245513916015625,0.0003,0.21418399316434064,0.9396751740139211,3.11,0.46,1.37,4.98,0.14,0.0,0.0,0.14,0.01,0.0989466106891632,5.09,167.83,0.044049692107364535
860,28213248,28630.468,566,15.96,0.0,177.17,-0.008486616425216198,12.835285186767578,0.5690596103668213,0.004004903306224605,0.0391845703125,0.0003,0.21476285905143622,0.9326145552560647,2.85,0.41,0.96,4.14,0.1,0.0,0.0,0.1,0.05,0.07880635440349579,4.09,147.85,0.03957334067672491
861,28246016,28690.344,566,18.47,0.0,204.15,-0.010541333816945553,13.028482437133789,0.5536038279533386,0.002997487755919792,0.0283660888671875,0.0003,0.21447963800904976,0.9398584905660378,2.52,0.43,1.39,4.82,0.13,0.0,0.0,0.13,0.02,0.11487116813659667,4.94,167.11,0.03742069739382714
862,28278784,28746.408,566,18.06,0.0,198.26,-0.008104255422949791,13.33651351928711,0.5470096468925476,0.003963077668601045,0.036224365234375,0.0003,0.22660864159154492,0.937192118226601,2.52,0.38,1.25,4.52,0.11,0.0,0.0,0.11,0.02,0.0821036297082901,4.73,166.23,0.04046498402021825
863,28311552,28806.376,566,16.63,0.0,188.71,-0.006618811748921871,14.11423110961914,0.5464158058166504,0.003453214731962362,0.03424835205078125,0.0003,0.24829379265518361,0.9336801040312094,2.54,0.39,1.15,4.37,0.13,0.0,0.0,0.13,0.01,0.09804330468177795,4.36,151.74,0.045676113571971655
864,28344320,28865.001,566,17.43,0.0,189.09,-0.008421206846833229,15.767006874084473,0.5481008291244507,0.0026211176531205638,0.0275421142578125,0.0003,0.26507578200580456,0.9279503105590062,2.87,0.44,1.04,4.42,0.11,0.0,0.0,0.11,0.08,0.0852553154528141,4.52,151.55,0.04098336468450725
865,28377088,28922.507,566,17.61,0.0,198.64,-0.008215020410716534,14.96174430847168,0.533374547958374,0.0026423457592272825,0.02846527099609375,0.0003,0.261608497723824,0.9530120481927711,3.01,0.31,1.22,4.91,0.13,0.0,0.0,0.13,0.02,0.08223962128162383,4.97,161.17,0.04231347132008523
866,28409856,28982.859,566,17.65,0.0,199.38,-0.009362518787384033,13.031845092773438,0.5694310665130615,0.00151428295728806,0.014373779296875,0.0003,0.2560459492140266,0.9455445544554455,2.48,0.46,1.25,4.56,0.09,0.0,0.0,0.09,0.04,0.07431617617607117,4.93,161.88,0.04458562296349555
867,28442624,29041.229,566,17.15,0.0,197.99,-0.006756673101335764,13.23733139038086,0.5402947068214417,0.0021663938699134633,0.02118682861328125,0.0003,0.24178187403993856,0.9457831325301205,2.35,0.47,1.26,4.72,0.2,0.0,0.0,0.2,0.01,0.12061397939920425,4.51,159.86,0.04870150261558592
868,28475392,29101.37,566,18.56,0.0,207.88,-0.006759531795978546,15.150768280029297,0.5450118780136108,0.0035004825997475564,0.0350494384765625,0.0003,0.24125560538116592,0.9294797687861271,2.87,0.5,1.28,4.76,0.13,0.0,0.0,0.13,0.04,0.09663051337003709,5.24,170.71,0.04562123317737132
869,28508160,29156.657,566,17.49,0.0,202.85,-0.003550334367901087,15.18326187133789,0.5209461450576782,0.0021253889747328003,0.02095794677734375,0.0003,0.269150521609538,0.9138349514563107,2.12,0.36,1.22,4.82,0.17,0.0,0.0,0.17,0.0,0.1385607561469078,4.68,163.75,0.045652005122974515
870,28540928,29215.946,566,17.6,0.0,188.59,-0.005848414730280638,14.964017868041992,0.5336847305297852,0.005438560187144503,0.047210693359375,0.0003,0.25588048315321044,0.9416149068322981,2.82,0.36,1.28,4.76,0.17,0.0,0.0,0.17,0.01,0.12732386708259583,4.75,162.69,0.0445322897285223
871,28573696,29276.648,566,16.72,0.0,185.2,-0.005596778355538845,13.285840034484863,0.5305790305137634,0.002766673639257533,0.02675628662109375,0.0003,0.224950884086444,0.9357326478149101,2.33,0.38,1.02,4.67,0.1,0.0,0.0,0.1,0.02,0.0747686392068863,4.29,158.89,0.04403032758273184
872,28606464,29338.181,566,17.95,0.0,192.16,-0.004303819499909878,14.911569595336914,0.5446171760559082,0.004715096341328717,0.0386505126953125,0.0003,0.2766497461928934,0.9304347826086956,3.1,0.36,1.12,4.69,0.09,0.0,0.0,0.09,0.0,0.05766380548477173,4.77,159.6,0.04327891848515719
873,28639232,29394.902,566,19.16,0.0,215.46,-0.005474415607750416,13.592641830444336,0.5252633094787598,0.0017731328446757288,0.0173492431640625,0.0003,0.21048134434634008,0.9266666666666666,2.91,0.49,1.39,5.34,0.11,0.0,0.0,0.11,0.0,0.09578069031238556,5.24,179.53,0.04654123110231012
874,28672000,29452.586,566,18.09,0.0,199.66,-0.0056060198694467545,12.975435256958008,0.5293651223182678,0.001344013094580987,0.013092041015625,0.0003,0.2054037457783236,0.9261822376009228,2.83,0.3,1.11,4.84,0.07,0.0,0.0,0.07,0.01,0.057646552324295046,4.64,164.24,0.040130419889464974
875,28704768,29510.223,566,18.05,0.0,197.73,-0.009999743662774563,12.602932929992676,0.5182059407234192,0.0016657107794344483,0.0146026611328125,0.0003,0.2130841121495327,0.9108433734939759,2.6,0.45,1.17,4.9,0.08,0.0,0.0,0.08,0.0,0.06521802335977554,4.76,162.54,0.042176651884801686
876,28737536,29569.676,566,17.4,0.0,194.15,-0.005213844124227762,12.680747985839844,0.5233526229858398,0.0015398427325408193,0.012664794921875,0.0003,0.2045598480050665,0.9175891758917589,2.72,0.45,1.25,4.6,0.14,0.0,0.0,0.14,0.0,0.09979478895664215,4.72,157.15,0.04108038451522589
877,28770304,29624.989,566,18.96,0.0,205.29,-0.010009102523326874,12.560274124145508,0.5545093417167664,0.0037783425715360863,0.03607940673828125,0.0003,0.2001808863430811,0.928082191780822,2.59,0.48,1.35,4.98,0.14,0.0,0.0,0.14,0.01,0.09953304558992386,5.19,170.46,0.042936988989822567
878,28803072,29682.787,566,17.78,0.0,192.93,-0.009662041440606117,12.39822769165039,0.5779193639755249,0.0031377448034959343,0.03247833251953125,0.0003,0.22407045009784735,0.9330900243309003,2.06,0.44,1.0,4.32,0.08,0.0,0.0,0.08,0.01,0.06476300776004791,4.52,159.02,0.040926726651377976
879,28835840,29744.927,566,17.37,0.0,189.04,-0.007898534648120403,13.07573127746582,0.5781725645065308,0.0023264051069986635,0.0229949951171875,0.0003,0.3317445185891325,0.9196428571428571,2.4,0.44,1.08,4.44,0.11,0.0,0.0,0.11,0.02,0.0734224146604538,4.58,161.24,0.04406982951331884
880,28868608,29803.895,566,15.02,0.0,164.94,-0.004686533939093351,13.525976181030273,0.5952346324920654,0.0035336719187313292,0.0334320068359375,0.0003,0.2780979827089337,0.9014285714285715,1.86,0.39,0.9,3.71,0.07,0.0,0.0,0.07,0.03,0.05137499988079071,3.86,140.27,0.04564714303705841
881,28901376,29862.789,566,17.79,0.0,192.04,-0.01145263947546482,14.630973815917969,0.5508273839950562,0.004276623709188243,0.0417633056640625,0.0003,0.2532324187953327,0.9133016627078385,2.99,0.38,1.1,4.33,0.16,0.0,0.0,0.16,0.0,0.13717777222394945,4.42,157.32,0.03927047224715352
882,28934144,29922.614,566,17.45,0.0,190.91,-0.0035056304186582565,13.374286651611328,0.5544109344482422,0.0023878327359625473,0.02263641357421875,0.0003,0.24402068519715578,0.9270440251572327,3.5,0.4,1.16,4.39,0.15,0.0,0.0,0.15,0.03,0.10839274853467941,4.58,153.87,0.04637102293781936
883,28966912,29982.121,566,17.55,0.0,197.43,-0.009018778800964355,14.716435432434082,0.542252779006958,0.001602765171696774,0.01488494873046875,0.0003,0.266046511627907,0.9039615846338536,3.07,0.4,1.05,4.84,0.13,0.0,0.0,0.13,0.03,0.08654902026057243,4.43,160.63,0.04922348551917821
884,28999680,30041.015,566,18.57,0.0,208.14,-0.0077782184816896915,12.09408187866211,0.5323107242584229,0.0032680357243748404,0.03003692626953125,0.0003,0.20346320346320346,0.9229024943310657,3.21,0.43,1.57,5.04,0.14,0.0,0.0,0.14,0.0,0.11203676477074623,5.17,167.97,0.04305775405373424
885,29032448,30101.872,566,20.31,0.0,219.79,-0.00769311236217618,13.914761543273926,0.4892808198928833,0.004740965824908017,0.0401153564453125,0.0003,0.24314868804664724,0.9257688229056203,3.32,0.5,1.28,5.59,0.25,0.0,0.0,0.25,0.0,0.16650457493960857,5.36,181.45,0.04072457109577954
886,29065216,30158.159,566,19.28,0.0,216.91,-0.005333420354872942,15.104646682739258,0.5246838331222534,0.0031448258609430013,0.02957916259765625,0.0003,0.18690758293838863,0.9308807134894092,2.96,0.44,1.47,5.49,0.2,0.0,0.0,0.2,0.0,0.15896739780902863,5.28,174.9,0.04223371122498065
887,29097984,30215.702,566,18.81,0.0,210.46,-0.009194895625114441,13.231698989868164,0.5215705633163452,0.0023438424622099774,0.02219390869140625,0.0003,0.2159297395517868,0.930648769574944,3.06,0.44,1.37,4.86,0.2,0.0,0.0,0.2,0.01,0.162799027338624,5.23,167.39,0.045299341320060194
888,29130752,30274.127,566,19.04,0.0,206.58,-0.004581299610435963,12.493095397949219,0.5177704095840454,0.007234737328190022,0.05133819580078125,0.0003,0.20213089802130899,0.9163802978235968,3.1,0.42,1.17,5.07,0.2,0.0,0.0,0.2,0.0,0.1463907839357853,5.1,167.42,0.04257203859742731
889,29163520,30332.049,566,20.72,0.0,239.99,-0.0058126323856413364,13.01783275604248,0.5223397612571716,0.0020652516492418727,0.0208587646484375,0.0003,0.19486320491345616,0.93521421107628,3.51,0.5,1.41,5.37,0.22,0.0,0.0,0.22,0.02,0.14813526503741742,5.65,181.88,0.045044476981274784
890,29196288,30389.967,566,17.2,0.0,186.0,-0.006229940801858902,14.375048637390137,0.5198599100112915,0.004514973829373048,0.03790283203125,0.0003,0.16945678168773487,0.9119496855345912,2.52,0.41,1.08,4.59,0.1,0.0,0.0,0.1,0.0,0.07351145088672638,4.35,156.14,0.043719840818084776
891,29229056,30446.733,566,18.39,0.0,197.8,-0.005229315720498562,13.895195007324219,0.4989459216594696,0.0023707887992259202,0.02227020263671875,0.0003,0.18724214535068232,0.9142526071842411,2.68,0.44,1.19,4.62,0.13,0.0,0.0,0.13,0.01,0.09651857882738113,5.03,169.53,0.0441392483189702
892,29261824,30505.406,566,18.83,0.0,208.41,-0.006068335380405188,12.828907012939453,0.49665194749832153,0.0033837630367656857,0.0300445556640625,0.0003,0.16830165542611894,0.9099201824401368,2.9,0.46,1.4,5.25,0.21,0.0,0.0,0.21,0.01,0.16846951425075532,5.05,168.0,0.04345887620002031
893,29294592,30560.427,566,19.88,0.0,214.9,-0.009094757959246635,13.487704277038574,0.4880250096321106,0.002563929441180335,0.022674560546875,0.0003,0.18556701030927836,0.9157894736842105,3.18,0.43,1.3,4.94,0.14,0.0,0.0,0.14,0.0,0.10539043128490448,5.28,171.88,0.04199032066389918
894,29327360,30619.211,566,16.6,0.0,178.37,-0.006346704438328743,12.848644256591797,0.5162155628204346,0.0019048965212959956,0.0180511474609375,0.0003,0.17198335644937587,0.9228723404255319,2.62,0.32,0.92,4.32,0.05,0.0,0.0,0.05,0.01,0.03938970565795898,4.22,148.18,0.0410410218173638
895,29360128,30676.2,566,17.9,0.0,195.5,-0.009776633232831955,12.52912425994873,0.5054473876953125,0.0030284696899229857,0.02252960205078125,0.0003,0.17823700355182434,0.9291617473435655,2.52,0.47,1.16,4.39,0.07,0.0,0.0,0.07,0.01,0.05266403049230575,4.75,158.77,0.044131341157481074
896,29392896,30732.352,566,18.49,0.0,206.88,-0.010627800598740578,13.719022750854492,0.49556446075439453,0.003975333746552678,0.0344085693359375,0.0003,0.22658888547743322,0.928409090909091,2.7,0.37,1.37,4.65,0.1,0.0,0.0,0.1,0.0,0.07186129555106163,5.23,162.92,0.04414957936387509
897,29425664,30789.877,566,17.79,0.0,198.38,-0.008144269697368145,11.728160858154297,0.5068738460540771,0.003737709006713885,0.0374908447265625,0.0003,0.19630925867006044,0.9178571428571428,2.29,0.38,1.27,4.64,0.14,0.0,0.0,0.14,0.0,0.1049117648601532,4.67,158.27,0.0373837158549577
898,29458432,30845.613,566,20.0,0.0,268.52,-0.009317319840192795,12.624364852905273,0.5101779699325562,0.0030559564628447333,0.02794647216796875,0.0003,0.17275449101796408,0.9174503657262278,3.92,0.37,1.31,5.27,0.1,0.0,0.0,0.1,0.0,0.07844626739621162,5.2,179.6,0.04185651591978967
899,29491200,30909.21,566,18.49,0.0,196.62,-0.008223354816436768,13.713590621948242,0.5173115730285645,0.002598412495729008,0.028411865234375,0.0003,0.1733074182053774,0.9128386336866903,3.26,0.47,1.22,4.85,0.12,0.0,0.0,0.12,0.01,0.10361806333065032,4.88,156.62,0.03748768649529666
900,29523968,30970.697,566,18.95,0.0,204.01,-0.007697112858295441,12.357431411743164,0.5244464874267578,0.0028500871917458426,0.0247955322265625,0.0003,0.2014366021236727,0.9311475409836065,2.85,0.58,1.35,4.41,0.05,0.0,0.0,0.05,0.01,0.028629395365715026,5.14,167.91,0.04050596896559
901,29556736,31030.336,566,18.38,0.0,245.86,-0.007932892069220543,12.780517578125,0.5215332508087158,0.0022058502162281,0.0219268798828125,0.0003,0.19196011218448114,0.9084507042253521,2.49,0.6,1.2,4.39,0.11,0.0,0.0,0.11,0.02,0.0880938696861267,5.1,164.92,0.04483881394844502
902,29589504,31086.276,566,18.51,0.0,199.94,-0.010578630492091179,14.278616905212402,0.5221181511878967,0.0027336445707817347,0.02313995361328125,0.0003,0.26796973518284994,0.9100346020761245,2.73,0.38,1.16,4.7,0.14,0.0,0.0,0.14,0.0,0.08097198836505413,4.87,165.46,0.04034938255790621
903,29622272,31143.752,566,18.34,0.0,204.11,-0.004826830700039864,14.56410026550293,0.5351767539978027,0.0024585900027886964,0.02495574951171875,0.0003,0.24289245982694685,0.918552036199095,3.06,0.42,1.35,4.62,0.25,0.0,0.0,0.25,0.01,0.20913476437330247,5.04,168.36,0.04150454152841121
904,29655040,31203.522,566,17.39,0.0,192.09,-0.009665482677519321,12.217133522033691,0.5469408631324768,0.00371072272452011,0.0354461669921875,0.0003,0.1861651259164807,0.9019607843137255,2.47,0.39,1.09,4.33,0.13,0.0,0.0,0.13,0.0,0.08785725340247154,4.33,155.08,0.041558693861588836
905,29687808,31262.381,566,17.51,0.0,191.51,-0.007859602570533752,13.248811721801758,0.5283691883087158,0.004569672164734584,0.0391845703125,0.0003,0.22506393861892582,0.9041916167664671,2.92,0.45,1.12,4.21,0.1,0.0,0.0,0.1,0.01,0.07750333487987518,4.55,154.3,0.04006657830905169
906,29720576,31320.515,566,17.97,0.0,211.11,-0.007636703550815582,13.521628379821777,0.538648247718811,0.0031105171169656387,0.02732086181640625,0.0003,0.20052083333333334,0.9010856453558505,3.56,0.49,1.12,4.57,0.2,0.0,0.0,0.2,0.01,0.16257912099361418,4.67,156.55,0.0421247222693637
907,29753344,31378.513,566,17.41,0.0,191.92,-0.007087930105626583,13.219160079956055,0.5413675308227539,0.0037515458429311366,0.03020477294921875,0.0003,0.25518806744487676,0.898034398034398,2.8,0.41,1.09,4.17,0.11,0.0,0.0,0.11,0.01,0.06334047570824623,4.58,156.71,0.03874979121610522
908,29786112,31438.94,565,18.6,0.0,209.03,-0.006796802394092083,13.788490295410156,0.5456259250640869,0.0038734195853749043,0.0364532470703125,0.0003,0.22708456534594915,0.8803222094361335,3.45,0.47,1.16,4.53,0.18,0.0,0.0,0.18,0.0,0.12597307026386262,5.16,166.23,0.041470375610515475
909,29818880,31497.167,565,17.17,0.0,190.78,-0.005400694906711578,14.984325408935547,0.5333822965621948,0.002203288207198284,0.0228424072265625,0.0003,0.26126126126126126,0.8775757575757576,2.88,0.38,1.13,4.1,0.09,0.0,0.0,0.09,0.0,0.07191459581255913,4.43,154.82,0.04135347518604249
910,29851648,31557.652,565,18.29,0.0,192.45,-0.006445831619203091,13.488336563110352,0.5309634208679199,0.005928057773626978,0.034517728365384616,0.0003,0.25984752223634056,0.8752969121140143,3.01,0.49,1.08,4.47,0.14,0.0,0.0,0.14,0.01,0.10702100813388825,4.65,158.48,0.04012071713805199
911,29884416,31617.707,565,17.1,0.0,189.51,-0.007729180157184601,13.372966766357422,0.5284913778305054,0.0021340447353850323,0.02011871337890625,0.0003,0.2927452860338766,0.8803945745992602,2.39,0.4,1.13,4.6,0.2,0.0,0.0,0.2,0.0,0.13715821728110314,4.39,156.51,0.04425231646746397
912,29917184,31674.708,565,18.81,0.0,200.39,-0.006250429432839155,14.173328399658203,0.525538444519043,0.0032912097994426404,0.03515625,0.0003,0.2294209702660407,0.8836944127708096,3.47,0.36,1.08,4.59,0.12,0.0,0.0,0.12,0.01,0.08018534570932388,4.93,170.66,0.03916853608097881
913,29949952,31731.834,565,18.82,0.0,206.67,-0.010092213749885559,12.854869842529297,0.533452033996582,0.003014687286508888,0.027313232421875,0.0003,0.23462002412545235,0.8742921857304643,3.21,0.42,1.27,4.88,0.13,0.0,0.0,0.13,0.02,0.10906547665596009,4.99,168.28,0.03875761141534895
914,29982720,31792.64,565,17.52,0.0,187.02,-0.008375145494937897,12.584110260009766,0.5490596294403076,0.004090456698918388,0.03469085693359375,0.0003,0.2697947214076246,0.8667481662591687,2.42,0.49,0.99,4.54,0.16,0.0,0.0,0.16,0.0,0.1275017750263214,4.46,156.52,0.03698035655543208
915,30015488,31851.911,565,18.31,0.0,198.13,-0.007988592609763145,12.793547630310059,0.5322988033294678,0.0026996297173695893,0.02407073974609375,0.0003,0.2597730138713745,0.8574739281575898,3.42,0.5,1.31,4.44,0.12,0.0,0.0,0.12,0.0,0.07129332348704338,4.9,160.85,0.038675713003613055
916,30048256,31911.44,565,18.01,0.0,198.1,-0.006695004645735025,14.06381893157959,0.4916920065879822,0.003784740395303743,0.03411865234375,0.0003,0.2656974945870708,0.8379310344827586,3.14,0.47,1.19,4.51,0.12,0.0,0.0,0.12,0.02,0.09962500035762786,4.9,167.81,0.044482469209469855
917,30081024,31967.101,565,19.94,0.0,214.95,-0.006021540611982346,16.909923553466797,0.4962310194969177,0.0014577389947589836,0.013397216796875,0.0003,0.21984150278837686,0.8722966014418125,4.18,0.55,1.57,4.98,0.23,0.0,0.0,0.23,0.0,0.18455139219760894,5.49,178.59,0.045143528492189944
918,30113792,32024.547,565,18.5,0.0,216.88,-0.008715104311704636,14.205410957336426,0.523993730545044,0.003099327406800967,0.02875518798828125,0.0003,0.287977632805219,0.8633818589025756,2.94,0.43,1.25,4.88,0.18,0.0,0.0,0.18,0.0,0.13833020895719528,5.15,170.48,0.0426930021494627
919,30146560,32081.47,565,19.65,0.0,210.89,-0.009073756635189056,13.473772048950195,0.5167338252067566,0.0027814067288431943,0.02591705322265625,0.0003,0.24947273275082857,0.8722044728434505,3.47,0.44,1.41,5.0,0.12,0.0,0.0,0.12,0.0,0.09403197705745697,5.26,175.32,0.04103438928723335
920,30179328,32140.861,565,17.3,0.0,184.75,-0.007129982579499483,12.834516525268555,0.5523978471755981,0.004080212533352778,0.0384521484375,0.0003,0.25605762933857235,0.8592777085927771,2.98,0.47,0.89,4.3,0.14,0.0,0.0,0.14,0.01,0.09993527501821518,4.21,156.3,0.04395914706401527
921,30212096,32201.382,565,19.68,0.0,213.08,-0.004118093755096197,13.234103202819824,0.518001139163971,0.0020353129813912574,0.01807403564453125,0.0003,0.2072770653146436,0.8700322234156821,3.33,0.56,1.22,5.05,0.15,0.0,0.0,0.15,0.0,0.11954870089888572,5.19,175.34,0.04175317822955549
922,30244864,32259.539,565,19.21,0.0,209.93,-0.009568475186824799,15.790557861328125,0.531843900680542,0.0035203674698323084,0.03160858154296875,0.0003,0.2116286339481088,0.8940092165898618,3.39,0.41,1.29,5.0,0.12,0.0,0.0,0.12,0.02,0.08078949689865113,5.26,169.59,0.045854263473302126
923,30277632,32318.367,565,19.42,0.0,211.65,-0.0052055055275559425,11.203425407409668,0.5241298079490662,0.0024194091878939616,0.02298736572265625,0.0003,0.19692307692307692,0.8788853161843515,2.99,0.56,1.23,5.45,0.1,0.0,0.0,0.1,0.01,0.07793333292007447,4.88,171.85,0.04212225298397243
924,30310400,32375.385,565,18.29,0.0,199.75,-0.008392533287405968,13.401577949523926,0.5530829429626465,0.0035055065319511414,0.03167724609375,0.0003,0.21330348576910776,0.8805256869772998,3.22,0.45,1.21,4.79,0.11,0.0,0.0,0.11,0.0,0.08511781573295593,5.02,162.1,0.042974710930138826
925,30343168,32437.278,565,18.86,0.0,198.49,-0.003526954911649227,13.009217262268066,0.5039085149765015,0.001743592690559126,0.01486968994140625,0.0003,0.2218740206831714,0.8370986920332937,3.08,0.42,1.19,4.5,0.13,0.0,0.0,0.13,0.0,0.10740104854106904,4.92,160.6,0.04241919668857008
926,30375936,32493.687,565,19.74,0.0,217.72,-0.010258627124130726,12.047935485839844,0.5401563048362732,0.004015413205252116,0.0363616943359375,0.0003,0.20192307692307693,0.8552188552188552,3.08,0.48,1.26,4.67,0.14,0.0,0.0,0.14,0.0,0.10192171216011048,5.17,171.0,0.0402625841088593
927,30408704,32552.888,565,17.51,0.0,191.94,-0.01029452495276928,12.894615173339844,0.5249072909355164,0.00296729588103517,0.02740478515625,0.0003,0.17867623084447343,0.8666666666666667,2.96,0.4,1.12,4.18,0.15,0.0,0.0,0.15,0.0,0.11336983859539032,4.41,155.96,0.04127638624049723
928,30441472,32615.916,565,18.16,0.0,206.11,-0.009560665115714073,12.780622482299805,0.5413001775741577,0.0047472086088191645,0.0386810302734375,0.0003,0.24236701290525653,0.8448074679113186,3.03,0.39,1.19,4.85,0.15,0.0,0.0,0.15,0.0,0.10295104503631591,4.72,161.52,0.03939816355705261
929,30474240,32675.753,565,18.67,0.0,202.78,-0.006140926852822304,16.589818954467773,0.536461353302002,0.0042982124210766415,0.04004669189453125,0.0003,0.24793388429752067,0.8794901506373117,3.29,0.58,1.15,4.51,0.18,0.0,0.0,0.18,0.01,0.13666391879320144,5.02,166.48,0.04166387999430299
930,30507008,32733.43,565,15.83,0.0,176.41,-0.003656829707324505,12.641134262084961,0.545589804649353,0.0024287649445113857,0.0229644775390625,0.0003,0.24234963067182555,0.864247311827957,2.36,0.47,1.01,3.99,0.14,0.0,0.0,0.14,0.01,0.09439528167247772,3.95,147.68,0.042826363700442016
931,30539776,32791.803,565,18.04,0.0,186.94,-0.006521528586745262,13.117685317993164,0.5479706525802612,0.0030393471608363143,0.025421142578125,0.0003,0.2542656406825025,0.8385093167701864,2.49,0.32,1.06,4.61,0.17,0.0,0.0,0.17,0.0,0.11610766619443894,4.49,154.83,0.03946110175456852
932,30572544,32849.699,565,17.68,0.0,197.3,-0.006411584094166756,15.035019874572754,0.5259710550308228,0.0034135251394218358,0.03374481201171875,0.0003,0.2052013954963527,0.860655737704918,2.75,0.37,1.36,4.69,0.09,0.0,0.0,0.09,0.01,0.06579050093889237,4.84,158.87,0.03922707086894661
933,30605312,32911.367,565,18.56,0.0,202.19,-0.008840428665280342,13.415678024291992,0.5443962812423706,0.004616647337456925,0.04232025146484375,0.0003,0.18759594719066625,0.8223981900452488,2.56,0.43,1.11,4.67,0.11,0.0,0.0,0.11,0.0,0.08106741935014725,4.76,161.61,0.03927703807130456
934,30638080,32969.882,565,19.08,0.0,212.95,-0.008526518940925598,12.70594596862793,0.5351161956787109,0.004001560179744956,0.0354766845703125,0.0003,0.20941176470588235,0.8224719101123595,2.8,0.52,1.42,5.15,0.12,0.0,0.0,0.12,0.01,0.0958536958694458,5.1,168.26,0.04215174925047904
935,30670848,33032.651,565,19.1,0.0,200.02,-0.00723135843873024,13.997176170349121,0.5207083225250244,0.003029554852673755,0.02747344970703125,0.0003,0.212367270455965,0.8610478359908884,2.88,0.39,1.31,4.51,0.08,0.0,0.0,0.08,0.02,0.06564893662929534,5.07,166.57,0.04244189686141908
936,30703616,33091.316,565,17.56,0.0,199.0,-0.004536560736596584,13.474512100219727,0.541459858417511,0.003339629332685945,0.03026580810546875,0.0003,0.25952529668956903,0.8513189448441247,3.11,0.46,1.07,4.76,0.16,0.0,0.0,0.16,0.0,0.12186966568231583,4.67,157.67,0.03860438521951437
937,30736384,33150.606,565,17.11,0.0,184.26,-0.0052520884200930595,13.531542778015137,0.5341848134994507,0.0032312901579416575,0.02994537353515625,0.0003,0.2338358458961474,0.8224543080939948,2.64,0.51,1.13,4.36,0.1,0.0,0.0,0.1,0.01,0.056010132879018786,4.33,152.01,0.04419440892525017
938,30769152,33209.778,565,17.76,0.0,192.04,-0.006894063204526901,12.920795440673828,0.546821653842926,0.002289755644824254,0.0212554931640625,0.0003,0.2630734680782804,0.8418491484184915,2.73,0.53,1.15,4.1,0.16,0.0,0.0,0.16,0.0,0.12411249190568924,4.67,153.99,0.039486058289185166
939,30801920,33269.122,565,17.45,0.0,195.96,-0.006612010300159454,13.165555953979492,0.5626260042190552,0.0038100573023029938,0.03713226318359375,0.0003,0.26908752327746743,0.8490338164251208,3.27,0.38,1.17,4.49,0.15,0.0,0.0,0.15,0.0,0.10751785784959793,4.5,159.09,0.03836929809767753
940,30834688,33325.377,565,19.75,0.0,216.97,-0.005459780804812908,13.610654830932617,0.5311691164970398,0.002756557249540492,0.029266357421875,0.0003,0.22813688212927757,0.8441692466460269,2.85,0.43,1.32,5.48,0.13,0.0,0.0,0.13,0.0,0.10547540783882141,4.97,173.82,0.04139146930538118
941,30867456,33383.141,565,18.64,0.0,232.97,-0.00618856493383646,13.130622863769531,0.5445064306259155,0.0034486070621824183,0.03029632568359375,0.0003,0.3030578262185892,0.8125714285714286,2.87,0.48,1.26,4.84,0.14,0.0,0.0,0.14,0.0,0.10993767023086548,5.04,168.05,0.03894623159430921
942,30900224,33440.941,565,17.13,0.0,187.73,-0.007329840678721666,14.649023056030273,0.5799221992492676,0.005606592288813772,0.04779815673828125,0.0003,0.33439287984742533,0.8481338481338482,2.36,0.39,0.98,4.43,0.13,0.0,0.0,0.13,0.01,0.1010578715801239,4.36,159.18,0.043045543250627816
943,30932992,33498.46,565,16.97,0.0,184.0,-0.008018354885280132,15.972110748291016,0.5831104516983032,0.003944275098746175,0.0420684814453125,0.0003,0.3100364359059291,0.8494208494208494,2.05,0.43,1.09,4.33,0.1,0.0,0.0,0.1,0.01,0.07284147575497628,4.49,155.97,0.04636153334286064
944,30965760,33558.263,565,16.69,0.0,181.65,-0.00988830253481865,15.249046325683594,0.5681362152099609,0.0023153791894401365,0.02435302734375,0.0003,0.33245208195637804,0.8560411311053985,2.31,0.45,0.86,4.26,0.1,0.0,0.0,0.1,0.02,0.07455832064151764,4.03,159.22,0.04716037749312818
945,30998528,33615.613,565,17.99,0.0,197.04,-0.004937478341162205,13.432121276855469,0.5300503969192505,0.003005076910085336,0.02773284912109375,0.0003,0.23454429572976418,0.8255813953488372,2.59,0.47,1.2,4.86,0.18,0.0,0.0,0.18,0.01,0.1305069015175104,4.77,163.2,0.043128547607921064
946,31031296,33676.758,565,16.67,0.0,175.23,-0.008379769511520863,13.023702621459961,0.5646302700042725,0.0032837007352100045,0.0311279296875,0.0003,0.32,0.8523035230352304,2.22,0.32,1.1,4.27,0.17,0.0,0.0,0.17,0.01,0.11607322037220001,4.43,154.33,0.040015088859945536
947,31064064,33735.27,565,17.74,0.0,196.15,-0.010787013918161392,11.943876266479492,0.5426672697067261,0.003356372924102402,0.03133392333984375,0.0003,0.24644549763033174,0.833943833943834,2.41,0.33,1.19,4.83,0.13,0.0,0.0,0.13,0.0,0.0771551713347435,4.79,166.67,0.04053522029425949
948,31096832,33795.152,565,17.8,0.0,193.09,-0.009402114897966385,12.854406356811523,0.5573523044586182,0.0041972959305667246,0.03676605224609375,0.0003,0.22121896162528218,0.8325183374083129,2.55,0.34,1.18,4.55,0.08,0.0,0.0,0.08,0.0,0.07212499976158142,4.61,159.05,0.0443559872219339
949,31129600,33853.53,565,17.76,0.0,189.69,-0.013087705709040165,13.68216609954834,0.5390605926513672,0.0028579391669154575,0.02680206298828125,0.0003,0.2870071105365223,0.8539719626168224,2.69,0.45,1.31,4.8,0.14,0.0,0.0,0.14,0.03,0.10846692591905593,4.86,165.87,0.04166037670802325
950,31162368,33911.52,565,17.85,0.0,189.46,-0.012416133657097816,13.694328308105469,0.5180017948150635,0.002884142488028374,0.02712249755859375,0.0003,0.30935960591133005,0.847394540942928,2.33,0.39,1.06,4.76,0.13,0.0,0.0,0.13,0.01,0.09186776801943779,4.86,160.87,0.03904760512523353
951,31195136,33973.164,565,16.74,0.0,178.61,-0.0074552069418132305,13.439905166625977,0.526307225227356,0.003211148830075672,0.02774810791015625,0.0003,0.31297185998627314,0.8352941176470589,2.93,0.44,0.91,4.37,0.09,0.0,0.0,0.09,0.01,0.06800735265016555,4.22,160.27,0.05066355399321765
952,31227904,34029.701,565,18.3,0.0,209.86,-0.0096068000420928,15.417966842651367,0.5096421241760254,0.002590464030390649,0.02433013916015625,0.0003,0.2803154781465659,0.8578088578088578,3.5,0.39,1.29,4.8,0.14,0.0,0.0,0.14,0.0,0.09973679304122925,5.07,168.97,0.04232375859282911
953,31260672,34087.597,565,18.29,0.0,198.48,-0.0028485506772994995,12.078804969787598,0.532863974571228,0.0016236771890021373,0.016143798828125,0.0003,0.3073579633654145,0.8722415795586528,2.59,0.45,1.16,5.08,0.12,0.0,0.0,0.12,0.01,0.09752851366996765,4.86,168.34,0.04113038652576506
954,31293440,34143.983,565,17.05,0.0,186.17,-0.008729253895580769,11.467971801757812,0.5403975248336792,0.0019890012654855127,0.0183868408203125,0.0003,0.315028901734104,0.8812351543942993,2.56,0.43,1.11,4.72,0.12,0.0,0.0,0.12,0.01,0.0872024530172348,4.48,163.03,0.04110438178759068
955,31326208,34199.674,565,18.34,0.0,198.63,-0.004269530065357685,11.149677276611328,0.5144392251968384,0.002157698231485483,0.022003173828125,0.0003,0.3359277708592777,0.8662053056516724,3.03,0.47,1.3,4.8,0.12,0.0,0.0,0.12,0.01,0.1034271788597107,4.96,167.59,0.03997243253979832
956,31358976,34257.65,565,16.9,0.0,179.31,-0.006337159778922796,14.321612358093262,0.5247907638549805,0.0019519038398811972,0.019134521484375,0.0003,0.2961047914512237,0.8576779026217228,2.78,0.37,1.08,4.62,0.1,0.0,0.0,0.1,0.03,0.08376525700092316,4.46,151.3,0.04297635250259191
957,31391744,34318.159,565,17.07,0.0,186.63,-0.008382890373468399,12.785330772399902,0.5322753190994263,0.0016380310433987688,0.0161895751953125,0.0003,0.286634460547504,0.8508771929824561,2.94,0.4,1.11,4.65,0.15,0.0,0.0,0.15,0.01,0.11655027329921723,4.56,156.27,0.03917329746764153
958,31424512,34377.072,565,17.27,0.0,191.02,-0.009217822924256325,11.398885726928711,0.5286993384361267,0.002361226370226177,0.0211334228515625,0.0003,0.22118275977280322,0.8499353169469599,2.59,0.36,1.27,4.62,0.11,0.0,0.0,0.11,0.01,0.09329338371753693,4.52,159.09,0.040911146090365946
959,31457280,34435.127,565,17.77,0.0,202.22,-0.008013874292373657,12.798399925231934,0.5051290988922119,0.004311436187208528,0.03667449951171875,0.0003,0.2198233562315996,0.8476190476190476,2.99,0.39,1.24,4.89,0.18,0.0,0.0,0.18,0.01,0.13733534127473832,4.95,164.43,0.04763497703243047
960,31490048,34492.858,565,17.3,0.0,182.42,-0.005426932591944933,10.953306198120117,0.5040361285209656,0.003566848078435214,0.02988433837890625,0.0003,0.20364637082903336,0.8557089084065245,2.58,0.46,1.23,4.6,0.15,0.0,0.0,0.15,0.0,0.12330096364021301,4.57,156.51,0.04184248705860227
961,31522816,34547.9,565,18.34,0.0,196.57,-0.00642903707921505,11.744608879089355,0.5157204270362854,0.004416195232238351,0.0367279052734375,0.0003,0.20102926986169187,0.8369690011481056,3.29,0.45,1.15,5.0,0.13,0.0,0.0,0.13,0.0,0.11801470458507538,4.69,162.4,0.041211828705854714
962,31555584,34605.056,565,19.33,0.0,206.91,-0.010213826783001423,12.458955764770508,0.49197572469711304,0.0030654491771429093,0.0241241455078125,0.0003,0.23977695167286245,0.8068057080131723,2.58,0.39,1.41,5.47,0.2,0.0,0.0,0.2,0.0,0.1525944545865059,5.36,172.2,0.044135797303169966
963,31588352,34662.219,565,18.5,0.0,297.19,-0.00282808649353683,12.350397109985352,0.4973933696746826,0.0027473572139911084,0.02422332763671875,0.0003,0.19616472807293303,0.8296460176991151,2.88,0.45,1.18,5.24,0.11,0.0,0.0,0.11,0.02,0.07346297681331634,4.69,161.46,0.042628959054127336
964,31621120,34715.905,565,19.23,0.0,214.16,-0.0024113235995173454,14.529081344604492,0.49035704135894775,0.0018970283437056423,0.0178680419921875,0.0003,0.2133804892425582,0.8335100742311771,2.57,0.47,1.34,5.28,0.1,0.0,0.0,0.1,0.02,0.06974252641201019,5.05,170.75,0.04478482122067362
965,31653888,34774.349,565,19.08,0.0,210.66,-0.00784095749258995,12.314611434936523,0.5082024335861206,0.002257338873050685,0.019927978515625,0.0003,0.21961752004935226,0.8209944751381215,3.23,0.46,1.33,5.29,0.1,0.0,0.0,0.1,0.0,0.06682881794869899,5.03,164.01,0.04059788945596665
966,31686656,34833.874,565,17.44,0.0,190.72,-0.00698389858007431,16.826519012451172,0.49780672788619995,0.0036450536342158557,0.02436065673828125,0.0003,0.20805592543275633,0.8489388264669163,2.84,0.32,1.27,4.72,0.09,0.0,0.0,0.09,0.0,0.08025000095367432,4.51,151.24,0.03813686338253319
967,31719424,34888.77,565,17.51,0.0,190.76,-0.00790187157690525,11.485734939575195,0.5338960886001587,0.0030631327329047053,0.02825927734375,0.0003,0.2007287181185823,0.843403205918619,2.64,0.4,1.32,4.68,0.18,0.0,0.0,0.18,0.0,0.15497199594974517,4.6,156.99,0.038593273144215345
968,31752192,34943.364,565,19.79,0.0,209.94,-0.0026685944758355618,11.753467559814453,0.5056034326553345,0.004819764764533829,0.02967071533203125,0.0003,0.20613903099608788,0.8493589743589743,2.81,0.47,1.47,5.36,0.14,0.0,0.0,0.14,0.01,0.09332212015986442,5.48,179.46,0.04170736903324723
969,31784960,35000.712,565,18.83,0.0,202.43,-0.00689301360398531,12.973716735839844,0.47972649335861206,0.0024211636015252225,0.020538330078125,0.0003,0.20327765521588403,0.8344671201814059,2.4,0.43,1.47,5.31,0.18,0.0,0.0,0.18,0.0,0.15352540224790573,5.24,167.64,0.04240837157703936
970,31817728,35059.389,565,19.16,0.0,219.81,-0.005567827261984348,12.946608543395996,0.52765953540802,0.0021648544256436253,0.01806640625,0.0003,0.2174732872407291,0.8500563697857948,2.54,0.48,1.48,5.0,0.16,0.0,0.0,0.16,0.01,0.1187339273095131,5.32,174.96,0.03990970889572054
971,31850496,35119.089,565,20.4,0.0,219.27,-0.0055118752643466,11.828011512756348,0.5163714289665222,0.002092000677322403,0.018798828125,0.0003,0.18685955394816153,0.8434959349593496,3.07,0.46,1.53,5.66,0.17,0.0,0.0,0.17,0.0,0.1365014371275902,5.54,180.74,0.04063294501975179
972,31883264,35175.37,565,17.65,0.0,189.07,-0.004783640615642071,11.743013381958008,0.5122987031936646,0.0016698666464094458,0.017730712890625,0.0003,0.22990406880582204,0.8594132029339854,2.71,0.38,1.12,4.91,0.12,0.0,0.0,0.12,0.0,0.09084496915340423,4.45,161.47,0.03838469670154154
973,31916032,35231.847,565,19.17,0.0,207.86,-0.008021851070225239,9.5423002243042,0.5238420963287354,0.00373998844537482,0.022247314453125,0.0003,0.197998123240538,0.8617256637168141,2.97,0.47,1.24,5.31,0.1,0.0,0.0,0.1,0.0,0.054420669376850125,4.97,174.58,0.03865240514278412
974,31948800,35291.708,565,17.39,0.0,187.64,-0.00785483792424202,10.257912635803223,0.521530270576477,0.0021417733811404105,0.01944732666015625,0.0003,0.1833887043189369,0.8496332518337408,2.69,0.44,1.25,4.77,0.11,0.0,0.0,0.11,0.0,0.08062500059604645,4.83,156.64,0.041703603928908706
975,31981568,35350.14,565,17.51,0.0,193.9,-0.007112281396985054,12.435935020446777,0.5236127376556396,0.0021869728798264987,0.0214996337890625,0.0003,0.20160771704180064,0.8733727810650888,2.63,0.35,1.18,4.88,0.11,0.0,0.0,0.11,0.0,0.08484961122274398,4.8,157.77,0.040774576482363045
