iter,global_step,wall_seconds,sps,ep_ret,win,ep_len,pg,v,ent,kl,clipfrac,lr,energy_unspent,card_take,upgrades,removes,elites,potions_got,potions_used,potions_used_elite,potions_used_boss,potions_used_normal,potions_expired,potion_use_hp,relics,hp_lost,aux,potion_ent
2775,90963968,102.867,318,28.02,0.0,148.29,9.978562593460083e-05,14.928571701049805,0.48932263255119324,0.000572392468001226,0.00461578369140625,0.0003,0.24641350210970464,0.8443708609271523,2.98,0.37,0.92,3.3,4.02,0.69,0.8,2.53,0.0,2.91098054677248,3.3,133.46,0.04341289331205189,nan
2775,90963968,100.396,326,26.52,0.0,142.42,0.0006300096865743399,14.812429428100586,0.4996243119239807,0.000494243813562889,0.0039215087890625,0.0003,0.2754182754182754,0.8456140350877193,2.44,0.37,0.85,3.19,3.62,0.72,0.61,2.29,0.01,2.564815866053104,3.17,128.06,0.042735406081192195,nan
2776,90996736,195.361,335,29.07,0.0,131.03,0.0004579667001962662,13.883522033691406,0.48894959688186646,0.00016561374825130315,0.00093841552734375,0.0003,0.3085955847815876,0.8496868475991649,2.35,0.19,0.75,2.59,3.39,0.63,0.62,2.14,0.0,2.5436356399953364,2.73,127.64,0.04542611911892891,nan
2777,91029504,277.52,354,26.69,0.0,137.38,0.00031884852796792984,14.348417282104492,0.511759340763092,0.0001340902753810269,0.0007781982421875,0.0003,0.3121951219512195,0.8117408906882592,1.94,0.23,0.69,2.89,3.23,0.5,0.72,2.01,0.01,2.4112324262410403,2.73,126.42,0.04483235185034573,nan
2778,91062272,371.259,353,27.41,0.0,161.36,-5.790870636701584e-05,15.528606414794922,0.4694194197654724,0.00013279396826249013,0.00081634521484375,0.0003,0.2934947049924357,0.8316831683168316,3.33,0.31,1.1,3.29,3.44,0.82,0.63,1.99,0.0,2.5811512795835734,3.81,145.35,0.04121863539330661,nan
2779,91095040,461.32,355,26.24,0.0,147.07,0.0004062638618052006,17.404949188232422,0.4981125593185425,0.0002056057663963884,0.00130462646484375,0.0003,0.24086108854589763,0.8114901256732495,2.5,0.36,0.89,3.0,3.41,0.78,0.61,2.02,0.01,2.490522495880723,3.27,127.82,0.040449987165629864,nan
2780,91127808,546.317,359,28.6,0.0,130.93,-0.00018300488591194153,13.357536315917969,0.5060869455337524,0.00014444537760027742,0.000579833984375,0.0003,0.316580554250822,0.8387755102040816,1.98,0.28,0.79,2.64,3.04,0.62,0.58,1.84,0.01,2.2600266683101653,2.67,127.22,0.04318719147704542,nan
2781,91160576,643.201,356,27.68,0.0,142.37,-0.0006420901045203209,13.474284172058105,0.5009793639183044,0.00013137035767840644,0.00072479248046875,0.0003,0.31271626297577854,0.8089285714285714,2.7,0.29,0.79,3.08,3.65,0.72,0.74,2.19,0.0,2.685980190951377,3.11,130.9,0.04089538031257689,nan
2782,91193344,733.618,357,25.44,0.0,150.78,0.0004083290696144104,16.538087844848633,0.5188276767730713,0.00012411527845301862,0.00077056884765625,0.0003,0.26839126919967665,0.8309352517985612,3.46,0.21,0.77,3.22,3.37,0.73,0.57,2.07,0.02,2.5379754907637833,3.2,129.12,0.04351962427608669,nan
2783,91226112,816.437,361,28.09,0.0,167.9,-0.011680119670927525,13.814679145812988,0.496822714805603,0.003823361399213354,0.033050537109375,0.0003,0.27407126611068994,0.7834890965732088,3.31,0.31,1.0,3.42,4.03,0.86,0.64,2.53,0.0,3.046058643460274,3.78,148.44,0.040446896571666,nan
2784,91258880,903.09,362,28.78,0.0,145.63,-0.007341273128986359,16.166690826416016,0.4672577381134033,0.0035639844303432255,0.03179931640625,0.0003,0.3026034997865984,0.8017391304347826,3.11,0.35,0.82,3.07,3.41,0.45,0.61,2.35,0.0,2.541450465992093,3.32,134.57,0.04008061985950917,nan
2785,91291648,1001.191,360,28.57,0.0,141.2,-0.007062781602144241,14.613349914550781,0.45065683126449585,0.0029857129107853098,0.02687835693359375,0.0003,0.2964912280701754,0.8206521739130435,2.74,0.35,0.78,2.85,3.2,0.63,0.58,1.99,0.0,2.456872602403164,3.01,128.59,0.03716996870934963,nan
2786,91324416,1093.212,359,28.63,0.0,136.7,-0.008857093751430511,14.381147384643555,0.48521456122398376,0.00262651594550789,0.0231475830078125,0.0003,0.2761467889908257,0.8210116731517509,2.35,0.28,0.73,2.93,3.18,0.64,0.5,2.04,0.01,2.397543370425701,3.07,126.6,0.0423454693518579,nan
2787,91357184,1181.305,360,24.38,0.0,133.28,-0.002659653313457966,13.05511474609375,0.48466822504997253,0.003506352031706683,0.0286712646484375,0.0003,0.3129370629370629,0.7555110220440882,2.28,0.25,0.7,2.83,3.17,0.6,0.47,2.1,0.0,2.370899527519941,2.72,119.21,0.04505554318893701,nan
2788,91389952,1264.71,362,26.54,0.0,141.41,-0.008157951757311821,11.852325439453125,0.4516630172729492,0.008075173415960535,0.0596771240234375,0.0003,0.2695191883546537,0.7965779467680608,2.97,0.24,0.84,2.88,3.18,0.61,0.54,2.03,0.01,2.5584288918972016,3.21,124.88,0.039183597662486136,nan
2789,91422720,1351.229,363,28.6,0.0,143.09,-0.006327733397483826,14.445384979248047,0.4774641692638397,0.003889726758245615,0.03609466552734375,0.0003,0.2825696316262354,0.8242990654205608,2.72,0.32,0.8,3.02,3.48,0.6,0.6,2.28,0.01,2.595891004502773,3.01,132.11,0.04198048508260399,nan
2790,91455488,1437.147,364,27.88,0.0,147.3,-0.008550485596060753,14.598806381225586,0.4516727924346924,0.004164748053369749,0.029571533203125,0.0003,0.2919123841617523,0.8119349005424955,2.73,0.31,0.99,3.03,3.36,0.7,0.72,1.94,0.01,2.520527560710907,3.42,129.5,0.036102635553106666,nan
2791,91488256,1520.64,366,26.34,0.0,148.82,-0.006332486867904663,19.201133728027344,0.4550841450691223,0.0037193450416452833,0.031829833984375,0.0003,0.27136306794497705,0.7623931623931623,3.46,0.23,0.82,3.09,3.41,0.61,0.64,2.16,0.01,2.618120400607586,3.34,133.66,0.04206020198762417,nan
2792,91521024,1607.088,367,28.84,0.0,146.71,-0.005208663642406464,12.452629089355469,0.47574174404144287,0.004893955471999334,0.03504180908203125,0.0003,0.21805792163543442,0.7888307155322862,2.55,0.46,0.9,3.08,3.36,0.65,0.56,2.15,0.0,2.4540740311145783,3.38,135.99,0.04534219019114971,nan
2793,91553792,1691.179,368,28.74,0.0,167.11,-0.005560936406254768,13.897673606872559,0.45537757873535156,0.002871900337027,0.025604248046875,0.0003,0.24423963133640553,0.7765793528505393,3.23,0.37,0.82,3.38,3.64,0.56,0.62,2.46,0.0,2.6752204243838786,3.46,146.26,0.04546565446071327,nan
2794,91586560,1779.028,368,27.77,0.0,130.56,-0.008906313218176365,15.08574104309082,0.44765692949295044,0.003474588788492383,0.031463623046875,0.0003,0.23854511100614076,0.7828685258964143,2.58,0.37,0.8,2.79,3.1,0.67,0.62,1.81,0.0,2.3820079778134824,2.95,121.4,0.04080021183472127,nan
2795,91619328,1866.757,368,30.68,0.0,159.86,-0.008540540933609009,15.284292221069336,0.4444427788257599,0.002956605137342194,0.02671051025390625,0.0003,0.22451456310679613,0.8051750380517504,3.93,0.35,1.04,3.73,3.91,0.71,0.62,2.58,0.0,2.819636602550745,3.73,144.21,0.038044264423660934,nan
2796,91652096,1950.979,369,28.36,0.0,142.91,-0.009280330501496792,13.888895034790039,0.46166977286338806,0.002426832682431268,0.02187347412109375,0.0003,0.2730544309491678,0.7523809523809524,2.69,0.2,0.8,2.95,3.45,0.53,0.79,2.13,0.0,2.633511005192995,3.06,133.14,0.041027570026926696,nan
2797,91684864,2046.85,368,27.45,0.0,131.28,-0.009729357436299324,13.121070861816406,0.4332599341869354,0.0027207000622411215,0.0224609375,0.0003,0.2527367920038077,0.7510204081632653,2.72,0.25,0.76,2.6,3.01,0.65,0.58,1.78,0.0,2.319450078010559,2.9,126.9,0.04105618572793901,nan
2798,91717632,2134.264,368,28.87,0.0,124.0,-0.008004769682884216,12.037853240966797,0.4551754593849182,0.0023559131940373845,0.02066802978515625,0.0003,0.22782258064516128,0.8179723502304147,2.1,0.19,0.68,2.48,2.98,0.59,0.54,1.85,0.0,2.073643939048052,2.49,113.55,0.03920201910659671,nan
2799,91750400,2218.118,369,27.42,0.0,161.5,-0.011077526956796646,11.441388130187988,0.44020941853523254,0.004050604717349415,0.03009033203125,0.0003,0.23351765206295194,0.7979094076655052,2.99,0.29,0.73,3.22,3.42,0.61,0.64,2.17,0.0,2.5330602745711803,3.14,128.47,0.04154056892730296,nan
2800,91783168,2296.562,370,25.57,0.0,153.06,-0.0063911243341863155,11.871252059936523,0.42998436093330383,0.002741655056155423,0.0261993408203125,0.0003,0.2569300786098469,0.8193202146690519,2.43,0.29,0.82,3.17,3.36,0.72,0.5,2.14,0.0,2.495385613888502,3.26,135.74,0.0411108456319198,nan
2801,91815936,2384.207,371,28.14,0.0,137.6,-0.00811807345598936,14.327079772949219,0.4419252276420593,0.0013506397663149983,0.01288604736328125,0.0003,0.28180129990714947,0.7879377431906615,2.71,0.22,0.75,2.45,2.74,0.61,0.49,1.64,0.0,1.9622098783403634,2.88,121.41,0.039816191303543746,nan
2802,91848704,2467.997,371,27.91,0.0,245.8,-0.00715633574873209,12.633703231811523,0.4423326253890991,0.0020822145706915762,0.01819610595703125,0.0003,0.27058823529411763,0.7644859813084112,2.69,0.21,0.88,3.13,3.45,0.59,0.6,2.26,0.01,2.524879297539592,3.23,128.63,0.03740044473670423,nan
2803,91881472,2548.826,372,28.43,0.0,159.25,-0.008809857070446014,15.45536994934082,0.42332738637924194,0.0037564328021346682,0.03022003173828125,0.0003,0.2391907973026577,0.7809983896940419,2.95,0.33,0.99,3.41,3.78,0.71,0.63,2.44,0.0,2.684287635087967,3.58,138.61,0.045442119357176125,nan
2804,91914240,2638.169,372,29.9,0.0,156.56,-0.007537746801972389,14.836167335510254,0.4441019892692566,0.0041340083906789005,0.0323333740234375,0.0003,0.27324171382376716,0.7935702199661591,2.93,0.43,0.89,3.16,3.55,0.65,0.69,2.21,0.0,2.6029329216480255,3.53,134.88,0.04051860573235899,nan
2805,91947008,2722.878,373,29.11,0.0,138.54,-0.009711886756122112,11.685355186462402,0.45328593254089355,0.004118303162869097,0.03441619873046875,0.0003,0.27559437166424067,0.7912524850894632,2.78,0.2,0.76,2.68,3.21,0.6,0.59,2.02,0.0,2.427401780486107,2.76,121.99,0.04635006852913648,nan
2806,91979776,2822.95,371,27.83,0.0,124.92,-0.01071874238550663,14.703547477722168,0.4773617684841156,0.005115829575174757,0.0355377197265625,0.0003,0.22314453125,0.7882096069868996,2.25,0.34,0.67,2.24,2.78,0.63,0.59,1.56,0.0,2.0886349660158157,2.54,117.26,0.03987869876436889,nan
2807,92012544,2917.84,370,26.89,0.0,154.52,-0.009323060512542725,16.709278106689453,0.47057634592056274,0.004616878781831701,0.03527069091796875,0.0003,0.22529971062422488,0.8081494057724957,3.1,0.23,0.8,2.94,3.31,0.57,0.71,2.03,0.01,2.458023475408554,3.23,129.71,0.043942732037976384,nan
2808,92045312,3012.199,369,29.89,0.0,152.08,-0.007579266093671322,15.52692985534668,0.47435030341148376,0.006480324140852645,0.04615020751953125,0.0003,0.25010490977759126,0.8031088082901554,2.89,0.28,0.85,3.57,3.92,0.74,0.8,2.38,0.0,2.9859509655833243,3.45,132.88,0.04515094880480319,nan
2809,92078080,3101.037,369,28.16,0.0,126.31,-0.003402579575777054,14.652382850646973,0.4636453092098236,0.0048854152175294985,0.044464111328125,0.0003,0.2898758357211079,0.8232758620689655,2.85,0.29,0.72,2.59,3.35,0.78,0.59,1.98,0.0,2.4086599633842707,2.68,118.8,0.03823580755852163,nan
2810,92110848,3182.143,370,27.5,0.0,151.29,-0.0034084608778357506,11.31657886505127,0.5074949264526367,0.002703531441625273,0.02585601806640625,0.0003,0.3471993410214168,0.8191881918819188,2.49,0.25,0.75,3.08,3.41,0.59,0.7,2.12,0.0,2.6023261114954948,2.93,131.26,0.03773799608461559,nan
2811,92143616,3273.993,370,26.99,0.0,134.87,-0.006647286470979452,13.742984771728516,0.49964872002601624,0.004026333167701068,0.0341339111328125,0.0003,0.3220413550373955,0.8028455284552846,2.46,0.21,0.73,2.59,2.87,0.57,0.54,1.76,0.0,2.114014842361212,2.69,124.19,0.04055701952893287,nan
2812,92176384,3358.781,370,27.18,0.0,157.26,-0.01048832107335329,13.832719802856445,0.5131678581237793,0.0020771677988591364,0.0200653076171875,0.0003,0.33700607902735563,0.8289703315881326,2.33,0.26,0.88,3.0,3.25,0.63,0.59,2.03,0.0,2.3679400488734244,3.19,140.6,0.04300772841088474,nan
2813,92209152,3445.603,370,29.14,0.0,166.93,-0.010710847564041615,17.034082412719727,0.4828798472881317,0.003509547765645493,0.03148651123046875,0.0003,0.2807160292921074,0.8059964726631393,3.01,0.35,0.94,3.15,3.43,0.64,0.73,2.06,0.0,2.519139967262745,3.3,137.73,0.04470394749660045,nan
2814,92241920,3541.433,370,27.71,0.0,160.23,-0.007940173149108887,14.884086608886719,0.49236229062080383,0.0044370064491374706,0.04267120361328125,0.0003,0.28717948717948716,0.8206785137318255,3.25,0.33,0.89,3.2,3.6,0.6,0.57,2.43,0.0,2.6804416916519402,3.43,143.65,0.042120586265809834,nan
2815,92274688,3629.054,370,25.61,0.0,150.1,-0.005607880651950836,15.278968811035156,0.5279725790023804,0.0020075344068004597,0.01676177978515625,0.0003,0.3330605564648118,0.8314814814814815,2.71,0.35,0.75,2.91,3.07,0.71,0.51,1.85,0.0,2.3044544684886934,3.04,128.07,0.04638642421923578,nan
2816,92307456,3718.497,370,26.77,0.0,142.95,-0.008282948285341263,14.683783531188965,0.49419525265693665,0.002628528086404458,0.0245208740234375,0.0003,0.27580225498699046,0.8462962962962963,2.69,0.23,0.86,2.99,3.21,0.63,0.5,2.08,0.0,2.366813172399998,3.17,125.3,0.0402963551459834,nan
2817,92340224,3806.696,370,26.06,0.0,152.18,-0.006654873490333557,14.398070335388184,0.4926179051399231,0.004111298731174884,0.03607177734375,0.0003,0.28346774193548385,0.8120689655172414,2.86,0.24,0.79,3.44,3.61,0.67,0.48,2.46,0.01,2.636155226305127,3.13,132.2,0.04277015558909625,nan
2818,92372992,3897.535,369,27.34,0.0,159.17,-0.007787414826452732,13.87984561920166,0.4591825008392334,0.005235903906736894,0.0402984619140625,0.0003,0.26782118405155053,0.8097560975609757,3.19,0.28,1.02,3.5,3.95,0.66,0.71,2.58,0.0,3.0941786560416222,3.47,139.82,0.037316057248972356,nan
2819,92405760,3991.088,369,26.95,0.0,141.4,-0.005330913234502077,16.953895568847656,0.46123450994491577,0.0022790375521708484,0.01979827880859375,0.0003,0.26083226083226085,0.8106617647058824,2.92,0.4,0.79,2.94,3.51,0.7,0.79,2.02,0.0,2.6030783993005753,3.15,132.59,0.03837023151572794,nan
2820,92438528,4090.469,368,25.82,0.0,123.61,-0.010478954762220383,14.774471282958984,0.47702163457870483,0.003554207161073464,0.02899932861328125,0.0003,0.29558541266794625,0.7900677200902935,2.28,0.21,0.69,2.6,3.45,0.62,0.73,2.1,0.0,2.444736375659704,2.53,116.43,0.04102338966913521,nan
2821,92471296,4196.293,367,27.56,0.0,127.35,-0.008140582591295242,14.050739288330078,0.49046871066093445,0.002911167560796457,0.023773193359375,0.0003,0.2973856209150327,0.8299776286353467,2.08,0.3,0.72,2.48,2.93,0.66,0.59,1.68,0.0,2.1442476229369642,2.63,121.21,0.04216504271607846,nan
2822,92504064,4310.583,364,25.82,0.0,134.01,-0.008121378719806671,14.994611740112305,0.4744017422199249,0.00347923790849336,0.02838897705078125,0.0003,0.2767612076852699,0.8229166666666666,2.36,0.27,0.8,2.86,3.36,0.67,0.6,2.09,0.0,2.5856027966737747,3.03,120.98,0.04307559039443731,nan
2823,92536832,4409.206,364,27.73,0.0,158.7,-0.010797744616866112,14.168344497680664,0.46849173307418823,0.004411785181218875,0.03704071044921875,0.0003,0.27529510961214165,0.8167539267015707,3.07,0.31,0.95,3.02,3.37,0.69,0.6,2.08,0.0,2.493530978858471,3.4,133.15,0.04133854096289724,nan
2824,92569600,4520.165,362,27.82,0.0,128.59,-0.008470067754387856,13.678982734680176,0.4560371935367584,0.003960434705277294,0.03546142578125,0.0003,0.2674800563115908,0.8183716075156576,2.21,0.33,0.82,2.8,3.32,0.71,0.62,1.99,0.0,2.5588753984123467,2.79,119.54,0.04298064101021737,nan
2825,92602368,4617.896,361,26.99,0.0,145.78,-0.012999881990253925,13.644065856933594,0.4409277141094208,0.004113138336606426,0.03079986572265625,0.0003,0.2867583834909716,0.8318425760286225,2.45,0.34,0.87,3.05,3.43,0.67,0.58,2.18,0.01,2.4576757755875587,3.14,128.74,0.0384866917738691,nan
2826,92635136,4725.406,360,24.4,0.01,144.22,-0.00586792454123497,14.112443923950195,0.47629955410957336,0.0026601383828506187,0.02532196044921875,0.0003,0.2706101537028412,0.7916666666666666,2.29,0.23,0.7,2.72,3.01,0.51,0.67,1.83,0.0,2.219071857482195,2.57,116.08,0.04143858328461647,nan
2827,92667904,4827.253,359,29.39,0.0,169.02,-0.009766967035830021,17.056554794311523,0.44956281781196594,0.003570511469831672,0.033203125,0.0003,0.25984848484848483,0.7897058823529411,3.38,0.51,1.01,4.02,4.34,0.82,0.85,2.67,0.0,3.144515129327774,3.98,147.18,0.03934799786657095,nan
2828,92700672,4941.471,358,28.23,0.0,139.28,-0.009161649271845818,15.382074356079102,0.44672343134880066,0.004083461949477396,0.035736083984375,0.0003,0.21995359628770303,0.8060263653483992,2.96,0.33,0.87,2.7,3.39,0.66,0.66,2.07,0.0,2.518156131953001,3.17,124.28,0.0401812904747203,nan
2829,92733440,5047.486,357,29.1,0.0,144.53,-0.004854459315538406,13.622481346130371,0.4552823007106781,0.0029720771487689035,0.03072357177734375,0.0003,0.2570815450643777,0.8172043010752689,2.54,0.25,0.88,3.09,3.57,0.69,0.61,2.27,0.0,2.7176290595531465,3.16,131.81,0.04247373586986214,nan
2830,92766208,5154.029,356,26.45,0.0,169.15,-0.006699970457702875,14.308122634887695,0.4694454073905945,0.001780328644713336,0.01807403564453125,0.0003,0.22164566345441067,0.8025936599423631,3.35,0.46,1.14,3.59,3.81,0.8,0.63,2.38,0.01,2.7480099691450595,3.89,142.04,0.0461953025078401,nan
2831,92798976,5260.684,355,27.68,0.0,137.56,-0.011439356952905655,16.214632034301758,0.4798002243041992,0.002918268526173051,0.02632904052734375,0.0003,0.2708240534521158,0.8343313373253493,2.21,0.25,0.77,2.63,3.04,0.54,0.63,1.87,0.0,2.2076407998800276,2.95,125.22,0.036664042272605,nan
2832,92831744,5368.289,354,27.06,0.0,141.46,-0.011767752468585968,16.08307647705078,0.4595623016357422,0.0040779948092222185,0.0377044677734375,0.0003,0.2380538662033015,0.8257713248638838,2.98,0.29,0.84,2.95,3.33,0.65,0.62,2.06,0.0,2.4517664152383802,3.03,130.67,0.038656123098917305,nan
2833,92864512,5467.103,353,27.87,0.0,228.39,-0.006208247505128384,15.931905746459961,0.4708491563796997,0.0026567505481693843,0.02294158935546875,0.0003,0.24578104716572913,0.7876588021778584,2.7,0.26,0.93,3.11,3.54,0.67,0.66,2.21,0.0,2.510293584316969,3.23,125.7,0.04125084343831986,nan
2834,92897280,5557.939,353,26.77,0.0,158.16,-0.0073120854794979095,14.40652084350586,0.4584961533546448,0.0017768638267625647,0.0174560546875,0.0003,0.24149517009659807,0.7877758913412564,3.3,0.35,0.95,3.22,3.71,0.79,0.68,2.24,0.0,2.6417326700687407,3.45,129.66,0.037922548479400575,nan
2835,92930048,5663.939,352,29.08,0.01,145.11,-0.010272150859236717,11.879377365112305,0.44815343618392944,0.0030153980996487917,0.0246734619140625,0.0003,0.2535953978906999,0.764,2.67,0.27,0.87,2.65,3.15,0.62,0.57,1.96,0.0,2.286152620613575,2.89,121.72,0.041779853287152946,nan
2836,92962816,5771.286,352,28.18,0.0,138.19,-0.010050727054476738,14.058025360107422,0.44145819544792175,0.0035589855699811324,0.0297088623046875,0.0003,0.25738972260118237,0.7781954887218046,2.33,0.31,0.83,2.88,3.45,0.65,0.61,2.19,0.0,2.4605281630158427,3.15,126.26,0.039780481019988656,nan
2837,92995584,5872.489,351,27.17,0.0,138.13,-0.006339264567941427,17.009519577026367,0.4627741575241089,0.0032289683332464847,0.03090667724609375,0.0003,0.24226110363391656,0.7867924528301887,2.44,0.32,0.96,2.85,3.07,0.7,0.57,1.8,0.0,2.1399430483579636,3.16,121.57,0.038855228340253234,nan
2838,93028352,5993.717,349,26.48,0.0,136.32,-0.00529719702899456,15.565937042236328,0.4416099786758423,0.0026501118698263326,0.02672576904296875,0.0003,0.2655064703257474,0.810077519379845,2.77,0.35,0.85,2.61,2.87,0.72,0.55,1.6,0.0,2.1071945121884346,2.85,124.41,0.0398836606182158,nan
2839,93061120,6101.019,349,27.81,0.0,156.77,-0.005318515468388796,13.471912384033203,0.45521682500839233,0.001567532707213104,0.0139923095703125,0.0003,0.2493927125506073,0.7890365448504983,3.08,0.49,1.1,3.24,3.68,0.83,0.67,2.18,0.0,2.6036428079009055,3.67,134.22,0.041497415164485574,nan
2840,93093888,6200.361,348,26.37,0.0,161.85,-0.006777660921216011,16.028690338134766,0.4545544683933258,0.002655547360973287,0.02397918701171875,0.0003,0.24215958713775307,0.796969696969697,3.32,0.45,0.91,3.34,3.71,0.65,0.63,2.43,0.0,2.6818431441485884,3.72,136.83,0.03716732340399176,nan
2841,93126656,6306.983,348,30.06,0.0,143.54,-0.00816826056689024,13.763824462890625,0.4578744173049927,0.0037767333210751985,0.03363800048828125,0.0003,0.22323049001814882,0.8039568345323741,3.26,0.29,0.88,2.99,3.6,0.7,0.74,2.16,0.0,2.692677031457424,3.21,130.74,0.040461508790031075,nan
2842,93159424,6409.755,347,29.45,0.0,129.48,-0.010641342028975487,12.493783950805664,0.4513954222202301,0.003516317452522566,0.02806854248046875,0.0003,0.242600679281902,0.7984344422700587,2.75,0.38,0.77,2.56,3.07,0.59,0.66,1.82,0.0,2.281136882826686,3.0,121.13,0.03935158776585013,nan
2843,93192192,6509.164,347,26.58,0.0,159.74,-0.008275584317743778,13.556862831115723,0.4487293064594269,0.00323581787640137,0.02816009521484375,0.0003,0.272294887039239,0.815668202764977,2.82,0.44,1.0,3.27,3.46,0.69,0.55,2.22,0.0,2.575655810981989,3.71,137.8,0.04039517021737993,nan
2844,93224960,6605.53,347,28.59,0.0,245.14,-0.0071258824318647385,14.403303146362305,0.4438406527042389,0.002209899888228506,0.02008819580078125,0.0003,0.2725647899910634,0.8149405772495756,3.38,0.33,1.09,3.13,3.85,0.86,0.71,2.28,0.0,2.8143378161638974,3.74,133.63,0.03753574762959033,nan
2845,93257728,6714.671,346,26.31,0.0,148.79,-0.004084578715264797,16.38288116455078,0.4561602473258972,0.003073701305453369,0.028045654296875,0.0003,0.2143467122117848,0.8294314381270903,3.46,0.33,0.87,3.09,3.4,0.65,0.69,2.06,0.01,2.4913009005784987,3.38,129.93,0.04172860214021057,nan
2846,93290496,6818.815,345,27.04,0.0,224.98,-0.006635231897234917,17.581533432006836,0.43794679641723633,0.0027317604851759825,0.02574920654296875,0.0003,0.2356115107913669,0.8036697247706422,2.42,0.27,0.77,2.97,3.2,0.57,0.63,2.0,0.0,2.4450738772749903,3.29,125.65,0.04076441377401352,nan
2847,93323264,6918.238,345,27.24,0.0,148.08,-0.009554494172334671,13.540481567382812,0.43262147903442383,0.0036918972025148378,0.02999114990234375,0.0003,0.28372497824194953,0.8394415357766143,2.95,0.34,0.92,3.23,3.49,0.64,0.74,2.11,0.0,2.6829613837599755,3.22,127.65,0.04086347750853747,nan
2848,93356032,7028.099,345,28.09,0.0,145.93,-0.00948911253362894,13.516058921813965,0.44241607189178467,0.0022368888716073343,0.01969146728515625,0.0003,0.21629822280017338,0.7574750830564784,3.07,0.4,0.77,3.14,3.44,0.68,0.63,2.13,0.0,2.5363242722302677,3.26,131.22,0.03803945437539369,nan
2849,93388800,7131.305,344,27.37,0.0,165.8,-0.004895132500678301,15.527281761169434,0.4325243830680847,0.002546439644788734,0.0214385986328125,0.0003,0.2716673144189662,0.7996965098634294,3.64,0.44,1.07,3.75,4.14,0.88,0.69,2.57,0.0,3.1295366823673247,3.74,146.74,0.03929192409850657,nan
2850,93421568,7231.793,344,29.73,0.0,150.37,-0.00945589691400528,12.86775016784668,0.43198782205581665,0.0034657249356655484,0.03220367431640625,0.0003,0.23369330453563714,0.8151986183074266,3.61,0.36,0.92,3.38,3.77,0.62,0.62,2.53,0.01,2.8902869784832,3.41,133.3,0.03701406507752836,nan
2851,93454336,7337.408,343,26.48,0.0,252.06,-0.008406987413764,14.664806365966797,0.43034136295318604,0.003272388215137312,0.02997589111328125,0.0003,0.2261264985531211,0.7839506172839507,3.51,0.43,0.81,3.25,3.45,0.68,0.57,2.2,0.01,2.41717225804925,3.55,135.13,0.03957792976871133,nan
2852,93487104,7443.321,343,27.34,0.0,132.64,-0.006008163094520569,14.747645378112793,0.4222843647003174,0.0018140123512466744,0.017181396484375,0.0003,0.21322472448490656,0.8294573643410853,2.74,0.32,0.85,2.8,3.21,0.68,0.61,1.92,0.0,2.285160883665085,2.86,114.86,0.041880228789523244,nan
2853,93519872,7543.984,343,28.46,0.0,144.68,-0.009799251332879066,15.812871932983398,0.4277780055999756,0.002128573752884222,0.01741790771484375,0.0003,0.2403677758318739,0.8206429780033841,2.94,0.27,0.94,3.21,3.41,0.68,0.62,2.11,0.0,2.3597243051975965,3.38,129.52,0.03734998719301075,nan
2854,93552640,7665.111,341,28.75,0.0,233.28,-0.00829317793250084,13.373701095581055,0.463635116815567,0.004462659989656004,0.03029632568359375,0.0003,0.2512844465203176,0.785140562248996,3.4,0.29,0.76,2.72,3.13,0.62,0.65,1.86,0.01,2.276238204687834,2.85,119.16,0.03827253624331206,nan
2855,93585408,7786.919,340,26.59,0.0,133.26,-0.0050300778821110725,14.42751407623291,0.4499839246273041,0.003370622103943788,0.02974700927734375,0.0003,0.2463837994214079,0.7676190476190476,2.5,0.22,0.84,2.69,3.22,0.75,0.52,1.95,0.0,2.3371681057661773,2.82,124.53,0.04304690635763109,nan
2856,93618176,7898.713,340,29.75,0.0,177.73,-0.0064948806539177895,13.462034225463867,0.4505842924118042,0.0034770483172081867,0.03102874755859375,0.0003,0.21651031894934333,0.7982832618025751,3.81,0.37,1.02,3.52,3.8,0.71,0.69,2.4,0.0,2.755935373008251,3.96,147.27,0.04198542353697121,nan
2857,93650944,8003.531,339,28.55,0.0,121.58,-0.0071645379066467285,12.049495697021484,0.45347195863723755,0.0030271037479678853,0.02873992919921875,0.0003,0.23780487804878048,0.8322295805739515,2.8,0.25,0.84,2.34,2.79,0.74,0.55,1.5,0.0,1.9648147749900817,2.66,122.87,0.036622104700654745,nan
2858,93683712,8093.858,340,26.82,0.0,144.82,-0.008385978639125824,13.378101348876953,0.4652998745441437,0.0032502295808853887,0.030364990234375,0.0003,0.22343681679055533,0.8433098591549296,3.11,0.43,0.74,3.32,3.74,0.61,0.72,2.41,0.0,2.696068284958601,3.2,124.3,0.037989575299434364,nan
2859,93716480,8180.221,340,27.72,0.0,141.35,-0.005672050639986992,17.103511810302734,0.4530356526374817,0.003471900066216449,0.03246307373046875,0.0003,0.28176549264378065,0.8185117967332124,3.13,0.37,0.82,2.8,3.05,0.52,0.67,1.86,0.0,2.2460598799586298,3.22,126.82,0.041562752216123044,nan
2860,93749248,8271.018,340,25.32,0.0,180.46,-0.009000960737466812,13.244157791137695,0.46088695526123047,0.0028011868829764808,0.024322509765625,0.0003,0.22695035460992907,0.8161120840630472,3.01,0.37,0.85,3.0,3.27,0.62,0.55,2.1,0.0,2.325689454972744,3.21,128.64,0.03785761853214353,nan
2861,93782016,8363.566,340,27.04,0.0,144.17,-0.008149520494043827,14.513829231262207,0.48476850986480713,0.0036945968189456835,0.0354766845703125,0.0003,0.22864768683274023,0.8429602888086642,2.75,0.27,0.85,2.65,2.92,0.55,0.65,1.72,0.0,2.0755246414244173,3.21,122.51,0.03622523136436939,nan
2862,93814784,8476.678,340,27.62,0.0,157.51,-0.006068744696676731,14.206660270690918,0.481076180934906,0.0019173681750999094,0.0185546875,0.0003,0.29692965410027206,0.791869918699187,2.71,0.3,0.84,3.05,3.28,0.58,0.6,2.1,0.0,2.441507094055414,3.34,140.03,0.039774329517968,nan
2863,93847552,8582.554,339,28.03,0.0,135.2,-0.009560605511069298,15.974929809570312,0.47442495822906494,0.0031928353612329374,0.02923583984375,0.0003,0.27751423149905124,0.8393881453154876,3.13,0.37,0.92,3.13,3.61,0.77,0.73,2.11,0.0,2.6326925069093705,3.24,124.2,0.042328120209276676,nan
2864,93880320,8674.493,339,26.69,0.0,145.39,-0.010244598612189293,15.379888534545898,0.468464732170105,0.004094055337930058,0.03418731689453125,0.0003,0.2834448160535117,0.7932862190812721,2.78,0.33,0.82,2.81,3.09,0.58,0.5,2.01,0.0,2.186830784678459,3.11,129.98,0.039885984268039465,nan
2865,93913088,8778.969,339,27.74,0.0,136.77,-0.007255466654896736,14.706388473510742,0.46138519048690796,0.0021956503194360266,0.020477294921875,0.0003,0.2513416815742397,0.8121442125237192,2.85,0.34,0.83,2.83,3.2,0.54,0.63,2.03,0.01,2.3168652142584323,3.02,121.48,0.041685247910209,nan
2866,93945856,8884.576,339,27.34,0.0,151.8,-0.008311956189572811,17.67104721069336,0.4676017463207245,0.0024779876380875976,0.02298736572265625,0.0003,0.2882882882882883,0.7965217391304348,3.35,0.32,0.91,3.29,3.5,0.64,0.55,2.31,0.0,2.5517784571647644,3.33,134.96,0.03907407366205007,nan
2867,93978624,8999.61,338,26.33,0.0,160.18,-0.004538547247648239,18.013256072998047,0.4903230369091034,0.0017563996044600572,0.01529693603515625,0.0003,0.3081123244929797,0.784219001610306,3.61,0.4,0.81,3.44,3.65,0.56,0.73,2.36,0.0,2.6395905137062075,3.47,137.44,0.03928747947793454,nan
2868,94011392,9126.114,337,27.86,0.0,156.99,-0.009255873039364815,15.176898956298828,0.44935232400894165,0.002997414517381003,0.02715301513671875,0.0003,0.2610536218250235,0.7926829268292683,2.27,0.3,0.84,2.82,3.44,0.72,0.63,2.09,0.0,2.5173754565417767,2.97,124.02,0.041216498939320445,nan
2869,94044160,9247.358,336,26.89,0.0,140.67,-0.0040550618432462215,16.976943969726562,0.4921629726886749,0.004261581732521336,0.04135894775390625,0.0003,0.30618466898954705,0.7974683544303798,3.21,0.26,0.84,2.99,3.25,0.63,0.55,2.07,0.01,2.411973701864481,3.27,131.56,0.04495412134565413,nan
2870,94076928,9351.123,336,27.14,0.0,124.32,-0.008003090508282185,15.97618293762207,0.4776328206062317,0.0015417921337075313,0.01483154296875,0.0003,0.38321342925659474,0.7860262008733624,2.67,0.39,0.7,2.5,2.8,0.49,0.6,1.71,0.0,2.0465398189425468,2.74,120.73,0.03811216959729791,nan
2871,94109696,9477.069,335,28.28,0.0,126.93,-0.008135751821100712,16.300559997558594,0.47544413805007935,0.00256216651010277,0.021240234375,0.0003,0.3659320477502296,0.8008658008658008,2.61,0.26,0.84,2.45,2.86,0.71,0.59,1.56,0.0,2.036633995771408,2.84,126.3,0.04250791668891907,nan
2872,94142464,9602.139,334,25.47,0.0,129.16,-0.005120282061398029,16.122501373291016,0.46118640899658203,0.004053038612255477,0.0353546142578125,0.0003,0.38606143970655665,0.7976424361493124,2.32,0.23,0.72,3.08,3.45,0.66,0.55,2.24,0.0,2.4822973293066024,2.72,122.43,0.03797752142418176,nan
2873,94175232,9719.678,333,26.21,0.0,145.52,-0.007276215590536594,15.076189041137695,0.4671020209789276,0.003169939999992266,0.0293121337890625,0.0003,0.2979253112033195,0.8073555166374781,2.99,0.29,0.74,3.07,3.43,0.65,0.54,2.24,0.01,2.5723575212061407,3.39,128.77,0.03980475745629519,nan
2874,94208000,9840.7,332,27.94,0.0,135.58,-0.008059658110141754,13.090385437011719,0.4764479994773865,0.002784764210787216,0.02677154541015625,0.0003,0.31220876048462254,0.7893700787401575,2.21,0.3,0.73,2.93,3.26,0.72,0.58,1.96,0.0,2.4286153661459684,2.98,126.32,0.03882437013089657,nan
2875,94240768,9961.306,332,27.58,0.0,135.04,-0.006530797574669123,16.971097946166992,0.4689977169036865,0.0047850689887809494,0.0431365966796875,0.0003,0.3630331753554502,0.7879377431906615,2.87,0.36,0.69,2.83,3.3,0.6,0.52,2.18,0.0,2.3713563711941243,3.01,125.63,0.04574252828024328,nan
2876,94273536,10076.633,331,27.67,0.0,147.01,-0.006084179040044546,14.838977813720703,0.45909810066223145,0.003269794308408791,0.0283355712890625,0.0003,0.3361811191798377,0.8455008488964346,2.81,0.28,0.92,3.12,3.41,0.55,0.69,2.17,0.0,2.5202232057601215,3.15,133.66,0.039976790896616876,nan
2877,94306304,10197.184,330,28.61,0.01,126.27,-0.009229830466210842,16.98064613342285,0.4702778458595276,0.0026251706242987893,0.024322509765625,0.0003,0.2801745031507513,0.8688524590163934,2.86,0.34,0.63,2.52,2.99,0.54,0.63,1.82,0.02,2.1593537497520447,2.6,121.63,0.04110303695779294,nan
2878,94339072,10319.926,330,30.08,0.0,132.96,-0.010503307916224003,16.05551528930664,0.4597734808921814,0.003143705549803144,0.02678680419921875,0.0003,0.29931972789115646,0.8680688336520076,2.71,0.36,0.7,2.67,2.99,0.62,0.52,1.85,0.0,2.2297183123230933,2.76,125.76,0.035169991897419095,nan
2879,94371840,10451.639,329,28.2,0.0,131.38,-0.009639663621783257,13.932022094726562,0.47592639923095703,0.005200851198452483,0.04213714599609375,0.0003,0.31524789522918617,0.849609375,2.51,0.26,0.86,2.8,3.33,0.69,0.7,1.94,0.0,2.48585405215621,2.98,122.79,0.038548815064132214,nan
2880,94404608,10570.904,328,28.12,0.0,193.27,-0.007446987554430962,14.951583862304688,0.46402376890182495,0.003346374144797437,0.0304412841796875,0.0003,0.30823529411764705,0.8157349896480331,2.6,0.29,0.7,2.32,2.81,0.54,0.59,1.68,0.0,2.0854351538419724,2.82,126.72,0.04347761091776192,nan
2881,94437376,10683.434,328,27.43,0.0,186.59,-0.010637214407324791,16.254316329956055,0.4459044933319092,0.0029784715766822956,0.02492523193359375,0.0003,0.2912488605287147,0.8454198473282443,2.81,0.33,0.81,2.75,3.08,0.67,0.55,1.86,0.0,2.2452213113754986,2.94,132.14,0.043424741947092116,nan
2882,94470144,10784.839,328,25.68,0.0,149.22,-0.008354307152330875,16.800077438354492,0.5003113150596619,0.003386120577829388,0.02777099609375,0.0003,0.2879581151832461,0.8515497553017944,3.46,0.33,0.8,3.28,3.76,0.6,0.75,2.41,0.0,2.7795086754858493,3.37,133.75,0.04284340993035585,nan
2883,94502912,10894.525,327,27.74,0.0,156.85,-0.006477873772382736,14.453094482421875,0.4625794291496277,0.002291936589671195,0.02104949951171875,0.0003,0.3270951993490643,0.8414239482200647,3.39,0.34,0.84,3.2,3.51,0.59,0.68,2.24,0.0,2.6125681421160696,3.7,139.61,0.04321968473959714,nan
2884,94535680,11009.966,327,26.53,0.01,138.84,-0.007461261935532093,14.533262252807617,0.46354052424430847,0.0037272569441597625,0.03235626220703125,0.0003,0.2852033974072418,0.8553345388788427,2.87,0.29,0.76,2.73,3.11,0.55,0.65,1.91,0.0,2.1878214558400213,2.85,124.84,0.041092466562986374,nan
2885,94568448,11133.662,326,25.6,0.0,119.86,-0.010801030322909355,13.822408676147461,0.47085148096084595,0.0032400886525465467,0.02845001220703125,0.0003,0.2656716417910448,0.801762114537445,2.35,0.28,0.72,2.27,2.58,0.57,0.46,1.55,0.0,1.849426270276308,2.62,117.55,0.039565282640978694,nan
2886,94601216,11250.052,326,30.2,0.0,128.81,-0.007269483990967274,15.5541410446167,0.4544416666030884,0.002157238274548945,0.0211639404296875,0.0003,0.23466407010710807,0.8050682261208577,2.87,0.24,0.84,2.85,3.13,0.57,0.45,2.11,0.0,2.326982540488243,2.9,120.69,0.03927224641665816,nan
2887,94633984,11366.623,325,28.87,0.0,136.56,-0.004335045348852873,18.536012649536133,0.46705159544944763,0.0022498956199115128,0.02093505859375,0.0003,0.3056727613689639,0.7869822485207101,3.15,0.18,0.79,2.67,3.03,0.47,0.59,1.97,0.0,2.2903428173810245,3.02,123.57,0.043825165601447225,nan
2888,94666752,11483.72,325,28.47,0.0,181.63,-0.008235225453972816,16.234262466430664,0.48308810591697693,0.003321564432454238,0.02838134765625,0.0003,0.26941747572815533,0.7970049916805324,3.43,0.31,1.12,3.28,3.71,0.82,0.62,2.27,0.0,2.7124537348002193,3.72,142.11,0.044022650574333966,nan
2889,94699520,11607.135,324,29.32,0.0,144.74,-0.006735627073794603,15.391057014465332,0.4621692895889282,0.0037124928554135295,0.03371429443359375,0.0003,0.26,0.7939068100358423,2.99,0.35,0.99,2.95,3.66,0.74,0.74,2.18,0.0,2.759257738441229,3.41,134.83,0.04137045028619468,nan
2890,94732288,11724.523,324,28.33,0.0,138.03,-0.005376551300287247,12.877069473266602,0.47012603282928467,0.004123333172316279,0.0360260009765625,0.0003,0.23998219056099732,0.812962962962963,2.6,0.31,0.84,2.75,3.13,0.65,0.6,1.88,0.0,2.4112484000623224,3.03,130.69,0.042351904208771884,nan
2891,94765056,11847.451,323,27.25,0.01,155.19,-0.005966503173112869,12.511760711669922,0.47485965490341187,0.0020903417749877917,0.0195159912109375,0.0003,0.3112157534246575,0.8013816925734024,2.68,0.37,0.95,3.08,3.44,0.68,0.67,2.09,0.0,2.5550833395123482,3.39,130.64,0.04035446874331683,nan
2892,94797824,11964.355,323,28.95,0.0,161.07,-0.011457123793661594,15.408500671386719,0.45923200249671936,0.0037927168292526403,0.0319976806640625,0.0003,0.2779540047581285,0.8091603053435115,3.74,0.26,0.88,3.55,3.94,0.71,0.69,2.54,0.0,2.959534819573164,3.69,142.83,0.03971992083825171,nan
2893,94830592,12072.483,322,25.8,0.0,139.82,-0.008021674118936062,15.592386245727539,0.49301284551620483,0.004503204343834,0.036773681640625,0.0003,0.25990422289943405,0.8114901256732495,2.94,0.23,0.77,3.08,3.42,0.55,0.62,2.25,0.0,2.5382156774401663,3.09,132.17,0.045729610370472074,nan
2894,94863360,12183.334,322,27.99,0.0,121.97,-0.00888080708682537,14.581913948059082,0.49931052327156067,0.0028449916179056345,0.0281829833984375,0.0003,0.27497527200791294,0.8138528138528138,2.85,0.28,0.53,2.61,3.14,0.5,0.63,2.01,0.0,2.2888747053593397,2.64,118.02,0.04255709028802812,nan
2895,94896128,12304.628,322,27.97,0.01,130.7,-0.006275971420109272,13.6329345703125,0.49659812450408936,0.0022065354380629287,0.0211029052734375,0.0003,0.25695426685525696,0.8092485549132948,2.85,0.27,0.75,2.68,3.19,0.73,0.49,1.97,0.01,2.3079072139412165,2.91,123.75,0.04113733652047813,nan
2896,94928896,12421.687,321,25.53,0.0,157.73,-0.009023118764162064,14.60962963104248,0.48325446248054504,0.0029267964661698898,0.02889251708984375,0.0003,0.2872257053291536,0.8163934426229508,2.88,0.24,0.82,3.23,3.48,0.58,0.6,2.3,0.0,2.5611455546319486,3.28,132.71,0.03907178470399231,nan
2897,94961664,12537.26,321,26.97,0.0,135.81,-0.0070091234520077705,14.201190948486328,0.49119311571121216,0.0036578613684241645,0.03275299072265625,0.0003,0.296398891966759,0.797373358348968,2.43,0.22,0.85,2.73,3.22,0.66,0.6,1.96,0.0,2.3792038105428217,3.06,124.31,0.04140374006237835,nan
2898,94994432,12656.669,321,27.06,0.0,141.63,-0.008623152039945126,15.39111042022705,0.4843413233757019,0.003460892331759169,0.0303802490234375,0.0003,0.3098652759669709,0.8324022346368715,3.27,0.24,0.67,2.95,3.32,0.53,0.55,2.24,0.0,2.4512134797871115,3.03,128.96,0.0411781418370083,nan
2899,95027200,12771.415,320,25.07,0.0,241.15,-0.004557616077363491,16.697002410888672,0.4943413734436035,0.004923686369039615,0.05010986328125,0.0003,0.2967128027681661,0.8252595155709342,3.17,0.27,0.81,3.0,3.16,0.7,0.49,1.97,0.03,2.293411226272583,2.96,128.11,0.04440788249485195,nan
2900,95059968,12878.87,320,27.16,0.0,138.52,-0.008129164576530457,15.382368087768555,0.5082168579101562,0.003068401668997467,0.02978515625,0.0003,0.29750223015165034,0.8168761220825853,2.71,0.37,0.84,2.9,3.32,0.69,0.65,1.98,0.01,2.4952809208631517,3.19,126.56,0.033382211928255856,nan
2901,95092736,13001.409,320,26.36,0.0,128.3,-0.007134285755455494,13.351200103759766,0.5006320476531982,0.002506229112384517,0.02248382568359375,0.0003,0.26058631921824105,0.8166666666666667,2.79,0.21,0.78,2.62,2.98,0.54,0.52,1.92,0.0,2.191289969831705,2.95,120.0,0.03520144650246948,nan
2902,95125504,13124.177,319,26.12,0.0,127.84,-0.008020416833460331,14.712018966674805,0.48064765334129333,0.0029002598452052553,0.02452850341796875,0.0003,0.29551954242135364,0.8381147540983607,2.7,0.28,0.85,2.64,2.9,0.56,0.62,1.72,0.0,2.184636217057705,2.83,120.85,0.04275873501319438,nan
2903,95158272,13246.184,319,27.86,0.0,140.9,-0.010058913379907608,15.820525169372559,0.506251871585846,0.0045607970518517504,0.0387725830078125,0.0003,0.2719891745602165,0.8111888111888111,3.26,0.31,0.9,2.79,3.2,0.62,0.63,1.95,0.0,2.3338801211118696,3.21,130.0,0.0387198788812384,nan
2904,95191040,13353.437,319,29.47,0.0,160.89,-0.005814840085804462,16.98349380493164,0.49605101346969604,0.0023848763179898924,0.02193450927734375,0.0003,0.33127572016460904,0.7626016260162601,3.5,0.26,1.16,3.53,3.98,0.89,0.79,2.3,0.0,2.994692892730236,4.04,140.57,0.04248222173191607,nan
2905,95223808,13461.394,318,29.64,0.0,127.42,-0.006485937163233757,14.916634559631348,0.4793736934661865,0.001394682488609078,0.0138397216796875,0.0003,0.33250743310208125,0.8304347826086956,2.15,0.21,0.76,2.33,3.0,0.73,0.6,1.67,0.0,2.2567234373092653,2.68,122.29,0.04260462149977684,nan
2906,95256576,13564.597,318,26.48,0.0,169.89,-0.01017055008560419,16.107839584350586,0.5139985084533691,0.0017526008739849885,0.01586151123046875,0.0003,0.2593283582089552,0.7969924812030075,3.35,0.35,0.87,3.67,4.14,0.76,0.71,2.67,0.03,3.024731848239899,3.71,142.31,0.04285683867055923,nan
2907,95289344,13681.847,318,29.42,0.0,140.28,-0.006996626034379005,14.378231048583984,0.50003981590271,0.002128992273554786,0.01922607421875,0.0003,0.3660477453580902,0.7962962962962963,2.3,0.29,0.83,2.81,3.09,0.54,0.47,2.08,0.0,2.243295946866274,3.14,126.7,0.04355298890732229,nan
2908,95322112,13800.37,318,28.01,0.01,141.21,-0.007732619997113943,16.028648376464844,0.47282153367996216,0.00363268067314948,0.03200531005859375,0.0003,0.3156934306569343,0.8073929961089494,3.52,0.32,0.81,2.83,3.05,0.69,0.51,1.85,0.0,2.2544052771665157,3.29,125.37,0.040457859402522445,nan
2909,95354880,13902.747,318,25.97,0.0,163.3,-0.010659569874405861,14.309225082397461,0.4834711253643036,0.004054294790591939,0.02783966064453125,0.0003,0.27393617021276595,0.8199404761904762,3.02,0.31,1.01,3.37,3.81,0.62,0.67,2.52,0.0,2.820573790222406,3.81,137.79,0.042274215375073254,nan
2910,95387648,14028.111,317,25.14,0.0,115.55,-0.008603370748460293,14.556472778320312,0.49587178230285645,0.0020815972626451185,0.01753997802734375,0.0003,0.3314720812182741,0.7963386727688787,1.79,0.21,0.56,2.06,2.51,0.48,0.43,1.6,0.0,1.8886020113527775,2.51,109.56,0.037894604029133916,nan
2911,95420416,14151.746,317,30.12,0.0,127.91,-0.00780109828338027,16.64158058166504,0.5114437341690063,0.004047406893135985,0.03694915771484375,0.0003,0.35467045993361784,0.783157894736842,2.71,0.39,0.66,2.43,2.83,0.52,0.65,1.66,0.0,2.071353280544281,2.84,126.64,0.04428163811098784,nan
2912,95453184,14250.423,317,24.0,0.0,136.34,-0.006811168044805527,14.302879333496094,0.5118069648742676,0.0025729422144138425,0.02483367919921875,0.0003,0.39356223175965666,0.7858472998137802,2.57,0.25,0.74,2.99,3.15,0.64,0.47,2.04,0.0,2.292342577278614,3.0,124.62,0.040176983922719955,nan
2913,95485952,14378.159,316,25.67,0.0,209.63,-0.008972705341875553,14.792648315429688,0.5179742574691772,0.003113013130843001,0.029693603515625,0.0003,0.3599149388623073,0.814385150812065,1.76,0.22,0.69,2.24,2.77,0.62,0.45,1.7,0.03,1.914838000163436,2.36,111.58,0.0411809457000345,nan
2914,95518720,14500.51,316,26.94,0.0,146.94,-0.010098217986524105,16.250606536865234,0.49479490518569946,0.0034827622206705655,0.030792236328125,0.0003,0.31330830204422194,0.8033613445378152,3.08,0.33,1.01,3.1,3.33,0.69,0.65,1.99,0.0,2.4086993977427484,3.53,134.54,0.040915327379480004,nan
2915,95551488,14627.939,315,28.37,0.0,135.38,-0.008919192478060722,12.604743957519531,0.45457056164741516,0.004428049095793085,0.03339385986328125,0.0003,0.33657858136300417,0.7848837209302325,2.57,0.27,0.83,2.75,2.96,0.51,0.56,1.89,0.0,2.173451592922211,3.0,122.38,0.035565014521125704,nan
2916,95584256,14742.271,315,27.4,0.0,158.59,-0.007173748686909676,17.49982452392578,0.4579120874404907,0.003242731318295,0.03128814697265625,0.0003,0.29226583754372326,0.7777777777777778,3.69,0.43,0.99,3.57,3.77,0.88,0.6,2.29,0.0,2.850917667448521,4.04,137.55,0.04304248688276857,nan
2917,95617024,14861.968,315,28.04,0.0,149.21,-0.009641549549996853,16.295501708984375,0.4605042338371277,0.0029032153438777186,0.02385711669921875,0.0003,0.3473282442748092,0.7923875432525952,3.17,0.34,1.02,2.99,3.33,0.67,0.73,1.93,0.0,2.4583857832849025,3.56,135.31,0.039258508710190654,nan
2918,95649792,14964.906,315,27.26,0.0,144.43,-0.010496046394109726,14.581426620483398,0.48112136125564575,0.00456534013241594,0.0379486083984375,0.0003,0.2694300518134715,0.7813620071684588,3.02,0.37,0.92,2.84,3.33,0.74,0.63,1.96,0.0,2.54862877368927,3.35,129.3,0.04113884060643613,nan
2919,95682560,15059.372,315,29.8,0.0,126.8,-0.006043983623385429,16.024784088134766,0.46754568815231323,0.004777222807149428,0.0336761474609375,0.0003,0.2985521717423864,0.7510822510822511,2.64,0.23,0.87,2.35,2.84,0.71,0.52,1.61,0.0,2.1311700183525684,2.97,115.72,0.04193983075674623,nan
2920,95715328,15148.229,315,29.96,0.0,156.51,-0.009387155994772911,13.654804229736328,0.48316890001296997,0.003443402099591708,0.0296630859375,0.0003,0.3507030603804797,0.7580071174377224,3.2,0.48,0.94,3.07,3.35,0.67,0.69,1.99,0.01,2.619833155274391,3.42,134.51,0.04268229624722153,nan
2921,95748096,15249.944,315,26.82,0.0,138.77,-0.007287695072591305,14.418807983398438,0.4848238527774811,0.0033915718926209593,0.0311431884765625,0.0003,0.3089143865842895,0.7835820895522388,2.75,0.27,0.81,3.02,3.3,0.7,0.51,2.09,0.0,2.377429757416248,3.07,131.46,0.04222617030609399,nan
2922,95780864,15344.751,316,26.32,0.0,141.8,-0.008145466446876526,14.49271011352539,0.47971877455711365,0.003697054640895203,0.032928466796875,0.0003,0.31788653096578606,0.7742504409171076,3.47,0.31,0.93,2.88,3.3,0.69,0.59,2.02,0.0,2.421458451896906,3.49,127.37,0.04014132346492261,nan
2923,95813632,15450.34,316,27.13,0.01,159.06,-0.004747812636196613,16.48500633239746,0.49160516262054443,0.0028582095542049046,0.02628326416015625,0.0003,0.30443388756927947,0.7649842271293376,3.94,0.29,0.89,3.41,3.87,0.8,0.62,2.45,0.0,2.8549900287389756,3.94,140.19,0.03974727157037705,nan
2924,95846400,15542.271,316,26.47,0.0,136.94,-0.00997871719300747,15.021223068237305,0.47429999709129333,0.003631956374533729,0.03310394287109375,0.0003,0.2922802320392682,0.7955801104972375,3.0,0.34,0.82,2.82,3.23,0.67,0.58,1.98,0.0,2.3890426532924174,3.37,125.75,0.04123476450331509,nan
2925,95879168,15628.256,316,25.81,0.0,162.79,-0.007116568274796009,15.896170616149902,0.4996997117996216,0.0038430165045895137,0.03546142578125,0.0003,0.3244766505636071,0.8352180936995154,2.8,0.38,1.04,3.7,3.86,0.75,0.72,2.39,0.0,2.7981523737311362,3.7,139.81,0.04190479568205774,nan
2926,95911936,15724.016,316,27.35,0.0,139.06,-0.010241430252790451,13.646841049194336,0.4850335121154785,0.003590747291752905,0.03302001953125,0.0003,0.2918358141632837,0.8037383177570093,2.67,0.33,0.84,3.0,3.33,0.6,0.54,2.19,0.0,2.4510099214315413,3.26,123.3,0.03465307108126581,nan
2927,95944704,15815.136,317,28.38,0.0,137.63,-0.008256280794739723,14.58609390258789,0.47932887077331543,0.0022872806855787076,0.02167510986328125,0.0003,0.2694775435380385,0.7901701323251418,2.91,0.28,0.81,2.71,3.11,0.59,0.68,1.84,0.01,2.255925483852625,3.05,126.82,0.04069935530424118,nan
2928,95977472,15910.57,317,28.96,0.0,125.47,-0.008721926249563694,15.304549217224121,0.4654686450958252,0.002411882913975205,0.019744873046875,0.0003,0.2532795156407669,0.7979166666666667,2.66,0.21,0.85,2.47,2.94,0.68,0.56,1.7,0.0,2.1542568312585355,2.84,118.12,0.042229306884109974,nan
2929,96010240,15994.117,317,28.87,0.0,156.55,-0.010916943661868572,15.338432312011719,0.4536225199699402,0.004130082956294245,0.0335540771484375,0.0003,0.26924731182795697,0.8044982698961938,3.46,0.34,0.86,3.19,3.65,0.68,0.69,2.28,0.02,2.7837709867954255,3.48,130.39,0.044416391057893634,nan
2930,96043008,16083.989,317,27.83,0.0,132.38,-0.010525386780500412,16.621368408203125,0.45981305837631226,0.003387811674798513,0.03021240234375,0.0003,0.2730263157894737,0.7980198019801981,2.76,0.38,0.77,2.68,3.37,0.77,0.65,1.95,0.0,2.4926622298359873,2.82,124.34,0.036481005256064236,nan
2931,96075776,16169.373,318,25.77,0.0,153.16,-0.007182113826274872,16.776554107666016,0.4612480401992798,0.003959958257979679,0.034454345703125,0.0003,0.3049074818986323,0.8023064250411862,3.15,0.37,0.95,3.01,3.6,0.77,0.62,2.21,0.0,2.6802456173300744,3.56,140.68,0.043160240980796516,nan
2932,96108544,16257.148,318,26.83,0.0,181.06,-0.003158497391268611,14.797661781311035,0.46377646923065186,0.004805688590408863,0.04512786865234375,0.0003,0.2844709115895557,0.8123861566484517,2.74,0.31,0.95,2.89,3.09,0.76,0.58,1.75,0.0,2.3183299282193186,3.14,126.63,0.03957656410057098,nan
2933,96141312,16348.005,318,29.67,0.0,164.0,-0.005020589102059603,15.582609176635742,0.4679577648639679,0.00330507272315117,0.02919769287109375,0.0003,0.29051383399209485,0.7612403100775194,3.47,0.41,1.01,3.55,4.0,0.9,0.66,2.44,0.0,2.9394173872470857,3.87,139.68,0.041332145454362035,nan
2930,96043008,84.341,388,28.3,0.0,156.01,-0.006765586789697409,16.614582061767578,0.4971500635147095,0.0025702113345573707,0.02386474609375,0.0003,0.2734113712374582,0.7710651828298887,3.8,0.28,1.07,3.45,4.0,0.89,0.84,2.27,0.0,2.912651662528515,3.77,139.13,0.03394896420650184,nan
2931,96075776,169.312,387,25.76,0.0,130.02,-0.007489322684705257,16.939292907714844,0.47213196754455566,0.0038654638706532296,0.03363800048828125,0.0003,0.332703213610586,0.7933723196881092,2.9,0.34,0.73,2.77,3.38,0.66,0.55,2.17,0.01,2.431690220683813,2.87,119.73,0.04110354313161224,nan
2932,96108544,251.865,390,27.55,0.0,149.45,-0.0060460930690169334,15.76572322845459,0.4811837077140808,0.00488141703584688,0.04052734375,0.0003,0.3281045751633987,0.7491694352159468,2.78,0.36,0.84,3.06,3.35,0.51,0.58,2.26,0.01,2.4968186119943856,3.64,134.35,0.0389982380438596,nan
2933,96141312,334.233,392,26.5,0.0,134.17,-0.006430177018046379,14.243237495422363,0.4969240427017212,0.0031746469231848096,0.0292816162109375,0.0003,0.2730173199635369,0.7615384615384615,2.66,0.27,0.8,2.82,3.15,0.64,0.46,2.05,0.02,2.3273775777220727,3.04,124.92,0.04220163787249476,nan
2934,96174080,412.991,396,26.14,0.0,140.32,-0.006640604697167873,17.074752807617188,0.4614504873752594,0.0018210958986628611,0.016754150390625,0.0003,0.23844731977818853,0.7766323024054983,3.13,0.41,0.74,3.38,3.88,0.6,0.69,2.59,0.02,2.9170154078304766,3.25,128.2,0.04156196163967252,nan
2935,96206848,500.603,392,28.2,0.0,141.01,-0.005763738416135311,19.41551971435547,0.46147921681404114,0.003993694458586106,0.03338623046875,0.0003,0.22684139177586987,0.775894538606403,2.7,0.32,0.7,2.75,3.12,0.49,0.69,1.94,0.0,2.273299544453621,2.8,128.16,0.04455935151781887,nan
2936,96239616,590.281,388,27.5,0.0,128.86,-0.007473948411643505,15.900691986083984,0.4736608564853668,0.002989267698353615,0.027740478515625,0.0003,0.26270759939607446,0.7791666666666667,3.13,0.29,0.69,2.83,3.34,0.61,0.69,2.04,0.0,2.5949721260368825,2.86,117.93,0.04059347847942263,nan
2937,96272384,681.706,384,25.98,0.0,160.92,-0.007745139300823212,15.273849487304688,0.49912184476852417,0.002171673212103542,0.01848602294921875,0.0003,0.24937965260545905,0.7578397212543554,3.46,0.2,0.73,2.95,3.46,0.51,0.63,2.32,0.01,2.523981691300869,3.27,130.54,0.042919260216876864,nan
2938,96305152,759.844,388,27.51,0.0,140.86,-0.008673930540680885,16.22439956665039,0.4976973533630371,0.0026400693992627566,0.02455902099609375,0.0003,0.24521584334668448,0.7707129094412332,2.9,0.3,0.74,2.54,3.01,0.52,0.59,1.9,0.01,2.1861704425513744,2.92,127.39,0.03987757640425116,nan
2939,96337920,846.165,387,27.56,0.0,128.97,-0.010278024710714817,14.739446640014648,0.49855610728263855,0.003900223003370229,0.033935546875,0.0003,0.22342938119981107,0.7904564315352697,2.6,0.31,0.86,2.47,2.93,0.59,0.57,1.77,0.01,2.168566908687353,2.84,119.81,0.0418331406544894,nan
2940,96370688,926.774,388,29.27,0.0,151.09,-0.007252691779285669,15.415040969848633,0.48551660776138306,0.003627811143019244,0.03298187255859375,0.0003,0.23273336123901214,0.7872696817420436,3.62,0.41,0.85,3.22,3.48,0.76,0.53,2.19,0.01,2.6587496623396873,3.71,139.4,0.04325072409119457,nan
2941,96403456,1010.891,388,27.31,0.01,138.38,-0.007305432576686144,15.824241638183594,0.4832537770271301,0.003488876087345716,0.03229522705078125,0.0003,0.2865039152464302,0.7903525046382189,3.22,0.32,0.72,2.88,3.29,0.64,0.59,2.06,0.01,2.35196214184165,2.96,124.68,0.038876898237504065,nan
2942,96436224,1097.122,388,29.23,0.0,138.89,-0.007365623954683542,15.300162315368652,0.47037559747695923,0.0015438868510386783,0.013763427734375,0.0003,0.2866510538641686,0.7730769230769231,2.6,0.31,0.83,2.73,3.32,0.67,0.7,1.95,0.0,2.4831049801409244,3.02,123.3,0.040674248593859375,nan
2943,96468992,1175.318,390,28.16,0.0,145.91,-0.00889618881046772,17.60622787475586,0.47233325242996216,0.002598545647430228,0.02480316162109375,0.0003,0.2485776805251641,0.7958477508650519,3.56,0.32,1.1,3.0,3.6,0.96,0.65,1.99,0.0,2.6646098504960536,3.62,131.28,0.038688017055392265,nan
2944,96501760,1258.911,390,29.65,0.0,143.03,-0.005542625207453966,15.554708480834961,0.47246646881103516,0.003444490887716256,0.03137969970703125,0.0003,0.24153498871331827,0.7789115646258503,3.33,0.31,0.86,3.02,3.35,0.6,0.63,2.12,0.0,2.479229236394167,3.19,128.68,0.03977439436130226,nan
2945,96534528,1346.969,389,26.71,0.0,148.14,-0.007658578455448151,16.060440063476562,0.4749106168746948,0.0019193504800227856,0.0179901123046875,0.0003,0.263519313304721,0.7663865546218488,3.52,0.32,0.92,3.1,3.62,0.81,0.58,2.23,0.01,2.7496981006860732,3.53,132.03,0.043825410306453705,nan
2946,96567296,1427.425,390,28.21,0.0,154.08,-0.004464242607355118,14.7670259475708,0.46045029163360596,0.0025612810181883106,0.02272796630859375,0.0003,0.21657642648896294,0.7536,3.11,0.36,1.0,3.13,3.38,0.75,0.56,2.07,0.0,2.4601515428721905,3.83,134.36,0.040466647944413126,nan
2947,96600064,1502.554,392,27.68,0.0,155.07,-0.005465037655085325,15.182502746582031,0.47806888818740845,0.004187071602075321,0.03668975830078125,0.0003,0.1982651796778191,0.7744107744107744,3.34,0.35,0.91,3.07,3.49,0.78,0.58,2.13,0.0,2.605067110657692,3.57,134.74,0.0359906863886863,nan
2948,96632832,1589.716,391,29.38,0.0,141.96,-0.003292534500360489,15.613468170166016,0.4687038064002991,0.003760532823093854,0.03583526611328125,0.0003,0.27406417112299464,0.8100558659217877,2.97,0.26,0.86,2.62,3.2,0.58,0.79,1.83,0.0,2.3900167241692545,3.33,128.59,0.03956603119149804,nan
2949,96665600,1669.581,392,27.02,0.0,154.86,-0.007740762084722519,17.180328369140625,0.4824802875518799,0.0019324570123444573,0.0161285400390625,0.0003,0.21765913757700206,0.7831715210355987,2.9,0.37,1.05,3.37,3.65,0.88,0.58,2.19,0.0,2.6369381600618365,3.62,136.74,0.04437191225588322,nan
2950,96698368,1747.879,393,29.07,0.0,155.23,-0.0056712431833148,14.081830978393555,0.460724413394928,0.0023127252619303817,0.02071380615234375,0.0003,0.22732971165900542,0.759349593495935,3.03,0.36,0.91,3.07,3.65,0.74,0.69,2.22,0.0,2.626952384710312,3.48,135.4,0.035683228517882526,nan
2951,96731136,1830.365,393,27.57,0.0,166.26,-0.00734659843146801,14.66171932220459,0.4629201889038086,0.0019224755771745095,0.01589202880859375,0.0003,0.2265873015873016,0.7776119402985074,3.18,0.41,1.06,3.26,3.49,0.68,0.62,2.19,0.0,2.5880405758321285,3.78,136.13,0.03791116562206298,nan
2952,96763904,1909.84,394,27.59,0.0,149.7,-0.008604209870100021,15.327594757080078,0.49234631657600403,0.0032461147090998566,0.03067779541015625,0.0003,0.2094240837696335,0.7854671280276817,2.67,0.36,0.9,3.28,3.69,0.69,0.69,2.31,0.0,2.704130927026272,3.4,132.83,0.038523635477758944,nan
2953,96796672,1992.814,394,28.93,0.0,141.36,-0.009158749133348465,15.627851486206055,0.44420602917671204,0.0030472952074660498,0.02581024169921875,0.0003,0.24932371505861137,0.797153024911032,3.01,0.31,0.91,2.96,3.2,0.6,0.63,1.97,0.0,2.3567887699604033,3.19,125.61,0.042989503126591444,nan
2954,96829440,2076.46,394,27.38,0.0,137.29,-0.009802213869988918,14.796117782592773,0.4625196158885956,0.0026275886868347698,0.02142333984375,0.0003,0.20680147058823528,0.7794970986460348,2.7,0.31,0.85,2.8,3.23,0.6,0.64,1.99,0.0,2.393541826680303,2.96,122.37,0.042120559024624527,nan
2955,96862208,2155.8,395,27.69,0.0,149.94,-0.00868770107626915,14.179431915283203,0.4678705632686615,0.0022847980393976286,0.02031707763671875,0.0003,0.22217537942664417,0.7963875205254516,2.99,0.44,1.0,3.3,3.91,0.83,0.69,2.39,0.01,2.8369967469573023,3.47,134.86,0.041725419694557786,nan
2956,96894976,2238.471,395,30.05,0.0,180.07,-0.006106988992542028,14.896984100341797,0.4734252691268921,0.001532367350421282,0.0146026611328125,0.0003,0.22305271439811172,0.7744,3.25,0.34,1.11,3.4,3.72,0.73,0.69,2.3,0.0,2.800938030332327,3.86,141.99,0.04020881769247353,nan
2957,96927744,2319.005,395,28.3,0.0,170.24,-0.004818216897547245,17.725688934326172,0.4724354147911072,0.0014689192814785201,0.0128021240234375,0.0003,0.22111324376199615,0.7593423019431988,3.34,0.36,1.06,3.7,4.07,0.77,0.64,2.66,0.0,3.0425529825687407,3.96,142.31,0.040467230952344835,nan
2958,96960512,2398.387,396,30.02,0.0,162.85,-0.005034910514950752,15.7509765625,0.4550521671772003,0.0017570095913015393,0.01450347900390625,0.0003,0.25508170585890794,0.7707692307692308,3.79,0.41,0.95,3.68,3.99,0.62,0.78,2.59,0.0,2.910031260699034,3.48,140.08,0.038059992948547006,nan
2959,96993280,2478.391,396,25.57,0.0,161.58,-0.008193464018404484,17.369903564453125,0.468791127204895,0.0020731834510456792,0.01682281494140625,0.0003,0.23192526401299757,0.8306962025316456,3.69,0.39,1.01,3.18,3.65,0.76,0.57,2.32,0.0,2.6040831169486047,3.53,132.18,0.03859422204550356,nan
2960,97026048,2557.737,397,28.58,0.0,147.6,-0.009003094397485256,16.31982421875,0.44645264744758606,0.002308044850394708,0.02059173583984375,0.0003,0.2163846838824577,0.7827648114901257,3.53,0.38,1.09,2.85,3.24,0.69,0.57,1.98,0.0,2.4562679826654494,3.34,127.22,0.04367012286093086,nan
2961,97058816,2640.433,397,26.81,0.0,144.34,-0.004703897517174482,14.295341491699219,0.434084951877594,0.0037260027086176706,0.022705078125,0.0003,0.23263740945888367,0.7840290381125227,2.96,0.4,0.99,3.15,3.49,0.76,0.65,2.08,0.0,2.6070604345202444,3.41,130.82,0.04226457991171628,nan
2962,97091584,2719.004,397,28.02,0.0,151.4,-0.006117658689618111,15.914580345153809,0.449158638715744,0.0025510122737273377,0.02312469482421875,0.0003,0.2424373379429559,0.7936772046589018,3.07,0.48,1.02,3.14,3.68,0.82,0.68,2.18,0.0,2.8128193239867687,3.64,129.31,0.03922818345017731,nan
2963,97124352,2794.68,398,27.49,0.0,147.25,-0.00752812996506691,16.577783584594727,0.46653521060943604,0.0042995507785121845,0.03595733642578125,0.0003,0.24691901408450703,0.8148148148148148,2.98,0.37,0.93,3.12,3.75,0.77,0.69,2.29,0.01,2.774045613706112,3.38,126.31,0.043876989162527025,nan
2964,97157120,2874.493,398,27.85,0.0,145.81,-0.01141173392534256,14.382076263427734,0.44321751594543457,0.0032238037663887553,0.0262908935546875,0.0003,0.19612163948876157,0.8121827411167513,3.07,0.31,1.08,2.94,3.27,0.86,0.59,1.82,0.0,2.3456719890236855,3.51,133.45,0.040069164941087365,nan
2965,97189888,2954.89,399,28.55,0.0,242.09,-0.008852113969624043,14.190753936767578,0.45348578691482544,0.003616971215620879,0.028900146484375,0.0003,0.2304168575355016,0.8236397748592871,2.78,0.33,1.03,2.89,3.56,0.77,0.62,2.17,0.01,2.6631784883141516,3.23,130.16,0.036559902247972786,nan
2966,97222656,3035.361,399,26.73,0.0,166.46,-0.007753394544124603,14.335655212402344,0.4667491316795349,0.0034807785103225797,0.02886962890625,0.0003,0.1924140655867246,0.8241430700447094,3.79,0.48,0.95,3.55,3.86,0.76,0.54,2.56,0.0,2.868462138772011,3.66,140.9,0.04241638688836247,nan
2967,97255424,3112.174,400,29.92,0.0,158.59,-0.0056795962154865265,14.386767387390137,0.47298502922058105,0.0023862113887958003,0.024017333984375,0.0003,0.21167576648467032,0.8135048231511254,3.15,0.32,0.99,3.31,3.61,0.76,0.64,2.21,0.0,2.73254568785429,3.6,138.7,0.03860099031589925,nan
2968,97288192,3199.606,399,27.89,0.0,162.61,-0.01053857896476984,14.098394393920898,0.48016196489334106,0.001603573166590877,0.01294708251953125,0.0003,0.18447412353923207,0.8113496932515337,3.46,0.42,1.04,3.68,4.12,0.91,0.59,2.62,0.0,3.0620630300045013,3.71,139.52,0.04237931396346539,nan
2969,97320960,3278.772,399,29.18,0.0,171.62,-0.009831623174250126,13.526369094848633,0.4845055341720581,0.0027167009659478936,0.01937103271484375,0.0003,0.23684210526315788,0.787701317715959,3.71,0.56,1.12,3.8,4.09,0.89,0.71,2.49,0.0,3.028969979584217,4.09,145.29,0.037600487004965544,nan
2970,97353728,3358.765,399,29.07,0.0,145.41,-0.004629639908671379,12.649176597595215,0.47296780347824097,0.004311480686084224,0.03798675537109375,0.0003,0.23811639271434917,0.8134715025906736,2.71,0.46,0.98,2.94,3.3,0.58,0.61,2.11,0.01,2.4667123487591742,3.31,131.0,0.037140194326639175,nan
2971,97386496,3438.726,400,29.79,0.0,152.38,-0.006324534770101309,15.476558685302734,0.4478375315666199,0.0025324919603235685,0.0209808349609375,0.0003,0.1994072819644369,0.7945205479452054,3.22,0.27,0.98,3.13,3.45,0.77,0.62,2.06,0.0,2.592647084891796,3.38,133.78,0.04375477589201182,nan
2972,97419264,3517.05,400,27.0,0.0,144.55,-0.005186502821743488,14.22048568725586,0.45434635877609253,0.00249097352503469,0.02486419677734375,0.0003,0.19902912621359223,0.8462929475587704,3.03,0.41,0.87,2.89,3.24,0.68,0.59,1.97,0.0,2.4098690585792064,3.13,125.79,0.03685564931947738,nan
2973,97452032,3600.556,400,29.69,0.0,143.46,-0.01038936898112297,14.65382194519043,0.4484420418739319,0.0028483507027203814,0.02276611328125,0.0003,0.25839080459770114,0.795774647887324,3.2,0.36,0.98,3.29,3.72,0.86,0.74,2.12,0.01,2.8090704913437365,3.3,123.44,0.038746647886000574,nan
2974,97484800,3685.745,400,30.47,0.0,145.28,-0.007756652310490608,15.002965927124023,0.4460456967353821,0.002803225660500175,0.0248260498046875,0.0003,0.23238512035010941,0.7802607076350093,3.52,0.39,1.0,2.76,3.18,0.79,0.62,1.77,0.01,2.3555518221855163,3.29,130.67,0.03739702084567398,nan
2975,97517568,3759.276,400,27.71,0.0,147.01,-0.01016608253121376,14.95330810546875,0.45364946126937866,0.003966686862838742,0.0287628173828125,0.0003,0.25746924428822493,0.7993079584775087,3.08,0.38,0.75,3.1,3.32,0.55,0.55,2.22,0.0,2.4167288688570263,3.14,126.54,0.03787247010041028,nan
2976,97550336,3840.82,400,26.59,0.0,151.29,-0.00810842402279377,16.427898406982422,0.4639797806739807,0.0035180441942657126,0.03173065185546875,0.0003,0.20376569037656903,0.8030050083472454,3.24,0.45,0.98,3.04,3.72,0.78,0.69,2.25,0.0,2.840063998699188,3.36,128.39,0.04309738287702203,nan
2977,97583104,3918.594,401,26.85,0.0,160.06,-0.00946592167019844,16.979469299316406,0.4759160280227661,0.0038681195698302417,0.02945709228515625,0.0003,0.2693655118723239,0.7824726134585289,3.6,0.4,1.05,3.35,3.59,0.66,0.69,2.24,0.0,2.655797888562083,3.5,135.11,0.03942812513560057,nan
2978,97615872,3995.789,401,28.13,0.0,267.78,-0.010254761204123497,15.000852584838867,0.46865373849868774,0.0039430411672469745,0.0345306396484375,0.0003,0.2343144848954299,0.7711738484398217,3.39,0.53,1.18,3.59,3.91,0.83,0.7,2.38,0.01,2.950028543174267,3.94,140.39,0.03977946192026138,nan
2979,97648640,4078.866,401,27.24,0.0,146.35,-0.006420276127755642,15.712554931640625,0.49753469228744507,0.0037564608605862304,0.02764129638671875,0.0003,0.2174468085106383,0.7464285714285714,2.87,0.53,1.07,3.23,3.84,0.89,0.71,2.24,0.0,2.8119113275408747,3.48,135.11,0.04239188868086785,nan
2980,97681408,4166.313,401,27.47,0.0,127.53,-0.007113475818186998,16.08454132080078,0.4940855801105499,0.004804730107593969,0.04018402099609375,0.0003,0.1798631476050831,0.7773109243697479,1.92,0.37,0.78,2.5,2.97,0.67,0.43,1.87,0.0,2.1561421564221384,2.62,120.82,0.04563314688857645,nan
2981,97714176,4246.743,401,26.99,0.0,193.53,-0.006064991001039743,17.369674682617188,0.461882621049881,0.0024509121647042775,0.024810791015625,0.0003,0.25959261013737567,0.7821782178217822,3.09,0.26,0.99,2.96,3.49,0.87,0.72,1.9,0.0,2.693790098130703,3.14,119.62,0.04266550438478589,nan
2982,97746944,4324.646,401,27.68,0.0,154.36,-0.010652420111000538,15.187328338623047,0.47317489981651306,0.002627072978725664,0.02207183837890625,0.0003,0.21881475341898052,0.8081494057724957,3.34,0.37,1.05,3.36,3.51,0.83,0.62,2.06,0.0,2.5386815601587296,3.54,142.99,0.03960909915622324,nan
2983,97779712,4410.59,401,28.67,0.0,146.81,-0.011836216785013676,15.082043647766113,0.484796941280365,0.0033791730763255146,0.02874755859375,0.0003,0.2510974539069359,0.8125,2.63,0.33,1.08,3.17,3.57,0.89,0.67,2.01,0.0,2.663767166137695,3.48,127.96,0.04077426705043763,nan
2984,97812480,4487.26,401,26.6,0.0,178.42,-0.007587358355522156,18.636972427368164,0.4633151888847351,0.0032479078925007343,0.03116607666015625,0.0003,0.2645038167938931,0.8035982008995503,4.95,0.45,1.11,3.95,4.73,1.0,0.75,2.98,0.0,3.542255706787109,3.86,143.96,0.04056118684820831,nan
2985,97845248,4567.974,401,26.83,0.0,144.66,-0.005421199835836887,18.592758178710938,0.49560606479644775,0.003298495127125989,0.03270721435546875,0.0003,0.28867761452031115,0.8140794223826715,3.17,0.3,0.97,3.09,3.34,0.81,0.55,1.98,0.01,2.479696001112461,3.26,129.2,0.03987993812188506,nan
2986,97878016,4643.303,402,28.63,0.0,154.33,-0.00993436574935913,16.079179763793945,0.49474093317985535,0.005770528743482828,0.028106689453125,0.0003,0.27432150313152404,0.7829581993569131,3.09,0.39,1.01,3.36,3.9,0.88,0.62,2.4,0.0,2.857689130008221,3.7,132.05,0.03890916414093226,nan
2987,97910784,4728.292,401,27.26,0.01,132.98,-0.007137245498597622,16.23317527770996,0.49546754360198975,0.004157046290600874,0.03973388671875,0.0003,0.2308775222900047,0.7789473684210526,2.79,0.28,0.84,2.81,3.0,0.77,0.64,1.59,0.0,2.1345969207584856,2.85,122.08,0.03613858425524086,nan
2988,97943552,4805.813,402,28.53,0.0,159.53,-0.005214632488787174,16.993297576904297,0.5081275701522827,0.004011807241568022,0.0397796630859375,0.0003,0.27125673994193283,0.8006814310051107,3.14,0.52,0.96,3.52,3.99,0.92,0.72,2.35,0.0,3.054881280809641,3.63,135.16,0.03551362350117415,nan
2989,97976320,4886.74,402,27.07,0.01,147.99,-0.0074404506012797356,14.143669128417969,0.5006579160690308,0.005227686648311192,0.0449066162109375,0.0003,0.2647814910025707,0.7761989342806395,2.77,0.42,0.83,2.99,3.48,0.85,0.65,1.98,0.0,2.5373283290863036,3.31,125.63,0.03633940138388425,nan
2990,98009088,4968.439,402,29.93,0.0,151.01,-0.010365649126470089,15.828702926635742,0.4942561984062195,0.00520992340148041,0.04392242431640625,0.0003,0.2363100252737995,0.7863554757630161,3.42,0.36,0.86,3.24,3.59,0.73,0.6,2.26,0.0,2.5667532759625464,3.32,134.01,0.038392302580177784,nan
2991,98041856,5053.99,401,28.88,0.0,141.28,-0.008418242447078228,18.716279983520508,0.4883434772491455,0.0024258813528490464,0.02142333984375,0.0003,0.3130921619293712,0.7910447761194029,2.6,0.3,0.91,3.27,3.58,0.98,0.61,1.99,0.01,2.508118562400341,3.15,127.28,0.039612667984329164,nan
2992,98074624,5137.062,401,27.03,0.0,147.09,-0.008386730216443539,16.553110122680664,0.496461421251297,0.004110458554151819,0.03632354736328125,0.0003,0.2628311258278146,0.7814113597246127,2.76,0.48,0.92,3.07,3.48,0.68,0.55,2.25,0.01,2.4583028510212896,3.35,134.14,0.04280927439685911,nan
2993,98107392,5214.017,402,27.85,0.0,160.98,-0.009762963280081749,16.78651237487793,0.4909507930278778,0.004297752856587067,0.03321075439453125,0.0003,0.24297924297924298,0.8130841121495327,3.08,0.35,0.99,3.69,4.21,0.9,0.74,2.57,0.0,3.025945551842451,3.65,134.02,0.045337030198425055,nan
2994,98140160,5301.363,401,26.73,0.0,132.35,-0.0029596202075481415,17.283706665039062,0.5123217105865479,0.010243489712422615,0.061614990234375,0.0003,0.21662125340599456,0.7874762808349146,2.59,0.32,0.75,2.81,3.11,0.58,0.51,2.02,0.0,2.194131790399551,2.88,117.13,0.040545231429859996,nan
2995,98172928,5386.336,401,27.94,0.0,137.12,-0.010175708681344986,15.152059555053711,0.48937031626701355,0.0028651820980485354,0.0249786376953125,0.0003,0.26850574712643677,0.7564575645756457,3.2,0.37,0.9,2.89,3.22,0.66,0.54,2.02,0.0,2.3595075619220736,3.09,125.67,0.041569460299797356,nan
2996,98205696,5467.715,401,28.97,0.0,153.57,-0.008579069748520851,15.57022762298584,0.48835790157318115,0.0032368995202887163,0.029815673828125,0.0003,0.24987629886194954,0.787819253438114,3.77,0.29,0.79,2.66,3.19,0.67,0.58,1.94,0.02,2.3571723448485136,2.97,123.75,0.0448238062672317,nan
2997,98238464,5542.502,402,28.16,0.0,152.65,-0.007620395161211491,15.719148635864258,0.48392945528030396,0.002696334581571591,0.02712249755859375,0.0003,0.2662819455894477,0.7841483979763912,3.41,0.3,0.99,3.37,3.87,0.75,0.59,2.53,0.03,2.848676224946976,3.54,134.85,0.041540711652487516,nan
2998,98271232,5621.512,402,26.92,0.0,157.21,-0.005596257746219635,16.001657485961914,0.48504650592803955,0.0019879028704963275,0.01862335205078125,0.0003,0.23285714285714285,0.78099173553719,2.95,0.3,0.79,2.96,3.3,0.67,0.53,2.1,0.02,2.4771486869454384,2.85,125.5,0.04706536734011024,nan
2999,98304000,5706.279,401,27.69,0.0,239.63,-0.007367226295173168,15.243154525756836,0.48448359966278076,0.0018876821151252443,0.0185699462890625,0.0003,0.2524401064773736,0.8302583025830258,3.03,0.28,0.79,3.17,3.54,0.63,0.58,2.33,0.02,2.5716720905900003,3.14,131.15,0.0421658557606861,nan
3000,98336768,5789.353,401,29.11,0.0,144.66,-0.010797698050737381,15.300789833068848,0.4876871407032013,0.004072507063938247,0.02982330322265625,0.0003,0.2619974059662776,0.8160714285714286,2.82,0.42,0.84,3.06,3.48,0.68,0.65,2.15,0.0,2.5460200199484824,3.14,132.32,0.037580502103082836,nan
3001,98369536,5877.583,401,27.17,0.0,158.88,-0.012356770224869251,14.838441848754883,0.4960114657878876,0.004811171007304438,0.03447723388671875,0.0003,0.240973630831643,0.8500797448165869,3.7,0.46,0.94,3.48,3.89,0.81,0.72,2.36,0.02,2.903276589214802,3.52,136.41,0.03885162901133299,nan
3002,98402304,5951.845,401,26.94,0.0,159.14,-0.00833321176469326,16.554500579833984,0.49462002515792847,0.003532987758262607,0.0305633544921875,0.0003,0.2702589807852966,0.8078817733990148,2.84,0.41,0.84,3.12,3.46,0.67,0.67,2.12,0.03,2.58411101475358,3.52,138.72,0.03766610810998827,nan
3003,98435072,6036.081,401,27.64,0.0,138.48,-0.00894339382648468,15.0792236328125,0.4933321475982666,0.004246339478186201,0.03209686279296875,0.0003,0.29221665908056443,0.8288973384030418,2.82,0.36,0.66,3.25,3.64,0.69,0.64,2.31,0.0,2.7104378348588942,2.86,128.26,0.04543172800913453,nan
3004,98467840,6116.055,401,27.71,0.0,141.1,-0.008515466935932636,16.0935001373291,0.497615247964859,0.0034897711942676324,0.0304107666015625,0.0003,0.2631578947368421,0.8362235067437379,3.33,0.38,0.81,3.02,3.51,0.65,0.56,2.3,0.0,2.6354150465130806,3.3,127.56,0.03871850320138037,nan
3005,98500608,6197.691,401,25.55,0.0,147.48,-0.006476243957877159,16.446727752685547,0.5267590284347534,0.0030374998706861334,0.02422332763671875,0.0003,0.29953527672158853,0.8277777777777777,2.19,0.31,0.67,3.03,3.4,0.7,0.58,2.12,0.01,2.4972317963838577,3.0,126.32,0.04354753764346242,nan
3006,98533376,6280.426,401,26.54,0.0,119.69,-0.0070616560988128185,15.391412734985352,0.5107533931732178,0.0018589773571591195,0.0136871337890625,0.0003,0.29774436090225564,0.8391608391608392,2.33,0.2,0.63,2.72,3.2,0.54,0.58,2.08,0.0,2.3726178130507467,2.41,117.58,0.04282018484082073,nan
3007,98566144,6363.586,401,28.0,0.0,134.87,-0.0051924861036241055,15.56281566619873,0.4984927177429199,0.0014844962335018863,0.01544952392578125,0.0003,0.31109022556390975,0.7995991983967936,2.3,0.32,0.93,2.89,3.12,0.73,0.46,1.93,0.01,2.302901277989149,3.1,122.1,0.04453713167458773,nan
3008,98598912,6449.268,401,29.41,0.0,155.38,-0.009139463305473328,11.316657066345215,0.47934600710868835,0.0026326655095090246,0.017852783203125,0.0003,0.2318471337579618,0.8244406196213425,2.83,0.35,0.93,3.37,3.69,0.8,0.74,2.15,0.0,2.72449408352375,3.49,136.32,0.0371519475011155,nan
3009,98631680,6526.846,401,28.09,0.0,151.18,-0.008877770975232124,13.516910552978516,0.48269951343536377,0.003468722687898662,0.031768798828125,0.0003,0.2295786758383491,0.8294849023090586,3.19,0.27,0.94,3.0,3.33,0.74,0.6,1.99,0.01,2.5578593418002127,3.29,131.37,0.03767681692261249,nan
3010,98664448,6605.006,401,26.96,0.0,135.69,-0.011222470551729202,14.568527221679688,0.4820004105567932,0.0032993361448916403,0.02785491943359375,0.0003,0.33959537572254334,0.8532494758909853,2.55,0.23,0.68,2.88,3.29,0.72,0.63,1.94,0.01,2.451330456286669,2.77,121.79,0.0438308430602774,nan
3011,98697216,6689.107,401,28.5,0.0,130.56,-0.004106552805751562,15.490537643432617,0.4829862117767334,0.003313191303959684,0.0279693603515625,0.0003,0.31142034548944336,0.8502024291497976,2.63,0.3,0.81,2.84,3.46,0.76,0.67,2.03,0.0,2.55341051787138,2.98,121.07,0.0404358864761889,nan
3012,98729984,6764.327,402,25.96,0.0,155.62,-0.010572373867034912,13.586569786071777,0.4920732080936432,0.002356148232081523,0.02019500732421875,0.0003,0.23995176848874597,0.8235294117647058,3.3,0.38,0.87,3.52,3.97,0.69,0.64,2.64,0.0,2.9704952678084373,3.48,132.52,0.03638136794324964,nan
3013,98762752,6844.156,402,27.94,0.0,163.62,-0.006097398232668638,12.924169540405273,0.45628660917282104,0.0033641388772025493,0.027252197265625,0.0003,0.22331460674157302,0.8234165067178503,2.21,0.26,0.8,2.97,3.38,0.67,0.45,2.26,0.0,2.5341864815354347,2.88,124.8,0.03621378890238702,nan
3014,98795520,6921.453,402,26.42,0.0,142.29,-0.011072688736021519,13.843942642211914,0.47442466020584106,0.004298674513279366,0.03160858154296875,0.0003,0.2935412026726058,0.8611111111111112,3.1,0.18,1.11,3.43,3.77,0.84,0.6,2.33,0.0,2.9066824680566787,3.39,126.84,0.04322995350230485,nan
3015,98828288,6991.622,403,27.19,0.0,153.83,-0.006412953604012728,13.829201698303223,0.4657106399536133,0.00211828312623652,0.0199737548828125,0.0003,0.23500410846343467,0.846031746031746,2.76,0.36,1.1,3.39,3.53,0.67,0.54,2.32,0.01,2.5725941395759584,3.67,140.39,0.04334548721089959,nan
3016,98861056,7071.921,403,27.68,0.0,132.27,-0.00814079213887453,13.533906936645508,0.49670422077178955,0.0023271353886684665,0.02248382568359375,0.0003,0.26784015223596574,0.8306772908366534,2.81,0.39,0.74,2.76,3.36,0.83,0.53,2.0,0.01,2.5089471727609634,2.61,120.84,0.040681974147446454,nan
3017,98893824,7156.18,402,29.52,0.0,139.15,-0.010203089565038681,12.77769660949707,0.4632706642150879,0.0035543966906743663,0.026947021484375,0.0003,0.2549470777726645,0.8472998137802608,2.67,0.26,0.99,2.95,3.23,0.7,0.54,1.99,0.04,2.314665661007166,3.29,128.36,0.04143847536761314,nan
3018,98926592,7230.739,403,28.08,0.01,131.36,-0.01066714245826006,13.041711807250977,0.459083616733551,0.004525231757725123,0.03258514404296875,0.0003,0.25049407114624506,0.8241965973534972,2.94,0.28,0.89,2.65,2.93,0.69,0.55,1.69,0.01,2.08847097620368,3.1,119.2,0.03971282544080168,nan
3019,98959360,7303.398,403,26.04,0.0,150.58,-0.006340048275887966,12.789495468139648,0.45699530839920044,0.004931736073558568,0.04323577880859375,0.0003,0.2089171974522293,0.810580204778157,2.88,0.3,0.87,3.14,3.32,0.62,0.72,1.98,0.0,2.4578426698595286,3.29,131.31,0.0455324393697083,nan
3020,98992128,7378.067,404,25.19,0.0,151.33,-0.008266864344477654,11.863077163696289,0.47024622559547424,0.0016585209088475494,0.0157318115234375,0.0003,0.23811492352211658,0.8507462686567164,2.83,0.28,0.86,3.41,3.78,0.69,0.51,2.58,0.01,2.7422023305296896,3.28,131.51,0.035024528042413294,nan
3021,99024896,7452.766,404,27.49,0.0,182.17,-0.004480668343603611,14.430511474609375,0.46871691942214966,0.0019131661726987659,0.01924896240234375,0.0003,0.22031662269129287,0.8142857142857143,3.45,0.37,0.8,3.27,3.99,0.8,0.75,2.44,0.0,2.969153946712613,3.16,132.29,0.040162654826417565,nan
3022,99057664,7528.017,404,27.59,0.0,151.19,-0.0074302805587649345,12.961053848266602,0.476689875125885,0.0018836244101976263,0.01749420166015625,0.0003,0.2097931616715914,0.8499156829679595,2.57,0.26,0.9,3.21,3.67,0.82,0.64,2.21,0.0,2.767605006992817,3.33,131.04,0.040661504375748336,nan
3023,99090432,7601.579,405,26.26,0.01,156.01,-0.00859693344682455,12.66337776184082,0.46633151173591614,0.005004669456980082,0.0472412109375,0.0003,0.22297566812923814,0.8184713375796179,3.2,0.38,0.98,3.23,3.49,0.68,0.59,2.22,0.0,2.4304050049185753,3.47,139.58,0.04042988282162696,nan
3024,99123200,7683.52,405,27.52,0.0,141.67,-0.006203410215675831,10.955925941467285,0.45971664786338806,0.0027724707711058727,0.02569580078125,0.0003,0.26798561151079137,0.874296435272045,2.95,0.3,0.85,3.02,3.4,0.75,0.68,1.97,0.0,2.5539543627202512,3.18,130.14,0.040077607962302864,nan
3025,99155968,7760.539,405,28.96,0.0,152.1,-0.003773162607103586,15.58095932006836,0.48408395051956177,0.003029002278367443,0.02443695068359375,0.0003,0.24935400516795866,0.8488964346349746,3.36,0.37,0.95,3.25,3.66,0.73,0.78,2.15,0.0,2.7741480612754823,3.64,141.08,0.04356765828561038,nan
3026,99188736,7836.071,405,26.04,0.0,160.24,-0.010768516920506954,11.575482368469238,0.4673351049423218,0.00325991456486463,0.02851104736328125,0.0003,0.22284569138276553,0.8108108108108109,3.37,0.34,0.98,3.4,3.57,0.64,0.68,2.25,0.0,2.7604799592494964,3.55,139.41,0.0409470513695851,nan
3027,99221504,7911.903,405,24.9,0.0,134.91,-0.00454944372177124,13.54491138458252,0.4849337339401245,0.00196847272994205,0.01663970947265625,0.0003,0.2453430258973194,0.8281853281853282,2.69,0.3,0.77,3.32,3.68,0.76,0.66,2.26,0.01,2.7867641267180443,2.86,129.83,0.044307662174105644,nan
3028,99254272,7987.383,406,27.51,0.0,235.25,-0.005425828974694014,15.554271697998047,0.4677685499191284,0.0016111832027547734,0.01480865478515625,0.0003,0.2423043095866315,0.7962648556876061,2.88,0.33,0.94,3.3,3.65,0.71,0.7,2.24,0.01,2.696624306291342,3.63,138.19,0.0409011859446764,nan
3029,99287040,8068.889,406,27.19,0.0,135.44,-0.006528942845761776,14.811812400817871,0.47274166345596313,0.0019079637904724223,0.018341064453125,0.0003,0.225,0.8051948051948052,2.33,0.27,0.81,2.86,3.19,0.78,0.53,1.88,0.0,2.373637334406376,2.9,129.56,0.04967487836256623,nan
3030,99319808,8148.952,406,27.29,0.0,142.15,-0.004252064973115921,11.810672760009766,0.484108030796051,0.001933285528707529,0.01910400390625,0.0003,0.23202911737943585,0.8162544169611308,3.14,0.38,0.88,3.21,3.34,0.68,0.51,2.15,0.0,2.5139408949017525,3.31,131.98,0.04250994429457933,nan
3031,99352576,8231.029,406,27.59,0.0,147.23,-0.007931282743811607,14.41439437866211,0.4547472894191742,0.0020101057259012123,0.0138397216796875,0.0003,0.20505992010652463,0.8327464788732394,2.55,0.34,0.78,3.1,3.27,0.62,0.7,1.95,0.01,2.460278328061104,3.02,136.82,0.04042194061912596,nan
3032,99385344,8305.984,406,25.96,0.0,221.78,-0.002313423901796341,11.974807739257812,0.48441755771636963,0.002974376739928175,0.0264434814453125,0.0003,0.1684299619128227,0.8477508650519031,2.79,0.33,0.9,3.48,3.71,0.83,0.51,2.37,0.0,2.7982303902506827,3.4,134.04,0.0413999380543828,nan
3033,99418112,8385.613,406,27.22,0.0,153.67,-0.004944971296936274,15.34610366821289,0.44172555208206177,0.002556673633137052,0.02271270751953125,0.0003,0.21764705882352942,0.8035714285714286,3.93,0.35,1.04,3.58,3.84,0.91,0.65,2.28,0.0,2.8262270905077456,3.8,143.63,0.044105769018642604,nan
3034,99450880,8468.105,406,28.77,0.0,138.96,-0.008126229047775269,16.07485580444336,0.4759211540222168,0.0032221273522736738,0.02794647216796875,0.0003,0.2527630946660259,0.7886497064579256,2.78,0.3,0.83,3.02,3.49,0.7,0.64,2.15,0.0,2.6939439913630485,3.03,128.34,0.03780400403775275,nan
3035,99483648,8551.371,406,26.67,0.0,128.04,-0.008269686251878738,14.51385498046875,0.483853280544281,0.00219914857581216,0.0195770263671875,0.0003,0.23208879919273462,0.8214285714285714,2.26,0.27,0.69,2.93,3.32,0.65,0.72,1.95,0.0,2.5155067697167395,2.7,121.72,0.037800929974764585,nan
3036,99516416,8633.136,406,27.47,0.0,144.08,-0.00795087218284607,13.812116622924805,0.5084419846534729,0.003490144388194949,0.02771759033203125,0.0003,0.1956521739130435,0.8068181818181818,2.75,0.26,0.71,2.81,3.22,0.64,0.57,2.01,0.0,2.4136221945285796,2.9,133.36,0.042635404388420284,nan
3037,99549184,8720.1,405,29.37,0.0,129.91,-0.005157395265996456,12.762126922607422,0.5097016096115112,0.0027379231999589138,0.02378082275390625,0.0003,0.2285012285012285,0.7766179540709812,2.37,0.42,0.7,2.75,3.38,0.71,0.6,2.07,0.0,2.6424621149897574,2.78,123.02,0.04021807748358697,nan
3038,99581952,8802.497,405,26.91,0.0,138.85,-0.009320443496108055,13.55638313293457,0.5037739872932434,0.0030393047783263683,0.02503204345703125,0.0003,0.23990825688073394,0.7915129151291513,2.62,0.36,0.73,2.9,3.51,0.62,0.69,2.2,0.0,2.6655522651970385,2.96,123.98,0.03994498564861715,nan
3039,99614720,8879.171,405,27.88,0.0,160.36,-0.010765748098492622,15.346338272094727,0.4881557822227478,0.003675504449404343,0.02410888671875,0.0003,0.20813204508856684,0.7955625990491284,2.77,0.3,0.85,3.63,3.86,0.74,0.67,2.45,0.0,2.979442236125469,3.59,134.05,0.03773964662104845,nan
3040,99647488,8960.725,405,29.85,0.0,136.4,-0.0088714100420475,15.342595100402832,0.4653894901275635,0.0028442784814046718,0.02545928955078125,0.0003,0.2083531086853346,0.7996108949416343,2.69,0.27,0.69,2.76,3.39,0.55,0.67,2.17,0.01,2.5891133248806,3.02,127.62,0.040109373279847205,nan
3041,99680256,9037.104,406,27.1,0.0,145.37,-0.004852642770856619,14.864888191223145,0.4801484942436218,0.0035848846562203107,0.030059814453125,0.0003,0.2243150684931507,0.8428571428571429,2.56,0.31,0.89,3.15,3.64,0.52,0.63,2.49,0.0,2.7670251877605914,3.49,132.15,0.047051306697539985,nan
3042,99713024,9120.767,405,30.45,0.0,159.56,-0.008210279047489166,14.532949447631836,0.4818211495876312,0.0019229301937571108,0.01647186279296875,0.0003,0.24066029539530842,0.7820299500831946,3.69,0.43,1.03,3.3,3.63,0.72,0.66,2.25,0.0,2.81785614207387,3.79,145.05,0.040055204881355166,nan
3043,99745792,9204.415,405,27.9,0.0,146.52,-0.003229494672268629,13.714273452758789,0.48463380336761475,0.0020744065111557575,0.017578125,0.0003,0.1743119266055046,0.7611940298507462,2.99,0.38,0.9,3.32,3.9,0.99,0.6,2.31,0.0,2.9262626978754995,3.4,130.96,0.04538192797917873,nan
3044,99778560,9285.654,405,24.83,0.0,146.72,-0.003016830189153552,13.248079299926758,0.48967307806015015,0.0013991169976179663,0.0142364501953125,0.0003,0.18458244111349037,0.7766830870279147,3.31,0.38,0.76,3.14,3.62,0.63,0.52,2.47,0.0,2.714589091539383,3.11,130.78,0.04005420708563179,nan
3045,99811328,9372.522,405,27.62,0.0,133.04,-0.008784754201769829,15.367696762084961,0.49020838737487793,0.0021303668661545316,0.0169677734375,0.0003,0.2072336265884653,0.785171102661597,2.69,0.41,0.94,3.16,3.65,0.76,0.65,2.24,0.0,2.7450484949350358,3.31,127.58,0.04051109729334712,nan
3046,99844096,9456.22,405,28.42,0.0,138.14,-0.011183380149304867,16.2421875,0.4814513921737671,0.004585844509847448,0.0333099365234375,0.0003,0.2117310443490701,0.779467680608365,3.37,0.38,0.84,3.02,3.44,0.8,0.57,2.07,0.0,2.618014000207186,3.2,123.73,0.04190767859108746,nan
3047,99876864,9542.999,405,28.95,0.0,130.54,-0.008470405824482441,15.109068870544434,0.4706007242202759,0.0045398526354460955,0.03607177734375,0.0003,0.22851465474416294,0.7662082514734774,3.32,0.28,0.7,2.91,3.43,0.81,0.65,1.97,0.0,2.5813153081387283,2.73,122.65,0.0393882708158344,nan
3048,99909632,9625.126,405,27.05,0.0,188.57,-0.005806813016533852,13.1100492477417,0.47226518392562866,0.0023805737093880452,0.01644134521484375,0.0003,0.19597069597069597,0.7696793002915452,3.72,0.46,0.89,4.28,4.71,0.9,0.76,3.05,0.0,3.6513726390898227,4.0,149.52,0.041036228998564184,nan
3049,99942400,9702.622,405,28.38,0.0,164.96,-0.007512454874813557,17.127490997314453,0.47620630264282227,0.0026892254688277717,0.022308349609375,0.0003,0.1830196235482579,0.7683881064162754,3.71,0.47,0.97,3.56,3.83,0.64,0.7,2.49,0.0,2.9210706958174706,3.75,143.87,0.04353798716329038,nan
3050,99975168,9781.028,405,29.4,0.0,160.65,-0.005562325939536095,15.650177001953125,0.47401607036590576,0.004139857334649832,0.0332183837890625,0.0003,0.24158897446291042,0.7835703001579779,3.11,0.41,0.98,3.71,4.06,0.9,0.63,2.53,0.0,3.0247631224989893,3.62,140.39,0.040174066089093685,nan
3051,100007936,9862.469,405,26.71,0.0,150.93,-0.010561669245362282,14.874338150024414,0.4647141695022583,0.002434837660928224,0.02152252197265625,0.0003,0.21912681912681914,0.8139931740614335,2.49,0.35,0.86,3.45,4.05,0.73,0.73,2.59,0.0,3.0388189962506296,3.11,131.25,0.04211440612562001,nan
3052,100040704,9939.964,405,26.4,0.0,143.56,-0.008365342393517494,14.438663482666016,0.4630846381187439,0.003641821141030732,0.032379150390625,0.0003,0.2311804008908686,0.8189806678383128,3.06,0.29,0.99,3.18,3.61,0.78,0.67,2.16,0.0,2.7601887676119805,3.56,133.82,0.04036765138152987,nan
3053,100073472,10027.579,405,29.61,0.0,131.01,-0.00833006203174591,16.370197296142578,0.4611387848854065,0.00326484786037895,0.02646636962890625,0.0003,0.258160237388724,0.7805825242718447,2.29,0.28,1.0,2.66,3.37,0.85,0.63,1.89,0.0,2.5682226932793855,3.16,128.31,0.04267355217598379,nan
3054,100106240,10112.609,405,27.65,0.0,151.26,-0.009667865000665188,16.058544158935547,0.4616568684577942,0.003979478032391626,0.0345306396484375,0.0003,0.2563667232597623,0.8183391003460208,2.82,0.39,0.96,3.41,3.8,0.89,0.75,2.16,0.0,2.8553623458743096,3.49,137.38,0.04202666354831308,nan
3055,100139008,10189.827,405,28.61,0.0,157.97,-0.009745610877871513,13.278295516967773,0.47103720903396606,0.0035809846399388334,0.0338592529296875,0.0003,0.1951718494271686,0.7887537993920972,2.94,0.34,1.04,3.61,3.96,0.86,0.68,2.42,0.0,2.9413585148751737,3.56,142.66,0.03904522710945457,nan
3056,100171776,10268.065,405,26.68,0.0,154.42,-0.006074484903365374,14.674169540405273,0.47797757387161255,0.002232541124499221,0.0205841064453125,0.0003,0.2389193752638244,0.8127035830618893,2.96,0.4,1.01,3.44,3.88,0.86,0.57,2.45,0.0,2.9288278569281103,3.48,137.18,0.042950447532348335,nan
3057,100204544,10347.249,405,27.59,0.0,146.4,-0.008905271999537945,15.155196189880371,0.45214468240737915,0.0035671986501313313,0.03099822998046875,0.0003,0.22116218560277537,0.8318890814558059,2.63,0.4,0.82,3.26,3.55,0.71,0.59,2.25,0.0,2.669048878997564,3.24,129.34,0.043918552924878895,nan
3058,100237312,10432.486,405,29.56,0.0,154.77,-0.008409354835748672,13.91125202178955,0.4333873689174652,0.0030020620113475616,0.02605438232421875,0.0003,0.19488683989941324,0.800978792822186,3.09,0.4,1.15,3.68,4.01,1.06,0.68,2.27,0.0,2.9533239667117597,3.54,146.95,0.036315927165560424,nan
3059,100270080,10512.141,405,30.19,0.0,142.55,-0.00548180565237999,16.27346420288086,0.4363052248954773,0.0021776667164772334,0.02147674560546875,0.0003,0.21092278719397364,0.7755474452554745,3.38,0.31,0.88,2.86,3.43,0.69,0.76,1.98,0.0,2.5095105192065237,3.0,133.3,0.0419271953869611,nan
3060,100302848,10591.115,405,26.14,0.0,143.01,-0.006647325586527586,13.831344604492188,0.44988319277763367,0.0022822519273688613,0.02085113525390625,0.0003,0.19707361682670324,0.7663865546218488,2.53,0.45,0.9,3.31,3.67,0.83,0.58,2.26,0.0,2.8870883330702783,3.22,128.59,0.04068743868265301,nan
3061,100335616,10675.558,405,26.97,0.0,139.37,-0.008670216426253319,14.54049301147461,0.44919154047966003,0.0029552922812285942,0.02558135986328125,0.0003,0.19183864915572232,0.7971014492753623,2.64,0.35,0.93,3.27,3.8,0.8,0.66,2.34,0.0,2.8472978395223616,3.12,129.75,0.04088263586163521,nan
3062,100368384,10755.382,405,30.26,0.0,153.51,-0.007606043945997953,15.450000762939453,0.4258232116699219,0.0032650962223215174,0.0252838134765625,0.0003,0.23382226056945643,0.7496012759170654,3.54,0.42,0.88,3.33,3.89,0.73,0.69,2.47,0.0,2.9161407743394374,3.49,140.63,0.040187810780480504,nan
3063,100401152,10830.095,405,26.54,0.0,131.46,-0.006778443697839975,12.82598876953125,0.4387374520301819,0.002384977753649764,0.02355194091796875,0.0003,0.21099116781157998,0.7866419294990723,2.97,0.42,0.74,2.92,3.38,0.59,0.66,2.13,0.0,2.5574269466102124,3.03,124.05,0.03767856513150036,nan
3064,100433920,10914.614,405,27.19,0.0,145.61,-0.007576395757496357,16.453622817993164,0.4139719307422638,0.0019542475680438542,0.01519012451171875,0.0003,0.22840859272249014,0.7600700525394045,2.47,0.35,0.79,3.31,3.57,0.62,0.64,2.31,0.0,2.6669881366193295,3.12,130.51,0.04136623616795987,nan
3065,100466688,11001.578,405,28.11,0.0,131.93,-0.010316077619791031,13.469326972961426,0.4191918671131134,0.004032225048248961,0.0287628173828125,0.0003,0.1717612809315866,0.7608695652173914,2.45,0.34,0.79,2.76,3.47,0.65,0.74,2.08,0.0,2.6844839173555375,2.97,129.15,0.04152276576496661,nan
3066,100499456,11076.082,405,26.5,0.0,184.23,-0.0038594556972384453,15.9291353225708,0.44792553782463074,0.003435614063732828,0.03038787841796875,0.0003,0.23475314617618587,0.7486437613019892,3.25,0.27,0.78,3.01,3.44,0.81,0.62,2.01,0.0,2.5134412954188883,3.22,124.24,0.040765984798781574,nan
3067,100532224,11153.584,405,28.27,0.0,141.23,-0.004877396393567324,15.742071151733398,0.43577051162719727,0.0030869224277125795,0.02555084228515625,0.0003,0.18413855970829535,0.7970479704797048,2.5,0.37,0.76,3.1,3.54,0.67,0.54,2.33,0.0,2.642073232680559,3.13,130.68,0.04461091326083988,nan
3068,100564992,11233.387,405,28.92,0.01,166.17,-0.006978537887334824,15.612714767456055,0.4276873469352722,0.002274233552597593,0.0202178955078125,0.0003,0.22468043264503443,0.7681992337164751,2.88,0.29,0.85,2.97,3.4,0.74,0.6,2.06,0.0,2.5518201597034933,3.01,122.59,0.041943396790884435,nan
3069,100597760,11318.527,405,28.43,0.0,155.79,-0.009420538321137428,13.230992317199707,0.4457969665527344,0.002346099675065716,0.01578521728515625,0.0003,0.22622538751571009,0.7727975270479135,3.47,0.39,0.95,3.3,3.58,0.77,0.66,2.15,0.0,2.688586066812277,3.65,141.41,0.03950573783367872,nan
3070,100630528,11402.291,405,28.76,0.01,143.14,-0.009959527291357517,14.18562126159668,0.4491080939769745,0.003721122419335643,0.02956390380859375,0.0003,0.20072802912116486,0.8097165991902834,2.32,0.3,0.76,2.64,3.09,0.58,0.69,1.82,0.0,2.2894678112864493,2.68,117.09,0.03601384919602424,nan
3071,100663296,11481.546,405,28.2,0.0,169.23,-0.006404610816389322,14.773195266723633,0.4696117341518402,0.0020614077737377556,0.01869964599609375,0.0003,0.23602005399151563,0.7514285714285714,3.73,0.48,1.16,4.03,4.3,0.94,0.75,2.61,0.0,3.4457105088979008,4.24,148.26,0.04094627662561834,nan
3072,100696064,11565.14,405,27.41,0.0,157.26,-0.005440493579953909,15.311172485351562,0.48956096172332764,0.005366729910605272,0.03850555419921875,0.0003,0.20722591362126247,0.7832817337461301,3.59,0.47,1.14,3.5,3.93,0.81,0.67,2.45,0.0,3.030901685357094,3.85,141.56,0.037786226253956556,nan
3073,100728832,11651.004,404,27.54,0.0,134.86,-0.009764152579009533,14.682341575622559,0.4873470664024353,0.0032562986095854285,0.0263214111328125,0.0003,0.2450361010830325,0.7927063339731286,2.56,0.31,0.76,2.98,3.42,0.63,0.58,2.21,0.01,2.5556368840485812,2.92,128.73,0.039510238100774586,nan
3074,100761600,11727.111,405,26.9,0.01,148.53,-0.005061252973973751,13.078800201416016,0.48594826459884644,0.001991590049954084,0.0186309814453125,0.0003,0.18292682926829268,0.7916666666666666,2.56,0.37,0.81,3.34,4.1,0.8,0.71,2.59,0.0,3.1022530421614647,3.3,137.35,0.045000225654803216,nan
3075,100794368,11810.648,405,29.31,0.0,139.27,-0.006133127026259899,13.405433654785156,0.5033209323883057,0.0032653135108944298,0.02524566650390625,0.0003,0.20282588878760255,0.8170515097690941,2.88,0.34,0.87,2.96,3.35,0.61,0.64,2.1,0.0,2.44720566123724,3.09,125.34,0.04410670208744705,nan
3076,100827136,11888.026,405,29.21,0.0,166.44,-0.005249191075563431,15.645453453063965,0.48253464698791504,0.003362049861664218,0.02980804443359375,0.0003,0.20233776702942363,0.7908396946564885,3.47,0.54,1.0,3.39,3.64,0.85,0.72,2.07,0.01,2.7846870851516723,3.67,148.43,0.043009605491533875,nan
3077,100859904,11971.708,405,27.94,0.0,156.53,-0.010259969159960747,14.44648265838623,0.4684866964817047,0.0028543874680195813,0.02326202392578125,0.0003,0.19563459983831852,0.7949921752738655,3.05,0.4,1.04,3.49,3.79,0.75,0.63,2.41,0.0,2.956134097278118,3.84,141.57,0.04018581169657409,nan
3078,100892672,12060.072,404,28.67,0.0,146.1,-0.007271305657923222,14.871337890625,0.46950867772102356,0.0031543592393603603,0.0298309326171875,0.0003,0.19991115059973344,0.7899305555555556,2.9,0.32,0.89,3.44,3.95,0.77,0.75,2.43,0.0,3.0520714201033114,3.43,135.02,0.043561458005569875,nan
3079,100925440,12143.776,404,28.59,0.0,136.94,-0.007873944006860256,15.816463470458984,0.4952452778816223,0.0026388954919411844,0.02446746826171875,0.0003,0.22154850746268656,0.8061041292639138,2.48,0.33,0.75,2.91,3.44,0.48,0.66,2.3,0.0,2.565781781673431,3.24,130.54,0.0398238260531798,nan
3080,100958208,12219.858,404,27.1,0.0,148.44,-0.007733108475804329,14.942516326904297,0.4622269868850708,0.0035764847611972073,0.03142547607421875,0.0003,0.16709844559585493,0.7943615257048093,3.44,0.33,1.0,3.18,3.73,0.67,0.63,2.43,0.0,2.8314452596008777,3.63,130.18,0.03754077898338437,nan
3081,100990976,12304.536,404,27.95,0.0,166.54,-0.006739389151334763,13.603462219238281,0.47526830434799194,0.0035093427885612982,0.02857208251953125,0.0003,0.23405103668261562,0.7979041916167665,3.41,0.41,1.04,3.56,3.89,0.74,0.65,2.5,0.0,2.8004877325892448,3.95,144.49,0.036989860236644745,nan
3082,101023744,12388.98,404,29.38,0.0,150.66,-0.0074607147835195065,14.248390197753906,0.48617613315582275,0.005457204345191258,0.04523468017578125,0.0003,0.22822822822822822,0.8102310231023102,3.0,0.45,0.95,3.38,3.77,0.82,0.59,2.36,0.0,2.7256361897289754,3.6,139.45,0.041778520098887384,nan
3083,101056512,12474.443,404,28.29,0.0,160.56,-0.008818535134196281,13.233538627624512,0.5061017870903015,0.004709155004604781,0.038177490234375,0.0003,0.15515840779853776,0.8065967016491754,2.89,0.44,1.12,3.68,4.32,0.88,0.74,2.7,0.0,3.2068474066257475,3.93,142.75,0.03745342884212732,nan
3084,101089280,12561.372,404,29.34,0.01,136.47,-0.00797923095524311,16.71383285522461,0.46976304054260254,0.002687734611754422,0.02542877197265625,0.0003,0.19791666666666666,0.7900552486187845,3.69,0.42,0.99,2.7,2.98,0.68,0.54,1.76,0.0,2.240085642784834,3.47,129.08,0.03832405025605112,nan
3085,101122048,12645.586,404,28.03,0.0,142.77,-0.004633469972759485,17.832168579101562,0.4994514286518097,0.00413319029394188,0.04013824462890625,0.0003,0.23994697304463103,0.7967332123411979,2.47,0.47,0.97,3.11,3.32,0.66,0.67,1.99,0.0,2.4931527277827263,3.44,131.03,0.039529671310447156,nan
3086,101154816,12734.427,403,27.7,0.0,139.98,-0.006418116390705109,15.673643112182617,0.48384007811546326,0.004938062833332424,0.04393768310546875,0.0003,0.21901757548445244,0.8112522686025408,2.96,0.28,0.93,2.92,3.2,0.71,0.57,1.92,0.0,2.4089050272107126,3.13,131.27,0.037443648907355964,nan
3087,101187584,12818.654,403,27.2,0.0,140.31,-0.009069773368537426,13.413675308227539,0.48543280363082886,0.003029485511888197,0.02318572998046875,0.0003,0.21784420289855072,0.8336314847942755,2.93,0.34,1.0,3.24,3.58,0.78,0.64,2.16,0.0,2.6200735688954593,3.07,127.66,0.03993763483595103,nan
3088,101220352,12891.346,404,26.27,0.0,152.46,-0.007323157042264938,12.622038841247559,0.4841858148574829,0.0025957609037732254,0.0273895263671875,0.0003,0.21462777535916414,0.7851985559566786,2.43,0.36,0.86,3.42,3.66,0.78,0.6,2.28,0.0,2.772458631396294,3.22,133.18,0.04004576522856951,nan
3089,101253120,12973.89,404,28.22,0.0,164.96,-0.008602251298725605,14.311513900756836,0.4876403212547302,0.002391534744276669,0.01761627197265625,0.0003,0.22189962671090835,0.8341543513957307,2.94,0.37,0.99,3.35,3.72,0.74,0.63,2.35,0.0,2.773452534377575,3.71,142.41,0.0385369467549026,nan
3090,101285888,13063.737,403,27.77,0.0,142.86,-0.007189393043518066,15.849809646606445,0.48987460136413574,0.002612820261674642,0.02458953857421875,0.0003,0.22818181818181818,0.7925170068027211,3.2,0.34,0.81,3.07,3.7,0.65,0.65,2.4,0.0,2.7549057425558567,3.27,127.89,0.04384396260138601,nan
3091,101318656,13144.381,403,27.01,0.0,151.49,-0.0026747894007712603,12.965596199035645,0.5121867656707764,0.0015646511558315979,0.01586151123046875,0.0003,0.25164744645799014,0.7906197654941374,2.77,0.33,0.91,3.18,3.57,0.71,0.55,2.31,0.0,2.707779221534729,3.18,134.6,0.04256913356948644,nan
3092,101351424,13223.128,403,26.98,0.0,168.04,-0.008722664788365364,13.992838859558105,0.502104640007019,0.002054613808297745,0.01747894287109375,0.0003,0.19419306184012067,0.7982708933717579,2.95,0.42,1.17,3.68,4.3,0.85,0.73,2.72,0.0,3.2378877329826357,3.99,145.05,0.04125339770689607,nan
3093,101384192,13300.648,404,27.27,0.0,151.76,-0.009522059001028538,15.527801513671875,0.4995279014110565,0.002984672599723126,0.02582550048828125,0.0003,0.26850328947368424,0.797979797979798,2.82,0.42,1.05,3.48,3.79,0.96,0.65,2.18,0.01,2.837427288591862,3.86,138.8,0.042872858815826476,nan
3094,101416960,13386.482,403,26.51,0.0,133.33,-0.005891912616789341,12.901845932006836,0.5126396417617798,0.0024708040222094496,0.02465057373046875,0.0003,0.22828096118299446,0.7702448210922788,2.35,0.35,0.95,2.8,3.28,0.6,0.54,2.14,0.01,2.4114517721533777,3.14,125.19,0.040755949332378805,nan
3095,101449728,13470.455,403,27.7,0.0,133.94,-0.008638757281005383,14.900785446166992,0.4898240864276886,0.001970428573628169,0.01764678955078125,0.0003,0.22746578574799434,0.8134920634920635,2.38,0.28,0.92,2.82,3.08,0.68,0.46,1.94,0.0,2.173833681941032,3.09,122.79,0.041637360700406134,nan
3096,101482496,13546.272,403,25.89,0.0,147.17,-0.007198683451861143,14.586212158203125,0.469639390707016,0.0027372236502571923,0.0216827392578125,0.0003,0.22274476271911073,0.8330373001776199,2.78,0.29,0.98,3.31,3.6,0.74,0.65,2.21,0.0,2.6205968664586545,3.44,132.46,0.044044665759429336,nan
3097,101515264,13628.255,403,28.24,0.0,150.6,-0.009261002764105797,12.295570373535156,0.4767087399959564,0.0031403532753415675,0.0267486572265625,0.0003,0.19828693790149893,0.8003384094754653,3.32,0.42,1.04,3.35,3.69,0.67,0.59,2.43,0.0,2.744692129045725,3.51,130.81,0.0400428184075281,nan
3098,101548032,13708.753,403,26.42,0.0,137.91,-0.008072193711996078,12.324054718017578,0.4889924228191376,0.0038564282757533874,0.032440185546875,0.0003,0.24512411347517732,0.8276515151515151,2.9,0.35,0.78,2.81,3.4,0.64,0.59,2.17,0.0,2.474418000727892,2.98,127.01,0.04263049375731498,nan
3099,101580800,13787.924,404,27.69,0.0,147.32,-0.004904679488390684,12.633504867553711,0.4823208451271057,0.003861706558950573,0.03859710693359375,0.0003,0.26061370323665406,0.8275862068965517,2.91,0.36,0.95,3.07,3.53,0.86,0.69,1.98,0.0,2.65592212587595,3.32,128.05,0.036110791843384504,nan
3100,101613568,13863.755,404,27.65,0.0,146.48,-0.007466650102287531,15.337791442871094,0.4575766921043396,0.002722045216330571,0.02425384521484375,0.0003,0.2298747763864043,0.779896013864818,3.06,0.37,1.09,2.97,3.48,0.84,0.64,2.0,0.0,2.6347120240330697,3.64,129.47,0.037447165115736425,nan
3101,101646336,13936.262,404,27.23,0.0,166.63,-0.0044893864542245865,14.545429229736328,0.4767931401729584,0.003848371195800837,0.03632354736328125,0.0003,0.2095125786163522,0.8330827067669173,3.56,0.44,1.11,3.8,4.02,0.94,0.64,2.44,0.0,2.975707131922245,3.99,144.82,0.04083778674248606,nan
3102,101679104,14018.177,404,28.03,0.0,129.32,-0.005246118642389774,14.034503936767578,0.4584394693374634,0.001233161299069252,0.01070404052734375,0.0003,0.21672439386442355,0.8159392789373814,2.37,0.34,0.94,2.64,3.07,0.68,0.58,1.81,0.0,2.318242665976286,2.98,129.88,0.04460071341600269,nan
3103,101711872,14099.789,404,28.64,0.0,150.69,-0.007579200901091099,12.573450088500977,0.46197521686553955,0.00183767504665866,0.0155487060546875,0.0003,0.18798828125,0.8296593186372746,2.33,0.31,0.95,2.56,3.08,0.71,0.61,1.76,0.0,2.339071890860796,3.07,121.8,0.0370317711494863,nan
3104,101744640,14171.638,404,26.93,0.0,161.05,-0.0039344849064946175,15.292633056640625,0.4650823473930359,0.0023615153767195807,0.019622802734375,0.0003,0.22869774919614147,0.8494623655913979,3.32,0.38,1.07,3.31,3.58,0.76,0.53,2.29,0.0,2.6807248431444166,3.65,138.89,0.03711328387726098,nan
3105,101777408,14247.541,404,28.87,0.0,157.21,-0.005255257710814476,15.686758041381836,0.45992857217788696,0.0022530644776566078,0.02211761474609375,0.0003,0.24692874692874692,0.8040123456790124,3.42,0.39,0.95,3.35,3.8,0.69,0.75,2.36,0.0,2.7781832578778265,3.79,145.7,0.041271757683716714,nan
3106,101810176,14321.647,404,27.02,0.0,205.43,-0.0073292190209031105,14.406185150146484,0.44614413380622864,0.001958684832459312,0.01629638671875,0.0003,0.2325020112630732,0.8101071975497703,3.52,0.41,1.17,3.5,3.74,0.68,0.71,2.35,0.0,2.918107079267502,4.09,140.0,0.038061101571656764,nan
3107,101842944,14400.357,405,30.01,0.0,147.63,-0.005882666911929846,14.984018325805664,0.4808940291404724,0.0028472668658992006,0.022979736328125,0.0003,0.2416165090283749,0.8248772504091653,3.05,0.39,0.94,3.16,3.65,0.8,0.66,2.19,0.0,2.8071087974309923,3.54,135.77,0.039319327333942056,nan
3108,101875712,14478.949,405,26.43,0.0,196.1,-0.007713517174124718,13.627596855163574,0.48034748435020447,0.0031196152843335767,0.03070831298828125,0.0003,0.26044226044226043,0.7956448911222781,2.45,0.5,0.88,3.47,3.8,0.76,0.54,2.5,0.0,2.8734929168224337,3.46,139.61,0.04029361577704549,nan
3109,101908480,14554.979,405,27.87,0.0,165.27,-0.007277499884366989,15.416629791259766,0.4633842706680298,0.004108610969979054,0.03002166748046875,0.0003,0.23124516627996908,0.8545727136431784,3.77,0.43,1.06,3.65,3.85,0.76,0.67,2.42,0.0,2.8607894183695315,3.94,143.33,0.040144822211004794,nan
3110,101941248,14637.452,405,26.96,0.0,155.04,-0.005624935496598482,15.068337440490723,0.4819624423980713,0.002061241216608778,0.02002716064453125,0.0003,0.23657289002557544,0.8381877022653722,2.84,0.44,0.8,3.33,3.77,0.64,0.61,2.52,0.0,2.804239360243082,3.49,139.49,0.03926303097978234,nan
3111,101974016,14718.337,405,27.74,0.0,122.84,-0.008062608540058136,15.405618667602539,0.45938509702682495,0.0022703625792246385,0.0174560546875,0.0003,0.23841059602649006,0.8207343412526998,2.83,0.24,0.92,2.38,2.76,0.8,0.56,1.4,0.0,2.078640572875738,3.02,116.3,0.03375044232234359,nan
3112,102006784,14805.757,405,27.96,0.0,141.04,-0.007551746442914009,13.46097183227539,0.4530841112136841,0.0043555039872558154,0.0380096435546875,0.0003,0.23097949886104785,0.8199643493761141,2.8,0.36,0.9,2.8,3.3,0.69,0.59,2.02,0.0,2.467673820257187,3.31,128.99,0.03999828558880836,nan
3113,102039552,14889.084,404,27.17,0.0,155.75,-0.006886076182126999,15.522315979003906,0.46195247769355774,0.003500611723438851,0.03182220458984375,0.0003,0.214817880794702,0.8096,3.33,0.53,0.96,3.36,3.81,0.81,0.76,2.24,0.01,2.826752124130726,3.5,136.08,0.037774960161186755,nan
3114,102072320,14968.943,404,28.23,0.0,149.34,-0.005282737780362368,12.842890739440918,0.464258074760437,0.003456741555169174,0.0302581787109375,0.0003,0.23374340949033393,0.8330494037478705,3.25,0.41,0.89,3.29,3.48,0.61,0.55,2.32,0.0,2.677759698033333,3.29,132.37,0.03893839102238417,nan
3115,102105088,15049.801,404,27.58,0.0,178.95,-0.007855314761400223,13.463740348815918,0.48649102449417114,0.003876111488708034,0.03226470947265625,0.0003,0.23195458231954583,0.8796747967479674,3.14,0.57,0.93,3.22,3.45,0.82,0.57,2.06,0.0,2.574951917976141,3.54,140.37,0.03691211354453117,nan
3116,102137856,15134.358,404,29.26,0.0,133.71,-0.00811726413667202,15.996272087097168,0.4465912878513336,0.004095176936743883,0.02695465087890625,0.0003,0.23605150214592274,0.8336673346693386,2.74,0.36,0.74,2.69,3.1,0.56,0.7,1.84,0.0,2.3586635965108873,2.92,123.1,0.039203973836265504,nan
3117,102170624,15210.409,405,30.28,0.0,163.6,-0.009460468776524067,13.096327781677246,0.46026885509490967,0.002606072045523433,0.02114105224609375,0.0003,0.2665847665847666,0.835423197492163,4.27,0.45,1.17,3.46,3.99,0.83,0.8,2.36,0.0,3.0130823507905005,3.97,145.52,0.03887561021838337,nan
3118,102203392,15299.957,404,28.04,0.0,138.64,-0.008924892172217369,19.3394775390625,0.4636322557926178,0.0024104633520209973,0.02077484130859375,0.0003,0.24746543778801844,0.8170055452865065,3.69,0.41,1.01,2.94,3.63,0.8,0.73,2.1,0.01,2.722785282675177,3.38,127.54,0.043987581389956176,nan
3119,102236160,15381.118,404,25.54,0.0,148.44,-0.005825617350637913,13.989856719970703,0.4732297956943512,0.0019380363872301132,0.01732635498046875,0.0003,0.23357335733573356,0.8417391304347827,2.92,0.38,0.77,3.03,3.34,0.55,0.51,2.28,0.01,2.4034173768758773,3.21,123.18,0.03839911881368607,nan
3120,102268928,15465.667,404,29.22,0.0,169.77,-0.0052564856596291065,18.242721557617188,0.4305037558078766,0.0015853936305347816,0.0150299072265625,0.0003,0.2609387430389817,0.8548850574712644,4.53,0.36,1.15,3.6,4.18,0.82,0.73,2.63,0.01,3.205109231173992,4.17,141.55,0.043895873823203146,nan
3121,102301696,15548.546,404,28.94,0.01,152.82,-0.005965877790004015,14.557365417480469,0.44957035779953003,0.002666557769202882,0.02001953125,0.0003,0.22518765638031693,0.8306188925081434,3.39,0.38,1.1,3.43,3.65,0.84,0.62,2.19,0.0,2.711586245447397,3.77,143.03,0.041834624484181404,nan
3122,102334464,15634.163,404,28.17,0.0,136.04,-0.0077207814902067184,15.51460075378418,0.47178807854652405,0.0024419350917810334,0.020477294921875,0.0003,0.24479166666666666,0.8641509433962264,3.66,0.34,1.01,2.88,3.22,0.77,0.74,1.71,0.0,2.4483090269565584,3.41,128.62,0.03991053847130388,nan
3123,102367232,15708.679,404,28.13,0.0,150.81,-0.009790342301130295,14.718305587768555,0.4770297110080719,0.0024210713496586322,0.02211761474609375,0.0003,0.27486910994764396,0.7864238410596026,2.7,0.4,0.99,3.0,3.45,0.86,0.71,1.88,0.02,2.6370116831362247,3.32,126.99,0.03740566538181156,nan
3124,102400000,15790.045,404,28.09,0.0,180.81,-0.010993797332048416,13.838627815246582,0.4643264412879944,0.0030828038403569735,0.027801513671875,0.0003,0.26480990274093724,0.773109243697479,3.29,0.39,0.91,3.29,3.63,0.68,0.65,2.3,0.01,2.7209155413508417,3.33,135.21,0.03944111964665353,nan
3125,102432768,15873.967,404,27.67,0.0,134.93,-0.009650318883359432,15.553736686706543,0.44481465220451355,0.0033428843578633405,0.02895355224609375,0.0003,0.26384976525821596,0.7975951903807615,3.11,0.34,0.88,2.69,3.13,0.69,0.68,1.76,0.0,2.2698391246795655,3.27,125.03,0.036793900886550546,nan
3126,102465536,15955.741,404,29.44,0.0,141.69,-0.009984529577195644,14.865909576416016,0.4517236351966858,0.0044620919366593625,0.03261566162109375,0.0003,0.26068965517241377,0.8168761220825853,3.27,0.34,1.15,2.91,3.29,0.77,0.6,1.92,0.01,2.3798059572279455,3.51,123.63,0.03730033151805401,nan
3127,102498304,16040.371,404,27.69,0.0,147.18,-0.009424129500985146,15.26982307434082,0.4666168689727783,0.004809704121839786,0.03743743896484375,0.0003,0.2620778110303549,0.7429048414023373,3.15,0.49,0.86,2.94,3.16,0.75,0.55,1.86,0.01,2.185644806958735,3.46,130.98,0.040183090372011065,nan
3128,102531072,16120.613,404,26.88,0.01,131.94,-0.0068978434428572655,14.350861549377441,0.4758079946041107,0.002940476488930699,0.026947021484375,0.0003,0.23110047846889953,0.7662835249042146,2.35,0.38,0.82,2.72,3.15,0.66,0.63,1.86,0.02,2.3412019343674184,2.98,121.87,0.044257038622163236,nan
3129,102563840,16204.401,404,27.99,0.0,238.22,-0.007300224620848894,15.536331176757812,0.4876769483089447,0.003941072931979761,0.0313262939453125,0.0003,0.2576632607729898,0.7783882783882784,2.99,0.35,0.85,2.74,3.01,0.66,0.6,1.75,0.01,2.2012766122817995,3.35,130.29,0.039637952810153365,nan
3130,102596608,16295.668,404,30.2,0.0,124.79,-0.011276384815573692,13.14112663269043,0.48117491602897644,0.004288781695322541,0.0357513427734375,0.0003,0.25615268709191363,0.7710843373493976,2.0,0.3,0.76,2.41,2.8,0.6,0.55,1.65,0.01,1.9870090464502572,2.72,122.73,0.037251008092425764,nan
3131,102629376,16380.845,404,27.86,0.0,155.55,-0.007108681369572878,13.979310989379883,0.46175894141197205,0.0028272341136243995,0.02532958984375,0.0003,0.2135532768613464,0.7934027777777778,2.89,0.3,0.83,3.29,3.75,0.6,0.68,2.47,0.0,2.7195044385269282,3.23,129.04,0.04147921467665583,nan
3132,102662144,16462.969,404,26.27,0.0,144.68,-0.008118237368762493,12.553826332092285,0.47634193301200867,0.0028651994543906767,0.02663421630859375,0.0003,0.27237185056472635,0.8092783505154639,2.72,0.47,0.79,3.07,3.66,0.75,0.58,2.33,0.0,2.707615565508604,3.07,125.47,0.04068360535893589,nan
3133,102694912,16554.552,403,30.0,0.0,147.61,-0.010222306475043297,16.184558868408203,0.47610798478126526,0.003384340537763819,0.0302581787109375,0.0003,0.25696140693698094,0.7817460317460317,3.06,0.4,0.87,2.49,2.89,0.69,0.64,1.56,0.01,2.103322830796242,3.02,124.3,0.04039343842305243,nan
3134,102727680,16637.847,403,27.38,0.0,159.4,-0.011973506771028042,14.927957534790039,0.47133442759513855,0.0034920123801782665,0.0275115966796875,0.0003,0.23545928600080224,0.7946708463949843,3.58,0.35,1.07,3.64,3.93,0.85,0.7,2.38,0.0,2.9376039470732214,3.7,131.41,0.03439327568048611,nan
3135,102760448,16718.464,403,26.93,0.0,149.8,-0.010303100571036339,17.35240364074707,0.4916692078113556,0.0034196094763956353,0.02960205078125,0.0003,0.2498937526561836,0.7904290429042904,3.22,0.44,0.84,3.2,3.33,0.74,0.57,2.02,0.0,2.4302736394107343,3.49,129.16,0.03694202727638185,nan
3136,102793216,16800.409,403,28.34,0.0,145.25,-0.009149855002760887,14.055412292480469,0.47153353691101074,0.004722038138368134,0.0403289794921875,0.0003,0.3247978436657682,0.7982456140350878,3.06,0.37,1.01,2.91,3.34,0.81,0.7,1.83,0.0,2.4627866247296333,3.4,130.41,0.037737298756837845,nan
3137,102825984,16881.232,403,28.08,0.0,155.55,-0.004070038441568613,17.425888061523438,0.48147061467170715,0.0026220803108287782,0.025604248046875,0.0003,0.25060926076360684,0.7788461538461539,3.44,0.38,0.93,3.36,3.75,0.74,0.59,2.42,0.01,2.802151481509209,3.56,133.31,0.041984009090811014,nan
3138,102858752,16956.321,403,27.93,0.0,174.7,-0.007868451997637749,14.931583404541016,0.496951699256897,0.0024931720953418335,0.0231475830078125,0.0003,0.3061149761991944,0.7820324005891016,3.65,0.33,1.02,3.71,4.34,0.87,0.74,2.73,0.0,3.213369885236025,4.08,149.67,0.04161805985495448,nan
3139,102891520,17032.262,404,26.55,0.0,145.23,-0.011778529733419418,17.67003631591797,0.4887104630470276,0.003116509487995245,0.02794647216796875,0.0003,0.2237345810293492,0.7762478485370051,2.98,0.28,0.88,3.14,3.42,0.56,0.5,2.36,0.02,2.4808653265982867,3.28,123.22,0.03690966940484941,nan
3140,102924288,17111.069,404,25.38,0.0,148.36,-0.005951739381998777,14.947771072387695,0.47953125834465027,0.005286306021616838,0.05001068115234375,0.0003,0.2686084142394822,0.8313856427378965,2.79,0.35,0.72,3.16,3.46,0.58,0.64,2.24,0.0,2.5615248730778695,3.09,128.15,0.03886971855536103,nan
3141,102957056,17197.609,403,27.88,0.01,143.66,-0.00562420254573226,15.642843246459961,0.48799192905426025,0.002433586171321167,0.02442169189453125,0.0003,0.2951048951048951,0.7900763358778626,2.44,0.23,0.79,2.54,3.11,0.67,0.57,1.87,0.01,2.161844739466906,2.86,121.99,0.03976466378662735,nan
3142,102989824,17281.76,403,28.44,0.0,137.31,-0.007752454839646816,15.269109725952148,0.48039472103118896,0.005120159207145036,0.04579925537109375,0.0003,0.2780330882352941,0.7628083491461101,2.96,0.29,0.99,2.87,3.31,0.74,0.67,1.9,0.0,2.34606719173491,3.11,120.94,0.039109337725676596,nan
3143,103022592,17361.259,403,28.35,0.0,182.59,-0.004985854960978031,14.815986633300781,0.4746090769767761,0.009281343222141913,0.062164306640625,0.0003,0.28659239339223974,0.7774566473988439,3.99,0.39,1.05,3.62,3.84,0.8,0.66,2.38,0.01,2.818714633285999,3.89,141.47,0.037722960696555674,nan
3144,103055360,17442.069,403,27.23,0.0,166.85,-0.00893402099609375,13.293275833129883,0.5038259625434875,0.0023836346161090205,0.01927947998046875,0.0003,0.25307491613865074,0.7851739788199698,2.89,0.35,0.97,3.64,3.85,0.73,0.61,2.51,0.0,2.885344366133213,3.76,145.95,0.03809587680734694,nan
3145,103088128,17524.911,403,31.2,0.0,152.79,-0.007365546189248562,13.690850257873535,0.4848484992980957,0.002888433014078373,0.0252685546875,0.0003,0.2342612419700214,0.7479674796747967,3.12,0.3,1.04,3.42,3.91,0.88,0.73,2.3,0.0,2.9861834248900414,3.82,133.34,0.04053687956184149,nan
3146,103120896,17601.771,403,26.03,0.0,155.5,-0.007267283275723457,14.79347038269043,0.4816456437110901,0.0039049874007446306,0.04088592529296875,0.0003,0.22885990744636095,0.7585034013605442,3.24,0.38,0.89,3.18,3.57,0.8,0.59,2.18,0.0,2.5866304139792917,3.36,129.94,0.036426500882953405,nan
3147,103153664,17685.63,403,27.61,0.0,138.06,-0.01064523309469223,14.837629318237305,0.4884142577648163,0.003601034906296263,0.03289031982421875,0.0003,0.2598714416896235,0.7715930902111324,2.41,0.33,1.0,2.72,3.29,0.75,0.54,2.0,0.0,2.400966278165579,3.31,125.54,0.04126749781426042,nan
3148,103186432,17768.221,403,28.44,0.0,164.14,-0.008802669122815132,13.34759521484375,0.4953652620315552,0.0023912347260761635,0.02394866943359375,0.0003,0.2184284377923293,0.75139146567718,3.04,0.28,0.82,2.64,3.24,0.81,0.66,1.77,0.02,2.318760467916727,3.09,124.01,0.0385010982863605,nan
3149,103219200,17848.24,403,28.68,0.0,170.93,-0.0029967320151627064,15.37295913696289,0.48850297927856445,0.0014946911537663254,0.015869140625,0.0003,0.23260211800302572,0.7787234042553192,3.14,0.41,1.18,3.83,4.25,0.92,0.84,2.49,0.01,3.181229743361473,4.19,148.09,0.04542326438240707,nan
3150,103251968,17927.91,403,28.29,0.0,150.08,-0.007410203106701374,14.906035423278809,0.4635142385959625,0.0024223406564374272,0.01667022705078125,0.0003,0.2741865509761388,0.773286467486819,2.64,0.22,0.99,3.3,3.69,1.07,0.71,1.91,0.0,2.7520612952113153,3.19,131.65,0.04202047502622008,nan
3151,103284736,18003.602,404,28.26,0.0,164.26,-0.008631547912955284,13.139461517333984,0.48473110795021057,0.0031900186965572175,0.03118896484375,0.0003,0.23660346248969497,0.7880794701986755,2.77,0.36,1.04,3.28,3.79,0.9,0.62,2.27,0.01,2.77642858594656,3.66,136.82,0.03978887596167624,nan
3152,103317504,18086.523,404,27.45,0.0,132.29,-0.004509852267801762,13.920177459716797,0.4712418019771576,0.00393104047941506,0.0401763916015625,0.0003,0.21335200746965452,0.8088531187122736,2.92,0.29,0.72,2.69,3.12,0.53,0.56,2.03,0.0,2.230252216607332,2.85,123.38,0.04256436903961003,nan
3153,103350272,18171.783,403,25.48,0.0,145.16,-0.006829020567238331,16.00596046447754,0.4570328891277313,0.00224528645975397,0.01811981201171875,0.0003,0.2196078431372549,0.8085470085470086,2.7,0.37,1.05,3.15,3.54,0.89,0.64,2.01,0.0,2.749685714095831,3.34,130.54,0.03948113846126944,nan
3154,103383040,18256.346,403,28.45,0.0,133.41,-0.003532650414854288,14.454641342163086,0.4742094874382019,0.0012341411612055708,0.011505126953125,0.0003,0.20557491289198607,0.8191056910569106,2.14,0.37,0.89,2.81,3.14,0.76,0.62,1.76,0.0,2.375701001212001,3.06,121.28,0.047001434257254004,nan
3155,103415808,18329.427,404,26.38,0.0,150.4,-0.005102183669805527,14.18899154663086,0.46512269973754883,0.001525143493267933,0.01361083984375,0.0003,0.22021364009860311,0.8,2.76,0.38,1.02,3.26,3.59,0.79,0.59,2.21,0.02,2.6268159312009813,3.48,135.45,0.042760952725075185,nan
3156,103448576,18411.55,404,28.23,0.0,154.05,-0.008958077989518642,13.6693115234375,0.46071356534957886,0.00265655575627477,0.02463531494140625,0.0003,0.20412371134020618,0.7786377708978328,3.41,0.28,1.06,3.32,3.62,0.69,0.68,2.25,0.0,2.702568347752094,3.77,133.12,0.04109427367802709,nan
3157,103481344,18492.494,404,28.16,0.0,193.54,-0.0069131627678871155,14.914081573486328,0.45060017704963684,0.002659675189789823,0.024932861328125,0.0003,0.22235772357723577,0.8076311605723371,3.99,0.35,1.08,3.39,3.57,0.85,0.64,2.08,0.03,2.6846885864436625,3.97,138.07,0.04222843237221241,nan
3158,103514112,18578.187,403,29.92,0.0,132.52,-0.008114018477499485,14.966854095458984,0.4777039885520935,0.0021050240395084074,0.01611328125,0.0003,0.23863103609939054,0.7953586497890295,2.75,0.29,0.88,2.45,2.87,0.73,0.51,1.63,0.0,2.1775000835210085,3.01,125.05,0.043426432996056974,nan
3159,103546880,18665.042,403,27.17,0.0,164.92,-0.009282004088163376,13.505977630615234,0.47197332978248596,0.00239328611195333,0.02044677734375,0.0003,0.2620624408703879,0.7947761194029851,2.77,0.29,1.04,2.9,3.22,0.96,0.57,1.69,0.01,2.476564216017723,3.13,125.34,0.039408298092894256,nan
3160,103579648,18745.029,403,28.1,0.0,167.18,-0.007704770192503929,15.14521598815918,0.4726508557796478,0.003520267760166007,0.02382659912109375,0.0003,0.24940711462450593,0.7719821162444114,3.44,0.4,1.27,3.59,4.0,0.86,0.73,2.41,0.0,2.9957691660523413,4.14,144.19,0.03993745322804898,nan
3161,103612416,18834.146,403,27.81,0.0,141.73,-0.010476941242814064,14.951507568359375,0.49450311064720154,0.004518201502619945,0.03551483154296875,0.0003,0.25554569653948533,0.7845601436265709,2.85,0.33,0.81,3.11,3.28,0.68,0.45,2.15,0.03,2.456952103152871,3.05,127.01,0.040611835778690875,nan
3162,103645184,18916.191,403,26.51,0.0,153.88,-0.007749933749437332,14.79122257232666,0.4786282181739807,0.0024401778043738886,0.02108001708984375,0.0003,0.23345663789560214,0.7867528271405493,2.97,0.33,0.98,3.54,4.0,0.9,0.7,2.4,0.0,2.935958618223667,3.79,140.09,0.04505165584851056,nan
3163,103677952,19001.928,403,28.13,0.0,153.76,-0.008428447879850864,14.163860321044922,0.469321608543396,0.0027967223610971814,0.02590179443359375,0.0003,0.26863226863226863,0.7648054145516074,2.97,0.24,1.16,3.08,3.31,0.91,0.52,1.88,0.0,2.5046581169962883,4.05,135.36,0.03659924154635519,nan
3164,103710720,19083.569,403,29.21,0.0,148.5,-0.006413589231669903,14.300212860107422,0.4571675658226013,0.001928571561222725,0.01715087890625,0.0003,0.2711152589827345,0.76,2.86,0.27,0.92,2.85,3.5,0.92,0.7,1.88,0.0,2.5477493591606617,3.13,123.21,0.03788179415278137,nan
3165,103743488,19163.675,403,28.48,0.0,161.81,-0.006153705529868603,13.038777351379395,0.46014204621315,0.0024347394018491286,0.02463531494140625,0.0003,0.22309278350515463,0.7883096366508688,3.03,0.3,0.96,3.35,3.68,0.7,0.64,2.34,0.01,2.76958089068532,3.65,134.11,0.04085421049967408,nan
3166,103776256,19252.127,403,29.44,0.0,155.61,-0.006318932399153709,16.31310272216797,0.47623616456985474,0.004047917409764068,0.03736114501953125,0.0003,0.21239705244906806,0.7542662116040956,3.22,0.35,1.04,3.08,3.36,0.81,0.56,1.99,0.0,2.4926582144200804,3.62,136.82,0.04584252811037004,nan
3167,103809024,19330.301,403,27.75,0.0,133.97,-0.007002871949225664,13.102729797363281,0.4609357714653015,0.002970926036212518,0.027374267578125,0.0003,0.20159399906235348,0.7833001988071571,2.3,0.26,0.93,2.57,3.15,0.71,0.67,1.77,0.0,2.3249031701683998,3.04,122.54,0.038446655962616205,nan
3168,103841792,19416.904,403,27.12,0.0,135.37,-0.00513830129057169,13.299980163574219,0.45835620164871216,0.004103615969199836,0.04129791259765625,0.0003,0.25054945054945055,0.75,2.42,0.32,0.85,2.79,3.14,0.61,0.66,1.87,0.0,2.359968441724777,2.92,127.03,0.0358060747385025,nan
3169,103874560,19495.681,403,26.01,0.0,157.4,-0.011874537914991379,13.79633903503418,0.4717801809310913,0.002354881041014778,0.02025604248046875,0.0003,0.24302134646962234,0.7811023622047244,3.47,0.4,1.04,3.42,3.72,0.85,0.62,2.25,0.02,2.7060944572091103,3.67,136.45,0.039744246285408735,nan
3170,103907328,19577.469,403,25.1,0.0,171.31,-0.007062868680804968,14.53634262084961,0.4768330454826355,0.003161460698919427,0.02664947509765625,0.0003,0.30268510984540276,0.7877280265339967,2.5,0.41,1.07,3.18,3.51,0.93,0.68,1.9,0.0,2.6747549115121365,3.69,136.48,0.04173877718858421,nan
3171,103940096,19653.996,403,28.09,0.0,153.48,-0.0027592468541115522,14.836174011230469,0.4558042287826538,0.0020063086110440054,0.0233001708984375,0.0003,0.27970600244997956,0.7937806873977087,3.37,0.31,1.0,3.13,3.62,0.89,0.7,2.03,0.0,2.7060542187094687,3.76,134.55,0.040747952880337834,nan
3172,103972864,19732.015,403,27.9,0.0,145.8,-0.005636902526021004,16.474369049072266,0.46570396423339844,0.0007016350620574485,0.00609588623046875,0.0003,0.2593073593073593,0.7876712328767124,3.37,0.38,1.04,2.99,3.34,0.79,0.56,1.99,0.0,2.3702281558513643,3.33,133.85,0.04618970036972314,nan
3173,104005632,19811.073,403,28.49,0.01,156.74,-0.008642340078949928,13.658541679382324,0.4725251793861389,0.001654285830312574,0.0153961181640625,0.0003,0.23753546817997567,0.7904599659284497,3.01,0.38,1.05,3.32,3.47,0.79,0.65,2.03,0.03,2.4773975142836573,3.48,134.34,0.037594684050418437,nan
3174,104038400,19893.401,403,28.32,0.0,156.93,-0.0037659998051822186,16.80752944946289,0.4520220160484314,0.001646601871243547,0.01746368408203125,0.0003,0.2238372093023256,0.8189806678383128,2.93,0.43,1.03,3.04,3.29,0.65,0.62,2.02,0.0,2.471411618888378,3.57,136.11,0.03931702137924731,nan
3175,104071168,19971.303,403,27.32,0.0,150.36,-0.007489997427910566,13.424985885620117,0.466765820980072,0.0019288271842015092,0.01811981201171875,0.0003,0.255275974025974,0.788659793814433,2.87,0.42,0.93,3.1,3.44,0.64,0.62,2.18,0.0,2.6310778576135636,3.56,130.12,0.040806020493619144,nan
3176,104103936,20043.658,403,28.42,0.0,165.17,-0.006885414943099022,15.704416275024414,0.45041850209236145,0.003467193213509745,0.0274810791015625,0.0003,0.26839659178931063,0.7772194304857621,2.86,0.38,1.27,3.41,3.78,1.0,0.72,2.06,0.0,2.894628843665123,3.96,143.0,0.03627374651841819,nan
3177,104136704,20116.24,403,27.48,0.0,157.24,-0.007139604538679123,11.697815895080566,0.46693292260169983,0.00463846918907862,0.04021453857421875,0.0003,0.25435126582278483,0.797077922077922,3.1,0.39,0.95,3.47,3.95,0.87,0.57,2.51,0.02,2.908925901502371,3.59,139.18,0.045070868101902306,nan
3178,104169472,20190.851,404,27.69,0.0,138.91,-0.006695316173136234,14.723838806152344,0.4456518888473511,0.0034807697002747773,0.0312957763671875,0.0003,0.22247497725204732,0.812992125984252,2.75,0.42,0.92,2.71,3.35,0.83,0.59,1.93,0.0,2.5567909514904024,2.96,124.61,0.03787054668646306,nan
3179,104202240,20264.139,404,29.13,0.0,184.06,-0.0033333678729832172,14.380294799804688,0.4639025330543518,0.0026145559694157328,0.0254669189453125,0.0003,0.2601656626506024,0.8203592814371258,4.16,0.45,1.26,3.43,3.9,0.86,0.78,2.26,0.0,2.8690183974802492,4.32,147.32,0.04077298624906689,nan
3180,104235008,20346.858,404,28.41,0.0,155.43,-0.010318413376808167,15.450963020324707,0.4538052976131439,0.003509473702649757,0.03006744384765625,0.0003,0.21878812525416835,0.8341625207296849,3.08,0.51,1.04,3.46,3.8,0.83,0.69,2.28,0.0,2.9038528123497964,3.57,130.95,0.038968310109339654,nan
3181,104267776,20424.109,404,26.98,0.0,153.9,-0.010861426591873169,14.686125755310059,0.4785371720790863,0.0032041062022187816,0.02523040771484375,0.0003,0.23073753605274,0.7996515679442509,2.64,0.29,0.91,3.27,3.72,0.64,0.58,2.5,0.0,2.8576800298690794,3.23,133.26,0.04453366296365857,nan
3182,104300544,20503.287,404,29.53,0.0,132.05,-0.011362201534211636,13.976627349853516,0.4566604793071747,0.003592494106896993,0.0289154052734375,0.0003,0.2328117591275486,0.8270042194092827,2.9,0.32,0.85,2.51,2.87,0.73,0.54,1.6,0.0,2.164019745439291,2.79,123.15,0.04381763038691133,nan
3183,104333312,20578.247,404,28.1,0.0,152.04,-0.00548515934497118,13.941352844238281,0.4577523171901703,0.0017488760276478388,0.0174713134765625,0.0003,0.2236842105263158,0.8145161290322581,3.43,0.46,1.05,3.39,3.81,0.76,0.58,2.47,0.0,2.7907469284534456,3.48,135.38,0.038059302140027285,nan
3184,104366080,20652.21,404,28.7,0.0,165.96,-0.007904568687081337,12.984102249145508,0.4597117304801941,0.002890339175621648,0.0294647216796875,0.0003,0.2944735780556676,0.8709677419354839,3.04,0.44,0.9,3.5,4.09,0.85,0.58,2.66,0.0,3.0386047172918915,3.63,133.08,0.04017725586891174,nan
3185,104398848,20728.116,404,27.01,0.0,173.75,-0.0069837369956076145,16.190921783447266,0.4324337840080261,0.004684523734141521,0.0410614013671875,0.0003,0.23573573573573572,0.8320610687022901,3.83,0.52,1.02,3.36,3.6,0.71,0.68,2.21,0.0,2.792334041092545,3.97,145.48,0.042479213094338775,nan
3186,104431616,20807.663,404,27.1,0.0,129.06,-0.0054091294296085835,13.696335792541504,0.436307430267334,0.003019759325695759,0.02898406982421875,0.0003,0.2285851780558229,0.8232848232848233,1.92,0.35,0.69,2.63,3.07,0.64,0.61,1.82,0.0,2.3086322326399387,2.71,121.47,0.0410777588840574,nan
3187,104464384,20882.443,404,27.06,0.0,166.07,-0.007209454197436571,12.402496337890625,0.4530401825904846,0.0016321412429647353,0.0152130126953125,0.0003,0.2676747037188394,0.8175559380378657,2.72,0.4,0.95,3.27,3.86,0.92,0.71,2.23,0.0,2.9215836826711894,3.43,132.06,0.042150038410909474,nan
3188,104497152,20958.293,404,26.24,0.0,195.74,-0.008189237676560879,12.375215530395508,0.4566965699195862,0.0022638853631065103,0.020233154296875,0.0003,0.2763721292331647,0.8034321372854915,2.9,0.39,1.04,3.52,3.8,0.73,0.61,2.46,0.0,2.943090119510889,3.75,137.35,0.03853010979946703,nan
3189,104529920,21035.127,405,30.04,0.01,184.06,-0.008114468306303024,13.89085578918457,0.4568282663822174,0.003834004927625756,0.03598785400390625,0.0003,0.31790916880891174,0.8024691358024691,2.75,0.34,0.94,2.85,3.42,0.81,0.63,1.98,0.0,2.5813107109069824,3.21,137.82,0.04778009664732963,nan
3190,104562688,21115.193,405,27.31,0.0,176.44,-0.006771160755306482,12.495609283447266,0.47447800636291504,0.0030355880352885833,0.02880859375,0.0003,0.3410355156183141,0.8145454545454546,2.72,0.38,0.87,3.26,3.63,0.75,0.77,2.11,0.0,2.72307898491621,3.01,129.03,0.038575506187044084,nan
3191,104595456,21196.954,405,27.53,0.0,161.07,-0.00805322639644146,15.165435791015625,0.4629386067390442,0.0029873988220856518,0.027099609375,0.0003,0.2869215291750503,0.8221153846153846,3.38,0.39,0.98,3.25,3.51,0.62,0.61,2.28,0.0,2.688797135204077,3.87,138.4,0.042456474737264216,nan
3192,104628224,21270.089,405,27.56,0.0,177.35,-0.003837629221379757,13.393482208251953,0.48388200998306274,0.0017926138675363745,0.0198211669921875,0.0003,0.2986787204450626,0.8413391557496361,3.0,0.34,0.99,3.96,4.11,0.76,0.62,2.73,0.0,3.0551577012240885,3.87,151.57,0.03816974849905819,nan
3193,104660992,21350.119,405,28.7,0.0,143.55,-0.012776250950992107,13.462081909179688,0.4625774025917053,0.0036706930346213085,0.0294189453125,0.0003,0.2757867132867133,0.8327205882352942,2.58,0.26,0.95,2.83,3.25,0.74,0.65,1.86,0.0,2.4594135394692422,3.26,127.76,0.036652661045081913,nan
3194,104693760,21431.723,405,27.66,0.0,160.64,-0.00908936932682991,13.990694046020508,0.46345168352127075,0.004780565460066555,0.04315185546875,0.0003,0.28817541111981204,0.8499156829679595,2.7,0.43,1.05,3.17,3.59,0.76,0.6,2.23,0.0,2.657292973399162,3.61,132.3,0.042001901543699205,nan
3195,104726528,21516.722,405,25.28,0.0,167.32,-0.01224254909902811,14.71784782409668,0.4903182089328766,0.003595875003099991,0.03087615966796875,0.0003,0.329803328290469,0.8433734939759037,2.72,0.45,0.91,3.61,3.81,0.78,0.67,2.36,0.0,2.897042565792799,3.66,142.59,0.03665773186367005,nan
3196,104759296,21588.737,405,29.76,0.0,152.92,-0.00667387992143631,15.163565635681152,0.43295449018478394,0.0035988696699007505,0.03338623046875,0.0003,0.2857733664185277,0.8347529812606473,2.98,0.34,0.9,2.82,3.48,0.7,0.81,1.97,0.0,2.542783007323742,3.57,143.36,0.04329109750688076,nan
3197,104792064,21682.692,405,27.73,0.01,126.61,-0.009620314463973045,16.1900634765625,0.4602509140968323,0.002892342301208828,0.0242462158203125,0.0003,0.23955712128837445,0.8472803347280334,2.68,0.27,0.79,2.61,3.0,0.56,0.63,1.81,0.01,2.225898825675249,2.74,119.17,0.038335396093316376,nan
3198,104824832,21765.911,404,27.39,0.0,143.01,-0.010182799771428108,12.571592330932617,0.47908782958984375,0.001970820632664072,0.019073486328125,0.0003,0.28565140845070425,0.8121546961325967,2.91,0.43,0.8,2.65,2.89,0.56,0.65,1.68,0.0,2.0636189571022987,3.23,131.41,0.03586528112646192,nan
3199,104857600,21839.803,405,26.76,0.01,168.4,-0.011677372269332409,14.333234786987305,0.48365557193756104,0.0036001096731297366,0.0300140380859375,0.0003,0.28830926874708895,0.8357588357588358,2.61,0.31,0.75,2.43,2.8,0.47,0.64,1.69,0.0,2.0504038332402708,2.76,118.04,0.035737862228415906,nan
3200,104890368,21915.18,405,25.06,0.0,187.46,-0.008318254724144936,14.728775024414062,0.5039421916007996,0.0029030298399561616,0.0252227783203125,0.0003,0.3088851634534786,0.8339483394833949,2.99,0.38,0.87,3.16,3.59,0.76,0.67,2.16,0.0,2.5556297414004803,3.43,130.06,0.04174756875727326,nan
3201,104923136,21998.741,405,28.08,0.0,144.45,-0.0055642034858465195,15.373839378356934,0.4772372841835022,0.0018686381940824504,0.018646240234375,0.0003,0.25971806920119606,0.7922297297297297,2.44,0.38,0.97,2.99,3.32,0.73,0.69,1.9,0.0,2.463915207982063,3.27,131.59,0.03733201150316745,nan
3202,104955904,22079.132,405,25.63,0.0,140.26,-0.006736597511917353,15.65786361694336,0.4895802140235901,0.001819346778745512,0.01629638671875,0.0003,0.2938099389712293,0.7992565055762082,2.33,0.36,0.88,2.78,3.12,0.72,0.57,1.83,0.0,2.2935887482203543,2.98,122.5,0.05008626508060843,nan
3203,104988672,22164.201,405,27.17,0.0,193.15,-0.0046467892825603485,12.768990516662598,0.48660916090011597,0.002141752719097667,0.02362823486328125,0.0003,0.292488459924465,0.7908256880733945,3.11,0.34,0.85,2.81,3.14,0.64,0.6,1.9,0.0,2.3626224561035634,3.39,132.06,0.041186528746038675,nan
3204,105021440,22242.549,405,26.49,0.0,151.32,-0.009609798900783062,14.944940567016602,0.4773319363594055,0.0023134442959076296,0.0225677490234375,0.0003,0.2542584129621936,0.8020477815699659,3.37,0.45,1.04,2.97,3.35,0.8,0.66,1.89,0.01,2.562385481894016,3.45,132.07,0.03890196536667645,nan
3205,105054208,22322.089,405,25.99,0.0,160.01,-0.01097853947430849,17.103981018066406,0.4940545856952667,0.004800494122662258,0.0426177978515625,0.0003,0.274031007751938,0.8296875,3.07,0.34,0.96,3.59,4.04,0.79,0.76,2.49,0.0,3.089119771793485,3.85,140.91,0.04507384670432657,nan
3206,105086976,22403.425,405,27.08,0.0,143.11,-0.006541640497744083,18.058815002441406,0.47273144125938416,0.0035679050728276707,0.03316497802734375,0.0003,0.2894965277777778,0.8154121863799283,3.15,0.37,0.9,3.03,3.41,0.64,0.67,2.1,0.0,2.5795217932760717,3.21,134.07,0.040380310849286616,nan
3207,105119744,22484.246,405,28.14,0.0,143.81,-0.007655265275388956,15.878199577331543,0.4792354106903076,0.0030650057040588763,0.02997589111328125,0.0003,0.26973965002134015,0.803886925795053,3.12,0.36,0.89,2.88,3.2,0.63,0.5,2.07,0.0,2.323977012038231,3.21,130.54,0.043172081699594855,nan
3208,105152512,22567.878,405,27.49,0.0,139.13,-0.00484438706189394,15.00406265258789,0.4466605484485626,0.0032337662302666104,0.02695465087890625,0.0003,0.2954442940911141,0.8300395256916996,3.08,0.24,0.95,2.77,3.08,0.73,0.58,1.77,0.0,2.3868155901134016,3.21,122.53,0.03878669289406389,nan
3209,105185280,22648.712,405,26.6,0.0,142.9,-0.006404869258403778,15.63636589050293,0.4656858444213867,0.0022017603993162993,0.020050048828125,0.0003,0.2785428698356286,0.8235294117647058,2.8,0.29,0.85,2.99,3.37,0.68,0.49,2.2,0.0,2.509100888967514,3.23,129.04,0.038099586265161633,nan
3210,105218048,22724.95,405,29.08,0.01,161.4,-0.009019308723509312,17.73668670654297,0.4363231360912323,0.0025395911044938657,0.021209716796875,0.0003,0.27182866556836904,0.7875,3.95,0.42,1.07,3.58,4.16,0.79,0.76,2.61,0.0,3.2709243282675744,4.04,141.29,0.0399239988764748,nan
3211,105250816,22798.662,405,26.32,0.0,163.54,-0.010455751791596413,14.980213165283203,0.44743984937667847,0.003985807823369214,0.03128814697265625,0.0003,0.24310679611650485,0.8314238952536824,2.59,0.35,1.08,3.42,3.85,0.8,0.6,2.45,0.01,2.896123706102371,3.55,131.89,0.03690624109003693,nan
3212,105283584,22878.228,405,30.09,0.0,157.65,-0.009893550537526608,13.978002548217773,0.44329166412353516,0.003045844346956983,0.0299224853515625,0.0003,0.289044289044289,0.8256704980842912,2.69,0.37,0.87,2.68,3.19,0.73,0.59,1.87,0.0,2.432677361890674,3.15,125.29,0.035050534177571535,nan
3213,105316352,22961.622,405,27.79,0.0,156.37,-0.008084753528237343,15.939977645874023,0.45503613352775574,0.002960545040451734,0.02761077880859375,0.0003,0.2651356993736952,0.8175895765472313,3.32,0.39,1.13,3.46,3.71,0.79,0.86,2.06,0.0,2.7574587862193582,4.07,136.23,0.040464279940351844,nan
3214,105349120,23043.671,405,26.81,0.0,132.1,-0.00850026123225689,13.366823196411133,0.4675246775150299,0.0026614936894588936,0.0258941650390625,0.0003,0.27793167128347185,0.8258317025440313,2.37,0.31,0.99,2.77,3.15,0.87,0.54,1.74,0.0,2.161524955928326,2.87,123.09,0.035346785094588995,nan
3215,105381888,23131.597,405,26.53,0.0,163.95,-0.0046576885506510735,15.029366493225098,0.45503878593444824,0.0042583294426776774,0.031402587890625,0.0003,0.2375051631557208,0.832,3.49,0.37,1.05,3.22,3.56,0.88,0.69,1.99,0.01,2.610408958345652,3.68,137.41,0.03749410808086395,nan
3216,105414656,23213.288,405,30.07,0.0,140.1,-0.007122448645532131,16.111051559448242,0.4924945533275604,0.003428180219202659,0.0328216552734375,0.0003,0.3312043795620438,0.8533333333333334,2.95,0.34,0.89,2.87,3.23,0.67,0.7,1.86,0.0,2.3378388817608355,3.07,127.87,0.04422659473493695,nan
3217,105447424,23298.884,405,29.48,0.0,163.36,-0.0030989591032266617,14.611152648925781,0.4388887286186218,0.003562043120382441,0.0328826904296875,0.0003,0.3136094674556213,0.8078817733990148,3.5,0.39,1.04,3.47,3.85,0.89,0.69,2.27,0.0,2.7695842145383356,3.75,140.73,0.04132450127508491,nan
3218,105480192,23377.566,405,27.83,0.0,147.02,-0.0067873019725084305,12.611374855041504,0.4305466115474701,0.0023361958208738542,0.02214813232421875,0.0003,0.24934612031386225,0.8133561643835616,3.05,0.3,1.0,3.0,3.46,0.8,0.66,2.0,0.0,2.5465562833100557,3.5,134.54,0.04204732191283256,nan
3219,105512960,23455.149,405,29.17,0.0,157.55,-0.006183247547596693,13.387725830078125,0.44018110632896423,0.0024851815749684647,0.02162933349609375,0.0003,0.2169853268119164,0.8330206378986866,3.15,0.33,0.8,2.87,3.06,0.65,0.54,1.87,0.01,2.140398003757,3.13,130.67,0.04120930063072592,nan
3220,105545728,23531.671,405,29.05,0.0,178.91,-0.008438078686594963,12.200872421264648,0.4404504895210266,0.00273379956735198,0.02408599853515625,0.0003,0.2552166934189406,0.8315946348733234,3.57,0.52,1.18,3.61,4.06,0.89,0.76,2.41,0.0,3.0384938582777976,4.02,145.89,0.03598691651131958,nan
3221,105578496,23606.587,405,24.52,0.01,185.65,-0.0055568283423781395,15.629890441894531,0.46535831689834595,0.002477924547577004,0.0221405029296875,0.0003,0.22567049808429118,0.8148148148148148,3.55,0.44,1.12,3.78,4.03,1.08,0.61,2.34,0.01,2.970840600468218,3.99,135.83,0.03659959102515131,nan
3222,105611264,23689.482,405,28.34,0.0,189.46,-0.009021701291203499,12.490381240844727,0.4373481869697571,0.003142782983275083,0.0303192138671875,0.0003,0.2228171334431631,0.8232323232323232,3.3,0.41,1.06,3.25,3.56,0.89,0.65,2.02,0.0,2.5629555875062944,3.58,132.83,0.03566624119412154,nan
3223,105644032,23774.47,405,29.06,0.0,157.1,-0.007958398200571537,15.316598892211914,0.47168007493019104,0.0024626785443615518,0.02698516845703125,0.0003,0.23686305732484075,0.7896440129449838,3.79,0.41,0.98,3.44,3.85,0.82,0.71,2.32,0.0,2.9208563371002674,3.88,137.87,0.03887053194921464,nan
3224,105676800,23853.537,405,28.22,0.0,160.81,-0.009736713953316212,15.299717903137207,0.4577576518058777,0.003204400990995282,0.0269622802734375,0.0003,0.2569444444444444,0.8288590604026845,3.65,0.35,1.05,3.57,3.97,0.97,0.67,2.33,0.0,2.9291482216119764,3.78,136.53,0.043088028323836625,nan
3225,105709568,23935.64,405,25.58,0.01,148.87,-0.010943515226244926,15.197135925292969,0.4761774241924286,0.003448277867590832,0.03200531005859375,0.0003,0.23465096719932715,0.8202846975088968,3.03,0.33,0.92,3.19,3.35,0.76,0.6,1.99,0.0,2.538550657629967,3.59,128.2,0.042475268826819956,nan
3226,105742336,24023.012,405,28.38,0.0,149.89,-0.010912386700510979,13.060932159423828,0.47784072160720825,0.003114207745937847,0.02947235107421875,0.0003,0.27041993539455467,0.8075471698113208,2.54,0.36,0.9,2.55,2.88,0.56,0.62,1.7,0.0,2.094158232808113,2.95,126.34,0.041028442909009755,nan
3227,105775104,24110.729,405,26.46,0.0,133.93,-0.008119025267660618,15.049322128295898,0.48343127965927124,0.003057464295011414,0.02789306640625,0.0003,0.25103448275862067,0.838150289017341,2.26,0.33,0.87,2.65,3.08,0.67,0.54,1.87,0.0,2.163538098819554,3.03,123.07,0.040111741865985096,nan
3228,105807872,24190.433,405,26.18,0.0,163.93,-0.006655107717961073,13.690908432006836,0.46128544211387634,0.0029597572793704785,0.0282440185546875,0.0003,0.279434250764526,0.8191653786707882,2.95,0.31,1.06,3.5,3.88,0.9,0.63,2.35,0.0,2.8358745984733105,3.62,138.78,0.03906581597402692,nan
3229,105840640,24274.657,404,28.42,0.0,156.1,-0.009819146245718002,18.0245418548584,0.4659295678138733,0.0021477118265806894,0.01969146728515625,0.0003,0.29093147312269185,0.8230383973288815,3.92,0.5,0.99,3.2,3.56,0.82,0.59,2.15,0.0,2.628880508169532,3.34,140.75,0.04092920816037804,nan
3230,105873408,24350.031,405,26.17,0.0,165.26,-0.0121139045804739,16.139118194580078,0.4924446940422058,0.0030279200114478044,0.02820587158203125,0.0003,0.2729678638941399,0.8353474320241692,2.99,0.45,1.07,3.32,3.72,0.76,0.7,2.26,0.0,2.7985590013861654,3.66,145.53,0.037633638828992844,nan
3231,105906176,24437.746,404,28.85,0.0,158.2,-0.00747132021933794,16.29287338256836,0.49617457389831543,0.002582622197422779,0.02404022216796875,0.0003,0.2551834130781499,0.8032258064516129,2.9,0.32,1.0,3.05,3.5,0.78,0.61,2.11,0.0,2.569838871061802,3.65,131.26,0.04176727554295212,nan
