iter,global_step,wall_seconds,sps,ep_ret,win,ep_len,pg,v,ent,kl,clipfrac,lr,energy_unspent,card_take,upgrades,removes,elites,potions_got,potions_used,potions_used_elite,potions_used_boss,potions_used_normal,potions_expired,potion_use_hp,relics,hp_lost,aux,potion_ent
2775,90963968,70.02,467,17.33,0.0,192.78,-0.0014871535822749138,13.479569435119629,0.547214150428772,0.00043770408743171174,0.00321197509765625,0.0003,0.2712895377128954,0.8457583547557841,3.08,0.41,0.98,4.61,4.67,0.7,0.48,3.49,0.0,3.337920722514391,4.36,151.45,0.03788132476620376,nan
2776,90996736,148.717,440,18.69,0.0,209.41,-3.1532254070043564e-05,15.314536094665527,0.5199999809265137,8.026452648834947e-05,0.00046539306640625,0.0003,0.2322053675612602,0.8342857142857143,3.25,0.5,1.24,5.03,5.09,1.03,0.58,3.48,0.01,3.9181007814407347,4.79,161.85,0.04303388250991702,nan
2777,91029504,225.003,436,20.01,0.0,218.08,0.00024086842313408852,14.286352157592773,0.5384318828582764,0.00014495222654886675,0.00095367431640625,0.0003,0.2752633077142044,0.81445523193096,4.17,0.48,1.38,5.43,5.47,0.98,0.72,3.77,0.01,4.102033980786801,5.29,168.96,0.04079309245571494,nan
2778,91062272,300.839,435,20.37,0.0,228.31,0.0006009601056575775,12.59410285949707,0.5249975323677063,0.00011555761297188383,0.0006561279296875,0.0003,0.27240725697265095,0.8398727465535525,4.05,0.63,1.17,5.32,5.35,0.78,0.67,3.9,0.0,3.991604324877262,5.27,173.21,0.036842150264419615,nan
2779,91095040,374.841,437,20.33,0.0,227.01,0.00010471651330590248,11.78293514251709,0.5135354399681091,0.00014629261687559847,0.0008392333984375,0.0003,0.22018348623853212,0.8274058577405857,4.2,0.54,1.28,5.25,5.18,0.91,0.7,3.57,0.0,3.8637138694524764,5.25,166.01,0.03570588486036286,nan
2780,91127808,446.131,440,18.92,0.0,234.06,-0.00010240450501441956,15.669042587280273,0.5141009092330933,9.279436757481108e-05,0.00054931640625,0.0003,0.24447031431897556,0.8227990970654627,3.63,0.46,1.24,4.96,4.91,0.9,0.59,3.42,0.01,3.6966856119036673,5.01,168.65,0.037716060294769704,nan
2781,91160576,523.695,437,19.77,0.0,219.99,-9.572086855769157e-05,13.616859436035156,0.5470889806747437,0.00010744489389935552,0.00058746337890625,0.0003,0.23025210084033612,0.8552188552188552,3.94,0.44,1.13,4.97,4.81,0.7,0.52,3.59,0.0,3.5656335520744324,4.91,169.5,0.03779257938731462,nan
2782,91193344,600.735,436,19.68,0.0,217.68,0.00013611046597361565,12.125551223754883,0.5370597839355469,0.00017610231172682234,0.0010833740234375,0.0003,0.260979020979021,0.8231981981981982,3.82,0.38,1.15,4.89,4.71,0.65,0.6,3.46,0.0,3.4432140520215033,4.97,164.85,0.0328058153972961,nan
2783,91226112,676.687,435,19.05,0.0,213.66,-0.0042971158400177956,15.101629257202148,0.5105798244476318,0.003063821756768448,0.0289154052734375,0.0003,0.25810185185185186,0.8363228699551569,4.23,0.43,1.22,5.08,4.92,0.96,0.52,3.44,0.01,3.6006059029698374,4.93,163.36,0.040527873672544956,nan
2784,91258880,752.124,435,18.93,0.0,215.4,-0.008388081565499306,13.26123046875,0.5324278473854065,0.003348497256183691,0.02989959716796875,0.0003,0.22835528159148222,0.8258928571428571,3.81,0.46,1.12,5.22,5.17,0.89,0.72,3.56,0.0,3.947406200617552,4.55,162.11,0.03674213372869417,nan
2785,91291648,824.725,437,18.93,0.0,217.46,-0.004474916961044073,12.783437728881836,0.5394669771194458,0.004072089806385293,0.0356597900390625,0.0003,0.2593768032313907,0.8337129840546698,3.85,0.45,1.19,5.13,5.05,1.04,0.66,3.35,0.0,3.754945108294487,4.79,157.61,0.035400968918111175,nan
2786,91324416,901.483,436,19.55,0.0,239.46,-0.006854960694909096,15.012445449829102,0.5134437084197998,0.00391644546695602,0.03459930419921875,0.0003,0.2150477259966311,0.8080260303687635,3.79,0.37,1.18,4.72,4.56,0.76,0.64,3.16,0.0,3.469790884256363,4.97,167.39,0.038427358493208885,nan
2787,91357184,975.552,436,18.39,0.0,203.1,-0.005892472807317972,11.777240753173828,0.5046367645263672,0.0026713050317539455,0.02698516845703125,0.0003,0.23132969034608378,0.8531139835487661,3.49,0.4,1.03,4.71,4.58,0.85,0.56,3.17,0.01,3.2711994299292564,4.55,158.64,0.0385812803870067,nan
2788,91389952,1052.397,435,18.8,0.0,231.36,-0.0068130893632769585,16.59723663330078,0.5285617113113403,0.004448887099698595,0.03507232666015625,0.0003,0.23540258143822987,0.8132875143184422,4.28,0.48,1.21,4.96,5.17,0.94,0.59,3.64,0.0,3.8211679914593697,4.73,151.3,0.0379498495021835,nan
2789,91422720,1118.587,439,19.94,0.0,213.4,-0.009443417191505432,14.879440307617188,0.5073537826538086,0.0026268383463161626,0.0223388671875,0.0003,0.23725834797891038,0.8085808580858086,4.45,0.48,1.25,5.04,5.21,0.97,0.58,3.66,0.0,3.998632048517466,5.29,165.02,0.034519857610575855,nan
2790,91455488,1180.51,444,20.03,0.0,219.14,-0.009616728872060776,15.008771896362305,0.502598762512207,0.004782235683705949,0.0396270751953125,0.0003,0.18195136243773807,0.8226332970620239,4.66,0.46,1.28,5.05,5.19,1.16,0.59,3.44,0.0,3.8502972811460494,5.14,164.59,0.03345779882511124,nan
2791,91488256,1238.834,449,20.21,0.0,222.16,-0.006571050733327866,13.462586402893066,0.49843114614486694,0.002826795159080575,0.0277252197265625,0.0003,0.1834135295782621,0.8354166666666667,4.69,0.43,1.3,5.23,5.19,0.84,0.71,3.64,0.0,3.746941379904747,5.18,172.6,0.03607262566220015,nan
2792,91521024,1298.396,454,20.74,0.0,233.19,-0.010844847187399864,12.966367721557617,0.49155691266059875,0.0029908020005677827,0.02532196044921875,0.0003,0.22166527429685323,0.8117283950617284,4.77,0.49,1.36,4.92,4.92,1.04,0.58,3.3,0.0,3.5350731602311134,5.55,171.66,0.037483824766241014,nan
2793,91553792,1360.36,457,20.67,0.0,243.34,-0.007949544116854668,13.489295959472656,0.5361430048942566,0.00167342217666544,0.01624298095703125,0.0003,0.27388362652232745,0.8081918081918081,4.01,0.51,1.22,5.25,5.1,0.86,0.62,3.62,0.0,3.7287985613942145,5.26,176.04,0.04070674115791917,nan
2794,91586560,1418.259,462,19.46,0.0,213.55,-0.008074329234659672,13.830156326293945,0.4958488345146179,0.0026976746702018772,0.02459716796875,0.0003,0.18406351073213761,0.7960308710033076,4.07,0.47,1.35,4.7,4.77,1.0,0.59,3.18,0.01,3.5350646686553957,5.21,165.31,0.03594850189983845,nan
2795,91619328,1481.119,464,20.01,0.0,218.64,-0.007786828093230724,12.269838333129883,0.5049065351486206,0.003701418891466801,0.032867431640625,0.0003,0.20352193995381063,0.7603833865814696,3.75,0.46,1.11,5.46,5.33,0.94,0.66,3.73,0.01,4.031752788722515,5.08,168.16,0.035789234563708305,nan
2796,91652096,1543.897,466,21.91,0.0,240.39,-0.008448610082268715,13.028131484985352,0.4976554214954376,0.00243373659824897,0.024688720703125,0.0003,0.22383252818035426,0.772189349112426,4.13,0.43,1.39,5.36,5.79,1.12,0.76,3.91,0.0,4.283345589339733,5.63,182.66,0.0368165026884526,nan
2797,91684864,1601.237,470,19.59,0.0,222.13,-0.008045139722526073,14.919029235839844,0.48895007371902466,0.002712676521284152,0.0242767333984375,0.0003,0.2075308996838172,0.7922497308934338,4.46,0.45,1.3,5.0,5.41,0.93,0.66,3.82,0.0,4.115448430776596,5.09,162.84,0.03941562632098794,nan
2798,91717632,1658.071,474,21.83,0.0,242.5,-0.006374925374984741,14.705867767333984,0.4978685975074768,0.003983118969642874,0.034698486328125,0.0003,0.23291342803537926,0.7967557251908397,5.07,0.52,1.23,5.95,5.86,0.91,0.74,4.21,0.0,4.454673981368542,5.7,187.59,0.042417443823069334,nan
2799,91750400,1718.053,476,21.15,0.0,297.86,-0.008904321119189262,15.77956771850586,0.4803958535194397,0.0035456907768889323,0.03035736083984375,0.0003,0.220615796519411,0.804953560371517,4.72,0.46,1.43,5.44,5.54,1.06,0.76,3.72,0.0,4.119472092986107,5.66,184.43,0.03736974089406431,nan
2800,91783168,1776.822,479,19.68,0.0,220.99,-0.010069389827549458,13.079618453979492,0.4964238107204437,0.0034765619574272932,0.03232574462890625,0.0003,0.23570595099183198,0.7877813504823151,4.27,0.43,1.12,5.2,5.29,0.89,0.54,3.86,0.01,3.897966656461358,5.08,171.17,0.03920558572281152,nan
2801,91815936,1836.915,481,18.99,0.0,214.55,-0.008560148999094963,11.861336708068848,0.5146313905715942,0.0047614950268553,0.03955841064453125,0.0003,0.23040659988214496,0.8252747252747252,3.4,0.5,1.23,5.08,4.92,0.73,0.57,3.62,0.0,3.692586678415537,4.96,165.15,0.0380760901607573,nan
2802,91848704,1893.988,484,18.98,0.0,278.48,-0.0036750705912709236,12.71845817565918,0.5131672024726868,0.004445631650696669,0.039520263671875,0.0003,0.18328920270667842,0.8259860788863109,4.15,0.46,1.1,4.94,4.84,0.77,0.52,3.55,0.01,3.611480293273926,4.68,154.76,0.041379260714165866,nan
2803,91881472,1953.409,486,20.78,0.0,229.96,-0.011952705681324005,13.283527374267578,0.5041501522064209,0.004128166834334479,0.0299530029296875,0.0003,0.22041827187671986,0.8266806722689075,4.4,0.48,1.36,5.48,5.54,1.12,0.64,3.78,0.0,4.072273741066456,5.45,169.78,0.03292218060232699,nan
2804,91914240,2016.313,487,21.13,0.0,229.78,-0.008066345006227493,13.689865112304688,0.49546587467193604,0.0025283779392850647,0.02202606201171875,0.0003,0.2264512595837897,0.8134020618556701,4.87,0.51,1.32,5.11,5.36,0.87,0.68,3.81,0.0,4.164593775272369,5.47,179.5,0.03683287568856031,nan
2805,91947008,2075.928,489,19.04,0.0,217.88,-0.005234516691416502,12.551368713378906,0.5336143374443054,0.0034539832414566263,0.03298187255859375,0.0003,0.21975746820467318,0.827313769751693,3.49,0.48,1.14,4.91,4.93,0.89,0.59,3.45,0.0,3.7769110894203184,4.96,164.12,0.03740382008254528,nan
2806,91979776,2133.788,491,18.36,0.0,207.22,-0.01201133243739605,13.093017578125,0.5435664653778076,0.0030618018449786177,0.03044891357421875,0.0003,0.24205158968206358,0.8329411764705882,3.32,0.43,0.99,5.01,4.98,0.74,0.61,3.63,0.0,3.701885024011135,4.6,163.27,0.036172247026115656,nan
2807,92012544,2193.031,493,20.85,0.0,234.13,-0.012654893100261688,16.632823944091797,0.49619030952453613,0.004169829857062268,0.03220367431640625,0.0003,0.24577656675749318,0.8241308793456033,4.53,0.59,1.34,5.5,5.64,0.96,0.79,3.89,0.0,4.272304569110275,5.45,175.7,0.03683686279691756,nan
2808,92045312,2254.677,494,19.06,0.0,222.44,-0.006221966817975044,11.756425857543945,0.5335677266120911,0.006373820692999743,0.05498504638671875,0.0003,0.24252013808975834,0.8197088465845465,3.81,0.37,1.14,5.12,5.27,0.91,0.62,3.74,0.01,3.952096691131592,4.88,162.82,0.03726233739871532,nan
2809,92078080,2314.267,495,20.5,0.0,217.12,-0.009148387238383293,14.533035278320312,0.5209447741508484,0.003083408624661388,0.02964019775390625,0.0003,0.2796005706134094,0.8052516411378556,4.17,0.41,1.29,5.13,5.2,1.02,0.7,3.48,0.01,3.854765095114708,5.4,177.21,0.03505431057419628,nan
2810,92110848,2374.311,496,21.24,0.0,234.02,-0.007036924362182617,14.367157936096191,0.5170103311538696,0.003439250538235683,0.03347015380859375,0.0003,0.23735511064278186,0.8275862068965517,3.78,0.51,1.41,5.51,5.44,0.97,0.73,3.74,0.01,3.9639877033233644,5.79,185.76,0.040467281243763864,nan
2811,92143616,2434.599,497,20.0,0.0,222.49,-0.0104513606056571,15.283730506896973,0.4980813264846802,0.0021962638555805825,0.0186004638671875,0.0003,0.29121937792458025,0.8347280334728033,4.6,0.44,1.37,5.21,5.16,0.94,0.68,3.54,0.01,3.8425664561986923,5.42,174.31,0.03931470785755664,nan
2812,92176384,2494.2,499,18.94,0.0,209.31,-0.009000037796795368,13.786600112915039,0.5198051929473877,0.00453038493361646,0.03900146484375,0.0003,0.2942211792314462,0.841340782122905,3.6,0.42,1.36,4.71,4.7,0.94,0.59,3.17,0.0,3.409282538741827,4.88,165.58,0.035800022655166686,nan
2813,92209152,2555.367,500,17.32,0.01,191.28,-0.002063869033008814,15.816800117492676,0.544735312461853,0.0027851729281564985,0.028839111328125,0.0003,0.31259720062208396,0.8226415094339623,3.26,0.33,1.09,4.39,4.46,0.89,0.52,3.05,0.0,3.247210400700569,4.35,150.91,0.04226928029675037,nan
2814,92241920,2614.338,501,16.83,0.0,194.95,-0.00962112471461296,13.890665054321289,0.528078556060791,0.003232925044073909,0.03188323974609375,0.0003,0.2853202574318112,0.8066914498141264,3.1,0.43,0.9,4.4,4.43,0.65,0.52,3.26,0.02,3.2959363931417465,3.95,153.56,0.03681265248451382,nan
2815,92274688,2673.546,502,18.81,0.0,205.25,-0.008465351536870003,13.544576644897461,0.5261824727058411,0.004116254196617319,0.03072357177734375,0.0003,0.299112426035503,0.8009313154831199,3.6,0.36,1.09,4.67,4.68,0.81,0.54,3.33,0.0,3.4318864111602307,4.59,157.94,0.04040725971572101,nan
2816,92307456,2736.944,502,19.81,0.0,211.44,-0.011010516434907913,14.310750961303711,0.4875097870826721,0.004652543790825803,0.03858184814453125,0.0003,0.2486090775988287,0.7892376681614349,4.77,0.4,1.36,5.08,5.01,1.0,0.61,3.4,0.0,3.818671444058418,5.19,166.48,0.035406625480391085,nan
2817,92340224,2800.219,503,21.13,0.0,236.24,-0.007552272640168667,16.50017547607422,0.498318612575531,0.002807826090716503,0.02765655517578125,0.0003,0.26247987117552335,0.8088978766430738,5.05,0.53,1.4,5.41,5.61,1.13,0.8,3.68,0.02,4.298575803339482,5.57,180.92,0.03856247337535024,nan
2818,92372992,2858.135,504,17.56,0.0,190.21,-0.008804133161902428,13.083641052246094,0.49769800901412964,0.0025704167765034924,0.022705078125,0.0003,0.29073783359497646,0.8238276299112801,3.47,0.31,1.07,4.42,4.32,0.72,0.66,2.94,0.03,3.1504819436371325,4.52,153.05,0.03775791125372052,nan
2819,92405760,2918.488,505,17.9,0.0,199.0,-0.010417180135846138,15.50444221496582,0.47872617840766907,0.003941678172886043,0.03319549560546875,0.0003,0.31325675256131635,0.8115942028985508,3.53,0.4,1.33,4.07,4.11,0.91,0.48,2.72,0.01,2.9450569206476214,4.72,153.77,0.04303384106606245,nan
2820,92438528,2977.696,506,19.56,0.0,207.02,-0.00750155933201313,14.236770629882812,0.4681137800216675,0.0031505834192557813,0.02838897705078125,0.0003,0.2800480769230769,0.8109619686800895,4.05,0.61,1.42,4.47,4.24,0.91,0.52,2.81,0.03,3.1119572523981334,5.35,163.86,0.037198959616944194,nan
2821,92471296,3035.389,507,18.43,0.0,197.82,-0.0070534637197852135,12.056571960449219,0.49223434925079346,0.004658317091951858,0.0395660400390625,0.0003,0.22193877551020408,0.8097395243488109,4.12,0.43,1.35,4.53,4.78,0.91,0.59,3.28,0.0,3.6104959505796432,4.89,161.35,0.03651243878994137,nan
2822,92504064,3090.944,508,16.38,0.0,180.0,-0.007920924574136734,15.697159767150879,0.4906986951828003,0.00335762997018918,0.03330230712890625,0.0003,0.25959661678594664,0.8020050125313283,3.36,0.4,1.24,4.03,4.0,0.84,0.47,2.69,0.02,3.033887887299061,4.36,147.52,0.038851726683788,nan
2823,92536832,3151.551,509,16.91,0.0,195.59,-0.009856205433607101,15.021656036376953,0.5079745650291443,0.0025329528484689945,0.02230072021484375,0.0003,0.2341543513957307,0.7708592777085927,3.35,0.38,1.11,3.85,3.87,0.76,0.43,2.68,0.0,2.806903233975172,4.34,145.81,0.036892490927129984,nan
2824,92569600,3210.846,510,18.57,0.0,197.11,-0.007530904840677977,14.534462928771973,0.4902598261833191,0.002491689879605019,0.0238494873046875,0.0003,0.329935125115848,0.7737665463297232,3.73,0.46,1.31,4.44,4.41,0.96,0.48,2.97,0.0,3.138163523618132,4.96,165.84,0.036263008834794164,nan
2825,92602368,3271.672,510,18.48,0.0,192.69,-0.01068032905459404,15.480355262756348,0.5157865285873413,0.0028384682674129635,0.0275115966796875,0.0003,0.3306936965473551,0.801452784503632,3.77,0.36,1.17,4.58,4.6,1.03,0.57,3.0,0.01,3.4205075231194497,4.76,156.34,0.03837148507591337,nan
2826,92635136,3333.375,511,18.72,0.0,201.87,-0.007955405861139297,16.337730407714844,0.5003840923309326,0.003614007650014628,0.03510284423828125,0.0003,0.3240963855421687,0.7968217934165721,3.48,0.42,1.07,4.69,4.62,0.76,0.56,3.3,0.03,3.3403604516386984,4.69,167.56,0.0405848016962409,nan
2827,92667904,3389.895,512,16.78,0.0,185.53,-0.007803037296980619,15.720690727233887,0.5113958120346069,0.002265181732269639,0.01856231689453125,0.0003,0.35519645120405574,0.7632241813602015,3.3,0.35,1.09,4.17,4.17,0.88,0.44,2.85,0.01,2.9435459414124487,4.46,148.72,0.037822917802259326,nan
2828,92700672,3451.389,512,17.91,0.0,197.88,-0.009597277268767357,15.47458267211914,0.5196171402931213,0.002882181836810105,0.026641845703125,0.0003,0.33706505295007566,0.7824519230769231,3.95,0.3,1.17,4.62,4.58,0.83,0.49,3.26,0.01,3.386392664313316,4.51,159.3,0.03483068768400699,nan
2829,92733440,3507.839,513,19.12,0.0,203.89,-0.012184172868728638,14.565388679504395,0.5085889101028442,0.0035324741524078718,0.0316009521484375,0.0003,0.3427299703264095,0.7664071190211346,4.55,0.43,1.12,4.52,4.66,0.76,0.44,3.46,0.02,3.4044337356090546,4.82,168.06,0.03648931183852255,nan
2830,92766208,3567.895,514,18.27,0.0,196.92,-0.0064212726429104805,14.41135025024414,0.49135255813598633,0.0027838555425887535,0.02675628662109375,0.0003,0.3607164916615195,0.7696693272519954,3.73,0.57,0.97,4.54,4.37,0.76,0.46,3.15,0.01,3.10550160497427,4.48,160.22,0.03926802519708872,nan
2831,92798976,3626.746,515,19.4,0.0,262.2,-0.008544204756617546,14.594934463500977,0.5086133480072021,0.0022220632029927856,0.0235595703125,0.0003,0.3023457862728063,0.797566371681416,4.16,0.44,1.18,4.8,4.69,0.77,0.65,3.27,0.02,3.493585037589073,4.99,165.98,0.038882106193341315,nan
2832,92831744,3690.099,515,16.38,0.0,176.17,-0.005850294604897499,14.296262741088867,0.534902811050415,0.002039364509130337,0.02111053466796875,0.0003,0.33602150537634407,0.7878787878787878,3.46,0.45,0.92,4.02,4.09,0.72,0.52,2.85,0.05,2.9609179924428464,4.11,145.44,0.040223273797892034,nan
2833,92864512,3749.204,515,17.4,0.0,187.38,-0.007473787292838097,13.991293907165527,0.5158347487449646,0.004002791750366441,0.03733062744140625,0.0003,0.30552922590837284,0.7958435207823961,3.39,0.45,1.14,3.79,3.77,0.7,0.42,2.65,0.01,2.765829511443153,4.68,151.86,0.03992605349048972,nan
2834,92897280,3810.537,515,18.14,0.0,195.02,-0.007367354817688465,15.359066009521484,0.5191206932067871,0.005214055569098264,0.039337158203125,0.0003,0.3137973137973138,0.7817319098457889,3.82,0.43,1.0,4.67,4.53,0.82,0.59,3.12,0.05,3.2386965826153755,4.62,162.56,0.03939379646908492,nan
2835,92930048,3871.254,516,17.19,0.0,190.98,-0.0022214455530047417,12.66270637512207,0.5181179642677307,0.0029626671549749517,0.0308074951171875,0.0003,0.3378336913163547,0.7892813641900122,3.6,0.45,0.94,4.23,4.21,0.76,0.46,2.99,0.04,3.0106636583805084,4.2,149.13,0.03494941850658506,nan
2836,92962816,3933.954,516,16.73,0.0,183.75,-0.00994064100086689,15.000024795532227,0.5463206768035889,0.0017177945578055187,0.01462554931640625,0.0003,0.2898832684824903,0.800498753117207,3.19,0.39,0.99,4.09,3.92,0.69,0.5,2.73,0.03,2.8080573108792306,4.26,145.14,0.03613998997025192,nan
2837,92995584,3994.816,516,16.84,0.0,186.13,-0.008463889360427856,14.029603958129883,0.5311845541000366,0.0035178588956341628,0.03363037109375,0.0003,0.28461784457946915,0.7982673267326733,3.42,0.32,0.9,4.42,4.33,0.68,0.58,3.07,0.02,3.1695864793658255,4.23,147.59,0.038206002092920244,nan
2838,93028352,4053.993,517,18.18,0.0,194.53,-0.00841491762548685,12.72848129272461,0.5236293077468872,0.004167959954770595,0.03564453125,0.0003,0.2577930174563591,0.8098676293622142,3.42,0.39,1.07,4.56,4.55,0.94,0.58,3.03,0.01,3.408395942747593,4.46,158.1,0.036043596686795354,nan
2839,93061120,4118.215,517,19.95,0.0,216.44,-0.011038845404982567,14.46824836730957,0.5216132402420044,0.002671273653845674,0.02451324462890625,0.0003,0.2542421627840092,0.8208791208791208,4.43,0.43,1.36,5.15,5.17,0.95,0.64,3.58,0.0,3.9139231030642985,5.23,170.34,0.03708472801372409,nan
2840,93093888,4181.514,517,19.34,0.0,210.64,-0.010088956914842129,16.45789909362793,0.50091552734375,0.004510989936989063,0.0408477783203125,0.0003,0.25388291517323774,0.78125,4.61,0.41,1.25,4.79,4.82,0.77,0.61,3.44,0.02,3.5957390800118447,5.1,166.65,0.03621312975883484,nan
2841,93126656,4240.601,517,18.59,0.0,199.05,-0.007300896570086479,15.668721199035645,0.4961433708667755,0.0038968533016259244,0.03585052490234375,0.0003,0.25963044159098025,0.7889908256880734,4.03,0.49,1.14,4.59,4.67,0.78,0.48,3.41,0.01,3.437431711256504,4.76,159.02,0.03825346252415329,nan
2842,93159424,4301.004,518,18.55,0.0,203.06,-0.009807538241147995,14.762752532958984,0.5334744453430176,0.0027116355820453464,0.023040771484375,0.0003,0.2903721931713319,0.7909738717339667,3.98,0.43,1.08,4.74,4.64,0.86,0.72,3.06,0.01,3.583084738422185,4.58,158.42,0.04364948975853622,nan
2843,93192192,4362.229,518,19.16,0.0,206.1,-0.0063555603846907616,11.310715675354004,0.534216046333313,0.0030999231975101793,0.03008270263671875,0.0003,0.2710951526032316,0.789044289044289,4.51,0.35,1.12,4.65,4.55,0.68,0.52,3.35,0.01,3.3342093366384504,4.91,159.02,0.03814167529344559,nan
2844,93224960,4423.305,518,19.72,0.0,314.32,-0.010540103539824486,14.828454971313477,0.5184337496757507,0.004613188577877736,0.03835296630859375,0.0003,0.2675893886966551,0.7777777777777778,4.35,0.54,1.31,5.15,5.11,0.84,0.69,3.58,0.03,3.8532840855419637,5.39,167.78,0.033335753716528416,nan
2845,93257728,4484.043,518,19.77,0.0,214.67,-0.010706041008234024,13.164843559265137,0.4939674139022827,0.004191138695546215,0.03543853759765625,0.0003,0.26331187829139846,0.7757313109425785,3.93,0.54,1.26,4.63,4.77,0.88,0.67,3.22,0.0,3.57309441447258,5.37,162.55,0.036767973215319216,nan
2846,93290496,4541.204,519,19.41,0.0,208.77,-0.004052483476698399,16.010597229003906,0.5139090418815613,0.002819157761905444,0.0266265869140625,0.0003,0.25317953268263826,0.7435897435897436,3.92,0.49,1.33,4.62,4.85,0.82,0.7,3.33,0.0,3.555325383991003,5.13,165.99,0.03861512057483196,nan
2847,93323264,4601.228,519,18.12,0.0,192.78,-0.009642400778830051,13.28961181640625,0.5198192596435547,0.002640613789424151,0.02242279052734375,0.0003,0.2083595223130107,0.7975460122699386,3.93,0.39,1.02,4.3,4.46,0.86,0.52,3.08,0.0,3.3636812402307985,4.87,152.29,0.03423668723553419,nan
2848,93356032,4661.895,520,19.23,0.0,207.39,-0.009658022783696651,11.980537414550781,0.509674608707428,0.004312426723146245,0.03411102294921875,0.0003,0.19964349376114082,0.7937569676700111,3.88,0.56,1.18,4.47,4.42,0.94,0.5,2.98,0.02,3.2123418083786963,4.91,163.51,0.037866253638640046,nan
2849,93388800,4722.714,520,19.44,0.0,216.4,-0.00945846177637577,13.857633590698242,0.5040392279624939,0.0027152365066172024,0.02356719970703125,0.0003,0.2411008076577924,0.804661487236404,4.49,0.47,1.31,4.59,4.74,0.95,0.62,3.17,0.01,3.6068367451429366,4.98,160.62,0.04002501571085304,nan
2850,93421568,4781.363,520,17.89,0.0,198.85,-0.0064184535294771194,15.190059661865234,0.5155080556869507,0.0033896269193576245,0.03112030029296875,0.0003,0.23694779116465864,0.7914183551847438,3.28,0.48,1.17,4.41,4.47,0.85,0.53,3.09,0.0,3.2400031864643095,4.74,154.7,0.03891780856065452,nan
2851,93454336,4841.32,521,18.45,0.0,205.57,-0.007829969748854637,14.236428260803223,0.533119797706604,0.004342165429420675,0.03952789306640625,0.0003,0.2318796992481203,0.8039673278879813,3.71,0.4,1.27,4.38,4.32,0.9,0.59,2.83,0.0,3.1548042879998683,4.69,161.67,0.04299932322464883,nan
2852,93487104,4901.816,521,17.42,0.0,195.58,-0.00611129030585289,14.013402938842773,0.5405625104904175,0.003918679081778009,0.0390472412109375,0.0003,0.25068786303882606,0.7985611510791367,3.46,0.38,0.97,4.16,4.01,0.63,0.59,2.79,0.01,2.8975331573188305,4.4,151.5,0.04171461588703096,nan
2853,93519872,4961.537,521,21.0,0.0,222.81,-0.004763925913721323,12.207616806030273,0.4950539469718933,0.004519727305307697,0.03519439697265625,0.0003,0.23541020580772484,0.8214285714285714,4.67,0.52,1.4,5.19,5.14,0.88,0.66,3.6,0.0,3.860508560836315,5.39,179.71,0.03848516510333866,nan
2854,93552640,5021.119,522,19.44,0.0,210.88,-0.009502775967121124,13.788013458251953,0.5120239853858948,0.002211238092968415,0.0206756591796875,0.0003,0.22923489133670735,0.7868852459016393,3.65,0.45,1.34,4.8,4.87,1.03,0.65,3.19,0.0,3.6245428955554964,5.17,166.64,0.03817970003001392,nan
2855,93585408,5082.672,522,21.18,0.0,225.63,-0.005041084252297878,13.156290054321289,0.4586241841316223,0.004241624087967466,0.03326416015625,0.0003,0.20744529695936345,0.7834525025536262,4.87,0.55,1.42,5.2,4.96,0.97,0.73,3.26,0.0,3.7360317964851855,5.56,176.8,0.038784561096690595,nan
2856,93618176,5142.206,522,19.74,0.0,216.83,-0.00503050722181797,13.127344131469727,0.48864713311195374,0.0026428257500015206,0.02648162841796875,0.0003,0.2199651770168311,0.7884615384615384,3.86,0.61,1.28,5.11,5.1,1.01,0.66,3.43,0.01,3.683648942261934,5.05,169.99,0.04350039316341281,nan
2857,93650944,5201.856,522,19.2,0.0,208.36,-0.008174169808626175,12.294927597045898,0.4907611906528473,0.0019271818124479978,0.0157928466796875,0.0003,0.19410538850848466,0.8078651685393259,3.41,0.5,1.2,4.39,4.26,0.72,0.51,3.03,0.0,3.1934672577679155,5.01,161.66,0.035446793073788285,nan
2858,93683712,5263.422,522,19.99,0.0,206.61,-0.010168667882680893,13.497539520263672,0.45783478021621704,0.003239722089119823,0.0278778076171875,0.0003,0.20520050125313283,0.8090010976948409,4.66,0.48,1.15,4.59,4.58,0.71,0.71,3.16,0.0,3.394541020989418,5.02,162.87,0.038367686909623444,nan
2859,93716480,5323.416,523,20.07,0.0,215.62,-0.005810554139316082,13.05305290222168,0.46388575434684753,0.004623024967060019,0.04114532470703125,0.0003,0.2590414583945898,0.8168859649122807,3.94,0.54,1.17,4.68,4.67,0.94,0.64,3.09,0.0,3.4635133755207064,5.24,166.73,0.04378390277270228,nan
2860,93749248,5380.147,523,19.19,0.0,211.71,-0.00587407685816288,11.547689437866211,0.469401478767395,0.0026317272532878633,0.0217132568359375,0.0003,0.18776499091459722,0.8083700440528634,3.64,0.41,1.19,4.66,4.53,0.79,0.56,3.18,0.01,3.289094688296318,4.87,161.06,0.036997145623899996,nan
2861,93782016,5437.914,524,21.28,0.0,228.49,-0.008391433395445347,13.170438766479492,0.4658477306365967,0.002986805252078284,0.023651123046875,0.0003,0.165810502283105,0.8326693227091634,4.57,0.54,1.14,4.97,4.96,0.73,0.58,3.65,0.0,3.6301060837507246,5.18,176.26,0.03714824223425239,nan
2862,93814784,5495.973,524,20.74,0.0,222.0,-0.0076127443462610245,14.229840278625488,0.4650968909263611,0.0022588239524736764,0.02044677734375,0.0003,0.19239766081871346,0.8201438848920863,4.11,0.58,1.45,5.02,5.08,1.09,0.74,3.25,0.01,3.7436527992784976,5.47,172.2,0.036599558079615235,nan
2863,93847552,5554.287,525,19.39,0.0,232.8,-0.00773664703592658,14.075439453125,0.4663766324520111,0.0038393498750224353,0.0310211181640625,0.0003,0.17372353673723537,0.8396946564885496,4.07,0.57,1.15,4.89,4.86,0.79,0.57,3.5,0.0,3.6959902203083037,4.83,158.62,0.03740413731429726,nan
2864,93880320,5613.425,525,18.57,0.0,197.97,-0.007297451142221689,11.10141372680664,0.4838871955871582,0.0024803430442261742,0.02394866943359375,0.0003,0.14818266542404473,0.8335273573923166,4.07,0.36,0.94,4.38,4.38,0.65,0.45,3.28,0.0,3.1368439957499503,4.53,155.52,0.03692669013980776,nan
2865,93913088,5673.82,525,19.79,0.0,207.08,-0.005547966342419386,13.682672500610352,0.4652042090892792,0.004037910263150479,0.03430938720703125,0.0003,0.17109685304002445,0.8497297297297297,3.8,0.5,1.17,4.64,4.66,0.76,0.61,3.29,0.0,3.3396933484077453,5.09,167.3,0.036638318095356226,nan
2866,93945856,5735.954,525,20.75,0.0,216.64,-0.003408945631235838,13.107305526733398,0.45796990394592285,0.005096069850509366,0.03907012939453125,0.0003,0.1745325022261799,0.8604407135362014,4.78,0.68,1.3,4.92,4.87,0.91,0.62,3.34,0.0,3.626889154613018,5.33,170.5,0.03608304064255208,nan
2867,93978624,5793.474,526,19.85,0.0,214.32,-0.011765822768211365,11.292037963867188,0.46956825256347656,0.0034459827297155243,0.0312957763671875,0.0003,0.17457475380483437,0.8076923076923077,4.16,0.53,1.07,5.03,5.03,0.8,0.75,3.48,0.01,3.7096104022860525,4.84,162.9,0.03451667487388477,nan
2868,94011392,5852.033,526,19.83,0.0,210.43,-0.00820733979344368,12.609580993652344,0.4541932940483093,0.0037071546871629835,0.030609130859375,0.0003,0.20693852708460134,0.8238993710691824,4.12,0.51,1.29,4.62,4.95,0.88,0.63,3.44,0.02,3.7254481011629106,5.12,161.94,0.036173367174342275,nan
2869,94044160,5910.201,526,20.46,0.01,212.97,-0.007934847846627235,12.49951457977295,0.4822944402694702,0.0034238485153537113,0.0325469970703125,0.0003,0.2085449656408724,0.7993762993762994,3.75,0.42,1.12,4.89,4.78,0.77,0.66,3.35,0.01,3.482720411121845,5.12,169.52,0.039070739527232945,nan
2870,94076928,5969.194,526,19.08,0.0,206.84,-0.008083137683570385,10.915128707885742,0.46116670966148376,0.002662706694110284,0.02246856689453125,0.0003,0.191725841309046,0.8372340425531914,3.68,0.61,1.24,4.73,4.89,0.87,0.54,3.48,0.03,3.6549042847752573,4.97,161.98,0.03558098047506064,nan
2871,94109696,6025.315,527,22.26,0.0,234.28,-0.006336612161248922,12.533451080322266,0.4507952928543091,0.0058750206396638305,0.04412841796875,0.0003,0.1667128987517337,0.8365019011406845,5.29,0.53,1.46,5.06,5.09,0.87,0.77,3.45,0.01,3.7445749765634537,5.56,182.19,0.04007413296494633,nan
2872,94142464,6082.921,527,19.81,0.0,204.62,-0.006478216964751482,12.05855941772461,0.4497934579849243,0.005025032827006726,0.03929901123046875,0.0003,0.1392444583203247,0.8044198895027624,4.39,0.48,1.24,4.67,4.55,0.89,0.59,3.07,0.0,3.3730191537737846,5.2,158.69,0.0337579938932322,nan
2873,94175232,6140.316,528,20.35,0.0,210.83,-0.008985919877886772,15.261700630187988,0.45724019408226013,0.0028432860942757543,0.025238037109375,0.0003,0.17473618870266916,0.8211206896551724,4.26,0.52,1.17,4.79,5.0,0.95,0.65,3.4,0.0,3.724331785440445,5.09,165.47,0.03794013801962137,nan
2874,94208000,6197.919,528,20.04,0.0,309.12,-0.004727073013782501,14.09941577911377,0.4330977201461792,0.00288800374511311,0.0281219482421875,0.0003,0.2002464571780653,0.8071428571428572,4.05,0.44,1.36,4.92,4.83,0.8,0.71,3.32,0.0,3.614083473533392,5.4,167.52,0.03982438100501895,nan
2875,94240768,6255.972,529,19.11,0.0,199.27,-0.007550193462520838,12.687723159790039,0.4776792526245117,0.002700410805601905,0.02101898193359375,0.0003,0.15982171283030883,0.7938844847112118,3.69,0.59,1.02,4.28,4.19,0.62,0.51,3.06,0.0,3.0775850413739683,4.76,157.99,0.036711820284835994,nan
2876,94273536,6312.78,529,19.86,0.0,208.97,-0.0085285734385252,13.093945503234863,0.45615291595458984,0.002883798982765029,0.0262603759765625,0.0003,0.18226600985221675,0.8100320170757738,4.45,0.71,1.1,4.52,4.41,0.72,0.6,3.09,0.0,3.3280937297642232,5.12,167.48,0.036042059015017,nan
2877,94306304,6372.343,529,19.25,0.0,209.7,-0.008931189775466919,12.551021575927734,0.4667775630950928,0.002852712222363607,0.02597808837890625,0.0003,0.16390423572744015,0.8078141499472017,3.68,0.58,1.33,4.74,4.73,0.85,0.58,3.3,0.0,3.4554609632492066,4.83,161.73,0.03538147947983816,nan
2878,94339072,6436.606,529,20.72,0.0,218.91,-0.008704833686351776,15.228729248046875,0.4656612277030945,0.002940529490899735,0.024139404296875,0.0003,0.18176400476758045,0.8151260504201681,4.64,0.61,1.12,4.72,4.9,0.81,0.63,3.46,0.0,3.5292240622639657,5.24,167.14,0.03629717696458101,nan
2879,94371840,6494.197,529,20.4,0.0,217.6,-0.00399470329284668,13.48686695098877,0.4349542260169983,0.002873321124297945,0.027069091796875,0.0003,0.19289340101522842,0.822289156626506,4.93,0.51,1.41,4.8,4.78,0.98,0.53,3.27,0.0,3.541443934738636,5.29,168.63,0.03939920605625957,nan
2880,94404608,6549.575,530,20.97,0.0,214.8,-0.0075859627686440945,11.237102508544922,0.42717859148979187,0.003444622834877009,0.0312652587890625,0.0003,0.13197360527894422,0.84472049689441,4.13,0.49,1.23,4.66,4.55,0.69,0.58,3.28,0.0,3.4430643904209135,5.29,170.27,0.034908722853288054,nan
2881,94437376,6610.581,530,20.92,0.0,217.37,-0.009821798652410507,12.388020515441895,0.4517516791820526,0.003389984810041824,0.02742767333984375,0.0003,0.19514415781487102,0.8423799582463466,5.04,0.52,1.45,5.05,5.27,1.08,0.8,3.39,0.01,3.8660114043951035,5.53,174.66,0.041237223776988685,nan
2882,94470144,6669.102,530,19.32,0.0,301.22,-0.007506949361413717,13.025216102600098,0.4602237343788147,0.0043124663018261344,0.03466033935546875,0.0003,0.18502202643171806,0.8737650933040615,4.19,0.48,1.37,4.54,4.63,0.9,0.61,3.12,0.01,3.427605692744255,5.27,165.89,0.035236658703070134,nan
2883,94502912,6732.403,530,20.95,0.0,218.73,-0.00562314223498106,14.747159957885742,0.5002257823944092,0.005052937233756438,0.042327880859375,0.0003,0.19769843611684862,0.8577449947312961,5.21,0.62,1.15,4.96,4.95,0.8,0.65,3.5,0.01,3.7513246287405493,5.48,177.73,0.03789745585527271,nan
2884,94535680,6793.11,530,19.88,0.0,212.39,-0.009193971753120422,11.880096435546875,0.46776241064071655,0.0025920228983977722,0.025115966796875,0.0003,0.18486127864897467,0.8790496760259179,4.17,0.64,1.21,4.86,4.79,0.88,0.58,3.33,0.0,3.6057111555337906,5.17,166.52,0.03848988958634436,nan
2885,94568448,6855.398,530,20.7,0.0,287.84,-0.007699834182858467,15.184020042419434,0.4897318184375763,0.003441989968280268,0.03400421142578125,0.0003,0.18173862310385064,0.8547368421052631,4.55,0.57,1.12,4.99,5.01,1.01,0.57,3.43,0.0,3.784186625182629,5.38,168.85,0.03702967939898372,nan
2886,94601216,6919.167,530,20.82,0.0,219.84,-0.007291258312761784,11.292275428771973,0.5055709481239319,0.0025563804979356064,0.0247955322265625,0.0003,0.186608442503639,0.8385155466399198,4.38,0.56,0.99,4.69,4.69,0.75,0.56,3.38,0.01,3.5736837139725686,5.28,168.04,0.03462707175640389,nan
2887,94633984,6980.419,530,21.95,0.0,234.2,-0.0037076235748827457,16.270645141601562,0.49017512798309326,0.0031716444366907126,0.02947998046875,0.0003,0.19281767955801105,0.8320079522862823,5.12,0.51,1.41,5.0,5.12,0.86,0.79,3.47,0.01,3.912151902318001,6.05,185.27,0.03750435379333794,nan
2888,94666752,7040.447,530,19.81,0.0,214.28,-0.011610375717282295,12.068050384521484,0.495061993598938,0.003079214362486482,0.02886199951171875,0.0003,0.1696347721098702,0.8438155136268344,3.93,0.54,1.27,4.84,4.98,0.94,0.62,3.42,0.0,3.693775017261505,5.08,171.26,0.03767495194915682,nan
2889,94699520,7100.697,530,21.81,0.0,234.8,-0.00693995226174593,15.178200721740723,0.4992581605911255,0.002472529925995559,0.0212554931640625,0.0003,0.20229756234239282,0.8247126436781609,4.36,0.58,1.28,5.34,5.91,0.85,0.83,4.23,0.0,4.464813182353973,5.69,181.0,0.03903428744524717,nan
2890,94732288,7160.974,530,21.63,0.0,223.86,-0.007624691817909479,13.888725280761719,0.47281840443611145,0.002000070836629675,0.01737213134765625,0.0003,0.20271440947155644,0.8276923076923077,5.19,0.55,1.18,5.11,5.1,0.83,0.64,3.63,0.0,3.7865537470579147,5.54,176.23,0.037657096865586936,nan
2891,94765056,7220.665,530,19.43,0.0,208.41,-0.008253202773630619,12.315468788146973,0.4768657088279724,0.002348454401953859,0.0216064453125,0.0003,0.167624810892587,0.8422222222222222,4.26,0.51,1.26,4.71,4.7,0.99,0.55,3.16,0.02,3.459133034348488,4.94,163.77,0.03914620727300644,nan
2892,94797824,7278.634,531,20.48,0.0,221.37,-0.006577667780220509,13.938461303710938,0.47516414523124695,0.0035759093191245483,0.03438568115234375,0.0003,0.19579425973287864,0.8447729672650475,4.65,0.55,1.36,4.82,5.03,0.96,0.59,3.48,0.01,3.792946502268314,5.36,169.04,0.04450426914263517,nan
2893,94830592,7338.52,531,18.74,0.0,204.36,-0.00859014317393303,16.296798706054688,0.4780721664428711,0.0025320386596945355,0.02184295654296875,0.0003,0.20382746051032807,0.8261877172653534,3.45,0.43,1.22,4.46,4.6,0.82,0.59,3.19,0.0,3.579604178071022,4.97,163.57,0.039751408621668816,nan
2894,94863360,7398.79,531,20.45,0.0,304.09,-0.008217846043407917,14.293380737304688,0.46545153856277466,0.00257950129253004,0.02443695068359375,0.0003,0.23184195235328298,0.8148148148148148,3.87,0.57,1.43,4.96,5.23,1.01,0.66,3.56,0.0,3.8380185993015767,5.3,173.67,0.038980939076282084,nan
2895,94896128,7455.632,531,21.02,0.0,222.61,-0.008899624459445477,13.491264343261719,0.4656614661216736,0.002816837749435308,0.02404022216796875,0.0003,0.23164810054270207,0.799792531120332,4.27,0.58,1.26,4.81,4.85,0.77,0.63,3.45,0.01,3.5317314019799233,5.51,175.37,0.04013495100662112,nan
2896,94928896,7512.496,532,19.9,0.0,213.86,-0.006972976960241795,14.507331848144531,0.46613889932632446,0.002517169564669075,0.0211639404296875,0.0003,0.26059743954480796,0.8255813953488372,4.63,0.47,1.35,4.41,4.23,0.89,0.57,2.77,0.0,3.141626872718334,5.14,170.95,0.04199303674977273,nan
2897,94961664,7572.271,532,19.97,0.0,232.36,-0.005306915380060673,13.555397987365723,0.5132631659507751,0.002112071037373653,0.02025604248046875,0.0003,0.22580645161290322,0.8004246284501062,4.35,0.51,1.11,4.76,4.68,0.72,0.58,3.38,0.0,3.3691903239488603,5.11,170.38,0.042254796251654625,nan
2898,94994432,7631.306,532,20.29,0.0,215.85,-0.011395839974284172,12.714363098144531,0.4860411584377289,0.004456480910732807,0.03867340087890625,0.0003,0.23596491228070177,0.7899786780383795,4.24,0.53,1.27,4.55,4.41,0.8,0.56,3.05,0.0,3.2381908822059633,5.26,167.05,0.035792140872217715,nan
2899,95027200,7691.514,532,20.04,0.0,236.51,-0.007631939370185137,16.050355911254883,0.509101390838623,0.002958601595480559,0.03578948974609375,0.0003,0.24324324324324326,0.8172866520787746,4.01,0.5,1.28,4.68,4.5,0.82,0.57,3.11,0.01,3.3770386435091497,5.25,168.13,0.03826640360057354,nan
2900,95059968,7750.975,532,19.91,0.0,214.34,-0.011189840734004974,15.420801162719727,0.5004407167434692,0.0025417699126251136,0.02114105224609375,0.0003,0.2408627920910725,0.7885906040268457,4.19,0.53,1.15,4.5,4.39,0.71,0.56,3.12,0.0,3.3963379165530205,5.22,168.33,0.039349756320007145,nan
2901,95092736,7813.098,532,19.67,0.0,248.2,-0.009776556864380836,14.784242630004883,0.49614670872688293,0.0031269423554931564,0.029296875,0.0003,0.2342041312272175,0.8069977426636569,4.57,0.47,1.06,4.25,4.22,0.66,0.41,3.15,0.0,3.0233692860603334,4.74,163.99,0.03709328395780176,nan
2902,95125504,7870.645,532,19.27,0.0,202.44,-0.0054473355412483215,15.723076820373535,0.4988797605037689,0.0024214484605522557,0.0234375,0.0003,0.2535341118623233,0.8075639599555061,4.34,0.47,1.1,4.61,4.52,0.72,0.66,3.14,0.01,3.170925098657608,4.68,166.45,0.04113017150666565,nan
2903,95158272,7927.985,533,19.9,0.0,206.77,-0.007853384129703045,14.858790397644043,0.5012489557266235,0.0023274554305601214,0.021575927734375,0.0003,0.19621962196219622,0.8123644251626898,4.67,0.54,1.15,4.55,4.41,0.86,0.58,2.97,0.01,3.256048580557108,5.11,161.22,0.0391953649232164,nan
2904,95191040,7987.155,533,18.61,0.0,197.61,-0.005054071545600891,14.891119003295898,0.5190194845199585,0.0014643504545119868,0.0136871337890625,0.0003,0.23351648351648352,0.8264367816091954,4.05,0.44,1.14,4.11,4.24,0.71,0.55,2.98,0.02,3.0949278172850607,4.71,156.29,0.04194585024379194,nan
2905,95223808,8049.744,533,19.91,0.0,224.76,-0.004147482104599476,13.984328269958496,0.5393091440200806,0.0015430610281725876,0.01323699951171875,0.0003,0.2541993281075028,0.8084210526315789,4.1,0.5,0.98,4.85,4.76,0.63,0.62,3.51,0.0,3.3838250705599786,4.81,169.71,0.04221451026387513,nan
2906,95256576,8115.439,532,18.75,0.0,197.53,-0.008552851155400276,14.885534286499023,0.5214611291885376,0.0028463546274508644,0.02845001220703125,0.0003,0.18201823325998115,0.7971014492753623,3.69,0.54,1.08,4.28,4.3,0.72,0.53,3.05,0.0,3.1551578757166863,4.83,154.78,0.03522567608160898,nan
2907,95289344,8175.615,533,20.18,0.0,219.69,-0.01261287834495306,14.052101135253906,0.5133548974990845,0.0026832883800125273,0.0232391357421875,0.0003,0.22712933753943218,0.7851153039832285,4.2,0.53,1.13,4.51,4.51,0.62,0.56,3.33,0.0,3.3397356763482096,5.23,167.11,0.03931607212871313,nan
2908,95322112,8237.83,533,18.72,0.0,206.3,-0.009782752953469753,13.892409324645996,0.5182328224182129,0.003327964195648292,0.030029296875,0.0003,0.24277628835269585,0.7940854326396495,3.58,0.45,1.13,4.42,4.34,0.63,0.49,3.22,0.0,3.078248734176159,4.74,158.7,0.03500746638746932,nan
2909,95354880,8297.376,533,20.79,0.0,215.22,-0.008040325716137886,15.933555603027344,0.48978129029273987,0.0029978537617125767,0.02713775634765625,0.0003,0.1963916001183082,0.8350202429149798,4.98,0.53,1.32,4.28,4.44,0.94,0.71,2.79,0.0,3.3272660897672175,5.34,169.81,0.03538303798995912,nan
2910,95387648,8355.363,533,19.9,0.0,216.04,-0.008483417332172394,16.045724868774414,0.49285656213760376,0.00303831726023418,0.0269317626953125,0.0003,0.21551976573938506,0.8071654373024236,4.09,0.48,1.14,4.75,4.84,0.81,0.6,3.43,0.0,3.5397801077365876,4.95,168.68,0.035902833100408316,nan
2911,95420416,8415.887,533,20.89,0.0,217.19,-0.009673970751464367,15.148248672485352,0.4777236580848694,0.002946597262933892,0.02864837646484375,0.0003,0.19141428991473097,0.8294979079497908,5.38,0.47,1.27,4.42,4.43,0.63,0.6,3.2,0.01,3.2677041897177697,5.34,169.45,0.03451452264562249,nan
2912,95453184,8474.226,533,19.88,0.0,219.79,-0.009954549372196198,15.252569198608398,0.521074652671814,0.002924335672680911,0.026397705078125,0.0003,0.19001426533523538,0.8449197860962567,4.3,0.61,1.27,4.43,4.66,0.88,0.67,3.11,0.0,3.365008886158466,5.45,171.91,0.03502385161118582,nan
2913,95485952,8531.274,533,17.25,0.0,187.32,-0.006506584584712982,15.236577033996582,0.5159198045730591,0.004313093667803969,0.04451751708984375,0.0003,0.19819216605289589,0.833130328867235,4.15,0.42,1.1,3.86,4.04,0.65,0.52,2.87,0.0,2.9295028550177813,4.33,148.12,0.04226200166158378,nan
2914,95518720,8596.567,533,18.18,0.0,288.68,-0.008735922165215015,19.208656311035156,0.5282378792762756,0.0035193546723633062,0.03389739990234375,0.0003,0.355735056542811,0.8246445497630331,4.63,0.58,1.05,3.83,3.91,0.63,0.52,2.76,0.06,2.842240365296602,4.79,158.0,0.03937754547223449,nan
2915,95551488,8657.118,533,18.73,0.0,199.73,-0.00602739118039608,12.66147232055664,0.539214015007019,0.003244643180892126,0.0320281982421875,0.0003,0.26328649969456325,0.7983963344788088,3.54,0.47,1.03,3.93,3.85,0.57,0.53,2.75,0.0,2.832706279158592,4.55,164.06,0.039538728655315936,nan
2916,95584256,8718.752,533,19.47,0.0,203.37,-0.0035846943501383066,15.390372276306152,0.506283164024353,0.0029747502519512636,0.0316162109375,0.0003,0.27633136094674554,0.827313769751693,4.04,0.38,1.17,3.98,4.12,0.81,0.64,2.67,0.0,2.9853454452753065,5.05,169.36,0.0406496652867645,nan
2917,95617024,8780.947,533,18.09,0.0,193.34,-0.008606075309216976,15.20005989074707,0.5120422840118408,0.00230575931044541,0.02126312255859375,0.0003,0.24353169469598965,0.8023255813953488,4.07,0.38,1.13,3.86,4.0,0.81,0.6,2.59,0.0,2.937598733752966,4.7,151.47,0.03936754050664604,nan
2918,95649792,8841.624,533,19.52,0.0,209.12,-0.007930980995297432,14.355623245239258,0.514213502407074,0.0036418428979914097,0.02696990966796875,0.0003,0.20132013201320131,0.8058568329718004,4.03,0.55,1.27,4.17,4.04,0.87,0.49,2.68,0.0,2.882009394466877,5.15,164.82,0.03474573092535138,nan
2919,95682560,8903.458,533,18.19,0.0,193.81,-0.007174088153988123,16.119003295898438,0.5089101195335388,0.0026227510168155277,0.02211761474609375,0.0003,0.23374175306314798,0.790834312573443,4.43,0.38,1.06,4.17,4.09,0.78,0.55,2.76,0.01,2.9596668177843095,4.6,157.56,0.03416137903695926,nan
2920,95715328,8964.72,533,20.71,0.0,216.46,-0.006502911448478699,14.177249908447266,0.4970695972442627,0.0026969698406560383,0.02349853515625,0.0003,0.21221864951768488,0.8082627118644068,4.43,0.66,1.21,4.6,4.86,0.85,0.69,3.32,0.0,3.5284620079398157,5.31,169.65,0.03918745706323534,nan
2921,95748096,9025.164,533,21.15,0.0,232.03,-0.0062014078721404076,12.757453918457031,0.4935283660888672,0.0028528848576740984,0.02449798583984375,0.0003,0.22956326987681971,0.782258064516129,4.4,0.54,1.2,4.54,4.41,0.78,0.6,3.03,0.0,3.2379835180938246,5.39,174.48,0.038751813815906644,nan
2922,95780864,9088.57,533,18.13,0.0,187.01,-0.00846073031425476,14.391056060791016,0.5150700807571411,0.0019207639908245255,0.01805877685546875,0.0003,0.23344262295081966,0.8164251207729468,3.57,0.43,0.95,3.75,3.73,0.57,0.51,2.65,0.0,2.7053673203289508,4.46,152.98,0.03432826360221952,nan
2923,95813632,9147.847,533,19.3,0.0,201.72,-0.011870640330016613,13.34943675994873,0.5151721239089966,0.003827412887801529,0.03438568115234375,0.0003,0.21908560908254066,0.8256467941507312,3.65,0.38,1.27,4.06,4.1,0.78,0.63,2.69,0.0,2.9863250666856764,5.22,166.08,0.03460254386300221,nan
2924,95846400,9205.979,533,18.43,0.0,195.18,-0.006936731282621622,13.883054733276367,0.49859315156936646,0.003075345248205963,0.0267181396484375,0.0003,0.2054794520547945,0.8038990825688074,3.82,0.46,1.27,3.86,3.85,0.77,0.54,2.54,0.01,2.765280824303627,4.79,160.54,0.03666656475979835,nan
2925,95879168,9268.059,533,17.98,0.0,191.7,-0.007432511076331139,14.02194881439209,0.5226560831069946,0.0026082555641551153,0.0267333984375,0.0003,0.3074976273331224,0.8190709046454768,3.06,0.48,0.91,3.68,3.91,0.6,0.56,2.75,0.0,2.7852959018945693,4.65,156.84,0.04116403858643025,nan
2926,95911936,9329.633,533,20.77,0.0,219.9,-0.005986346397548914,13.180235862731934,0.5087669491767883,0.001774147291484951,0.0165557861328125,0.0003,0.2535170829744473,0.8277608915906788,4.16,0.66,1.24,4.25,4.25,0.61,0.56,3.08,0.0,3.0428701796755195,5.51,180.47,0.03930945717729628,nan
2927,95944704,9389.092,533,18.43,0.0,199.7,-0.0053221359848976135,15.257481575012207,0.499308705329895,0.0018791442296333116,0.01720428466796875,0.0003,0.25273694088207693,0.7991071428571429,3.41,0.41,1.05,3.56,3.73,0.64,0.56,2.53,0.0,2.734892128705978,4.73,156.78,0.03837213688530028,nan
2928,95977472,9451.172,533,17.95,0.0,190.75,-0.007029748521745205,14.40435791015625,0.508050799369812,0.0024513361963158786,0.02393341064453125,0.0003,0.25153572583252504,0.7743830787309048,3.55,0.45,1.13,3.66,3.55,0.72,0.45,2.38,0.01,2.5196174770593642,4.53,154.77,0.0415173654910177,nan
2929,96010240,9510.17,534,18.94,0.0,197.4,-0.006953568663448095,15.551791191101074,0.49512606859207153,0.0026330635738247565,0.025146484375,0.0003,0.2504823151125402,0.8090803259604191,4.16,0.4,1.0,3.89,4.34,0.68,0.64,3.02,0.0,3.2407842126488684,4.72,158.6,0.04026545223314315,nan
2930,96043008,9575.29,533,18.9,0.0,195.19,-0.011398306116461754,15.891146659851074,0.4937736988067627,0.004724892602425257,0.042327880859375,0.0003,0.24371120548840247,0.8198403648802737,3.87,0.4,1.15,3.87,3.96,0.61,0.64,2.71,0.02,2.94324181124568,5.13,155.43,0.03403245052322745,nan
2931,96075776,9636.233,533,17.98,0.0,185.26,-0.007350379601120949,15.322874069213867,0.5069252252578735,0.00416225363551348,0.0363616943359375,0.0003,0.20929455031761954,0.8012048192771084,3.58,0.43,1.12,3.67,3.69,0.77,0.42,2.5,0.0,2.665837613940239,4.59,156.98,0.03617268556263298,nan
2932,96108544,9699.235,533,19.11,0.0,193.98,-0.00409768195822835,12.915433883666992,0.47348058223724365,0.003425781131625172,0.02996063232421875,0.0003,0.21282798833819241,0.7911464245175936,4.04,0.58,1.36,3.87,3.8,0.65,0.59,2.56,0.0,2.7703010401129724,5.08,158.09,0.035305762430652976,nan
2933,96141312,9759.85,533,18.98,0.0,198.91,-0.005633817054331303,13.388160705566406,0.5036295056343079,0.0025806417184526254,0.0226898193359375,0.0003,0.26637957551522606,0.7899441340782123,4.74,0.48,1.31,3.69,3.63,0.68,0.49,2.46,0.0,2.676461301445961,5.11,163.93,0.03973871737252921,nan
2934,96174080,9823.109,533,18.79,0.0,279.17,-0.009224819019436836,13.156360626220703,0.5121568441390991,0.003242827254950953,0.02398681640625,0.0003,0.24135638297872342,0.7738095238095238,3.92,0.49,1.3,3.8,3.96,0.93,0.47,2.56,0.01,3.046422001719475,5.11,152.89,0.03275551355909556,nan
2935,96206848,9884.016,533,19.14,0.0,199.61,-0.010142857208848,12.083253860473633,0.5425617098808289,0.003373660091142483,0.029449462890625,0.0003,0.24345952600800247,0.7480225988700565,3.81,0.53,1.2,4.24,4.21,0.9,0.47,2.84,0.02,2.978782864809036,4.92,163.64,0.03692726953886449,nan
2936,96239616,9946.466,533,18.42,0.0,197.68,-0.007354991510510445,15.128310203552246,0.5053036212921143,0.0029703880470606236,0.0266265869140625,0.0003,0.2091110408098703,0.7907239819004525,3.87,0.47,1.18,3.96,4.07,0.68,0.52,2.87,0.03,2.9621018025279047,5.1,161.57,0.04087333765346557,nan
2937,96272384,10012.64,533,19.9,0.0,204.29,-0.007539191748946905,16.754772186279297,0.49447137117385864,0.004067910424680576,0.03672027587890625,0.0003,0.2121584280012281,0.8154897494305239,4.26,0.42,1.42,4.37,4.54,1.1,0.68,2.76,0.0,3.4539496064186097,5.28,174.14,0.03624008654151112,nan
2938,96305152,10077.0,533,19.96,0.0,207.41,-0.006574636325240135,15.777421951293945,0.49098894000053406,0.0038743032100683195,0.032196044921875,0.0003,0.25426829268292683,0.8,4.25,0.54,1.24,4.43,4.27,0.74,0.6,2.93,0.01,3.276727560758591,5.26,165.49,0.035793427377939224,nan
2939,96337920,10137.463,533,19.37,0.0,201.25,-0.005757425911724567,13.730663299560547,0.4990103244781494,0.004997395540499383,0.04303741455078125,0.0003,0.24158354114713218,0.7562358276643991,3.99,0.48,1.31,4.41,4.62,0.98,0.63,3.01,0.03,3.4277234731614588,5.31,162.68,0.04259904893115163,nan
2940,96370688,10200.993,533,20.14,0.0,211.97,-0.005523654632270336,16.052303314208984,0.5050992369651794,0.003961123102584452,0.03662109375,0.0003,0.27259346482190167,0.7823275862068966,4.35,0.44,1.65,4.54,4.65,1.12,0.59,2.94,0.0,3.552638317346573,5.76,171.89,0.04095470590982586,nan
2941,96403456,10266.108,533,20.37,0.0,209.05,-0.006704389583319426,14.878095626831055,0.49808239936828613,0.0033095139489205394,0.029266357421875,0.0003,0.24315276932440658,0.8069039913700108,3.6,0.46,1.25,4.4,4.29,0.68,0.59,3.02,0.0,3.1208901768922805,5.32,173.42,0.0383710116147995,nan
2942,96436224,10326.497,533,17.77,0.0,191.92,-0.0048838211223483086,13.63606071472168,0.49591583013534546,0.002523632736426862,0.023406982421875,0.0003,0.22173366834170855,0.8190830235439901,3.07,0.38,1.19,4.05,4.03,0.84,0.47,2.72,0.03,2.9659118592739104,4.62,160.96,0.036913172458298504,nan
2943,96468992,10388.864,533,19.78,0.0,203.63,-0.007748597767204046,17.403728485107422,0.5218936800956726,0.0028430768650196114,0.026947021484375,0.0003,0.2966656279214709,0.7968397291196389,4.39,0.51,1.37,4.28,4.42,0.95,0.53,2.94,0.0,3.266111676171422,5.65,170.89,0.0396040182095021,nan
2944,96501760,10447.264,533,21.39,0.0,235.03,-0.00860603991895914,14.607294082641602,0.48552006483078003,0.004445257024428884,0.038848876953125,0.0003,0.25193909796035624,0.8052083333333333,4.2,0.41,1.64,4.85,4.57,0.88,0.66,3.03,0.02,3.3404915323853492,5.88,182.67,0.04128281679004431,nan
2945,96534528,10505.705,533,18.92,0.0,204.41,-0.007930120453238487,14.79829216003418,0.5052528381347656,0.0034150324238453322,0.031707763671875,0.0003,0.2163302199457668,0.8063420158550396,4.83,0.45,1.39,4.12,4.1,0.89,0.48,2.73,0.01,2.9529940250515936,5.25,165.23,0.03874342329800129,nan
2946,96567296,10566.172,533,19.63,0.0,209.26,-0.006904063746333122,14.414102554321289,0.5023477077484131,0.001768079373277942,0.01800537109375,0.0003,0.23697681421258657,0.7938257993384785,4.89,0.54,1.06,4.24,4.18,0.67,0.62,2.89,0.03,3.0804940459132193,5.06,161.39,0.036609527305699885,nan
2947,96600064,10628.78,533,20.65,0.0,210.87,-0.005506802350282669,16.303970336914062,0.49077215790748596,0.0014274874015427486,0.013824462890625,0.0003,0.23242424242424242,0.8061440677966102,4.2,0.5,1.55,4.23,4.32,1.06,0.54,2.72,0.01,3.1398307739943268,5.76,175.59,0.037536812596954405,nan
2948,96632832,10688.209,533,18.89,0.0,193.34,-0.010196312330663204,13.612499237060547,0.48458635807037354,0.0033027609403006863,0.0256195068359375,0.0003,0.22563767168083715,0.8221970554926388,3.5,0.42,1.47,3.9,4.0,0.96,0.68,2.36,0.0,2.8032453083992004,5.09,154.86,0.03522491833427921,nan
2949,96665600,10754.202,533,19.89,0.0,215.48,-0.006595131941139698,14.693778038024902,0.5036513805389404,0.0032912288654074473,0.0287322998046875,0.0003,0.23072446901367472,0.8018769551616267,3.72,0.58,1.46,4.25,4.05,0.9,0.46,2.69,0.02,2.842851485311985,5.24,170.13,0.03702399611938745,nan
2950,96698368,10818.335,533,20.37,0.0,214.33,-0.011819273233413696,15.381800651550293,0.4757142663002014,0.0031131377898034884,0.02796173095703125,0.0003,0.18877400295420974,0.8234672304439746,4.06,0.49,1.48,4.57,4.54,1.04,0.68,2.82,0.01,3.3470788460969927,5.63,173.98,0.04248837975319475,nan
2951,96731136,10879.747,533,20.86,0.0,219.02,-0.007421949412673712,14.634281158447266,0.48139896988868713,0.0028757954095226523,0.027374267578125,0.0003,0.20606417427141596,0.8263534218590398,4.84,0.54,1.65,4.51,4.58,1.05,0.61,2.92,0.02,3.3214480416476726,5.85,167.32,0.038191797328181565,nan
2952,96763904,10941.269,533,18.56,0.0,193.28,-0.006266429554671049,14.645572662353516,0.5053657293319702,0.0021697986599633623,0.01789093017578125,0.0003,0.21647135416666666,0.8460661345496009,3.64,0.42,0.99,3.74,3.73,0.63,0.47,2.63,0.02,2.8013497461378574,4.73,154.78,0.03716542792972177,nan
2953,96796672,10998.33,533,19.8,0.0,214.72,-0.008417438715696335,11.83356761932373,0.48081380128860474,0.003713828680020015,0.0281829833984375,0.0003,0.19163253364540667,0.8461538461538461,4.26,0.47,1.32,4.31,4.39,0.89,0.62,2.88,0.01,3.185559116601944,5.2,162.6,0.03555583115667105,nan
2954,96829440,11060.243,533,19.4,0.0,210.4,-0.009003926068544388,14.382572174072266,0.489651083946228,0.0031151547261458745,0.02679443359375,0.0003,0.2100456621004566,0.8378970427163198,4.02,0.46,1.38,4.2,4.33,0.79,0.61,2.93,0.01,3.1738056510686876,5.12,169.13,0.03854618838522583,nan
2955,96862208,11123.59,533,20.18,0.0,207.38,-0.00847405195236206,14.774524688720703,0.4821610450744629,0.0024053104008885384,0.02210235595703125,0.0003,0.18344657195799877,0.8212351029252438,5.33,0.52,1.27,4.38,4.38,0.76,0.65,2.97,0.0,3.261043436527252,5.3,165.87,0.03859189571812749,nan
2956,96894976,11185.618,533,19.53,0.0,209.16,-0.005341693758964539,13.412515640258789,0.4937730133533478,0.003142935812434189,0.02765655517578125,0.0003,0.2277463530812742,0.8588110403397028,3.7,0.48,1.5,4.44,4.48,1.0,0.6,2.88,0.01,3.260568021684885,5.33,169.2,0.0437424317933619,nan
2957,96927744,11250.379,533,19.17,0.0,204.58,-0.010249296203255653,15.996320724487305,0.493792325258255,0.0032939929851636407,0.0289154052734375,0.0003,0.20844982913948432,0.8493909191583611,4.24,0.44,1.34,4.19,4.34,0.88,0.56,2.9,0.0,3.2314807035028936,5.36,161.3,0.03830228291917592,nan
2958,96960512,11311.325,533,18.69,0.0,199.08,-0.008797289803624153,14.977312088012695,0.49477535486221313,0.0046724814476988286,0.03681182861328125,0.0003,0.18782662158007993,0.8650887573964497,4.51,0.48,1.31,3.84,3.99,0.74,0.53,2.72,0.01,2.857926224768162,5.04,156.8,0.04112729954067618,nan
2959,96993280,11368.712,533,20.73,0.01,227.38,-0.007100354880094528,14.454815864562988,0.4613083004951477,0.0030163065549118073,0.0269622802734375,0.0003,0.21541826134499725,0.8559670781893004,4.23,0.49,1.42,4.58,4.46,0.77,0.72,2.97,0.01,3.2809096962213515,5.65,180.88,0.03758648328948766,nan
2960,97026048,11428.572,533,18.77,0.0,199.15,-0.0076193539425730705,13.191387176513672,0.48046374320983887,0.003008933665284985,0.02313232421875,0.0003,0.2321867321867322,0.8563151796060255,3.39,0.44,1.14,3.92,3.91,0.78,0.53,2.6,0.0,2.8707477444410325,5.06,153.88,0.040030387812294066,nan
2961,97058816,11490.572,533,19.55,0.0,214.95,-0.011324284598231316,15.493409156799316,0.48708903789520264,0.0037563353904488395,0.03293609619140625,0.0003,0.24868804664723032,0.8591549295774648,4.81,0.52,1.44,4.18,4.23,0.94,0.58,2.71,0.01,3.087330286204815,5.58,160.85,0.0370948399649933,nan
2962,97091584,11551.723,533,21.49,0.0,233.72,-0.007882212288677692,16.964031219482422,0.4713234007358551,0.003789106860836,0.03069305419921875,0.0003,0.2346774193548387,0.8546341463414634,5.18,0.51,1.49,4.28,4.22,0.83,0.6,2.79,0.0,3.013767613954842,5.9,181.21,0.04072259541135281,nan
2963,97124352,11610.528,533,18.98,0.0,204.81,-0.007229135371744633,15.097980499267578,0.511816143989563,0.003376621622322773,0.03096771240234375,0.0003,0.2524390243902439,0.8710045662100456,4.95,0.48,1.35,3.95,4.03,0.9,0.58,2.55,0.0,2.950221593081951,5.03,164.49,0.03732775093521923,nan
2964,97157120,11671.06,533,19.25,0.0,242.04,-0.0035219895653426647,15.61803150177002,0.480293869972229,0.0032463337591366326,0.03040313720703125,0.0003,0.22784810126582278,0.8442714126807565,3.51,0.41,1.24,3.78,4.25,0.81,0.58,2.86,0.02,3.12316434904933,5.16,164.05,0.03946655034087598,nan
2965,97189888,11735.446,533,18.88,0.0,200.97,-0.009142386727035046,13.486897468566895,0.48667842149734497,0.0031458386720828457,0.02413177490234375,0.0003,0.19109062980030722,0.8652321630804077,3.57,0.43,1.42,3.83,3.68,0.8,0.58,2.3,0.0,2.6217696684598923,5.15,161.07,0.03297181962989271,nan
2966,97222656,11794.541,533,19.94,0.0,214.08,-0.008190996013581753,14.588979721069336,0.46698370575904846,0.003618660390060313,0.03342437744140625,0.0003,0.19383003492433062,0.8481953290870489,4.1,0.44,1.47,4.18,4.4,0.83,0.58,2.99,0.0,3.20057613119483,5.52,164.93,0.037776065757498145,nan
2967,97255424,11855.798,533,20.82,0.0,225.97,-0.004776710644364357,13.535650253295898,0.4893530607223511,0.0024683527572619823,0.02211761474609375,0.0003,0.19017905588714054,0.8632309217046581,4.37,0.61,1.35,4.21,4.24,0.83,0.54,2.87,0.0,3.2124578563868997,5.38,172.75,0.039251986891031265,nan
2968,97288192,11919.42,533,20.3,0.0,221.72,-0.010639864951372147,14.658573150634766,0.47295981645584106,0.0025232773411403286,0.0206298828125,0.0003,0.19636363636363635,0.9005076142131979,4.01,0.5,1.41,4.19,4.28,0.84,0.61,2.83,0.01,3.0967243022471664,5.56,172.58,0.037073330604471266,nan
2969,97320960,11979.136,533,20.16,0.0,216.4,-0.007726291194558144,13.016704559326172,0.475425660610199,0.0033654824204916167,0.02512359619140625,0.0003,0.2137313432835821,0.8803777544596013,4.41,0.37,1.43,4.06,4.06,0.88,0.6,2.58,0.0,2.894507304728031,5.42,162.73,0.03347126953303814,nan
2970,97353728,12039.578,533,18.48,0.0,208.79,-0.010965351946651936,16.544479370117188,0.48831596970558167,0.003024105350505124,0.026824951171875,0.0003,0.2313806299676185,0.8743047830923248,4.39,0.39,1.16,3.64,3.54,0.5,0.46,2.58,0.0,2.6195641768723728,4.87,162.89,0.03655532014090568,nan
2971,97386496,12102.403,533,20.95,0.0,302.31,-0.004681234247982502,14.319952011108398,0.48105037212371826,0.004319806658827474,0.0387725830078125,0.0003,0.2417486971627099,0.8914405010438413,4.88,0.52,1.45,4.6,4.43,0.87,0.6,2.96,0.02,3.202293275594711,5.56,171.77,0.03645770996809006,nan
2972,97419264,12162.006,533,18.85,0.0,207.48,-0.011469894088804722,13.596538543701172,0.5087897777557373,0.003965804556429475,0.03119659423828125,0.0003,0.2871992871992872,0.8880179171332587,3.67,0.36,1.3,4.17,4.16,0.96,0.59,2.61,0.0,3.1064583483338355,5.09,157.64,0.038151594111695886,nan
2973,97452032,12227.682,533,21.33,0.0,234.97,-0.00879320316016674,13.901084899902344,0.47961851954460144,0.0029028598464719835,0.02382659912109375,0.0003,0.24651287553648069,0.8998091603053435,4.77,0.61,1.63,4.74,4.81,0.98,0.71,3.12,0.0,3.525960915759206,5.91,177.42,0.034312924719415605,nan
2974,97484800,12288.319,533,19.63,0.0,216.99,-0.007317990995943546,15.692501068115234,0.4930743873119354,0.0034152691659414813,0.03076171875,0.0003,0.22970734400883489,0.907027027027027,4.61,0.45,1.25,3.93,4.01,0.86,0.52,2.63,0.0,2.7952140267193317,5.17,164.16,0.03947682259604335,nan
2975,97517568,12347.471,533,18.66,0.0,198.83,-0.007068104110658169,16.310955047607422,0.49097734689712524,0.004000936855675263,0.03122711181640625,0.0003,0.23095599393019728,0.8802325581395349,3.81,0.43,1.29,3.81,3.73,0.73,0.57,2.43,0.0,2.5874225483834743,4.87,157.53,0.039394422550685704,nan
2976,97550336,12407.047,533,21.64,0.0,232.66,-0.01087426021695137,15.127628326416016,0.5132959485054016,0.002931100911609974,0.02329254150390625,0.0003,0.21138428647781934,0.8783783783783784,4.8,0.45,1.47,4.14,4.3,0.79,0.61,2.9,0.0,3.1786931160092355,6.04,177.85,0.039775750949047506,nan
2977,97583104,12468.173,533,20.49,0.0,240.21,-0.0105513334274292,14.948785781860352,0.4807872176170349,0.003820343699871387,0.028839111328125,0.0003,0.21159577350311568,0.8864541832669323,4.11,0.5,1.58,4.15,4.03,0.88,0.56,2.59,0.01,2.7896081522107123,5.78,167.92,0.03515922639053315,nan
2978,97615872,12526.163,533,22.28,0.0,239.33,-0.00819850992411375,17.80854034423828,0.5039718151092529,0.0031083081894394127,0.02732086181640625,0.0003,0.22957301001581445,0.889413988657845,5.36,0.63,1.41,4.41,4.74,0.96,0.79,2.99,0.0,3.4757670594006775,6.18,184.91,0.039080116781406105,nan
2979,97648640,12587.584,533,20.9,0.0,226.26,-0.00804914627224207,15.903157234191895,0.47158339619636536,0.0024439789805867917,0.02124786376953125,0.0003,0.1887261674495717,0.8614457831325302,5.03,0.44,1.47,4.41,4.52,0.94,0.62,2.96,0.0,3.3370046812295913,5.63,172.36,0.03792602743487805,nan
2980,97681408,12650.329,533,19.24,0.0,198.44,-0.01066971942782402,13.7522611618042,0.46750831604003906,0.0036335382918650794,0.02915191650390625,0.0003,0.2161149281698938,0.8636363636363636,4.56,0.5,1.12,3.71,3.62,0.47,0.44,2.71,0.01,2.6788844045996667,4.88,159.76,0.036141301854513586,nan
2981,97714176,12712.675,533,18.28,0.0,201.03,-0.007216350175440311,18.14373207092285,0.5078262090682983,0.003938635155066095,0.03270721435546875,0.0003,0.21939245167229213,0.8524203069657615,4.11,0.37,1.24,3.82,4.08,0.8,0.47,2.81,0.01,2.973261882662773,5.03,152.73,0.03271389356814325,nan
2982,97746944,12772.959,533,21.07,0.0,227.61,-0.0064590442925691605,16.816394805908203,0.46788471937179565,0.002451126394532821,0.0243377685546875,0.0003,0.2220693450742983,0.8695208970438328,4.62,0.53,1.37,3.88,3.74,0.78,0.57,2.39,0.0,2.7534982147812843,5.5,176.0,0.04005143651738763,nan
2983,97779712,12833.152,533,20.7,0.0,226.35,-0.008311893790960312,16.59102439880371,0.4861489534378052,0.0027816720965461172,0.02356719970703125,0.0003,0.19714365723886867,0.8843813387423936,4.5,0.44,1.65,4.22,4.09,0.97,0.48,2.64,0.0,2.9505542128533127,5.75,172.0,0.03733389847911894,nan
2984,97812480,12891.654,533,19.57,0.0,216.28,-0.010001474060118198,13.072876930236816,0.4964342713356018,0.0033211349281145885,0.02829742431640625,0.0003,0.21357850070721357,0.8713080168776371,4.48,0.49,1.19,4.12,3.99,0.71,0.54,2.74,0.0,2.8344302654266356,5.07,167.15,0.03550924459705129,nan
2985,97845248,12952.476,533,20.42,0.0,224.23,-0.008527894504368305,15.470378875732422,0.4905232787132263,0.003346064895396239,0.02768707275390625,0.0003,0.20410996945292975,0.8647540983606558,4.38,0.48,1.53,4.47,4.63,1.01,0.55,3.07,0.01,3.4098833952844143,5.64,171.51,0.03852772049140185,nan
2986,97878016,13012.345,533,20.5,0.0,222.56,-0.009063851088285446,14.37490463256836,0.49526745080947876,0.0034781551726297266,0.028717041015625,0.0003,0.19899805176732535,0.8608349900596421,4.26,0.45,1.42,4.27,4.37,0.69,0.54,3.14,0.01,3.1734142246842385,5.41,178.08,0.03694166347850114,nan
2987,97910784,13072.179,533,21.78,0.0,234.59,-0.007418844848871231,15.0204496383667,0.4735040068626404,0.0026600889714814002,0.02271270751953125,0.0003,0.2329175704989154,0.8535402521823472,5.02,0.58,1.57,4.38,4.39,0.85,0.61,2.93,0.01,3.2459485325217248,6.07,180.62,0.03659390774555504,nan
2988,97943552,13136.393,533,20.87,0.0,223.83,-0.007985781878232956,14.361373901367188,0.48703405261039734,0.0026405095184145466,0.02309417724609375,0.0003,0.19178852643419572,0.8635437881873728,4.98,0.41,1.53,4.61,4.71,0.94,0.67,3.1,0.0,3.6208981705922634,5.81,172.14,0.03594472131226212,nan
2989,97976320,13195.589,533,18.21,0.0,200.94,-0.006805991288274527,16.923011779785156,0.5153117179870605,0.0044572874928974215,0.0376129150390625,0.0003,0.26956263016959237,0.8465063001145475,3.76,0.45,1.2,3.91,4.04,0.76,0.46,2.82,0.02,2.9501332578063013,5.0,154.79,0.043485870701260865,nan
2990,98009088,13257.478,533,20.84,0.0,226.41,-0.007081538438796997,14.84587287902832,0.48934125900268555,0.0027007358813193605,0.024322509765625,0.0003,0.23687060097455334,0.8503538928210314,4.01,0.69,1.34,4.08,3.94,0.81,0.56,2.57,0.0,2.8015975737571717,5.43,171.98,0.03635710768867284,nan
2991,98041856,13316.157,533,19.97,0.0,218.13,-0.005858553573489189,12.70760726928711,0.4972705841064453,0.0025043218813038948,0.0244140625,0.0003,0.2107367218732153,0.8511111111111112,3.86,0.4,1.47,4.09,4.08,0.86,0.63,2.59,0.01,2.989224981367588,5.54,173.06,0.03952903544995934,nan
2992,98074624,13374.6,534,21.59,0.0,230.86,-0.00507037527859211,15.490951538085938,0.4872821867465973,0.0022712610923747434,0.02138519287109375,0.0003,0.1923605386095081,0.8357142857142857,5.03,0.5,1.24,4.73,4.8,0.94,0.66,3.2,0.0,3.669795327782631,5.84,178.34,0.03990434925071895,nan
2993,98107392,13434.386,534,19.81,0.0,213.27,-0.012764225713908672,17.06610679626465,0.48607105016708374,0.0023391057389119396,0.0203857421875,0.0003,0.19800235017626322,0.8670953912111469,3.68,0.42,1.26,4.12,4.34,0.73,0.57,3.04,0.0,3.2294622108340265,5.42,165.5,0.034564288100227714,nan
2994,98140160,13491.773,534,19.43,0.01,210.25,-0.009717785753309727,15.3861083984375,0.49801453948020935,0.0028664037394037223,0.0249481201171875,0.0003,0.2053754016944201,0.8507795100222717,4.04,0.47,1.2,4.07,3.99,0.78,0.42,2.79,0.0,2.9982856249809267,5.16,165.98,0.03751467069378123,nan
2995,98172928,13551.458,534,20.28,0.0,227.03,-0.009709663689136505,13.700444221496582,0.4825642704963684,0.003134963592628992,0.02524566650390625,0.0003,0.22886540600667407,0.8557894736842105,3.99,0.47,1.38,4.45,4.36,0.69,0.51,3.16,0.01,3.3363627099245785,5.47,172.21,0.037745265173725784,nan
2996,98205696,13611.552,534,19.22,0.0,205.32,-0.008509805426001549,15.607061386108398,0.485575795173645,0.0024756038323516805,0.021728515625,0.0003,0.23067331670822944,0.8670454545454546,3.84,0.47,1.2,4.33,4.47,0.81,0.64,3.02,0.0,3.4427458116412164,4.95,163.01,0.03637415589764714,nan
2997,98238464,13670.498,534,22.37,0.0,303.44,-0.008022056892514229,14.482784271240234,0.4674944281578064,0.002979686570768081,0.02643585205078125,0.0003,0.21037388098999474,0.8469682386910491,4.7,0.62,1.33,4.78,4.87,0.71,0.69,3.47,0.01,3.649418413117528,6.05,189.95,0.042565758689306676,nan
2998,98271232,13732.686,534,20.69,0.0,219.87,-0.008603588677942753,15.59423542022705,0.4840841591358185,0.0027497777213056906,0.022613525390625,0.0003,0.21534090909090908,0.8600612870275791,3.82,0.39,1.31,4.73,4.81,0.89,0.68,3.24,0.01,3.5719057523459194,5.19,176.45,0.03615170088596642,nan
2999,98304000,13794.793,534,17.97,0.0,197.26,-0.0051883310079574585,13.915645599365234,0.4990271329879761,0.0024377160547288668,0.0245513916015625,0.0003,0.20762976860537835,0.8403869407496977,3.6,0.33,1.02,3.83,3.95,0.66,0.49,2.8,0.0,2.928566547334194,4.72,157.05,0.03636878391262144,nan
3000,98336768,13854.453,534,19.05,0.0,205.77,-0.008252346888184547,15.705718040466309,0.4979454278945923,0.0031541486922606055,0.029083251953125,0.0003,0.2463853644142815,0.8660714285714286,3.58,0.44,1.15,4.07,3.84,0.66,0.52,2.66,0.0,2.90002854436636,4.95,162.67,0.040080374921672046,nan
3001,98369536,13919.242,534,20.21,0.0,220.54,-0.007252183742821217,12.452615737915039,0.5084254145622253,0.003622373950747715,0.03155517578125,0.0003,0.21515824541921155,0.8514957264957265,4.08,0.53,1.17,4.09,4.42,0.68,0.64,3.1,0.0,3.269242985844612,5.26,177.24,0.039800209808163345,nan
3002,98402304,13979.785,534,18.26,0.0,197.62,-0.00956299714744091,15.30163288116455,0.5195338726043701,0.003342677804937466,0.02845001220703125,0.0003,0.23385093167701862,0.8702201622247973,3.47,0.4,1.15,4.21,4.22,0.76,0.55,2.91,0.02,3.118138448596001,4.69,161.34,0.03698847466148436,nan
3003,98435072,14038.932,534,19.95,0.0,215.21,-0.007000821176916361,13.153966903686523,0.5018961429595947,0.004284521080279546,0.0398406982421875,0.0003,0.21189157679976683,0.8592910848549946,4.17,0.53,1.1,4.56,4.7,0.66,0.67,3.37,0.02,3.5380321139842272,5.05,169.49,0.041853675968013704,nan
3004,98467840,14096.886,534,19.85,0.0,216.68,-0.004320462234318256,16.54391098022461,0.4577648937702179,0.002488275409632479,0.02617645263671875,0.0003,0.23267326732673269,0.8549618320610687,4.57,0.53,0.99,4.42,4.6,0.7,0.59,3.31,0.0,3.460599290728569,4.87,166.58,0.04493467137217522,nan
3005,98500608,14159.089,534,19.31,0.0,225.29,-0.01035797968506813,14.460968017578125,0.48939216136932373,0.001509240953112112,0.01355743408203125,0.0003,0.22504327755337564,0.8686210640608035,3.64,0.46,1.03,4.37,4.69,0.72,0.57,3.4,0.0,3.3963234823942186,5.08,171.07,0.03683711192570627,nan
3006,98533376,14212.144,534,21.55,0.0,236.22,-0.011125084012746811,14.735220909118652,0.47455406188964844,0.0021122700906062164,0.01793670654296875,0.0003,0.2321476330569671,0.8654028436018958,4.34,0.52,1.39,4.58,4.84,0.78,0.62,3.44,0.0,3.747944039404392,5.6,185.84,0.03996677102986723,nan
3007,98566144,14272.777,534,19.32,0.0,214.41,-0.008828812278807163,15.317017555236816,0.4836035966873169,0.002275767497394554,0.020843505859375,0.0003,0.2495697074010327,0.8676148796498906,5.09,0.49,1.13,4.06,3.95,0.7,0.45,2.8,0.0,2.990815791785717,4.86,166.81,0.037688970332965255,nan
3008,98598912,14332.399,534,17.67,0.0,204.13,-0.011147801764309406,14.58976936340332,0.49347126483917236,0.002745237432122849,0.02422332763671875,0.0003,0.27242322894496807,0.8281622911694511,3.56,0.47,0.99,3.67,4.01,0.6,0.59,2.82,0.01,3.024610033929348,4.47,149.9,0.03943051106762141,nan
3009,98631680,14392.661,535,19.42,0.0,214.01,-0.011941660195589066,12.957759857177734,0.4824545383453369,0.003783458285681718,0.03031158447265625,0.0003,0.2040035325287018,0.8200455580865603,3.52,0.44,1.1,4.26,4.41,0.73,0.55,3.13,0.01,3.3258384558558465,4.91,164.99,0.039490978815592825,nan
3010,98664448,14452.84,535,20.33,0.0,219.84,-0.005604619160294533,12.658683776855469,0.483652263879776,0.0031428801525237304,0.02800750732421875,0.0003,0.2359615944137329,0.8413654618473896,3.74,0.49,1.33,4.61,4.9,0.86,0.52,3.52,0.01,3.716907127276063,5.28,171.01,0.03645155602134764,nan
3011,98697216,14513.328,535,18.06,0.0,197.79,-0.003885026089847088,13.60123062133789,0.4932910203933716,0.0014667321522132681,0.01438140869140625,0.0003,0.23658170914542728,0.839766081871345,3.17,0.54,0.93,3.9,3.82,0.54,0.44,2.84,0.01,2.897382979989052,4.44,157.5,0.04092543199658394,nan
3012,98729984,14575.601,535,20.7,0.0,226.2,-0.008937201462686062,14.180892944335938,0.5080102682113647,0.00248876838901424,0.02458953857421875,0.0003,0.22145424384849322,0.8258655804480651,4.14,0.47,1.04,4.58,4.56,0.51,0.57,3.48,0.0,3.464087228477001,5.11,173.83,0.03659130341839045,nan
3013,98762752,14638.199,535,20.1,0.0,218.12,-0.007949111051857471,12.53114128112793,0.5043755173683167,0.0032820825508395046,0.0300140380859375,0.0003,0.2321377331420373,0.8022657054582905,4.11,0.51,1.28,4.33,4.56,0.76,0.7,3.1,0.02,3.401395508646965,5.01,172.85,0.03639817703515291,nan
3014,98795520,14700.181,534,19.74,0.0,217.45,-0.008312422782182693,16.066856384277344,0.530534029006958,0.0029523676894029904,0.02828216552734375,0.0003,0.258147512864494,0.812691914022518,3.85,0.51,1.23,4.43,4.63,0.71,0.59,3.33,0.01,3.4176040357351303,4.98,167.66,0.04289134650025517,nan
3015,98828288,14762.179,534,21.37,0.0,233.16,-0.008379865437746048,14.874589920043945,0.534804105758667,0.0028256304248657216,0.027862548828125,0.0003,0.2420550847457627,0.8234106962663976,4.37,0.61,1.31,4.81,4.85,0.89,0.67,3.29,0.01,3.7192824205756185,5.43,187.79,0.04163829132448882,nan
3016,98861056,14827.982,534,18.89,0.0,202.59,-0.004506481811404228,15.797821998596191,0.5157394409179688,0.0027457001669404235,0.02651214599609375,0.0003,0.2579746051409105,0.8422222222222222,3.66,0.46,1.17,4.26,4.28,0.57,0.5,3.21,0.0,3.1844188740849493,4.89,163.19,0.03995286871213466,nan
3017,98893824,14887.809,534,21.15,0.0,228.19,-0.009827002882957458,13.40915298461914,0.48035910725593567,0.0028422577737359234,0.024627685546875,0.0003,0.18184304074377905,0.8503937007874016,4.0,0.52,1.19,4.84,5.03,0.71,0.66,3.66,0.0,3.7925297681987287,5.48,177.28,0.034859415784012526,nan
3018,98926592,14948.341,534,19.77,0.0,210.4,-0.009925591759383678,14.752552032470703,0.5056253671646118,0.002941783917549401,0.02494049072265625,0.0003,0.19945929708621207,0.8263274336283186,4.2,0.56,1.08,4.14,4.13,0.71,0.57,2.85,0.0,3.0473412987589836,4.99,166.98,0.039226223598234355,nan
3019,98959360,15006.699,534,22.62,0.0,237.34,-0.0073948693461716175,13.165806770324707,0.4680595397949219,0.003625128723058424,0.03279876708984375,0.0003,0.17952883834281072,0.8395522388059702,5.19,0.58,1.49,5.09,5.22,1.0,0.7,3.52,0.0,3.9250633312016725,6.12,185.76,0.03700388967990875,nan
3020,98992128,15064.468,535,20.59,0.0,223.32,-0.009182415902614594,13.62455940246582,0.49012482166290283,0.002243790287224101,0.0214691162109375,0.0003,0.2059411596686661,0.8366733466933868,3.96,0.56,1.09,4.69,4.84,0.75,0.75,3.34,0.0,3.672875993847847,5.14,174.87,0.03516823658719659,nan
3021,99024896,15124.007,535,20.93,0.0,320.31,-0.008935557678341866,15.702268600463867,0.4622676968574524,0.002389751127964246,0.02031707763671875,0.0003,0.1778102189781022,0.8341463414634146,4.03,0.49,1.4,4.79,4.98,0.93,0.67,3.38,0.0,3.7796322621405123,5.73,170.88,0.03728677611798048,nan
3022,99057664,15182.625,535,21.37,0.0,232.8,-0.008744639344513416,13.180444717407227,0.4827687740325928,0.0026496593023921378,0.02392578125,0.0003,0.2053120849933599,0.82025819265144,4.78,0.51,1.19,4.89,4.8,0.82,0.55,3.43,0.01,3.455748994201422,5.37,178.4,0.038881218642927706,nan
3023,99090432,15244.152,535,20.78,0.0,225.24,-0.007886203937232494,16.63388442993164,0.4839392602443695,0.003214767956990272,0.02649688720703125,0.0003,0.20185289163391354,0.8305439330543933,4.66,0.41,1.25,4.53,4.45,0.63,0.62,3.2,0.02,3.3297815154492856,5.58,179.1,0.041220332379452884,nan
3024,99123200,15305.208,535,21.33,0.0,225.93,-0.00817558541893959,15.541744232177734,0.4600204527378082,0.0025871756961919345,0.0172882080078125,0.0003,0.20967741935483872,0.8120456905503635,4.33,0.55,1.38,4.39,4.37,0.86,0.62,2.89,0.01,3.3146620077639817,5.44,181.95,0.03838665224611759,nan
3025,99155968,15362.534,535,20.31,0.0,227.09,-0.00879233330488205,13.916302680969238,0.46406036615371704,0.0036188103786685133,0.03347015380859375,0.0003,0.20806496779613554,0.8347022587268994,4.04,0.7,1.26,4.52,4.61,1.01,0.55,3.05,0.0,3.4278868705034258,5.25,175.47,0.03569867688929662,nan
3026,99188736,15422.987,535,20.67,0.0,223.81,-0.005290757864713669,14.77072525024414,0.4651070535182953,0.003744704210987493,0.03009796142578125,0.0003,0.2120529428330048,0.8269430051813471,4.45,0.52,1.33,4.58,4.7,0.87,0.71,3.12,0.0,3.4679362060129644,5.34,176.54,0.03691273054573685,nan
3027,99221504,15484.536,535,20.67,0.0,221.66,-0.010137822479009628,13.471498489379883,0.4857128858566284,0.0023335916525866196,0.021026611328125,0.0003,0.22502197480222677,0.8119834710743802,4.71,0.55,1.25,4.43,4.47,0.75,0.66,3.06,0.0,3.3984706446528437,5.38,169.07,0.036305193265434355,nan
3028,99254272,15540.339,535,21.17,0.0,229.16,-0.01160104013979435,14.189352035522461,0.4530179798603058,0.0035570361017676078,0.0291748046875,0.0003,0.19062771188892103,0.831494483450351,4.1,0.48,1.25,4.44,4.73,0.75,0.69,3.29,0.0,3.464420446306467,5.51,173.92,0.04066033766139299,nan
3029,99287040,15597.401,535,19.56,0.0,212.42,-0.0075599621050059795,12.55476188659668,0.475741446018219,0.00378036239476387,0.03466796875,0.0003,0.19808861859252824,0.832258064516129,3.73,0.53,1.25,4.13,4.11,0.71,0.54,2.86,0.0,3.0381705263257026,5.06,168.94,0.03881298622582108,nan
3030,99319808,15657.863,535,20.23,0.0,224.22,-0.008991701528429985,14.006766319274902,0.488472044467926,0.0021695218086392742,0.020416259765625,0.0003,0.17414469994391474,0.8162217659137577,4.11,0.54,1.28,4.25,4.21,0.77,0.55,2.89,0.01,3.1641550928354265,5.21,169.5,0.036022290238179266,nan
3031,99352576,15716.053,535,21.37,0.0,236.34,-0.007815330289304256,14.508207321166992,0.4473607838153839,0.002618018199029848,0.0245361328125,0.0003,0.18953550453817405,0.787192118226601,4.42,0.58,1.64,4.67,4.55,0.91,0.52,3.12,0.0,3.3862271255254743,5.94,185.35,0.04274345329031348,nan
3032,99385344,15772.339,536,20.3,0.0,226.79,-0.011445153504610062,12.54810905456543,0.4688667058944702,0.0028303479638225326,0.02361297607421875,0.0003,0.16018748276812794,0.8225324027916251,4.0,0.6,1.19,4.71,4.74,0.81,0.64,3.29,0.01,3.495378389954567,4.83,171.76,0.03707933926489204,nan
3033,99418112,15831.42,536,20.09,0.0,234.04,-0.005198418162763119,15.741657257080078,0.49595433473587036,0.004414394356217599,0.03362274169921875,0.0003,0.20464263897373244,0.8382513661202186,4.04,0.47,1.18,4.15,4.11,0.76,0.56,2.79,0.02,3.1847863105684517,5.04,161.08,0.039143249741755426,nan
3034,99450880,15889.547,536,20.18,0.0,218.67,-0.01407419890165329,13.866342544555664,0.5027071237564087,0.004380545252075763,0.038360595703125,0.0003,0.2409297052154195,0.8217716115261473,4.14,0.55,1.08,4.17,4.11,0.75,0.54,2.82,0.0,3.0424868059158325,4.93,165.83,0.03810213576070964,nan
3035,99483648,15948.595,536,19.09,0.0,287.11,-0.009744207374751568,14.345011711120605,0.5093521475791931,0.00348855900693934,0.0310211181640625,0.0003,0.27121609798775154,0.8479913137893594,3.02,0.39,1.19,4.29,4.45,0.7,0.61,3.14,0.0,3.2638324435055255,4.86,168.38,0.039611454703845084,nan
3036,99516416,16009.796,536,20.01,0.0,215.63,-0.0083442572504282,16.1661376953125,0.5027584433555603,0.0031771729345280164,0.02780914306640625,0.0003,0.22331786542923435,0.8295331161780674,4.2,0.57,1.29,4.31,4.42,0.86,0.58,2.98,0.01,3.185386421531439,5.36,172.04,0.03950263396836817,nan
3037,99549184,16069.767,536,22.04,0.0,240.64,-0.006235676817595959,16.01862335205078,0.49887603521347046,0.004033632086361649,0.03746795654296875,0.0003,0.22455403987408185,0.8438095238095238,4.64,0.56,1.4,4.7,4.88,0.94,0.66,3.28,0.0,3.702179453223944,5.87,185.7,0.03911938576493412,nan
3038,99581952,16132.753,536,17.87,0.0,196.51,-0.007662815507501364,16.183879852294922,0.4994286000728607,0.0035161450133500693,0.02938079833984375,0.0003,0.23926571250777848,0.8200734394124847,3.01,0.32,1.12,3.55,3.48,0.62,0.39,2.47,0.01,2.5781221260130405,4.25,154.99,0.04351663729175925,nan
3039,99614720,16192.624,536,20.73,0.0,230.81,-0.00879268255084753,15.360630989074707,0.49191009998321533,0.002527983187206928,0.02523040771484375,0.0003,0.2296996662958843,0.8104508196721312,4.29,0.58,1.35,4.31,4.35,0.8,0.51,3.04,0.01,3.182072831094265,5.38,170.55,0.03565142990555614,nan
3040,99647488,16252.478,536,21.72,0.0,234.03,-0.0041101244278252125,13.622833251953125,0.5131341218948364,0.0034854890926112603,0.034820556640625,0.0003,0.19493601960250476,0.8531935176358436,5.26,0.55,1.46,4.61,4.86,0.98,0.7,3.18,0.0,3.6796359169483184,5.69,176.45,0.03544630575925112,nan
3041,99680256,16312.727,536,19.5,0.0,210.5,-0.008445925079286098,13.850030899047852,0.4932239353656769,0.0022009275297705244,0.017822265625,0.0003,0.20234515935057126,0.8123644251626898,3.88,0.55,1.37,4.29,4.24,0.81,0.46,2.97,0.01,3.027896958142519,5.36,162.64,0.03553951624780893,nan
3042,99713024,16370.871,536,20.9,0.0,229.49,-0.005870991386473179,15.245346069335938,0.4839077293872833,0.0038477575931210595,0.033721923828125,0.0003,0.19157836029001674,0.8406988694758479,4.62,0.59,1.33,4.26,4.44,0.77,0.61,3.06,0.01,3.3186759558320045,5.43,177.65,0.03783613920677453,nan
3043,99745792,16432.693,536,20.72,0.0,220.86,-0.010153322480618954,13.978757858276367,0.4987725019454956,0.0022829303894731368,0.01873779296875,0.0003,0.20504106485414897,0.8254963427377221,4.09,0.61,1.3,4.33,4.18,0.69,0.58,2.91,0.0,3.0604575958848,5.26,172.6,0.03610230633057654,nan
3044,99778560,16490.654,536,19.72,0.0,212.75,-0.010812235996127129,14.3383150100708,0.48624759912490845,0.002879886751770755,0.025909423828125,0.0003,0.1863095238095238,0.85,3.73,0.52,1.42,4.29,4.34,0.83,0.65,2.86,0.0,3.1841650718450545,5.18,164.2,0.03596753173042089,nan
3045,99811328,16552.97,536,20.33,0.0,220.33,-0.00995094608515501,17.05784797668457,0.5090360045433044,0.0029017392176911017,0.02039337158203125,0.0003,0.21542401821286283,0.8438502673796792,4.82,0.58,1.31,4.19,4.3,0.83,0.65,2.82,0.0,3.175881412923336,5.35,170.01,0.0333551344810985,nan
3046,99844096,16619.625,536,19.35,0.0,205.5,-0.011212858371436596,15.828360557556152,0.505713701248169,0.0036618207416836412,0.03008270263671875,0.0003,0.19843014128728415,0.8338945005611672,4.44,0.47,1.28,3.76,3.64,0.66,0.46,2.52,0.0,2.651791461855173,5.13,156.6,0.03602261224295944,nan
3047,99876864,16681.593,536,19.56,0.0,215.07,-0.008396557532250881,15.588424682617188,0.504980206489563,0.002501895025716294,0.0216217041015625,0.0003,0.21663332380680195,0.8601321585903083,3.39,0.7,1.3,3.92,3.91,0.62,0.49,2.8,0.0,2.8475123119354246,5.2,168.05,0.04126802505925298,nan
3048,99909632,16739.774,536,21.8,0.0,230.44,-0.008115106262266636,14.805896759033203,0.5003960132598877,0.003095870224626651,0.02701568603515625,0.0003,0.18779472954230236,0.8410462776659959,4.62,0.7,1.43,4.45,4.82,0.95,0.69,3.18,0.0,3.6520762453973292,5.73,180.4,0.04021204495802522,nan
3049,99942400,16800.987,536,18.92,0.0,208.7,-0.01065670233219862,16.193937301635742,0.5060231685638428,0.0028657451354661134,0.025054931640625,0.0003,0.21422195775066943,0.8666666666666667,3.84,0.38,1.28,3.68,3.6,0.73,0.37,2.5,0.01,2.5603144347667692,5.06,160.49,0.035958065767772496,nan
3050,99975168,16860.087,536,20.8,0.0,231.7,-0.006589778698980808,16.617839813232422,0.5219568610191345,0.004012736579966258,0.0377197265625,0.0003,0.2725060827250608,0.8486096807415036,4.33,0.55,1.33,4.13,4.22,0.78,0.5,2.94,0.0,2.9662161642313003,5.57,171.65,0.040639150072820485,nan
3051,100007936,16920.919,536,20.24,0.0,223.6,-0.006484042387455702,16.244558334350586,0.4952412247657776,0.005041832217557385,0.04779815673828125,0.0003,0.2400893355667225,0.8302658486707567,4.28,0.7,1.5,4.46,4.34,0.89,0.6,2.85,0.0,3.033354941131547,5.42,177.88,0.04104296653531492,nan
3052,100040704,16983.547,536,19.16,0.0,207.96,-0.007894408889114857,15.30951976776123,0.518943190574646,0.002178975171489128,0.01953125,0.0003,0.24475733972438585,0.829021372328459,3.55,0.53,1.16,4.1,4.42,0.82,0.68,2.92,0.0,3.3333100298047067,5.03,165.44,0.038450777530670166,nan
3053,100073472,17044.39,536,18.13,0.0,200.19,-0.004094150383025408,15.081095695495605,0.5541499853134155,0.0020279470106174813,0.02048492431640625,0.0003,0.2827461607949413,0.8149010477299186,3.58,0.61,1.04,3.29,3.29,0.51,0.56,2.22,0.0,2.3599240696430206,4.53,155.71,0.03878676751628518,nan
3054,100106240,17104.133,536,20.43,0.0,225.93,-0.00883992575109005,15.91749095916748,0.5102056264877319,0.0034051274095645567,0.027862548828125,0.0003,0.2360215053763441,0.8331562167906482,3.88,0.65,1.43,4.1,4.21,0.85,0.55,2.81,0.01,2.976942729651928,5.47,175.52,0.03776954358909279,nan
3055,100139008,17165.748,536,19.33,0.0,217.24,-0.008551123552024364,16.749191284179688,0.5229974985122681,0.004832122313104037,0.0385284423828125,0.0003,0.27529210601310916,0.84,4.19,0.49,1.38,4.23,4.21,0.83,0.68,2.7,0.0,3.1196395987272263,5.29,164.69,0.0374270403990522,nan
3056,100171776,17224.139,536,19.97,0.0,224.04,-0.007314903195947409,15.46774673461914,0.49752774834632874,0.003027085539883956,0.027435302734375,0.0003,0.2871837642479844,0.8377192982456141,3.75,0.64,1.31,3.95,4.06,0.79,0.59,2.68,0.0,3.004420550763607,5.28,170.04,0.036320510669611394,nan
3057,100204544,17285.375,536,19.13,0.0,214.98,-0.010564865544438362,15.298095703125,0.5421450138092041,0.0034988102141255695,0.03173828125,0.0003,0.24179864253393665,0.8303571428571429,3.77,0.53,1.09,3.49,3.31,0.58,0.64,2.09,0.02,2.4737311797216535,4.96,161.31,0.037479133694432676,nan
3058,100237312,17342.211,536,18.33,0.0,203.78,-0.008059574291110039,14.16457748413086,0.5399222373962402,0.002585656611131526,0.02283477783203125,0.0003,0.2852478480261205,0.82,3.65,0.56,1.11,3.41,3.26,0.6,0.39,2.27,0.01,2.2711691423505544,4.77,159.99,0.03932540083769709,nan
3059,100270080,17406.172,536,19.01,0.0,209.02,-0.007393446285277605,17.021968841552734,0.5286449193954468,0.002848164752720095,0.02709197998046875,0.0003,0.26240093924273555,0.816933638443936,3.68,0.48,1.11,3.3,3.32,0.63,0.45,2.24,0.0,2.3920905712246894,4.8,159.82,0.03371845744550228,nan
3060,100302848,17465.668,536,18.68,0.0,213.22,-0.01163371279835701,13.998266220092773,0.560143232345581,0.0033479882121127957,0.02988433837890625,0.0003,0.2639593908629442,0.8424101969872537,3.41,0.47,1.15,3.63,3.66,0.65,0.56,2.45,0.01,2.574011876732111,4.87,161.76,0.03759055270347744,nan
3061,100335616,17528.144,536,20.31,0.0,222.42,-0.009653996676206589,16.423616409301758,0.5130543112754822,0.0043806927559444375,0.02710723876953125,0.0003,0.24266740453790814,0.8320855614973262,4.31,0.67,1.44,4.06,4.13,0.85,0.72,2.56,0.0,3.0896090736985204,5.52,174.67,0.04055361764039844,nan
3062,100368384,17589.77,536,19.72,0.0,215.77,-0.005188790149986744,17.127609252929688,0.5178312063217163,0.002725423155425233,0.02703094482421875,0.0003,0.2569502948609941,0.8268156424581006,4.43,0.43,1.52,3.86,3.95,0.84,0.5,2.61,0.0,2.8948012337088587,5.51,165.34,0.040289177442900836,nan
3063,100401152,17650.981,536,18.34,0.0,207.05,-0.007081858813762665,14.77054500579834,0.5360479354858398,0.0035230080744099723,0.029876708984375,0.0003,0.26702307259426,0.8127962085308057,3.53,0.47,1.12,3.72,3.75,0.68,0.45,2.62,0.0,2.6310140231996773,4.47,162.34,0.04036095051560551,nan
3064,100433920,17712.963,536,18.27,0.0,201.91,-0.0023196563124656677,15.088545799255371,0.5377565622329712,0.0030821653281805084,0.027008056640625,0.0003,0.24195032198712052,0.8397129186602871,3.51,0.55,1.28,3.62,3.82,0.76,0.57,2.49,0.01,2.730702774524689,4.92,153.17,0.037332644453272223,nan
3065,100466688,17773.355,536,18.96,0.0,306.3,-0.006051928736269474,17.278135299682617,0.5301507115364075,0.00403138567867245,0.0297393798828125,0.0003,0.27137002341920374,0.8451025056947609,4.32,0.46,1.3,4.03,4.0,0.81,0.56,2.63,0.02,2.858201549202204,5.1,163.64,0.038312104414217174,nan
3066,100499456,17836.631,536,20.79,0.0,226.89,-0.0070949820801615715,16.289003372192383,0.5073938369750977,0.005974906742494568,0.04087066650390625,0.0003,0.2740597345132743,0.8566978193146417,4.49,0.66,1.41,4.34,4.21,0.74,0.59,2.88,0.02,3.0483268818259237,5.65,177.46,0.03861170343589038,nan
3067,100532224,17896.955,536,19.01,0.0,212.4,-0.00906614400446415,16.417190551757812,0.5153018236160278,0.006511442295106917,0.049041748046875,0.0003,0.23206018518518517,0.8559046587215602,3.94,0.63,1.34,3.94,4.14,0.73,0.49,2.92,0.0,3.0614190745353698,5.24,165.32,0.035578176204580814,nan
3068,100564992,17956.99,536,18.6,0.0,209.1,-0.007633568719029427,14.843730926513672,0.5351659655570984,0.0035471156634585554,0.02993011474609375,0.0003,0.2618550551744706,0.8321596244131455,3.59,0.56,1.16,3.89,4.03,0.77,0.65,2.61,0.0,2.8898255959153176,4.76,158.77,0.03191411856096238,nan
3069,100597760,18017.807,536,20.4,0.0,218.19,-0.0056536332704126835,16.8392333984375,0.5137736797332764,0.0031721333569976196,0.03277587890625,0.0003,0.2802748353850558,0.8246753246753247,4.66,0.48,1.43,3.96,3.74,0.58,0.6,2.56,0.0,2.675056838542223,5.6,176.39,0.04093045403715223,nan
3070,100630528,18077.678,536,17.4,0.0,189.49,-0.00584098044782877,15.019608497619629,0.5288857221603394,0.0024439910278033494,0.02399444580078125,0.0003,0.24534259551626145,0.830694275274056,3.25,0.42,1.24,3.55,3.59,0.74,0.44,2.41,0.01,2.426231234371662,4.56,153.78,0.03740529087372124,nan
3071,100663296,18138.462,536,18.84,0.0,205.87,-0.008787897415459156,16.343990325927734,0.5180129408836365,0.0018110347829178863,0.01568603515625,0.0003,0.2981569560047562,0.8458149779735683,3.32,0.44,1.31,3.73,3.48,0.63,0.45,2.4,0.01,2.5107066087424754,4.83,164.5,0.03786907030735165,nan
3072,100696064,18202.742,536,20.25,0.0,217.05,-0.007575600408017635,14.822654724121094,0.5173919200897217,0.0037220812413352178,0.03397369384765625,0.0003,0.2554976851851852,0.8499475341028332,4.02,0.47,1.37,4.06,4.1,0.76,0.64,2.7,0.01,2.990624859854579,5.62,174.9,0.03770139021798968,nan
3073,100728832,18261.586,536,18.44,0.0,203.85,-0.005961631890386343,15.629205703735352,0.5114840269088745,0.004931223689425224,0.047332763671875,0.0003,0.25347012673506336,0.8268348623853211,3.96,0.48,1.17,3.91,3.89,0.65,0.56,2.68,0.0,2.8482667115330695,4.79,161.42,0.037809434230439365,nan
3074,100761600,18320.296,536,19.88,0.0,217.88,-0.008295943960547447,13.217453002929688,0.5022342205047607,0.002640321024955483,0.02143096923828125,0.0003,0.2153713794092343,0.8257173219978746,4.3,0.53,1.31,4.39,4.39,0.71,0.61,3.07,0.0,3.2158371090888975,5.27,170.02,0.03702113148756325,nan
3075,100794368,18379.157,536,19.75,0.0,214.3,-0.009954767301678658,14.723638534545898,0.5150978565216064,0.0031628411324788885,0.02265167236328125,0.0003,0.25353331410441304,0.8548387096774194,3.92,0.46,1.27,4.19,4.37,0.71,0.62,3.04,0.02,3.234932696521282,5.41,172.1,0.0374830299988389,nan
3076,100827136,18438.646,536,18.69,0.0,206.44,-0.006822408176958561,14.528036117553711,0.5152264833450317,0.0021848598717326695,0.01781463623046875,0.0003,0.24545183417834776,0.834916864608076,4.01,0.38,1.33,4.08,4.33,0.94,0.56,2.83,0.01,3.2282003346830606,5.03,163.37,0.04174117266666144,nan
3077,100859904,18501.471,536,19.28,0.0,210.34,-0.007882677018642426,14.902227401733398,0.49308308959007263,0.0027919072906570364,0.0247802734375,0.0003,0.2355359765051395,0.8366445916114791,4.3,0.53,1.46,4.56,4.61,0.88,0.64,3.09,0.01,3.25823612511158,5.27,165.88,0.03913471114356071,nan
3078,100892672,18565.493,536,18.72,0.0,205.26,-0.010753728449344635,12.338373184204102,0.5068784356117249,0.0029806614343215188,0.025360107421875,0.0003,0.2584643288996372,0.8557919621749409,3.51,0.43,1.36,4.12,4.21,0.95,0.52,2.74,0.02,3.0844453871250153,4.88,160.75,0.035301294759847224,nan
3079,100925440,18625.339,536,19.27,0.0,208.92,-0.00862106867134571,15.924135208129883,0.48019981384277344,0.0031316059567814136,0.025421142578125,0.0003,0.22544910179640718,0.8460686600221484,4.04,0.33,1.39,4.08,4.15,0.73,0.6,2.82,0.0,2.910928161740303,5.12,164.24,0.03605271328706294,nan
3080,100958208,18686.838,536,18.29,0.0,200.33,-0.009832441806793213,15.310758590698242,0.5101679563522339,0.0031666237455851842,0.02927398681640625,0.0003,0.23978960396039603,0.8505214368482039,3.62,0.59,1.26,4.23,4.4,1.0,0.57,2.83,0.0,3.1544516432285308,4.83,155.42,0.040348401525989175,nan
3081,100990976,18749.479,536,18.87,0.0,204.79,-0.010028389282524586,16.442983627319336,0.5096145868301392,0.00304235759108451,0.0275726318359375,0.0003,0.2202933253516911,0.8600223964165733,3.64,0.52,1.25,4.09,3.98,0.7,0.46,2.82,0.01,2.9023285768181086,5.01,164.37,0.03703307663090527,nan
3082,101023744,18811.793,536,16.7,0.0,183.72,-0.004135328345000744,13.72092056274414,0.5146241188049316,0.002026185621161858,0.0189666748046875,0.0003,0.24005261427162117,0.8494897959183674,3.37,0.37,1.03,3.49,3.4,0.64,0.41,2.35,0.01,2.4215090423822403,4.24,149.59,0.040581370471045375,nan
3083,101056512,18869.364,536,19.59,0.0,213.0,-0.008631336502730846,13.316471099853516,0.5064544677734375,0.0023857589786189237,0.02254486083984375,0.0003,0.2143906020558003,0.8701298701298701,4.18,0.5,1.27,4.28,4.45,0.9,0.57,2.98,0.01,3.3303450950980187,5.18,170.92,0.03942450846079737,nan
3084,101089280,18929.543,536,19.22,0.0,201.98,-0.006009247153997421,13.970064163208008,0.5120384097099304,0.001838410949289937,0.01668548583984375,0.0003,0.24042232277526396,0.8799076212471132,4.15,0.57,1.18,3.96,4.14,0.74,0.54,2.86,0.0,3.0730487137287854,5.05,162.75,0.0395802779821679,nan
3085,101122048,18987.15,536,19.07,0.0,214.68,-0.006503898650407791,12.52145767211914,0.497650146484375,0.0019290760854460132,0.0166778564453125,0.0003,0.2010250569476082,0.8623265741728922,4.12,0.58,1.25,4.19,4.21,0.77,0.54,2.9,0.0,3.1802523270249368,5.26,168.08,0.03667742991819978,nan
3086,101154816,19050.056,536,20.8,0.0,230.28,-0.007209771312773228,12.59735107421875,0.5028359889984131,0.0026269209339488953,0.02465057373046875,0.0003,0.21035150844173817,0.8516260162601627,4.18,0.55,1.4,4.43,4.67,0.95,0.69,3.03,0.01,3.541098288297653,5.68,179.8,0.0368495280854404,nan
3087,101187584,19108.339,536,18.87,0.0,203.07,-0.008292696438729763,13.813642501831055,0.4943888187408447,0.0028717725429032726,0.0233306884765625,0.0003,0.19882860665844637,0.8583877995642701,4.33,0.58,1.3,3.8,4.11,0.87,0.54,2.7,0.0,3.0601662908494474,4.96,165.25,0.03634337056428194,nan
3088,101220352,19166.553,536,20.73,0.0,228.75,-0.007473349571228027,13.828595161437988,0.46911847591400146,0.0023169497261505967,0.02074432373046875,0.0003,0.2337625979843225,0.8479125248508946,4.16,0.54,1.59,4.63,4.47,0.98,0.59,2.9,0.0,3.1740666037797927,5.62,179.53,0.040907726623117924,nan
3089,101253120,19225.717,536,19.11,0.0,206.8,-0.00810859352350235,16.001197814941406,0.4701225459575653,0.0030532850709619197,0.02569580078125,0.0003,0.18736842105263157,0.8353726362625139,3.76,0.57,1.27,3.68,3.67,0.7,0.39,2.58,0.0,2.6923282639402895,4.98,162.17,0.03393379942281172,nan
3090,101285888,19284.626,536,22.33,0.0,243.54,-0.008998695760965347,16.616199493408203,0.4581097662448883,0.003517766301285974,0.0295867919921875,0.0003,0.2077371489136195,0.8638095238095238,4.78,0.63,1.79,4.95,5.01,1.14,0.75,3.12,0.02,3.6172906608134507,6.31,192.01,0.03756121243350208,nan
3091,101318656,19341.884,537,21.73,0.0,337.22,-0.009024783037602901,14.6591796875,0.46228811144828796,0.002567361125599632,0.02065277099609375,0.0003,0.2520259319286872,0.87776708373436,5.08,0.64,1.43,4.65,4.57,0.85,0.71,3.01,0.03,3.5299329298734663,5.8,183.0,0.03737886936869472,nan
3092,101351424,19404.334,537,19.27,0.0,211.39,-0.006961980368942022,13.122169494628906,0.47654232382774353,0.002137321587035501,0.01760101318359375,0.0003,0.21869436201780415,0.8524945770065075,4.36,0.52,1.23,4.17,4.2,0.85,0.54,2.81,0.0,3.0608338050544264,5.07,162.69,0.03439561033155769,nan
3093,101384192,19463.575,537,19.07,0.0,210.52,-0.00507915997877717,14.747823715209961,0.4514079988002777,0.0023032809989445013,0.02095794677734375,0.0003,0.185910552470038,0.8903654485049833,3.82,0.45,1.43,3.9,3.94,0.81,0.52,2.61,0.01,2.942510169148445,5.23,165.58,0.03642282565124333,nan
3094,101416960,19524.672,537,21.46,0.01,244.57,-0.005376702174544334,14.335333824157715,0.46824750304222107,0.0011802345808291648,0.0110931396484375,0.0003,0.19719887955182072,0.8522613065326633,4.71,0.69,1.59,4.51,4.74,0.9,0.84,3.0,0.0,3.5048858235776423,6.13,180.31,0.03468310437165201,nan
3095,101449728,19587.494,537,19.52,0.0,215.32,-0.010462475940585136,13.334070205688477,0.4821946620941162,0.002555718957296449,0.02144622802734375,0.0003,0.20585651537335287,0.8835470085470085,4.31,0.63,1.39,3.95,4.1,0.81,0.55,2.74,0.01,2.889508844651282,5.38,166.46,0.03158408065792173,nan
3096,101482496,19647.512,537,22.24,0.0,238.33,-0.0036180620081722736,14.136649131774902,0.4518229067325592,0.0021805877244673866,0.01905059814453125,0.0003,0.1864864864864865,0.8499515972894482,4.97,0.68,1.62,4.81,5.02,1.1,0.7,3.22,0.0,3.702950757816434,6.19,190.73,0.03934906318318099,nan
3097,101515264,19707.97,537,19.44,0.0,212.33,-0.008479608222842216,13.239605903625488,0.4709809422492981,0.0024437086988768897,0.02011871337890625,0.0003,0.20316622691292877,0.8798235942668137,3.94,0.5,1.16,4.05,4.0,0.8,0.5,2.7,0.0,3.015443793386221,4.95,169.06,0.03895666555035859,nan
3098,101548032,19769.177,537,21.19,0.0,320.69,-0.008910388685762882,15.301132202148438,0.4601668119430542,0.00317527503079873,0.0279083251953125,0.0003,0.19796806966618288,0.8593429158110883,5.15,0.57,1.39,4.42,4.38,0.87,0.68,2.83,0.02,3.370847701728344,5.73,173.09,0.03787624498363584,nan
3099,101580800,19834.317,536,19.64,0.0,216.65,-0.010081922635436058,13.106273651123047,0.4854639768600464,0.003126091577257739,0.02582550048828125,0.0003,0.19907940161104717,0.8809776833156217,4.46,0.56,1.33,4.23,3.98,0.75,0.47,2.76,0.0,3.02150156006217,5.28,171.31,0.03623414976755157,nan
3100,101613568,19897.708,536,20.34,0.0,221.04,-0.005263993516564369,12.79372787475586,0.46303898096084595,0.003887622275101421,0.03849029541015625,0.0003,0.19398280802292264,0.8695198329853863,4.71,0.52,1.28,4.03,4.09,0.8,0.51,2.78,0.01,3.0296276405453684,5.27,171.21,0.040852723526768386,nan
3101,101646336,19958.058,536,20.75,0.0,228.84,-0.008470728993415833,13.39444351196289,0.49288424849510193,0.0019785592674566033,0.0182037353515625,0.0003,0.210436755530346,0.8600823045267489,4.1,0.47,1.29,4.48,4.97,0.83,0.79,3.35,0.0,3.7290550991892815,5.33,179.26,0.04082314879633486,nan
3102,101679104,20018.152,536,20.92,0.0,221.31,-0.005814562551677227,14.028985977172852,0.46584323048591614,0.002165246379377095,0.018646240234375,0.0003,0.19913169319826338,0.8740970072239422,4.43,0.67,1.23,4.37,4.41,0.8,0.53,3.08,0.01,3.257596024274826,5.55,174.91,0.04106317274272442,nan
3103,101711872,20077.928,536,19.72,0.0,216.3,-0.009563595056533813,13.436402320861816,0.45464813709259033,0.0019431844907273899,0.016693115234375,0.0003,0.19801980198019803,0.8629989212513485,3.98,0.43,1.25,4.37,4.51,0.73,0.79,2.99,0.0,3.3326645967364312,4.81,168.93,0.036309347953647375,nan
3104,101744640,20137.796,536,20.74,0.0,233.84,-0.009855156764388084,13.525010108947754,0.45097267627716064,0.003187909047994708,0.02759552001953125,0.0003,0.18564490016189963,0.869215291750503,4.14,0.4,1.48,4.43,4.27,0.96,0.6,2.71,0.01,3.0876046013832092,5.75,178.62,0.03621718112844974,nan
3105,101777408,20199.799,536,20.2,0.0,231.63,-0.011586576700210571,14.861889839172363,0.46315139532089233,0.0034071485387698885,0.02767181396484375,0.0003,0.2108626198083067,0.851380042462845,4.29,0.59,1.24,4.4,4.38,0.92,0.64,2.82,0.01,3.2570192617177964,5.46,169.04,0.03892783576156944,nan
3106,101810176,20258.759,537,21.51,0.0,236.07,-0.007729331497102976,14.565369606018066,0.48645174503326416,0.004290124770676584,0.04018402099609375,0.0003,0.21336553945249598,0.8680892337536372,4.89,0.55,1.34,4.48,4.53,0.76,0.62,3.15,0.0,3.4078836965560915,5.73,181.31,0.039869791944511235,nan
3107,101842944,20319.005,537,21.78,0.0,233.91,-0.008656125515699387,16.097192764282227,0.44753313064575195,0.002153484197833677,0.0189666748046875,0.0003,0.218639934976971,0.8599605522682445,5.11,0.68,1.45,4.73,4.66,0.9,0.61,3.15,0.0,3.5130431306362153,5.98,187.17,0.040289054275490344,nan
3108,101875712,20380.515,537,21.19,0.0,227.92,-0.005182419903576374,12.911571502685547,0.47454845905303955,0.0032505464299674713,0.02837371826171875,0.0003,0.2073036792970895,0.8390243902439024,3.98,0.6,1.42,4.88,4.85,0.95,0.66,3.24,0.01,3.571220107674599,5.64,178.87,0.038314793608151376,nan
3109,101908480,20440.422,537,19.56,0.0,216.5,-0.010207369923591614,16.342632293701172,0.4814766049385071,0.004940916617613311,0.03250885009765625,0.0003,0.2615819209039548,0.8568421052631578,3.44,0.4,1.17,4.32,4.29,0.61,0.48,3.2,0.01,3.131540590468794,5.01,170.39,0.037369275582022965,nan
3110,101941248,20503.377,536,19.68,0.0,223.3,-0.00896155834197998,15.25000286102295,0.4877398610115051,0.004090959415492534,0.039276123046875,0.0003,0.20776699029126214,0.852510460251046,4.29,0.61,1.32,4.47,4.42,0.8,0.55,3.07,0.0,3.24119663387537,5.31,170.43,0.0378829725086689,nan
3111,101974016,20563.777,537,19.94,0.0,218.18,-0.00789513997733593,15.108776092529297,0.46108585596084595,0.0033113308837187105,0.03038787841796875,0.0003,0.22435897435897437,0.8539445628997868,3.76,0.59,1.33,4.51,4.79,0.81,0.6,3.38,0.01,3.5973948696255684,5.45,171.36,0.0370504311285913,nan
3112,102006784,20623.015,537,19.83,0.0,314.59,-0.00967195350676775,12.728843688964844,0.4941067397594452,0.0028490517302230955,0.023468017578125,0.0003,0.2283464566929134,0.8615879828326181,3.7,0.46,1.24,4.29,4.38,0.78,0.51,3.09,0.02,3.34403149664402,5.44,169.14,0.04304687131661922,nan
3113,102039552,20684.852,537,20.97,0.0,231.87,-0.00907415896654129,14.126694679260254,0.4866500794887543,0.00295174706633361,0.02661895751953125,0.0003,0.1926955573725811,0.8612244897959184,4.59,0.56,1.39,4.73,5.09,0.94,0.8,3.35,0.01,3.741785486638546,5.95,184.99,0.03681474493350834,nan
3114,102072320,20745.821,537,20.54,0.0,219.66,-0.010065454989671707,15.680800437927246,0.47555243968963623,0.003348776116922636,0.03032684326171875,0.0003,0.20968203953022058,0.8520461699895068,4.43,0.56,1.28,4.38,4.33,0.71,0.6,3.02,0.0,3.249749881476164,5.7,168.53,0.03934940346516669,nan
3115,102105088,20804.083,537,19.68,0.0,211.23,-0.007997505366802216,14.672082901000977,0.5157251358032227,0.002773564800747863,0.0218353271484375,0.0003,0.2074578277596922,0.8562019758507134,3.72,0.57,1.13,4.23,4.25,0.81,0.47,2.97,0.0,3.130341083407402,4.84,167.77,0.03861379262525588,nan
3116,102137856,20860.475,537,20.39,0.0,222.36,-0.009614110924303532,14.074063301086426,0.49114155769348145,0.0029421200221690924,0.02620697021484375,0.0003,0.2505062192652589,0.8680412371134021,4.33,0.47,1.15,4.25,4.12,0.71,0.67,2.74,0.01,3.0484484630823134,5.29,166.35,0.03841271484270692,nan
3117,102170624,20918.358,537,21.17,0.0,227.26,-0.008185973390936852,14.231954574584961,0.4892268776893616,0.004152586337340836,0.0363311767578125,0.0003,0.23844419391206315,0.8504398826979472,4.53,0.61,1.26,4.68,4.7,0.77,0.67,3.26,0.0,3.5888498172163965,5.5,169.28,0.03349050914403051,nan
3118,102203392,20975.297,537,21.0,0.0,232.05,-0.006575559265911579,16.143173217773438,0.48677122592926025,0.0038885617905748404,0.03337860107421875,0.0003,0.21574585635359117,0.8799603174603174,4.39,0.57,1.28,5.04,5.22,0.87,0.72,3.63,0.0,3.9122743014246226,5.49,175.66,0.03762256930349395,nan
3119,102236160,21038.138,537,21.6,0.0,230.7,-0.010174272581934929,16.258445739746094,0.4693458080291748,0.003727713774168251,0.02732086181640625,0.0003,0.20183997769724005,0.8696939782823297,5.19,0.59,1.46,4.78,5.25,1.0,0.76,3.49,0.01,3.9200325798988342,5.71,180.61,0.03731902944855392,nan
3120,102268928,21094.426,537,22.12,0.0,242.59,-0.008979126811027527,14.894017219543457,0.4659554958343506,0.002398056625395384,0.0218353271484375,0.0003,0.23778071334214002,0.8718929254302104,4.83,0.64,1.55,4.83,4.74,0.86,0.6,3.28,0.01,3.5680638083815577,5.83,185.03,0.03786184196360409,nan
3121,102301696,21150.322,537,21.07,0.0,227.98,-0.0065803686156868935,16.16805648803711,0.47980108857154846,0.0020330167801034804,0.01930999755859375,0.0003,0.2451119297251346,0.8724279835390947,5.23,0.57,1.49,4.43,4.9,0.95,0.6,3.35,0.0,3.5976778630167248,5.7,170.78,0.036591278621926904,nan
3122,102334464,21205.48,537,20.09,0.0,227.37,-0.00675580371171236,15.25604248046875,0.4642186164855957,0.0019276481828569558,0.016082763671875,0.0003,0.20539772727272726,0.8803329864724245,4.37,0.54,1.26,4.11,4.19,0.69,0.51,2.99,0.0,3.066328040063381,5.42,164.36,0.035863110912032425,nan
3123,102367232,21260.634,537,21.93,0.0,256.71,-0.010279882699251175,15.622746467590332,0.4824625253677368,0.003689717757879407,0.03208160400390625,0.0003,0.18318965517241378,0.8859737638748738,4.99,0.67,1.46,4.69,5.17,1.1,0.76,3.31,0.0,3.8315868562459947,5.82,182.11,0.03345899021951482,nan
3124,102400000,21319.488,537,20.33,0.0,214.86,-0.006286920979619026,17.698989868164062,0.4544271230697632,0.002664914051024425,0.02291107177734375,0.0003,0.16820011500862564,0.8769551616266945,5.19,0.49,1.27,4.16,4.26,0.66,0.6,3.0,0.01,3.2422643274068834,5.53,171.31,0.036078751436434686,nan
3125,102432768,21376.984,538,20.79,0.0,230.32,-0.007203234359622002,15.212015151977539,0.4700082540512085,0.002589518330921692,0.0245361328125,0.0003,0.2148127903798852,0.8667324777887463,4.92,0.5,1.63,4.47,4.42,0.83,0.52,3.07,0.0,3.171968943476677,5.75,176.25,0.03434288874268532,nan
3126,102465536,21435.352,538,19.56,0.0,217.49,-0.009671212173998356,15.579559326171875,0.4761281907558441,0.0032211040060587948,0.0267791748046875,0.0003,0.22668621700879765,0.8666666666666667,4.35,0.57,1.47,4.04,3.91,0.85,0.44,2.62,0.01,2.8624271941184998,5.21,160.26,0.0332921952358447,nan
3127,102498304,21495.987,538,19.11,0.0,211.19,-0.007602669298648834,15.10834789276123,0.4961540699005127,0.0030633216494990734,0.0287628173828125,0.0003,0.18251851851851852,0.8643326039387309,4.55,0.61,1.27,4.03,4.26,0.92,0.53,2.81,0.0,3.0629308825731276,4.98,160.69,0.036217067507095635,nan
3128,102531072,21555.855,538,19.05,0.0,208.59,-0.006814189255237579,15.239641189575195,0.47302502393722534,0.0022307169002431237,0.0189666748046875,0.0003,0.20499108734402852,0.8422198041349293,4.53,0.54,1.46,4.01,4.08,1.05,0.51,2.52,0.02,3.0200605142116546,5.27,160.72,0.03624897135887295,nan
3129,102563840,21609.654,538,22.48,0.0,242.51,-0.0073769548907876015,18.412843704223633,0.4929393231868744,0.002900220170886314,0.02812957763671875,0.0003,0.21544276457883368,0.8668610301263362,5.2,0.58,1.7,4.37,4.38,0.91,0.59,2.88,0.0,3.10649251639843,6.21,188.39,0.03680539701599628,nan
3130,102596608,21667.564,538,20.14,0.0,222.24,-0.01033772248774767,17.29946517944336,0.5084421634674072,0.0028663863770361786,0.02448272705078125,0.0003,0.1955976595151853,0.8437170010559663,4.96,0.57,1.44,4.47,4.55,0.81,0.62,3.12,0.0,3.347470028400421,5.54,166.91,0.03882331517525017,nan
3131,102629376,21727.35,538,18.05,0.0,199.54,-0.008459335193037987,17.372831344604492,0.48865872621536255,0.0038340310499052066,0.0308685302734375,0.0003,0.18285187461585742,0.8526946107784431,3.52,0.46,1.25,3.62,3.56,0.82,0.41,2.33,0.02,2.6297181414067747,4.93,155.85,0.03929109312593937,nan
3132,102662144,21784.599,538,19.56,0.0,214.16,-0.010470293462276459,14.3551025390625,0.509496808052063,0.004007059718446726,0.0284576416015625,0.0003,0.2313345091122869,0.847385272145144,3.97,0.46,1.48,4.17,4.07,0.87,0.47,2.73,0.0,2.9745036378502845,5.41,165.55,0.037039213231764734,nan
3133,102694912,21842.804,538,18.0,0.0,204.35,-0.0035839220508933067,17.587913513183594,0.5110486149787903,0.006579731652806231,0.05068206787109375,0.0003,0.21591254175523839,0.856301531213192,4.06,0.39,1.16,3.84,3.68,0.68,0.58,2.42,0.02,2.674643518924713,4.78,155.36,0.037859957199543715,nan
3134,102727680,21903.499,538,19.46,0.0,205.52,-0.0063700140453875065,17.025917053222656,0.47008758783340454,0.0031340873524072776,0.02581024169921875,0.0003,0.19503219871205152,0.8642384105960265,4.58,0.41,1.24,4.14,4.6,0.87,0.6,3.13,0.0,3.447122551947832,5.15,161.67,0.03603502199985087,nan
3135,102760448,21960.602,538,20.63,0.0,218.12,-0.006756038870662451,16.819522857666016,0.48782432079315186,0.002869217079791042,0.0283660888671875,0.0003,0.20606417427141596,0.8585005279831045,4.72,0.63,1.38,4.28,4.51,0.87,0.54,3.1,0.0,3.426110046952963,5.97,176.8,0.03716463840100914,nan
3136,102793216,22018.867,538,20.83,0.0,219.07,-0.00753984646871686,17.913917541503906,0.48402145504951477,0.0025386985088147185,0.023345947265625,0.0003,0.18888888888888888,0.8757763975155279,4.93,0.68,1.43,4.41,4.29,0.92,0.62,2.75,0.0,3.189466089606285,5.76,167.41,0.03564484138041735,nan
3137,102825984,22076.736,538,18.6,0.0,203.74,-0.008189668878912926,16.9521427154541,0.4865342974662781,0.0031771690964319532,0.02880859375,0.0003,0.2249773208345933,0.8625,3.67,0.48,1.2,3.95,3.84,0.71,0.54,2.59,0.0,2.751552936732769,4.81,154.96,0.03603166027460247,nan
3138,102858752,22134.979,538,20.34,0.0,223.64,-0.008812280371785164,14.422791481018066,0.4886209964752197,0.0030899458464546115,0.0243682861328125,0.0003,0.21078014184397162,0.8672936259143156,4.25,0.63,1.48,4.56,4.52,0.94,0.57,3.01,0.0,3.395781797170639,5.44,166.37,0.03645476244855672,nan
3139,102891520,22192.94,538,20.03,0.0,216.72,-0.006593205034732819,14.318575859069824,0.5047004222869873,0.002304013577600017,0.020599365234375,0.0003,0.20484708597807272,0.8405951115834219,3.88,0.51,1.34,4.18,4.43,0.94,0.55,2.94,0.0,3.3503195383399724,5.36,163.83,0.03967536869458854,nan
3140,102924288,22249.246,539,22.12,0.0,241.22,-0.008664300665259361,14.027860641479492,0.48131468892097473,0.0034508435257407655,0.02919769287109375,0.0003,0.1796218487394958,0.8559077809798271,4.73,0.74,1.59,4.64,4.56,0.9,0.52,3.14,0.01,3.445649515390396,6.16,183.36,0.0395006159087643,nan
3141,102957056,22306.823,539,19.39,0.0,211.58,-0.009992247447371483,17.462810516357422,0.4930874705314636,0.003455944522443133,0.02862548828125,0.0003,0.20576009501187648,0.8532008830022075,3.78,0.43,1.35,4.07,4.21,0.87,0.51,2.83,0.0,3.198812218606472,5.27,163.31,0.03457009617704898,nan
3142,102989824,22363.804,539,20.14,0.0,217.95,-0.006821548566222191,16.734102249145508,0.4937753975391388,0.002241766542596224,0.02193450927734375,0.0003,0.21747908854917797,0.863013698630137,4.33,0.67,1.4,4.39,4.42,0.91,0.62,2.89,0.0,3.1642818486690523,5.64,168.45,0.03748996648937464,nan
3143,103022592,22420.149,539,20.95,0.0,228.61,-0.009056463837623596,15.782763481140137,0.4803316593170166,0.003402712416928466,0.029266357421875,0.0003,0.18717456837489724,0.8659160696008188,4.97,0.56,1.3,4.42,4.57,0.87,0.62,3.08,0.0,3.4759848272800444,5.49,172.7,0.039931474602781236,nan
3144,103055360,22476.386,539,18.9,0.0,207.48,-0.008949926123023033,15.825614929199219,0.4824659526348114,0.0030608726409013798,0.0272216796875,0.0003,0.22393822393822393,0.8734321550741163,3.82,0.67,1.31,4.06,4.03,0.69,0.48,2.86,0.01,2.913018522709608,5.16,165.53,0.03467643295880407,nan
3145,103088128,22532.825,539,19.22,0.0,203.77,-0.0048021599650382996,14.130807876586914,0.5044020414352417,0.001975095504633373,0.01877593994140625,0.0003,0.20827090200779144,0.8502857142857143,4.1,0.44,1.09,4.17,4.13,0.73,0.55,2.85,0.0,2.998353435397148,5.08,160.46,0.036617951933294535,nan
3146,103120896,22587.661,539,20.03,0.0,219.64,-0.008016541600227356,16.182186126708984,0.4778314232826233,0.0025572387331180835,0.0222930908203125,0.0003,0.25184344866704483,0.8217716115261473,4.22,0.59,1.4,4.27,4.19,0.92,0.61,2.66,0.0,3.0756702256202697,5.32,167.78,0.039283299702219665,nan
3147,103153664,22644.609,539,20.12,0.0,218.43,-0.007681101094931364,14.523862838745117,0.4578128159046173,0.004620963231019459,0.03873443603515625,0.0003,0.2333429477934814,0.848356309650053,4.74,0.65,1.3,4.09,4.13,0.81,0.49,2.83,0.0,2.9422816978394986,5.67,165.35,0.03644318867009133,nan
3148,103186432,22702.58,539,19.46,0.0,241.44,-0.005222494713962078,13.135099411010742,0.47055894136428833,0.003320492426439614,0.03204345703125,0.0003,0.191743942566557,0.842391304347826,4.31,0.61,1.27,3.93,3.74,0.72,0.43,2.59,0.0,2.6764193884283305,5.23,158.34,0.03468680300284177,nan
3149,103219200,22756.242,539,22.12,0.0,242.14,-0.0035011095460504293,16.53057098388672,0.48230260610580444,0.0037851276707669967,0.03289031982421875,0.0003,0.2,0.8300653594771242,4.78,0.69,1.38,5.14,5.12,0.85,0.7,3.57,0.01,3.7149044960737228,6.05,181.17,0.039097165572457016,nan
3150,103251968,22815.268,540,20.53,0.0,218.34,-0.009694000706076622,16.65424919128418,0.48451319336891174,0.0028404470012901584,0.0220794677734375,0.0003,0.20868014268727705,0.8502066115702479,4.7,0.52,1.51,4.07,4.08,0.87,0.62,2.59,0.0,2.9730326437950136,5.94,170.55,0.03885419142898172,nan
3151,103284736,22873.086,540,19.6,0.0,206.43,-0.005444086156785488,16.06205177307129,0.4786415696144104,0.003245168983767144,0.02722930908203125,0.0003,0.16094088517486846,0.8621830209481808,4.67,0.44,1.29,3.71,3.61,0.73,0.48,2.4,0.0,2.675465614795685,5.37,163.16,0.034660854493267834,nan
3152,103317504,22929.882,540,19.55,0.0,211.11,-0.004098477307707071,17.253210067749023,0.4640035033226013,0.002209542421724109,0.02368927001953125,0.0003,0.20637329286798178,0.8488612836438924,4.59,0.57,1.38,3.86,3.83,0.8,0.59,2.44,0.02,2.695376874804497,5.35,158.32,0.038086278014816344,nan
3153,103350272,22983.54,540,20.69,0.0,322.73,-0.00971322413533926,14.060998916625977,0.5038177371025085,0.003893177214166599,0.03067779541015625,0.0003,0.2300561797752809,0.8587628865979381,4.68,0.54,1.38,4.43,4.69,0.83,0.61,3.25,0.03,3.392049703523517,5.6,165.26,0.034461258561350405,nan
3154,103383040,23041.44,540,20.64,0.0,226.99,-0.011659427545964718,15.36599349975586,0.4910196363925934,0.0038593720446158386,0.03360748291015625,0.0003,0.21314579388693536,0.8565310492505354,4.52,0.41,1.27,4.09,4.29,0.84,0.6,2.85,0.0,3.1371049282699826,5.62,174.08,0.03615554847056046,nan
3155,103415808,23094.536,540,18.77,0.0,205.17,-0.005764181260019541,15.155084609985352,0.5112642049789429,0.0030094616469114044,0.02911376953125,0.0003,0.22054380664652568,0.8272727272727273,3.64,0.53,1.28,3.81,4.16,0.87,0.54,2.75,0.0,3.117066380828619,5.27,162.77,0.0387576746288687,nan
3156,103448576,23149.117,540,20.24,0.0,223.95,-0.008004126138985157,14.808637619018555,0.48759913444519043,0.002006868363309877,0.0203399658203125,0.0003,0.2557284299858557,0.8385744234800838,4.33,0.57,1.32,4.34,4.33,0.83,0.62,2.88,0.0,3.1182377246022224,5.32,167.86,0.036681513069197536,nan
3157,103481344,23203.495,540,19.32,0.0,208.58,-0.00902792252600193,13.37147331237793,0.5088028907775879,0.002672648510554154,0.02150726318359375,0.0003,0.21110451306413303,0.8602860286028603,4.02,0.64,1.19,4.13,4.15,0.72,0.53,2.9,0.0,3.053334194123745,5.2,162.46,0.03489294310566038,nan
3158,103514112,23259.014,540,18.44,0.0,206.49,-0.006067988462746143,13.72498893737793,0.5128415822982788,0.002666001520253758,0.02346038818359375,0.0003,0.21699819168173598,0.8461538461538461,3.59,0.46,1.16,4.36,4.18,0.78,0.5,2.9,0.0,3.038710588514805,4.85,156.58,0.035034938948228955,nan
3159,103546880,23315.105,541,20.1,0.0,225.17,-0.010011525824666023,16.42372703552246,0.5017529129981995,0.0031080148955595632,0.02410125732421875,0.0003,0.21645746164574617,0.8532901833872708,4.75,0.59,1.39,4.4,4.49,0.89,0.58,3.02,0.0,3.251936618089676,5.51,167.59,0.03550992428790778,nan
3160,103579648,23372.386,541,20.99,0.0,224.2,-0.007782146334648132,13.251104354858398,0.47568291425704956,0.004444604376089956,0.03617095947265625,0.0003,0.238431151241535,0.8345177664974619,3.94,0.62,1.33,4.54,4.58,0.8,0.59,3.19,0.0,3.435727598965168,5.6,171.26,0.038291717297397554,nan
3161,103612416,23429.037,541,21.2,0.0,229.65,-0.00595158850774169,16.164642333984375,0.4674185514450073,0.004204976761116086,0.03682708740234375,0.0003,0.21853546910755148,0.8521825396825397,4.83,0.67,1.41,4.58,4.7,0.88,0.63,3.19,0.0,3.5702053145319224,6.02,175.57,0.0392086582724005,nan
3162,103645184,23485.353,541,22.18,0.0,240.67,-0.00443229079246521,17.24993896484375,0.4606155753135681,0.0012850794194605442,0.0121002197265625,0.0003,0.20207944548120502,0.8326923076923077,4.38,0.53,1.57,5.02,5.28,1.13,0.69,3.46,0.01,3.9256922790408133,6.07,184.31,0.04344582813791931,nan
3163,103677952,23543.477,541,21.52,0.0,228.74,-0.009945880621671677,17.51372528076172,0.467232346534729,0.002509723170021516,0.02033233642578125,0.0003,0.2562534741523068,0.8421578421578422,5.28,0.6,1.61,4.7,4.66,0.88,0.69,3.09,0.0,3.5604824942350386,6.12,170.63,0.036856486927717924,nan
3164,103710720,23599.286,541,20.95,0.0,229.39,-0.011010837741196156,14.325361251831055,0.4856375455856323,0.004127941829210613,0.03499603271484375,0.0003,0.21097628240485383,0.8361809045226131,4.83,0.6,1.29,4.37,4.6,0.8,0.62,3.18,0.0,3.391493980884552,5.73,176.77,0.03640932776033878,nan
3165,103743488,23655.853,541,20.13,0.0,221.85,-0.008300160057842731,15.448627471923828,0.47994861006736755,0.003174834904882573,0.02875518798828125,0.0003,0.21881216254617789,0.857293868921776,4.61,0.7,1.36,4.2,4.18,0.79,0.59,2.8,0.0,3.071249861121178,5.39,169.58,0.035785032087005675,nan
3166,103776256,23713.216,541,18.85,0.0,203.75,-0.00641227699816227,15.54086685180664,0.4958707094192505,0.0035474003307172097,0.02996826171875,0.0003,0.22791133312519513,0.8162544169611308,3.87,0.72,1.06,4.17,4.1,0.69,0.5,2.91,0.0,3.042951592206955,4.84,154.45,0.037177024758420885,nan
3167,103809024,23769.132,541,20.05,0.0,221.29,-0.008427663706243038,13.824386596679688,0.520453691482544,0.0055889330562308714,0.0526123046875,0.0003,0.25034425778022584,0.8365384615384616,3.96,0.55,1.19,4.41,4.34,0.74,0.55,3.05,0.0,3.1252207189798353,5.35,172.63,0.03801032295450568,nan
3168,103841792,23829.264,541,19.16,0.0,204.24,-0.00911613367497921,18.838924407958984,0.5092897415161133,0.0024764538301269567,0.02466583251953125,0.0003,0.25966514459665146,0.8494252873563218,4.03,0.57,1.14,3.81,3.72,0.86,0.48,2.38,0.01,2.6970714631676675,4.93,165.89,0.03752728889230639,nan
3169,103874560,23886.712,541,19.93,0.0,217.6,-0.014284387230873108,15.728500366210938,0.5133423805236816,0.0034435360049656083,0.0295257568359375,0.0003,0.2326241134751773,0.8368869936034116,4.06,0.64,1.35,4.18,4.39,0.97,0.49,2.93,0.0,3.210160926282406,5.36,169.64,0.03830205131089315,nan
3170,103907328,23945.669,541,20.82,0.0,319.41,-0.00928843580186367,15.909622192382812,0.4907759428024292,0.005676902930802568,0.031165489783653848,0.0003,0.21049510821227393,0.8403707518022657,5.2,0.48,1.65,4.54,4.65,0.97,0.61,3.07,0.04,3.4945157074928286,5.76,172.49,0.03752651237524473,nan
3171,103940096,24002.294,541,20.33,0.0,322.14,-0.009369567036628723,15.106122016906738,0.4837508201599121,0.004654186354940748,0.035400390625,0.0003,0.21218074656188604,0.8226299694189603,3.85,0.71,1.37,4.32,4.3,0.9,0.58,2.82,0.02,3.1503857819736005,5.58,174.3,0.0377622073283419,nan
3172,103972864,24062.667,541,19.12,0.0,213.52,-0.011022724211215973,16.634315490722656,0.5142953395843506,0.0038357163144837614,0.035003662109375,0.0003,0.23743097936646324,0.8407851690294439,4.09,0.54,1.38,4.14,4.57,0.96,0.52,3.09,0.0,3.431734908744693,5.38,166.04,0.03644215420354158,nan
3173,104005632,24120.686,542,19.07,0.0,210.57,-0.007571319118142128,16.854007720947266,0.5207427144050598,0.0041584582320410846,0.04149627685546875,0.0003,0.2827178729689808,0.8298572996706916,3.49,0.64,1.48,4.21,4.24,0.85,0.6,2.79,0.01,3.2548069727420805,5.29,170.09,0.04164039273746312,nan
3174,104038400,24180.279,542,20.55,0.0,229.93,-0.004724826663732529,16.726512908935547,0.5203263163566589,0.0030701753874495807,0.0331573486328125,0.0003,0.2538141470180305,0.8476890756302521,4.02,0.69,1.5,4.74,4.67,1.04,0.68,2.95,0.01,3.429556305408478,5.54,185.63,0.043092419393360615,nan
3175,104071168,24237.751,542,19.92,0.0,220.41,-0.004634557757526636,18.122955322265625,0.489455908536911,0.0021745271747022343,0.02274322509765625,0.0003,0.2274630198157968,0.8257261410788381,4.05,0.71,1.59,4.69,4.78,1.09,0.7,2.99,0.0,3.4021176398545503,5.5,174.57,0.040718614123761654,nan
3176,104103936,24293.865,542,21.08,0.0,231.21,-0.008312263526022434,17.690587997436523,0.5054024457931519,0.00197194788518118,0.01788330078125,0.0003,0.20899182561307902,0.8436548223350254,4.89,0.65,1.38,4.76,4.85,0.89,0.64,3.32,0.01,3.6949767124652864,5.48,178.91,0.04112273722421378,nan
3177,104136704,24349.359,542,19.27,0.0,215.1,-0.006028780713677406,15.004463195800781,0.5212880373001099,0.002125591635206092,0.02043914794921875,0.0003,0.2717678100263852,0.8074398249452954,3.82,0.68,1.46,4.41,4.18,0.91,0.48,2.79,0.0,3.1568833220005037,5.33,170.35,0.04285872052423656,nan
3178,104169472,24404.897,542,20.02,0.0,224.13,-0.009487036615610123,20.19086265563965,0.5052878260612488,0.0024936155279533523,0.0214996337890625,0.0003,0.23235704323570433,0.8431793770139635,4.08,0.51,1.47,4.65,4.63,1.08,0.52,3.03,0.0,3.462816570997238,5.5,173.45,0.04159326385706663,nan
3179,104202240,24461.443,542,19.28,0.0,223.66,-0.013225970789790154,17.21717643737793,0.5125190019607544,0.0042535422333003226,0.03508758544921875,0.0003,0.22888825703724766,0.8377483443708609,4.0,0.47,1.36,4.27,4.47,0.98,0.51,2.98,0.01,3.4614331905543803,5.32,166.79,0.03616442781640217,nan
3180,104235008,24517.841,542,20.11,0.0,225.32,-0.011626090854406357,14.231639862060547,0.504539966583252,0.003514058341352211,0.0315093994140625,0.0003,0.20903010033444816,0.8138528138528138,3.89,0.5,1.34,4.73,4.86,0.87,0.72,3.27,0.0,3.633509960770607,5.33,174.04,0.037085754389408976,nan
3181,104267776,24573.644,542,19.55,0.0,213.09,-0.010881266556680202,14.543425559997559,0.4994032084941864,0.0030748511699130177,0.02913665771484375,0.0003,0.2006296508299943,0.8104212860310421,4.07,0.64,1.23,4.28,4.16,0.87,0.66,2.63,0.01,3.2124712343513964,5.0,168.93,0.03828370338305831,nan
3182,104300544,24629.13,542,20.47,0.0,230.72,-0.011474029161036015,15.913276672363281,0.4781774878501892,0.004311771669051723,0.03155517578125,0.0003,0.2440900028481914,0.811088295687885,4.89,0.56,1.65,4.92,4.96,0.98,0.66,3.32,0.0,3.6692835170030595,5.79,179.68,0.0402818393195048,nan
3183,104333312,24689.606,542,19.83,0.0,238.33,-0.010287065990269184,18.023588180541992,0.5173068046569824,0.002863190726770881,0.02654266357421875,0.0003,0.2519214346712212,0.8043478260869565,5.04,0.53,1.43,4.31,4.25,0.9,0.51,2.84,0.0,3.167469234764576,5.38,171.68,0.0444034532411024,nan
3184,104366080,24748.904,542,21.3,0.0,238.32,-0.009109703823924065,15.695191383361816,0.4948410391807556,0.004360359706765848,0.03725433349609375,0.0003,0.25442536327608983,0.8443349753694581,3.87,0.79,1.47,4.98,4.84,0.97,0.69,3.18,0.0,3.65431335195899,5.61,184.38,0.0416970441583544,nan
3185,104398848,24804.848,542,20.68,0.0,234.12,-0.013245869427919388,15.42351245880127,0.5095250010490417,0.003596333200846402,0.03173065185546875,0.0003,0.2296764009471192,0.8225641025641026,3.9,0.66,1.73,4.48,4.66,1.05,0.63,2.98,0.0,3.4812287047505377,5.94,186.12,0.03991869313176721,nan
3186,104431616,24861.634,543,19.05,0.0,217.65,-0.007349082268774509,12.623905181884766,0.49475425481796265,0.003313735656774952,0.0287628173828125,0.0003,0.24080830760595004,0.856,3.88,0.65,1.43,4.18,4.05,0.78,0.54,2.73,0.0,2.9825211231410504,5.28,171.69,0.0382358591305092,nan
3187,104464384,24920.669,543,19.75,0.0,215.41,-0.0032306103967130184,13.493436813354492,0.48144960403442383,0.0016434390814197286,0.01508331298828125,0.0003,0.21217341372380133,0.8227571115973742,3.8,0.68,1.4,4.35,4.3,0.94,0.53,2.83,0.0,3.263042038679123,5.26,174.68,0.0381529382430017,nan
3188,104497152,24979.698,543,18.53,0.0,210.27,-0.011229145340621471,16.81199836730957,0.49566853046417236,0.005414180120510537,0.03955078125,0.0003,0.25612602100350057,0.8581005586592179,3.92,0.65,1.18,4.09,3.99,0.77,0.55,2.67,0.0,2.964801499247551,4.73,161.86,0.03811968024820089,nan
3189,104529920,25033.785,543,20.69,0.0,227.66,-0.01060856506228447,16.041418075561523,0.4856753647327423,0.006337311830634462,0.04608917236328125,0.0003,0.259249033683048,0.8417338709677419,4.97,0.58,1.4,4.51,4.46,0.95,0.56,2.95,0.0,3.383565790951252,5.46,172.48,0.035346260759979486,nan
3190,104562688,25089.367,543,17.9,0.0,205.86,-0.006879418157041073,17.161174774169922,0.5089905261993408,0.0039160905390644984,0.0358734130859375,0.0003,0.25922696890438823,0.8354577056778679,3.26,0.56,1.27,3.93,4.28,0.92,0.5,2.86,0.01,3.2312704011797906,4.73,160.02,0.04382553696632385,nan
3191,104595456,25145.481,543,20.34,0.0,229.41,-0.009755700826644897,15.227139472961426,0.49377939105033875,0.003021912362441981,0.0275421142578125,0.0003,0.2591261061946903,0.8499475341028332,4.79,0.75,1.39,4.47,4.58,0.9,0.59,3.09,0.01,3.386140899062157,5.39,175.6,0.04032263706903905,nan
3192,104628224,25202.443,543,19.93,0.0,224.93,-0.010956178419291973,15.460211753845215,0.5082449913024902,0.003530317968767349,0.02776336669921875,0.0003,0.24626257135091056,0.8586171310629515,4.65,0.65,1.35,4.28,4.3,0.94,0.48,2.88,0.01,3.1770537681877613,5.27,173.99,0.03870167233981192,nan
3193,104660992,25261.236,543,18.22,0.0,278.26,-0.007823837921023369,16.985448837280273,0.5119816064834595,0.0023591378974856525,0.02498626708984375,0.0003,0.24628639334521688,0.8541666666666666,3.83,0.66,1.15,4.13,4.18,0.79,0.5,2.89,0.0,3.1379148975014686,4.88,159.11,0.04005672759376466,nan
3194,104693760,25318.287,543,19.6,0.0,225.47,-0.011030904948711395,15.335540771484375,0.515985906124115,0.004338194851641219,0.02674102783203125,0.0003,0.2372093023255814,0.8515057113187954,4.35,0.61,1.4,4.39,4.85,0.96,0.65,3.24,0.0,3.6100418904423712,5.22,171.13,0.037753896904177964,nan
3195,104726528,25372.051,543,18.47,0.0,210.18,-0.006942840293049812,11.417064666748047,0.5322093367576599,0.004410189264831388,0.044647216796875,0.0003,0.2581568402976531,0.8485207100591716,3.76,0.68,1.15,4.15,4.0,0.82,0.5,2.68,0.04,3.1572479885816573,4.76,161.62,0.03978129359893501,nan
3196,104759296,25426.576,543,18.28,0.0,212.81,-0.007465138100087643,16.215457916259766,0.5242640972137451,0.004361875202334886,0.044708251953125,0.0003,0.2712151113617141,0.8497175141242937,4.17,0.61,1.22,4.27,4.09,1.02,0.54,2.53,0.01,2.965668237656355,4.67,162.54,0.040625133784487844,nan
3197,104792064,25479.417,544,18.0,0.0,206.32,-0.008688992820680141,15.59674072265625,0.5272097587585449,0.004904047171152115,0.041961669921875,0.0003,0.24394463667820068,0.8760330578512396,3.18,0.6,1.11,3.75,3.68,0.74,0.42,2.52,0.0,2.693610616624355,4.6,160.71,0.039511144161224365,nan
3198,104824832,25534.709,544,20.12,0.0,226.11,-0.007748397998511791,14.125970840454102,0.5057940483093262,0.005366282718000548,0.0504302978515625,0.0003,0.23258977149075083,0.8505747126436781,4.18,0.69,1.38,4.66,4.66,0.96,0.65,3.05,0.0,3.5285462348908188,5.32,168.74,0.038456816459074616,nan
3199,104857600,25588.041,544,18.54,0.0,209.37,-0.013569043017923832,14.60185432434082,0.49800071120262146,0.0045577613304885745,0.03908538818359375,0.0003,0.2378066378066378,0.8595505617977528,3.5,0.64,1.21,3.7,3.76,0.67,0.68,2.41,0.0,2.730279505252838,4.74,158.1,0.03826580988243222,nan
3200,104890368,25645.684,544,18.01,0.0,198.56,-0.010197493247687817,15.473712921142578,0.5216286182403564,0.0031967101992904645,0.028228759765625,0.0003,0.26965953600482073,0.8656898656898657,3.46,0.62,1.2,3.61,3.54,0.68,0.48,2.38,0.0,2.5877906657755374,4.9,156.58,0.039149648277089,nan
3201,104923136,25701.294,544,18.75,0.0,206.77,-0.006766825914382935,18.523178100585938,0.4983333647251129,0.003797663381703842,0.03398895263671875,0.0003,0.23371531966224365,0.8532219570405728,4.84,0.69,1.2,3.65,3.7,0.79,0.47,2.44,0.01,2.6923062178492545,5.02,161.22,0.041476229089312255,nan
3202,104955904,25756.74,544,20.58,0.0,230.13,-0.009362241253256798,14.832535743713379,0.4933585524559021,0.005229659735874748,0.048675537109375,0.0003,0.23099260823653642,0.8685015290519877,4.53,0.64,1.57,4.47,4.27,0.96,0.61,2.7,0.0,3.0688010549545286,5.45,175.99,0.03728847485035658,nan
3203,104988672,25811.772,544,20.32,0.0,227.32,-0.008203837089240551,14.873228073120117,0.4952598810195923,0.003398683509090006,0.032806396484375,0.0003,0.22985153764581123,0.8626430801248699,4.24,0.63,1.49,4.3,4.57,0.99,0.52,3.06,0.0,3.330983387231827,5.52,177.61,0.03929638781119138,nan
3204,105021440,25867.955,544,20.52,0.0,224.41,-0.006698730401694775,17.62824249267578,0.48925745487213135,0.0024958912085821794,0.025146484375,0.0003,0.20695410292072322,0.8634453781512605,5.41,0.6,1.56,4.35,4.4,0.91,0.67,2.82,0.0,3.3185788433253767,5.5,179.9,0.03939702548086643,nan
3205,105054208,25927.341,544,19.8,0.0,318.91,-0.008982466533780098,15.498159408569336,0.49934160709381104,0.003221208650359131,0.0266265869140625,0.0003,0.22425952045133993,0.8530701754385965,4.41,0.72,1.24,4.19,4.18,0.75,0.62,2.81,0.02,3.09075004786253,5.09,171.49,0.03985518228728324,nan
3206,105086976,25986.756,544,21.05,0.0,232.91,-0.010921717621386051,15.163341522216797,0.5127735137939453,0.00316641858512412,0.02782440185546875,0.0003,0.2474566950783613,0.8282402528977871,4.58,0.63,1.4,4.31,4.12,0.83,0.61,2.68,0.0,3.011961899548769,5.55,177.77,0.036574709229171276,nan
3207,105119744,26044.763,544,19.34,0.0,204.43,-0.008752699941396713,17.411176681518555,0.49851179122924805,0.0037220883708073416,0.03473663330078125,0.0003,0.29294755877034356,0.8646788990825688,4.27,0.49,1.31,3.99,3.9,0.77,0.59,2.54,0.0,2.9387064763903616,5.23,162.1,0.03643618884962052,nan
3208,105152512,26103.035,544,18.76,0.0,205.71,-0.006524250842630863,15.618311882019043,0.49225354194641113,0.00383845664308069,0.0324249267578125,0.0003,0.27356253704801425,0.8727064220183486,3.82,0.43,1.36,4.17,3.98,0.82,0.53,2.63,0.01,3.047679860293865,5.18,162.39,0.035413677454926074,nan
3209,105185280,26160.849,544,19.14,0.0,215.48,-0.010193049907684326,14.553025245666504,0.5125266313552856,0.004692175362379203,0.03913116455078125,0.0003,0.2658335700085203,0.8720800889877642,3.75,0.6,1.26,4.11,3.97,0.73,0.55,2.69,0.01,2.9996981054544447,4.94,171.05,0.04213409288786352,nan
3210,105218048,26216.617,544,20.53,0.0,228.51,-0.011102264747023582,17.480587005615234,0.5200778841972351,0.0038244822383148858,0.034942626953125,0.0003,0.3004103967168263,0.839518555667001,4.95,0.65,1.56,4.41,4.75,1.01,0.63,3.11,0.0,3.4426641768217086,5.65,184.1,0.04136559448670596,nan
3211,105250816,26272.17,545,19.82,0.0,221.4,-0.007968560792505741,15.037240028381348,0.533305287361145,0.0065789512684375495,0.06162261962890625,0.0003,0.32936288088642657,0.8808743169398907,3.71,0.67,1.36,4.51,4.45,0.94,0.6,2.91,0.02,3.2162962673977016,5.27,171.16,0.03854728571604937,nan
3212,105283584,26328.022,545,19.87,0.0,222.13,-0.00953802652657032,14.055843353271484,0.510027289390564,0.004753408806408288,0.043182373046875,0.0003,0.2648528595224875,0.8606124604012672,4.16,0.68,1.57,4.73,4.65,0.86,0.6,3.19,0.02,3.3217825242877006,5.49,177.53,0.03524883580394089,nan
3213,105316352,26380.776,545,18.07,0.0,196.48,-0.009703203104436398,15.528646469116211,0.5283873081207275,0.002760348465074003,0.0236053466796875,0.0003,0.2898773006134969,0.8796185935637664,3.22,0.45,1.14,4.01,4.23,0.8,0.58,2.85,0.04,3.138880468681455,4.84,153.56,0.03558869240805507,nan
3214,105349120,26434.995,545,18.94,0.0,207.73,-0.009369807317852974,14.237442016601562,0.5088239908218384,0.0026941843575514213,0.02411651611328125,0.0003,0.29080118694362017,0.8572996706915478,3.23,0.46,1.5,4.73,4.8,1.14,0.57,3.09,0.02,3.6366282504796983,5.27,173.9,0.042487308382987976,nan
3215,105381888,26492.545,545,19.14,0.0,303.47,-0.007636652328073978,16.948318481445312,0.5089424252510071,0.003158148064414945,0.03339385986328125,0.0003,0.26666666666666666,0.8632768361581921,3.99,0.62,1.43,4.29,4.24,0.96,0.52,2.76,0.03,3.1500467973947526,5.46,170.86,0.04266857518814504,nan
3216,105414656,26545.969,545,18.88,0.0,297.71,-0.010573693551123142,13.029232025146484,0.498677134513855,0.002711031891010407,0.02417755126953125,0.0003,0.26136363636363635,0.8741721854304636,3.83,0.54,1.35,4.62,4.83,0.99,0.56,3.28,0.02,3.7564546597003936,5.14,169.58,0.04011634364724159,nan
3217,105447424,26599.163,545,19.61,0.0,236.82,-0.010199656710028648,14.806408882141113,0.4797818064689636,0.002357674981709579,0.01879119873046875,0.0003,0.263669164585068,0.8766980146290491,4.08,0.62,1.73,4.86,4.95,1.25,0.68,3.02,0.02,3.6682778787612915,5.68,175.47,0.03984025481622666,nan
3218,105480192,26658.831,545,17.34,0.0,191.15,-0.004736017435789108,14.911520004272461,0.49991345405578613,0.002857839650630467,0.02890777587890625,0.0003,0.27973568281938327,0.8663303909205549,3.17,0.59,1.27,3.57,3.59,0.71,0.43,2.45,0.03,2.669832306355238,4.83,156.45,0.03884750546421856,nan
3219,105512960,26717.256,545,18.64,0.0,202.09,-0.010426105000078678,15.79665756225586,0.5115354657173157,0.0029155578823178985,0.02738189697265625,0.0003,0.298854041013269,0.875140607424072,3.87,0.59,1.18,4.41,4.27,0.88,0.47,2.92,0.02,3.2082669216394426,5.14,161.07,0.038940488593652844,nan
3220,105545728,26771.666,545,19.02,0.0,208.17,-0.009921317920088768,13.793930053710938,0.5059913396835327,0.0030520703656975456,0.025360107421875,0.0003,0.2494232987312572,0.8674157303370786,3.5,0.59,1.34,4.43,4.6,1.06,0.61,2.93,0.0,3.4590699064731596,5.16,168.59,0.04135072825010866,nan
3221,105578496,26828.59,545,18.16,0.0,198.86,-0.007306417915970087,12.567167282104492,0.4694434702396393,0.0023831747281555238,0.0218963623046875,0.0003,0.2717654171704958,0.8682634730538922,3.13,0.46,1.18,3.96,3.92,0.86,0.54,2.52,0.01,2.9269558930397035,4.89,162.68,0.039611248415894806,nan
3222,105611264,26881.712,546,21.42,0.0,231.83,-0.007970524951815605,12.41199016571045,0.450298011302948,0.006438425899773392,0.04512786865234375,0.0003,0.22046815459989114,0.86839481555334,4.52,0.63,1.67,4.63,4.94,1.0,0.7,3.24,0.0,3.694439285993576,5.91,180.06,0.03724619606509805,nan
3223,105644032,26938.06,546,21.41,0.0,321.53,-0.004715289920568466,13.296602249145508,0.441179096698761,0.0026489520575410097,0.02738189697265625,0.0003,0.20679428417363171,0.857847976307996,4.57,0.6,1.77,4.55,4.64,0.95,0.67,3.02,0.01,3.4478847931325434,6.01,189.66,0.04024816129822284,nan
3224,105676800,26992.429,546,19.66,0.0,215.23,-0.010889312252402306,11.816289901733398,0.4736347794532776,0.002747952156418876,0.0246124267578125,0.0003,0.23215821152192606,0.8306364617044228,4.43,0.5,1.55,4.48,4.47,0.95,0.64,2.88,0.01,3.420435706526041,5.4,167.55,0.03797606052830815,nan
3225,105709568,27049.183,546,19.08,0.0,202.67,-0.007152835838496685,13.740056991577148,0.47654885053634644,0.0028590459308475147,0.02466583251953125,0.0003,0.21951980043654507,0.829585798816568,3.3,0.47,1.24,3.98,4.34,0.98,0.6,2.76,0.02,3.1905877298116683,5.26,159.92,0.04079941497184336,nan
3226,105742336,27103.11,546,19.64,0.0,210.78,-0.007248548325151205,13.676872253417969,0.4496726989746094,0.0030053718354565717,0.02707672119140625,0.0003,0.19694746110948047,0.8239910313901345,4.06,0.59,1.33,3.95,3.91,0.73,0.49,2.69,0.01,2.899069119989872,5.19,167.72,0.04127193754538894,nan
3227,105775104,27158.716,546,20.85,0.0,257.47,-0.006654374301433563,13.224227905273438,0.4784916639328003,0.0033930344722534755,0.02870941162109375,0.0003,0.2523215707084107,0.796576032225579,3.85,0.53,1.67,4.37,4.65,1.03,0.69,2.93,0.0,3.3345204573869704,5.88,180.36,0.03889173024799675,nan
3228,105807872,27214.556,546,19.63,0.0,313.24,-0.003303554840385914,14.838762283325195,0.4675726890563965,0.004359002992600836,0.0416717529296875,0.0003,0.2073277115440535,0.8324205914567361,3.99,0.54,1.57,4.22,4.21,1.03,0.58,2.6,0.02,2.97906091183424,5.45,171.0,0.0351449828594923,nan
3229,105840640,27267.734,546,20.5,0.0,221.69,-0.005573874805122614,15.888545989990234,0.4737018942832947,0.0014821365299440004,0.01413726806640625,0.0003,0.20466837460859663,0.8423799582463466,4.84,0.67,1.4,4.28,4.4,0.95,0.61,2.84,0.01,3.2519500790536404,5.56,176.22,0.041026443359442055,nan
3230,105873408,27324.913,546,22.86,0.0,247.08,-0.007943197153508663,17.872451782226562,0.4625309109687805,0.0027017984559165598,0.02435302734375,0.0003,0.18931380526173042,0.8344246959775491,5.06,0.57,1.65,4.7,5.08,1.24,0.7,3.14,0.0,3.7936874720454217,6.45,189.04,0.03827271028421819,nan
3231,105906176,27382.823,546,19.97,0.0,219.49,-0.006840885151177645,15.194160461425781,0.46541836857795715,0.00448002067781772,0.0388946533203125,0.0003,0.18355855855855857,0.8363064008394544,4.03,0.56,1.54,4.1,4.21,0.72,0.75,2.74,0.0,3.1114967150986192,5.5,170.43,0.04194520891178399,nan
